CID,Type,Token Name,Artist,Asset Type
Qmd44m9AK7fgzLpzG26rdnuwta6CZtqdLQmUtE8JNhWPLA,metadata,My place,Alejandra Herrera,
QmdSMYFUr59cmKwzxJURaYB7bFYJ6KyQJy8K2Qvqtsq3xb,asset,My place,Alejandra Herrera,image/png
QmRQhDBwruS7anVs6X6UoQe5EhyThtaymUef71hoDsc9m6,metadata,SGT Whiskers,Kitty Bast,
QmQ6FNocFL1SvujsStbX6hSm5gEyWefqQPcGxeNLoBGB2M,asset,SGT Whiskers,Kitty Bast,image/png
QmbEd4VEKdp9pHHyDxn76Bd1vdUDsWTLmxYEEBH6oeheyt,metadata,Escape Through Nature,null,
QmSeLRy432EoycpKut8KdMEe8LyMLk7vHaqMSDNLek7eo2,asset,Escape Through Nature,null,image/gif
QmXNXpRmAN9NSzD3J63tJhqTyFa61BiYKBNQMeEayKD3Pp,metadata,Followers,javierdeazkue,
QmTm4hCmeXVjry3Dj1c6GexUTfnBM5oSrAoVu1emSTteGe,asset,Followers,javierdeazkue,image/png
QmS8uDnRbcLnoXriHaV1knSfqtzUMTQmreVqhRM4VQzkEK,metadata,Seeker,kazwes,
QmSXjSgACjqzzTWAfc7AcXNjwoJEE6WCFkMzF21Trwxz7q,asset,Seeker,kazwes,image/png
QmVBne3F4jW66ASpecR4xBN23uoaMyLWK4NWiEUHkAkYdP,metadata,moon maze,oculardelusion,
Qmd14uYLy8tEnrion3UZs4KhkGGMLeJXjoRLgDr1A3B9aB,asset,moon maze,oculardelusion,image/png
Qmb5YKm5iQmu1ZN3VP1FmSdi5u484N1HjJzC5uJYW3ATq3,metadata,Aquabizarre #11 - The FishBow 🌈,Lapin Mignon,
QmXDxpdvBUYQhKKeB92miaYpjFVvvWJ8RL7Kt31r7baM6j,asset,Aquabizarre #11 - The FishBow 🌈,Lapin Mignon,image/png
QmbksDXhNgu9YQyXcfFM4ZQ3cPMeucCfqAjVzBbVS6eASd,metadata,The Forgotten,SkinnerCreative,
QmSeLpyLtNabbfBmNwnQaorfs8fifsZYb4bUcbrq4SH9H7,asset,The Forgotten,SkinnerCreative,video/mp4
QmNXuAQMU2P1MyUuUpT4bygwd75hWwUbKtoBPS8t4N34eW,asset,The Forgotten,SkinnerCreative,video/mp4
QmSt51z2H775mUapgnLfSZVmGk5STr41WG7sejCkjJQJ2T,metadata,Calafate - 1/6 El Valle,Tierras Raras,
QmYL1h1sEY8WezU2WRrVykYJoWVzJ1dqA9SsQLuTSqr6EY,asset,Calafate - 1/6 El Valle,Tierras Raras,image/png
QmNPjFuA49XGfJTHq7SzKFi1RjKvzsYVS5JM4eJhqLBG2g,metadata,The Charade,MightyMoose,
QmUfoPG7vkxQ3eGsVa21rG8na5oFnRNwQuE5eu3xb31kwU,asset,The Charade,MightyMoose,image/gif
QmWEzHwMtd6Yim6q5fsSBvMS2yRRAQK6pGPVukGMUrtANV,metadata,Growth - Part 1,Alastair Temple,
QmbZcEvrRUQpdHTti2djfT5vC3Rg9ai7cAEVjLzAHn2Aba,asset,Growth - Part 1,Alastair Temple,image/jpeg
QmYfb4qavqvf1LAVazmHynBPbeM6CRVZyyk8NkJnRwWXDn,metadata,Government,Lucho,
QmciWzXu716sePvjbt2fkaZFr4CUuKY9SUAVHJHAsMkaCz,asset,Government,Lucho,image/jpeg
QmXxS9Z2o7VAdCWqESamd46L622V8KvhdiQYQcGAWkH3cu,metadata,Mystical Woods,Kozachok,
QmYZJbsEVKGcAvQvu2YzcA3iim5ngWDn3LjKhvXts4jp6Y,asset,Mystical Woods,Kozachok,image/png
QmXpwDBan584ECmqz5P1xKANgdFoEMsBAv7aAvojPFjWU3,metadata,HUMAN_FORM [EX00],Sirsuhayb,
QmaRxovDmbKytTCY41Nzit6zy6jugg1fTYGr1CTajismkx,asset,HUMAN_FORM [EX00],Sirsuhayb,image/jpeg
QmeaS62EEYNU2T3L69SJqmZLo5NA1Cy4UtJ7x2Vew49p2x,metadata,Crypto - X : iota,Jwawi,
QmQH6CyzWjLb8vp7zwteJvm5eLsH1rCQcLJFN6NBkUWRKQ,asset,Crypto - X : iota,Jwawi,image/png
QmTC9ToKNNFBwsNnA4xMTVjAKXntzB9dd5jF3PRsTSuEgF,metadata,Ethnic Portraits I,hairofmedusa,
QmVNavHRHamJNms4XbqudKN274cfudqdnJ3dyBhDRWbRAq,asset,Ethnic Portraits I,hairofmedusa,image/png
QmWbs5H2kn2vcnXy2xspC8WaGbVyQbZDf5C2HGhqwyLCSu,metadata,.shadow,memorydevice,
QmYBALcwtWNxUoGapgDGgxBhT7EDFckVh1MvkDda3MKRFA,asset,.shadow,memorydevice,image/gif
QmRnUvvS1b9XCZxesaiFfSvX6S8MWTm3TZYpiMDNz6ukJ9,metadata,Conway's Singularity,Daim Aggott-Honsch,
Qmf1mvNTQrQCcT2N5tqP6mRv7g7TYHyNoFsfZp6ieFojBC,asset,Conway's Singularity,Daim Aggott-Honsch,video/mp4
Qmeh7fZwGMAwZUzUCqiBHyGhZTKEkRTGVaDU5Y8YWWahxy,asset,Conway's Singularity,Daim Aggott-Honsch,video/mp4
QmZiB4TMxmWdjfhJNP7XpFGgXYVtUYtqc4jxMj2gSVTWFx,metadata,Rollercoaster,Ferran Corral,
QmQKcV5BmWWt25PPtNtYFuaViqqfS42miXnuTEgSnJRS42,asset,Rollercoaster,Ferran Corral,image/jpeg
QmX7ABf7LU3VjiVRAm8wfXT1g6vZBjKZ2TN9Q2SQ8ES3VU,metadata,5.- CHAOS,yusaymon,
QmfXgPNLwPkJCxHhiX1aKS2vPn9QGTW5qSQe6bchAVwv9K,asset,5.- CHAOS,yusaymon,video/mp4
QmWXAYmvsCe1RYNLcrywRFo9iRsmrcBwinj9PLpnLYzo56,asset,5.- CHAOS,yusaymon,video/mp4
QmbaZEQCyLTwxjf5dsnWnRWXHW3WnStaQFiLi4B5WEu3jA,metadata,Smoothness,lobatusgigas,
QmUgAKPzpJ7PLHB7eAVHMn2LTD4gQmymL2mqryvrWjLe8j,asset,Smoothness,lobatusgigas,image/png
QmSjLnqeF4nWhUZCeJ8uG7QeUacDggyXQ573nARGaCseAo,metadata,Crystalline Retro-Dusk,kylegordonart,
QmfPvhuys5SXtC9t3gS4YpDDob2xZUuRsb6NEes8Vz4suL,asset,Crystalline Retro-Dusk,kylegordonart,video/mp4
QmdFp57K7Z65H6Xfiwf2t49TZ1WwEeUF8zpP4ibmkVgn6F,asset,Crystalline Retro-Dusk,kylegordonart,video/mp4
QmRsRwjAtWcFnN14PoH5wyTwV9mW5cxBx1DgTsW9BQvLF4,metadata,Think before you act!,Paolo Leone,
QmcA4akHbDxc5hRdRY9JqaGundRWYDBhWQHhegywGQfWpd,asset,Think before you act!,Paolo Leone,image/gif
QmdLfvm2aTS4y8oRq8dYpU8fy3LALx4Vy69uYEHRZqp9JA,metadata,BTC de los muertos,Moxarra Gonzalez,
Qma7pNLddL6KKMazQNQytmF7WvyPXC2Bh7WBa4DjFeN6kc,asset,BTC de los muertos,Moxarra Gonzalez,image/gif
QmQopeT7FBmgggeuurDYKg8VvHSxQ6WB65wZgvUmP3FPwB,metadata,Mango Riot,Cyber Shakti,
QmR9q2jGHw8KKYsSA263rUZPH1zuF6ntKtHotzoQpckkus,asset,Mango Riot,Cyber Shakti,video/mp4
Qme9KCNmYRZXPT3nMjUAKv6DsAkv7zWjhymvbZAvkC8a2A,asset,Mango Riot,Cyber Shakti,video/mp4
Qmem8jmeucxY1gRbVBZpapaQKjQXmfjFfnJNzRtN4WX8a5,metadata,Let There Be Light,StrangerObjects68,
QmPLaoDA9mBRnQ3GgCXLgKQrMfJeLwnpyQH1JUsSh5tip8,asset,Let There Be Light,StrangerObjects68,image/png
QmVycgEQEF16umhGV9wJ6m3s5eb1knAVBetBLsVvvhtQmo,metadata,Taylor's Lager Truths,Angie Taylor,
QmUH6P5h9Se7ot7xQarR1ayinUj8CDorFmPorxtKTYn4tL,asset,Taylor's Lager Truths,Angie Taylor,model/gltf-binary
QmcBLZjaG34hNMWTtQtHrhCK3cdwLpqoBGPbv8j5fSozVo,asset,Taylor's Lager Truths,Angie Taylor,model/gltf-binary
QmXs7VTM6za7tKewvHMvkMfJCtzNJ7aTKceFkugcbUKkSe,metadata,Krista,ClassyPaints,
QmZ6zyphGicg14r5u4cipJUBjAqPUmJMUnkZtqFS7dfUaK,asset,Krista,ClassyPaints,image/jpeg
Qmb7grN4zxS2QmHZ8yhvEWwYhvUWX8MMUU7DXYirLkdrEJ,metadata,Brazen Thirst,Requit,
QmcQ8rETg4jFVaGjvV56KmH8tafrnsHuu8xa6cHQXkxouq,asset,Brazen Thirst,Requit,image/gif
QmVev8mRS287X39ZLcnmaEyDsrmQ5bSVirxb34QJh852de,metadata,/ MEDIA BLINDNESS /,GALA MIRISSA,
QmUuKZZAdBqs7s6RzeJk4STeVURjSAAsdD1xhZbTHYSRLw,asset,/ MEDIA BLINDNESS /,GALA MIRISSA,image/jpeg
QmeLTyy6RGeaSfFGXuCMteqS1f78KWWN2QhKhcnMWbzCy8,metadata,Fluro decay,Onyro,
QmX89sSRHysv5QHtSVWTnt3zVUC2C3j26QidBkKEeuKs21,asset,Fluro decay,Onyro,image/jpeg
QmdENsPRtcNSZvUruCn2gWXjrW6p6vGqosmyv54mbFVo5W,metadata,Ethnic Portraits II,hairofmedusa,
QmZdX4Nw6fH46koWkncUzovqgwj97BuUrnSQVNCBk5Qeug,asset,Ethnic Portraits II,hairofmedusa,image/png
QmZXvG2SgdygaqS6kUaRw9sfgimFtuwdB3GHtGR1bZQaMb,metadata,Fool,Ferran Corral,
QmPURH1akUmNWJHZZoibURKbkkBZocG1qruz3YJvo2KeLL,asset,Fool,Ferran Corral,image/png
QmWn1dMNCgfrmgJifARK4ZTzmuHD7BzUjtYTSp4LVefHaK,metadata,ROUND 2 : Ready!,Jwawi,
QmYM84nNT7j1ktXVryCysFxzL7ihmbNKDjhRHmKfjv4e6K,asset,ROUND 2 : Ready!,Jwawi,image/gif
QmWi7r58b4M3qMd7Gun3F3nZDADmvHrE2iotpAyKAQUNJX,metadata,L'artistaVisual,CIVIT,
QmdVnyfkeW8YhMGjSEg2Jib39oXGNgK2MNZfEj8twW9Xp8,asset,L'artistaVisual,CIVIT,video/mp4
QmYQ7SHGMta7Cg5wLHYJyUTVdQad9WzmmhFJsfSp115nvz,asset,L'artistaVisual,CIVIT,video/mp4
QmQxNZTACNh9urfgcSmoR2Cw5w97X8Vfx7wejojsHET2Qt,metadata,HODL,CypherpunkNow,
QmVQcwBxYAGHPfdocbSkNMXDS8Et5ZtpphEspdsrFoqCe7,asset,HODL,CypherpunkNow,image/png
QmYTaA3JdDuJr3U7aJUDKXYPsU95YJPbbLq8YgThQcwSDf,metadata,Sync,radarboy3000,
QmWgn489LYdnUCGoyquRcDp7iAxt8Lia8SMsKJvjLrtzxb,asset,Sync,radarboy3000,video/mp4
QmeArF98ruTd1Fev9hQspHDwNh4kLMnoSHnStDa2FndXCp,asset,Sync,radarboy3000,video/mp4
QmS6sygZc6Q5m2BLRydiqVH4iCLST31xEvc6ZcGaa6x5jJ,metadata,.yellow_king,memorydevice,
QmQdCLJgKpq2bAy6hHgwG46JgZzBicYuc4YzHoJXbVzCzu,asset,.yellow_king,memorydevice,image/png
QmcJxM18XjoxwymiEjgcmzwitLmwqp5UJjBmkWP2qKQZXx,metadata,MicroBliss #3 - The WonderLadyB,Lapin Mignon,
QmcPLnDhTtcbc6VLG5xxrJwHYeBFjMctHppq8mNciP1ork,asset,MicroBliss #3 - The WonderLadyB,Lapin Mignon,image/png
QmcFAEMokg847v8URrcwq53TdwWK5SmqyNiiT58htYH7PG,metadata,O',lulu xXX,
Qmaiv8DbmsyNAM8Z4gxcRRX2HAwd6a6wUCMwz7zKH8ryUD,asset,O',lulu xXX,image/gif
QmP2CXHKuQM5zELfjEHYLLmJHmmLvMK1KsFxDLEX5qPgf7,metadata,Tawong Lipod,shellysoneja,
QmPVqC6ku8uVF488CKE1KQUrAZzqtLnHCjc2Nvnsh5Lt5A,asset,Tawong Lipod,shellysoneja,image/png
QmNqK1Dpx8YHY77xNEBsuhmbyBM1pUPMZHCJA4ttqwVDhd,metadata,Lockdown kiss,VerClausi,
QmP3ZaHF2nPfjmLT7HAoB4PaihTFEgdAS1dW4mUCDNu2bN,asset,Lockdown kiss,VerClausi,image/gif
QmSb5ccE2SHKRayw2aSQEnp8StcVa35r2WMDynufek5Vgi,metadata,data,Arti,
QmdCAQE9wM5ZvDmAoVHhS63f4JDDzJCFDGEvDjqv1tkUiR,asset,data,Arti,video/mp4
QmNUzqwynpfwCQNN1uhbFP8NhNTdmuGDxVhhbuW8PLRyEY,asset,data,Arti,video/mp4
Qmeavb5QcKVYJmcmVrh1FbBAhRmcuXc9E3RqYXvtiC6jPE,metadata,Chibaku Tensei,Nos3Darmus,
QmXQN25VgwjrBdrQ7D6WxU93phCBfGdvk5dGiErsZnj6KB,asset,Chibaku Tensei,Nos3Darmus,image/png
QmZoWSkYDh9BY3yPYMVr56gw7FA1yfTVGm15G5MRsTBXaX,metadata,Carnival,clarupan,
QmQD271VvKBQVCcNSzSDNeGYawvwBLxwimuMCK6oHwDd3s,asset,Carnival,clarupan,image/jpeg
QmYJ3wD1qXvFNQSCV8r86ZRMxFRA6zXNr4SR42raNLhnhk,metadata,Magical Forest in Uttarakhand,iamshivanshsr,
QmddDRCCGykXBu76GuFXgFEd4VWXcFuDFCiqVZm5EvgP4q,asset,Magical Forest in Uttarakhand,iamshivanshsr,image/jpeg
QmU15mTeUiomMA6vnvNDsCDR4GdM8X29yDGzWmiebUCoDL,metadata,A New Awakening,StrangerObjects68,
QmUBEqBKy42gc2MGaKDkkTJx36wmpwD9CaN6forqRRSUxi,asset,A New Awakening,StrangerObjects68,image/png
QmS6Yv1YS3EEbvNarpP6vH7vXoAe28sAeB7ZqtzP5FrVc2,metadata,/ MARILYN MONROE /,GALA MIRISSA,
QmeggDVpV4iey17X4pLE6j2ty8bBuARFNEopB3vPqqHpnx,asset,/ MARILYN MONROE /,GALA MIRISSA,image/jpeg
QmPX1466681K2RFrtzfTipMHCDUjUCYBUDa7fCTCgwxPch,metadata,Sugar Genesis,Sugar Club,
QmaZXoBYjDYDynoQ1QgZUKhp8BrjtommoSgspsEfAgpZuE,asset,Sugar Genesis,Sugar Club,video/mp4
QmeQbvUsnwfRJDsiLSrxxpW9WWZb63Cb3pcXK72xzV9Eib,asset,Sugar Genesis,Sugar Club,video/mp4
QmX3YUwurdstLwF6eTy3Py6jWpb9sRUGbg7vdWT2ggWw7Q,metadata,ALL SEEING,midwestmisfit,
QmfJ4FrJS5jBd4fLpLdrppnVUGtVY5wzB1GhPqiujtS1RQ,asset,ALL SEEING,midwestmisfit,image/png
QmZhv6woXNjhcP9hsJEKGidudZY9Kf2eNmCmFY2Hos8BzJ,metadata,Ricky,mikiad,
QmReVzxrKGC3X9dopsnKZSazFpiKt9VNwQEbb6GG57EVFq,asset,Ricky,mikiad,image/png
Qme1FNA9iLNtdHeyaKTjDwvqFkmEULLi7hiE8U2br1iRJ4,metadata,Round 2 : Elle,Jwawi,
QmQ4siHqpRaKYLHFeUFdq1VUfSPhVpruTxQ6VpKyDqzhdy,asset,Round 2 : Elle,Jwawi,image/gif
QmdzYZQZN1uEJx3ZdzQmF8uaLVYyZoQ5ZXwm3tQqgfRk12,metadata,Ethnic Portraits III : Afghan Girl,hairofmedusa,
QmeYX7mqHUGfG7L5jVpXfQtRhJ4BPZgHqiZ4DGXrXjmBXY,asset,Ethnic Portraits III : Afghan Girl,hairofmedusa,image/png
QmQL3bB7y2Wk6UkQreNw1EmRisE9PWHdtYpxxzr5FPnqtd,metadata,[Raw_H7],HeyHazmus,
QmSHencCe5iPhDNpcfxYbjTtnDKbM1STfEM7c6GVRyu32K,asset,[Raw_H7],HeyHazmus,model/gltf-binary
QmZ7V3hS45nb983CvNjDxQh9uBbW8EyypFewwDiPHKfD9R,asset,[Raw_H7],HeyHazmus,model/gltf-binary
Qme6W2rMio1Gm3njFLpC2SKrQuEx83Lm2muU76ZqGEvqQ5,metadata,New Wave,craigers,
QmQd7aSu4PtXUQ6aDy5t3x5AGe7aR9hfaj9FJvRPC7Dd17,asset,New Wave,craigers,image/jpeg
Qmae1RYKGV4sMjfndKVQiuohyQuE3fLRhFUwpk7aCizqon,metadata,zebranemone,radarboy3000,
QmTzdknyjcZXro9TsmVSnZ7SLxcM5NrDvtVLw9TfCo7GBk,asset,zebranemone,radarboy3000,video/mp4
QmPybGC7kSCLnyNkZEc6xsk49bCXHp3d85zoNboii8U13m,asset,zebranemone,radarboy3000,video/mp4
QmP2diMRhmefnSZYNCZmNVSLJfjbQcghuf1vc9E9p5ftQv,metadata,Black Swan,CypherpunkNow,
QmXbEtMD4E24MRmCbe2x3x8zRi33Di3fjxCpJKc9GEtWQZ,asset,Black Swan,CypherpunkNow,image/png
QmZ7wkFBNJF28bvohgH1qdiMAbPjEwZ3KMMDKZfP7wmg5P,metadata,National anxiety 🍿,idflood,
Qme8RrPPVMNJ3y5QH9NA13sgPo3HNk8SzWPzFNyvU1tBSx,asset,National anxiety 🍿,idflood,image/jpeg
Qmd3WVALTymNZ3ETR9BZJB29jxXVFznvzW45rq66rDrRtC,metadata,Dream Drop,Stu Ballinger,
QmWEcqNmDtjK9fiyjVx2tcK69gPcEgGYqWZyK4WaGGovAM,asset,Dream Drop,Stu Ballinger,image/jpeg
QmfBontcGUHQKS4Dp1S4jGoHkBaqkSJyCaX6bV2SZqccqX,metadata,Joe Biden,ClassyPaints,
QmZcWYzPwZJBWRj9hNyPw7siSmzfzav75jDieenAVUvD1u,asset,Joe Biden,ClassyPaints,image/jpeg
QmQuwNKpdoTH7sL7LQaLyh42yM4WZ5VrHvonUgZnDFNR75,metadata,Mysteries of The Crypto Universe,Jokreg,
QmUXGNHCUKRZCun9T6WPibqwyrGd6iD8AsieJZFd7rzoy4,asset,Mysteries of The Crypto Universe,Jokreg,video/mp4
QmeVdCi7RpySALSjVH8ZdEQ4tPvhwvfvxb2QfakFhkva9f,asset,Mysteries of The Crypto Universe,Jokreg,video/mp4
QmWXLNNKqCqXPj54nzEP8EWjW2Af7SGwbFcoDRUsdp7kxV,metadata,Painting a self-portrait,Alejandra Herrera,
QmV8S7aTYXQrterkWhE6ztSybRW73soaSuySftRKWyG3VM,asset,Painting a self-portrait,Alejandra Herrera,image/png
QmeLXCKkN3FCW9RDiJRpRDJvF9eszkebSys6kN8EKnVCwZ,metadata,A Study in Sensuality: Part 1 (Scarlet),DaniellaDoodle,
QmWdMvjEnhUssdqYqxg1dB4oJhaNwjeSJmWKpJnGNYbeYB,asset,A Study in Sensuality: Part 1 (Scarlet),DaniellaDoodle,image/jpeg
QmZjpAKSPCap1ZpBsEJ8XwA14di1uVpVNyhRYduK4kghjG,metadata,PUNK FRAGMENTS,miss al simpson,
QmVBCieYhkcRnP4y2J271ymVh6h6xnBi6jQRuKvwKqfnhv,asset,PUNK FRAGMENTS,miss al simpson,image/jpeg
QmTPAQBNi69CBUfDTkBycyu9Ke6j2RBLnmnBMYw6pGZTvu,metadata,Ethnic Portraits IV,hairofmedusa,
QmSCpkxA8vtNWkST1wG6iW16y4KMCLFspBZXDJArHx3tqu,asset,Ethnic Portraits IV,hairofmedusa,image/png
QmNpy7WKrHDHX13mnSfmoyKCCABv21iRHoToYMJL5VhV8S,metadata,A Stroll Down the Mountainside,ROOKS,
QmTAjYBqNfCoZi8Jpo9H2mBGSbka83LZFF46E3ERaQLkVT,asset,A Stroll Down the Mountainside,ROOKS,image/png
QmQ8spmPaqiUsi8uuWuWt2f7UE8cq6wAboMhhDNkFQ98US,metadata,ROUND 2 : ElleCryptoArt vs The SymbiotyCoin,Jwawi,
QmNvyvozy2GxELuCUxaNeE22gzr7fqQLX1sWURa29LptcZ,asset,ROUND 2 : ElleCryptoArt vs The SymbiotyCoin,Jwawi,image/gif
QmW6f5y96PYej8eXE31xVhm4iYTG23ARaWULjrDy7TJ1V3,metadata,Gandalf - By Okin,Okin,
QmfJdd6nJbEgzMCLfDVVWNRUAv1PgTAHMpzwcvZLDQofGs,asset,Gandalf - By Okin,Okin,image/png
QmUfWUeZr6xgwgYU6xXcJQ7DFo2huRU4uxnRJaopdpYLuV,metadata,el Abrazo,luran,
QmUdWpSt6YmdswUBTZFVAiUXFfg9nBBP14ST3FHs2HFAsb,asset,el Abrazo,luran,image/png
QmPUC95tWvSQw633j2ApiM86QP8DBUskBD1Tm7TUgfRP8t,metadata,Millennium 11000000000001,radarboy3000,
QmeE8HXWkt29GY1WTBViexX3peMmgpUpjYezTiciXvi9cn,asset,Millennium 11000000000001,radarboy3000,video/mp4
QmRLyH1kuf1Mejt3cMRp2Vexjz7nmDrqUdnxLWHUvm49oy,asset,Millennium 11000000000001,radarboy3000,video/mp4
QmejUvAvy3HV4wuMgEa4kM25wuZdbC4eXjoweykua6965D,metadata,A normal life,clarupan,
QmVwLT6Jy2mfVQHPkmq4LbJLR6zSXSrnTmD3rhra9Kntx2,asset,A normal life,clarupan,image/jpeg
QmUEVL7YN86g2d513dy5eiE3Tx8ej8ibWwuD5GKrNYUT6d,metadata,Rosa Mosqueta - 2/6 El Valle,Tierras Raras,
QmRQrBjD7a8LbY5xaKrefeDo6ahN2C6gZjk3Gfa1pWTFWh,asset,Rosa Mosqueta - 2/6 El Valle,Tierras Raras,image/png
QmVs3Dn6pEkF3Z2HdJBz66qUzu196qJvYJDRqZqQS86fzV,metadata,RELIGION,DRWE7S,
QmWArn11jR8h82FUStxG3Ts8VyDM8RUXpYt2pYhDgaxZM9,asset,RELIGION,DRWE7S,video/mp4
QmS8hJU8MmoLyur3N6gLARMrJqARxdBNhAeeBy9ZtzZT7F,asset,RELIGION,DRWE7S,video/mp4
QmcX8WhkhioZfqnQS2yEvF8pdf1wxgtmXDQJk9prS1QSDw,metadata,Sunset Strip #01,Foreigner,
QmZMY7NCcH6udBmVC6p1ENKX816Be4HmjBTtC9YYRNFqxQ,asset,Sunset Strip #01,Foreigner,video/mp4
QmacEommyvVTdUM8tJLP77UMUESjgL5wKkC12JQQReiUt6,asset,Sunset Strip #01,Foreigner,video/mp4
QmbDcwcmsXv5P2Emjzq9jXekxKzUXMucJy9qP3QAYhogj1,metadata,Growth - Part 2,Alastair Temple,
QmT7yEotzFrqZLRkqezeHXvGXwVogUU8hsjaiu49krMB6V,asset,Growth - Part 2,Alastair Temple,image/jpeg
QmR7J5nQ9jEVXknGiAGQ14Zvt12yk47kSWVmc3etjPNWd9,metadata,First Sin,hairofmedusa,
QmWciw3naYfiYo63ZZX1QHo9BMkX1UZ9hmfPfC4RTTZkZc,asset,First Sin,hairofmedusa,image/png
Qme7pnC96fVRwmhXN5SKXepdjdNykNx2zdoyMW1Gbiv5Bk,metadata,i_take_criticism_really_well_but_i_sulk_later,sgtslaughtermelon,
QmdfDQ3btvr5tSQiQGUX9uE5TCu7J5KReEA37S7y2vW4Zg,asset,i_take_criticism_really_well_but_i_sulk_later,sgtslaughtermelon,image/png
QmcPdnptH9bfD6d77F6XnRBfJw7FWP5DMe8P1mZQypQwj9,metadata,GLITCHIN' Bitcoin,MAIKEUL,
QmUvfbMWoP9wMhkq3yf2ZtFgurnCy5yU6CQqH3QrqmYZXy,asset,GLITCHIN' Bitcoin,MAIKEUL,image/gif
QmPx9eitvT8ARZx7tUfdiUnHUNqijwCRadccizdsVgDea5,metadata,/EGO DEATH/,midwestmisfit,
QmViix1GiBGkC6o6oAigH2C9Z7yAuJ6oPeFj9Pc5pXZTd1,asset,/EGO DEATH/,midwestmisfit,image/png
Qmf7j6LyziFspLEDzHaAbmvqFfuhaRMqz8EwTfZkD64M3J,metadata,Simulated Paranoia,cechk,
QmPp4XdK1QSdHi34bttQvFyKEdictYAvyaaV4KVrUSgkc5,asset,Simulated Paranoia,cechk,image/png
QmfRxc1pZetc2WB3GS4DwZHSsx3K4viSrnaEFr3FvgdymY,metadata,Cloud 0003,cano,
QmQfEs2FTV1i4vVm5iP2V9dJz5wSsw76h7csccP7MZ9gWS,asset,Cloud 0003,cano,image/jpeg
QmeUUKdKWgEKZ5t8n3LHjEcXzdFkgmgByeTWDZA2XLdpqx,metadata,USA 1870: Edwin,Hulki Okan Tabak,
QmXaffK9W6JeUji7tgHfWMrUkQ2yacRdA27JykPosVRK5W,asset,USA 1870: Edwin,Hulki Okan Tabak,image/jpeg
QmeUoKftVu3JtS9LkBxjf6HtCD1aAR1DqqtqBLqWy5w6Qt,metadata,Phone Trophy,Murlo,
QmeG8b3PiqmbyZKhaqMfoJkJfFuJ3f49UtN1eS2pxG9Eef,asset,Phone Trophy,Murlo,image/png
QmS7HCk3KDfNA6c8DFyM5T9eB9Vb9WVZjFLUY6J1VSnK3z,metadata,Secrets,drawwriteplay,
QmcthoS75yFfgqW5Lreihygt39FQgBp5JQjeC7YH1zbsg1,asset,Secrets,drawwriteplay,image/jpeg
QmPT3BZbfuV4YLFLaqa6P35zFVRHxHtfeRC4CA7Zw8raxg,metadata,Moses,Kozachok,
QmaQsqKfPpfdVXbfjv1nwnNSrjuoZSCypdGNpT2jdGU8kL,asset,Moses,Kozachok,image/png
QmRMhukynPM6567joU2jSfHih9AgL7UMF1vQqFd1MbHfDB,metadata,ILLUSIA,AFTERFUTURE,
QmW2Cw8tWJqwa92UfRord9ps5G1N8NvFZV9aB8SsKDNATq,asset,ILLUSIA,AFTERFUTURE,video/mp4
QmbwQ4HhCaSRGyW27VxYYYaypJKQu1d5swidDqRtFvms4L,asset,ILLUSIA,AFTERFUTURE,video/mp4
QmdZCnPGHWNpvgxXMqzqvNRPcG32fLorBN2i8jr3Zkb8TB,metadata,HERE'S THE DEAL,obxium,
QmTiGzADVrfKAzfULchMGPSt3ZrCGU7a2iuXd8rqAdBQzY,asset,HERE'S THE DEAL,obxium,image/png
QmUEojedyoByhxqrqZBcCJVXiGRQy3ZHUg3iotG9pAHJdq,metadata,The labyrinth of eyes,Pol Escarrer,
QmdxbvMQfmRGHF8qGcJqvQMcGPSmk5pkxrWT1GJHf81big,asset,The labyrinth of eyes,Pol Escarrer,video/mp4
QmcPxf8Be3VrvaoFNNMeUmtbSh9Sb6MotfQ2JUj88bSNRQ,asset,The labyrinth of eyes,Pol Escarrer,video/mp4
QmUhFoPWTjsCiSuAiKqhTU19pFvuGneAuZ2iEw3w2aT4Au,metadata,Bitcoin Royalty,Jwawi,
QmWKM4L1Sq45iLaVkPb25gphcnWSE56GFfUx3ipU6Ru7E6,asset,Bitcoin Royalty,Jwawi,image/png
QmQpaL8eP3DA28wDwBDWJuoPY1T1pZCmJidUzBN5kxLHLZ,metadata,Life extension,lobatusgigas,
QmeyfXJcTDdpgwD83d5eEtE5Xm4Nk4ozngs5JUqyw1H4r1,asset,Life extension,lobatusgigas,image/png
QmPwhRevs3CcDEAmL3wNfnhA7vNvjJPbqfNB4KwUYRgtu3,metadata,fecf3e,CIVIT,
QmQ3NCRSR3At4mYwUb8FNumQt7MiusiJdHkVQGWUtHNsHv,asset,fecf3e,CIVIT,video/mp4
QmX2GQzkoVdpQop1MWFbbYEUXqBQwtTByavdtNRpUpHBYT,asset,fecf3e,CIVIT,video/mp4
QmbKSHU3ustbB8LA3ZYuB7LXdMEfAAQCn6Lii76rg1hg67,metadata,Renaissance Of Ethereum,hairofmedusa,
QmT9stKYwEh8CBt3xCQA843akRFEWUb1qa9WG19oAKFZaq,asset,Renaissance Of Ethereum,hairofmedusa,image/png
QmU2cD3PXGHtxTMd7qAc1NPKobaKtufr8vQoJvBjFKWcEM,metadata,Totem,nogland,
QmbhL15Ey7x3S6LwL65bAEYkb7ivVbRJfq5YcZb8UcMrYG,asset,Totem,nogland,image/png
QmWJqJYXBjNxBwVM6rMWhk4iFGqPN9ceBL5ziTB6AqQjsF,metadata,Constellations,hendricahyana,
QmPdXjUqUQhGxF1Feft5nN7nd1VosuRdV7iuQaK7aa3T5R,asset,Constellations,hendricahyana,image/png
QmWsvzZL9F9QnFMRJN8jWDf9377g5FDZSGLc3fHhBznhie,metadata,Cloud 0004,cano,
QmSNq15TSe1Diu7Ru1ZV2HEy21Dngmh81DHEN1X7XB2WXk,asset,Cloud 0004,cano,image/jpeg
QmUXQAbpgPVNiZajq4yp8ocKmS4kBH2pF1313frXNAXjdh,metadata,Bone Thug,SloppyJ44,
Qmd7PWpDQjoRn5c9HkSrDxW3HwLmYvaYp1M2KhAXWFQpxR,asset,Bone Thug,SloppyJ44,video/mp4
QmZPZmXLC5WGW8zd8iqPwwBF5g4nuVVAfnDGheEXXUmEpE,asset,Bone Thug,SloppyJ44,video/mp4
QmYuXRDFWUzEwxBffodejL7iUifCF28AMy4xxAFpd1p3gj,metadata,Eukleia,areahey,
QmSWkV1mn7Ngzcx8dyZZ5bhAV2GcneXuc4WYcNjmJ9hhNk,asset,Eukleia,areahey,image/png
QmetuyYPi5vavAULTR4QJt1WyzexqGZnE17zyGBqnXxzBv,metadata,There´s something in the air!,Paolo Leone,
QmfEnZjepwsnuVzbMZeWLcabyVjofBSEc36zD4dzqUuH7e,asset,There´s something in the air!,Paolo Leone,image/gif
QmfMmts1FafbZCnopcH26n5F7wUmKL3TZXzdFPWRU3qh7u,metadata,vaccination,Arti,
QmPD8LqRkBCpJX1aqiWXKDJebzFXtPLADTFLJH2pqsQpwT,asset,vaccination,Arti,video/mp4
QmfB7vHEce2oNjHpW19kbYDtzuJ8US6VvbfqW8XEuM3kft,asset,vaccination,Arti,video/mp4
QmWprr37gqt7QPG7pz8yCaVW92XHH6xTgAwwYJpKP8X9kV,metadata,Servants of Fear,El-Metallico,
QmPhPuL8ypQqEjjibnkNK69SXq96SBitDifNejHW1R6EXE,asset,Servants of Fear,El-Metallico,image/png
QmbLwfiC3kcEXNL3rVFiWYzjJ3soMcYUUL9Snp8DmUDv3K,metadata,USA 1870: Camouflage,Hulki Okan Tabak,
QmPvvjrEkhBn7KqGubKzf5pNn8anAo26e8bxWGjYfbWCCr,asset,USA 1870: Camouflage,Hulki Okan Tabak,image/jpeg
QmVP9YYPNCoLFSfJXLpjSjMtb2JeJ5vSV8ckRTAU6CC7sG,metadata,Lona Misa,Ferran Corral,
QmT2KsA1oLb6ELQn3s5ozUkVCuNREXd1cZH4Wcg2NrCTgJ,asset,Lona Misa,Ferran Corral,image/jpeg
QmcP85JC6KKvUvwdP2hB92MfLnotGa8Faw8gxS2i4rXEZm,metadata,Dinosaur Race still 1,Stelcart,
QmaCNT5WW42hCX67jUFDenVxr49JSPTfAiZgkTJv8AA7RS,asset,Dinosaur Race still 1,Stelcart,image/png
QmbQ2ZcCGSd2Gtr6UEHFCES5ThLifTiwgn7PJxaPtpwvRu,metadata,Glassbloom,Stu Ballinger,
QmanmG9P7Nzfd15gi2EQLdmRxKYSxgygcqt9LnZkvD1BFZ,asset,Glassbloom,Stu Ballinger,image/jpeg
QmYujthTJ5yy53iHAVszPNVYMQayaELuj7B96aapkv7S6g,metadata,New Order / Hackers Congress Paralelni Polis 2018,CypherpunkNow,
QmYEicmirFj2kzjQmPPD2pcS9jVrZX7yfp1NvwzYCRC8s4,asset,New Order / Hackers Congress Paralelni Polis 2018,CypherpunkNow,image/png
QmSfd7NDV884BfhyaRqePNB2b6FV9kqZM53pNsXF4eNCAr,metadata,T(r)opical,ArtByVesa,
QmS9mJk9PiAatpsjyidEzuMFDfnYdsW4943vEeNAEWVSAm,asset,T(r)opical,ArtByVesa,image/jpeg
QmRtGnKZVTKauVxHN2z1fsnXaf5aZ12emq26UsV7QKLgrJ,metadata,Subterranean_conversation_exposed_MOOD_1_1,LedgerOnValidatedEmotions,
Qmd5NScf1Jx6h99WC44qhTqpztPR7Lhm5ApXC7w8vxDaGV,asset,Subterranean_conversation_exposed_MOOD_1_1,LedgerOnValidatedEmotions,image/jpeg
QmVADX3s3DajRMGd5noBbfDp3akvJfvvihjMk8t29W8KCG,metadata,Phuture Mesiah,CIVIT,
QmWVWtvF2x8gQHCx7oiik8yck1BSFwPqqUGUC2JQR7MPZX,asset,Phuture Mesiah,CIVIT,video/mp4
QmPJGFr82JDPdVd4Mo9KBBfUvV7112MobePU7mtzE57udw,asset,Phuture Mesiah,CIVIT,video/mp4
QmTottgQfBsZKwQYzxw9VjrPMR6zGZBsaPY4uUKPNjBcqe,metadata,Skullmonkey,Glitch in the mARTix,
QmeUr6yb7yW9nMMhFnhb56USUCzQss858ujvexjQt8d3Mo,asset,Skullmonkey,Glitch in the mARTix,image/gif
QmULPryvzGTxWJNitqv1MfMvqik2CkSmLGwknL5Gdjo7bR,metadata,Serenity,Maaham,
QmXnSYDPTEseLCRfCUjziCd1xoukgidzPnFyQTeJjuraNu,asset,Serenity,Maaham,image/jpeg
QmQiJVJ7ZJQxuugePUZ57AT8jeyHHfSkDYRj8rwfBrWyHm,metadata,Once Upon A Time In Crypto City : The New Reality is the Surreality 2,hairofmedusa,
QmX4qDjNuKtU7nSc2WSqWJQdf5Pxfer7ipNxhbkcSdzWoH,asset,Once Upon A Time In Crypto City : The New Reality is the Surreality 2,hairofmedusa,image/gif
QmX1fUp5sB64aFeA6qviQxq23MQ6PdE73ocwz1S8ppAQfS,metadata,Yes We Can!,MightyMoose,
QmRV9DCyuhGmRd58xRQzhicJjoSpGxbwKFoVNuyBPkcV2q,asset,Yes We Can!,MightyMoose,image/gif
QmWNqVgJKMsJ6J3rMBuTB3AdKikHJDBDwZfsywfUraLNKf,metadata,Cloud 0005,cano,
QmQhqo6bLQSUYXUBQLe57CW3KVeP8G5WPQM1sptC8cbVM2,asset,Cloud 0005,cano,image/jpeg
QmU4pDwPsLHVV7L2EMqZxns4De18ubWnZqQiUq2qmgcJF4,metadata,Just Things Moving #1,Rolzay,
QmY32AKDKCK6kUzeksuzM6ZikaDv2xv74sTXvYJhSHEFEA,asset,Just Things Moving #1,Rolzay,video/mp4
QmRiCsQqhCB6QqSbcGRRkpxcHHCJvvz7ma59LRvAedYk3j,asset,Just Things Moving #1,Rolzay,video/mp4
QmRp36JS3BU5ZkkXi3Wf7YqBGEQTikqxA2UHtCmHbDWhf9,metadata,.fire,Arti,
QmetNgGBy4uppdTr6UJRBvAt4w4rsohfpoRAc5NfWyLw8i,asset,.fire,Arti,video/mp4
QmPSjLu8fxXxmRhyMADnZufB3AaTZd6tVtnkP7ofZsKuDA,asset,.fire,Arti,video/mp4
QmcM58uuff64Q5RiXZ3P2YCMsGCWrbj5E513koMnD9QqN8,metadata,USA 1870: George,Hulki Okan Tabak,
Qme2iXa2DxspwdPyvAKvgMQpJbbw2LnYgYz8BbrcqU3qKN,asset,USA 1870: George,Hulki Okan Tabak,image/jpeg
QmSbdYamejQJDhE2Z6muGD9YA7FDkd3xxGGLTpYwQDiy7z,metadata,Dinosaur Race still 2,Stelcart,
QmTNJa69MWncdzfdJzC7pgVj56cwSW32ZmrhntxgvXmo9X,asset,Dinosaur Race still 2,Stelcart,image/png
QmSrnHeCZYHeaXu9j5D1b2snekdzrRQtzwDF9oNSkQdRsT,metadata,Nebuloops - Forgefire,Stu Ballinger,
QmZQxEMcB8BXoLMCT9iSLDfVR1PcXNhuhuqvnpQ4yYgweg,asset,Nebuloops - Forgefire,Stu Ballinger,video/mp4
Qmd1MKB382r8URdDM4fXPpj9KUcALG7ncoJscuKroR8FMU,asset,Nebuloops - Forgefire,Stu Ballinger,video/mp4
QmWdgvwR1Z3vn6SsMkxM5f8HgGZ5oBsgzpRofrCFxpNdCP,metadata,Anatomie d’un Papillon 🦋,Lapin Mignon,
Qmc78HpYn9BydxFz6vZY2r7UVzvN9VBH5BSDqQJn9KRCKg,asset,Anatomie d’un Papillon 🦋,Lapin Mignon,image/png
QmXBab5nY7NmARLLm2ezkquPC7ttGfNqL6fDrYz5RykV4C,metadata,NUKES 00 : Prototype,Signalnoise,
QmQ3pDhnJzKWV39hctNKxMgFESNk1s8dqcMnGjnBnjwvTR,asset,NUKES 00 : Prototype,Signalnoise,video/mp4
Qmf9r8Useer9mU5qTowgk54zXzLWJk3qSeuY1FufX8MzMK,asset,NUKES 00 : Prototype,Signalnoise,video/mp4
QmbR58F3pEdmVADFNfRpDyw9XZzABnaCwdhX1m123FcfpA,metadata,Golden rush 💎,idflood,
QmVQHwYKYa9pMqY17XsLcqJARw58h3bnJBL1Y8k9d5f2B5,asset,Golden rush 💎,idflood,image/jpeg
QmQL6AtWPHB8k8BEZ1atf7c6aTpwWUZ1dnmAmi35m1UFMn,metadata,Rhythm in Waves,GISEL X FLOREZ,
QmRYUV3wBiKR9hJyQL3erperwq1juC7BLtvCsC57CP8CTR,asset,Rhythm in Waves,GISEL X FLOREZ,image/jpeg
QmPBLo6yNnRoBjEsmB7aaXBPJbDDDpt1rNSPm4UrexCKt4,metadata,Bubble Heart,Ferran Corral,
QmQmYmZzxmbzqrURZdjV43c4atjek78XaNjfeQSPhQfhH4,asset,Bubble Heart,Ferran Corral,image/jpeg
QmPUJTrfEAagcBc4MXbAwcTUMNJeu5go7oFzGxyShqh1Xd,metadata,Shut Up and Look,Richard Rosa,
QmZR3FetjjNZVDmoqeaVmwZeLm21RPq8rG2eNj2npe5Cf5,asset,Shut Up and Look,Richard Rosa,image/png
QmZQtmVbQ33TFQfsdMGAk3ezhGyFQohm8VwpdmJbn8SnQa,metadata,|| Phantom ||,Something Strange,
QmVaooZhGou6LAKX6AsJY4vPoAWnLH5KvKuFjEZrQdmMUs,asset,|| Phantom ||,Something Strange,image/png
QmWbJNoewuJN3soBP9H4vzSLQ7ojRNkEp3JrCNK6ThE2Ew,metadata,encrypted_candy_1,sgtslaughtermelon,
QmcNWog8cn5FpmWZbyZtQu1d1C64NyiMgH94g72i9NdN4c,asset,encrypted_candy_1,sgtslaughtermelon,image/png
QmVWzUFKaTg8QKaoXvkRCZrvExmCwdL17chhn9szR6YwQK,metadata,Watch it!,Jwawi,
QmVwAgQVPGuNuCfrSyg3gAcEQbRkEEGyq6CyJAZHZizBAK,asset,Watch it!,Jwawi,image/png
Qmc5UiqiA4L4ZZEwxaGY3JSkqxZemswk2xcts6qQpSdMcA,metadata,Houdini dive into the unknown.,Freakjesus,
QmRouGZBfchc7cG2ambyRfDaQhyNrTozofd2USksvt9zM2,asset,Houdini dive into the unknown.,Freakjesus,image/jpeg
QmQntkLeTpzNoT97E5zhcqzdxqKuSM83wU67b2dN3MwCXU,metadata,Scarlet,Maaham,
QmTF2cVqmpCg7VepBY6HRwRbVmVQsZ2ZwLUiYL8ST42HcG,asset,Scarlet,Maaham,image/jpeg
QmNMx6jUYcmZqCJdp68cN9jp4zMGST6H6YXTEQ7kdvQVCL,metadata,Ethnic Portraits V,hairofmedusa,
QmfEG1G2Mi2iuABJ932QjXtvKtR9qHe6qjjYqREoWqtTzi,asset,Ethnic Portraits V,hairofmedusa,image/png
QmadV1SMznz5U6LbRCJq1ESJgYxm3rgiww66WuhWLGekmf,metadata,A Pound Of Flesh: Body Dysmorphia,AnonymousNobody,
Qmd6qJB8b5UkRgnNftBAcCrfL7ozGZKG2qHSzwiPLMKWQZ,asset,A Pound Of Flesh: Body Dysmorphia,AnonymousNobody,image/gif
QmYAtHTN1qZVLYn9KQY8c2tBs4csi2DdqxHkGX9R3ueH6H,metadata,Aglaea,areahey,
QmfAaJi38HkMJsSJFPxKz4Qr42zGEQTrWrX8Rbd3B52ybn,asset,Aglaea,areahey,image/jpeg
QmNai1QCu2kgasYPjNs7ju5EwWtRWwziWiNLoC6Zvsuy9F,metadata,Sun | Flare,defiantsquid,
QmXNMzVFj4coMpf6SD7rKgKgiMNBsAJJYRK4kXag4q31KF,asset,Sun | Flare,defiantsquid,video/mp4
QmRPSgHAbG1ds76Wcu9PL2tqWuNU7cMLaViYSFyix42Z4q,asset,Sun | Flare,defiantsquid,video/mp4
QmbYf76fWzg5ECkfwrKCFkm7KN6xt6R9jFzV1nKCTpdxij,metadata,.smoke,Arti,
QmcsnW1LeCtEQX7C83nifV94aniKRPVSKXzoiSe3YUG12u,asset,.smoke,Arti,video/mp4
QmXXs61Nw6Kpp6TPZFdLhfDdkyVzZZaXGHDrcKRcU3YJjN,asset,.smoke,Arti,video/mp4
Qmb8zy1UJUPJxXrnNi46DDydMx5pPJyG4mB2MyPJ1HpKeT,metadata,Dinosaur Race still 3,Stelcart,
QmZXmw92ugWgYMNtUv8b4NMuRBxBdYU3uEnHc2JYwdWvKX,asset,Dinosaur Race still 3,Stelcart,image/png
Qmad7kWKJuUcoJvMXsyXeyfqaZCQpBzvNEAqjKFEDg9VoZ,metadata,USA 1870: Deconstructing G,Hulki Okan Tabak,
QmUqQURsjwHAA4mWGDVf5Y4xD1oDZvXdktXg8bSfhmMAZz,asset,USA 1870: Deconstructing G,Hulki Okan Tabak,image/jpeg
QmfVHuu95kd5mEa315HpJhieF3tAwu8Bqc2xC6C6x1TN4w,metadata,SHITCOIN Bottle,MAIKEUL,
QmSC559vXyuJPKrX67NMYHwpzJQvFRZjdVPP1B8uzGbvuo,asset,SHITCOIN Bottle,MAIKEUL,image/gif
QmPDgQvJaaKPZNUwAwyNBenxJVXf5mMGtuTMHxUMtPw6z7,metadata,Secreto,Daira,
QmQ6om7uAs8BMHKnn8S68SkMnq3mdPQfwAXuEh4LuXAGEy,asset,Secreto,Daira,image/png
QmRKDzRuQuUaCnGnLmyyoyzPdzU1Mwn7KfPBv6wZCVmkpN,metadata,Free Speech,skygolpe,
QmSSJHfDNenrvaDt7DgGPD5Jo215WHaTU3CSx31vWAQMDa,asset,Free Speech,skygolpe,image/gif
QmWyFEkWSkbccXtrEiAph4GTBtq8vrnhePkkrqK7Kv8scC,metadata,Grandma's Apples,Kozachok,
QmcrPvV44mCBXNagZdWz5B8oHBACvTwfv1YqbecbN4G4VU,asset,Grandma's Apples,Kozachok,image/png
QmdspeBXQcSf4MKbTFVA4SdGAHKZkxQte9uxaALyYhYamn,metadata,CYBERFLORA,Stu Ballinger,
QmV5aBYmZiBkro9BfMFuS7EQEyQ8Mpfubj8EUc2jW2NnjX,asset,CYBERFLORA,Stu Ballinger,image/jpeg
QmNRRRFRQkd8FQrPEsnaBwCuQnuqdvTg3GMRLLph9QSsDC,metadata,The Collector,SloppyJ44,
Qmabjh7hH6UgTvZTLzHTiL5mpS2w8sSjMw3RxvDmTACQH3,asset,The Collector,SloppyJ44,video/mp4
QmWtQhaXFgbX2PhBXrgFAQTnt5x9Zb3zVNYJRED1LQpJ9F,asset,The Collector,SloppyJ44,video/mp4
QmWshk2DXT12M2AxCaE1AQfupgNVBKSmvbgdgfRhBEYG6s,metadata,Stream Packets Styx,ROBNESS,
QmZ8eJ1q8s9zoQNqGWWy29hHyjMgkx7vKHPq6u6DXS48cg,asset,Stream Packets Styx,ROBNESS,image/png
QmZbMcGPMuiRWDVDaDTaR67TE4tkv8Ri5iTb3ybpJPiQKD,metadata,A T(r)opical Transformation,ArtByVesa,
QmcK2TW9o59p4o9AAoNU7WB8TwkSLpXM8ETrgNB4rvXTcf,asset,A T(r)opical Transformation,ArtByVesa,video/mp4
QmRabLKCrt7AjkSEeCffjSeLqpFtbfSL3SEbHmMci6vc3a,asset,A T(r)opical Transformation,ArtByVesa,video/mp4
QmcyiwXdY1gpiizwTnTXgnQCWZSYYrRbDrHwqCcdpFZtXQ,metadata,The Crypto Dreamer,sandroieva,
QmNezy62Y6rvAxdSWaYte4ryXXT3XQm5d27KZ1WqGtfEi7,asset,The Crypto Dreamer,sandroieva,image/png
Qmbth7Z6M1h9gaiJxRsVtSdoBHZoFJmW3yx3cj7UvEP1aa,metadata,Looking beyond,Ferran Corral,
QmRjJwnyS8z8Ls6kjTvaktoRspxLHCTYD4Wz8MKpeZ4VTm,asset,Looking beyond,Ferran Corral,image/jpeg
QmdrXikCM7sZ9S4kRRGDm4rr5hCZFUEpYwyvmkwmKepgvy,metadata,Subterranean_conversation_exposed_MOOD_1_3,LedgerOnValidatedEmotions,
QmXNB42KawL7kLN9KyzaMpaBBwtdsaiHsFRNiDPKLHgNr1,asset,Subterranean_conversation_exposed_MOOD_1_3,LedgerOnValidatedEmotions,image/jpeg
QmaDaTqRQVdhAQxbRySbyoHGvaFFR4AgavrWBbVDu1mb4u,metadata,It's Not Windows. It's Mirrors.,Unrealcity,
QmczeXkwx5wyKEmqHYmpSt9S23mPvBxNiF8y9DTgxaPEQ1,asset,It's Not Windows. It's Mirrors.,Unrealcity,image/gif
QmP47TNUtpKp8wzhsLt8hemEhkSAbbokLweqXZrnU6ZR7T,metadata,Just Things Moving #2,Rolzay,
QmVrvyo3ueLyyzqfxhSbwWHdZG4rPqrF7YCcVQNn5jc5HS,asset,Just Things Moving #2,Rolzay,video/mp4
QmNuFmBfSrKDzAY3qKNvCkGL85FKDmiqmGhCubuetHidfs,asset,Just Things Moving #2,Rolzay,video/mp4
QmXWoQiqsfMvvvZMPV9vGTfRHaNQ9ScJspdghaH9XvETFu,metadata,Statue of Addilyn,SkinnerCreative,
QmX7Wq5ZeHkFfaWa3v1ndPojbn2F1GJ9zPxsnSsi37k5HD,asset,Statue of Addilyn,SkinnerCreative,image/jpeg
QmatsJF3cqqN7gB3rJ1xrFbeeDA5nQsZRXpRfiGmXnQZmN,metadata,MangaToken I : Dragon-Bitcoin Z.,Jwawi,
QmRSbUY6icAFG1QL3grgF3h1YbFFZQA9Z6Ti1yC2u4L4Tz,asset,MangaToken I : Dragon-Bitcoin Z.,Jwawi,image/png
QmQno4jSGdrPum1c1taffsrmz4b6vyEsGh3vrkBuZtZhx3,metadata,Gehennic Hemorrhage,karan4d,
QmVqzug76UXUP7aauiS3cicghfYqdAQ1GNeQ1Zboghe1zY,asset,Gehennic Hemorrhage,karan4d,image/png
QmdKVQNd47JVmvxFC4xz4kVnPSK4dsjzJku7jKqKmX2yp8,metadata,Love Is A Growing Pain - The Écorché,Richard Rosa,
QmdjYnHJrie8YHxY4j1gcyhYbkETwfmLnUwhpyG3Fi19wF,asset,Love Is A Growing Pain - The Écorché,Richard Rosa,image/png
QmYxDqAdfnbUVMjAge7522EcXLyiNyHkTb32jFX9A6Gq7R,metadata,Dinosaur Race still 4,Stelcart,
QmSMM29Kp7M3Qou9YwdTREscJ9gWAhwM9UXeJNRamuktbd,asset,Dinosaur Race still 4,Stelcart,image/png
QmbZsSgkmn6uQS23eHP5tX4DM8pmSF2ef6qnJtYGoT6zrj,metadata,.above,Arti,
QmPZJffhcF4ruN3nMJY7RTHEFxqvuV4nKG8pybU4gLh3zf,asset,.above,Arti,video/mp4
QmS3VaTEiQQJuqVwkU97Pq3M8BLfcYZQszxTwsdw9x3rdt,asset,.above,Arti,video/mp4
QmWTin29ouFhVYj9EuZW3uK3wVQ5S13d68YKb1skuzxizR,metadata,VISIONTEK XE,Genuine Human Art,
Qme6Gh8QtJCt59AfLZqJUoYohMz2KSZCUT9Y83Yfksjgpp,asset,VISIONTEK XE,Genuine Human Art,video/mp4
QmQKxGAVBSLU4ntzFtnNMuApVVFiR3c5UvXwJfZuMRjjb7,asset,VISIONTEK XE,Genuine Human Art,video/mp4
QmYdTW1GJ7K4VT3ws2HEYJzZwULkgtRCWjBA9TvsjzXDzb,metadata,motherboard_mash_1,sgtslaughtermelon,
QmPKdFMHQ5dEKMoTwUWjfzM5NaGbNrSagXcArsCWkYepoM,asset,motherboard_mash_1,sgtslaughtermelon,image/png
QmbPW4PRiiXn3SAGpZjzdA7ERnKAXsypJ68pmykR7uZefW,metadata,Quintral del álamo - 3/6 El Valle,Tierras Raras,
QmQHmjvjPLS42dQ5UQ1Z7afKu9NFVDdUYRnHmxEBz3cwGu,asset,Quintral del álamo - 3/6 El Valle,Tierras Raras,image/png
QmTffw52iK4w9CtUMBxSYEEDqyzyafo1fFdAKLu4pcXiip,metadata,Bone Thug - Fire Lord Variant,SloppyJ44,
QmV9Qb3TEK3aFS5h2KNKPnDDy44fCUDWAP7X723joFojES,asset,Bone Thug - Fire Lord Variant,SloppyJ44,video/mp4
QmXwbJNNYmkdZgnAnELowWmz2FPqh74pUpemuwbege6WkR,asset,Bone Thug - Fire Lord Variant,SloppyJ44,video/mp4
QmaJ1hKqpBCLyADhXKLThHKL71zZG7788RCcfKd5sQgNLk,metadata,The Starfield Collection - 1 - Birthplace,Alastair Temple,
QmUz4FZWESRX1Fe2HSizs55JdDYhB1D7Uqf7DhnJyANfhh,asset,The Starfield Collection - 1 - Birthplace,Alastair Temple,video/mp4
Qmb8coEYMssLwcnJ7CrDM4EzGqeRLQLMcVeSztN7c4VkVn,asset,The Starfield Collection - 1 - Birthplace,Alastair Temple,video/mp4
Qma7U9cYk8evKS1HNitkfk3CTVjR7kW7YEJWvnMQ3SaZCP,metadata,Life after Death,Barabeke,
QmaYKHozK99muoSBDR5qeKv4HN8jrmfxihfAcHXpeuUrpd,asset,Life after Death,Barabeke,image/jpeg
QmdvDYdVi8781LRNrgFfdbDNgBkCzQUsr1LrQ5cAydqiqY,metadata,Just Things Moving #3,Rolzay,
QmTF7JTRXkvx7Au8qEBhp4aqQs7aaRjVDW7LKXEVtwd1UA,asset,Just Things Moving #3,Rolzay,video/mp4
QmWbqVjk1uFokQzNvbeDZYaCMk2kkyqy2a59fNVMdv2tcz,asset,Just Things Moving #3,Rolzay,video/mp4
Qmb2eXnfXVwF1Ydjte4KoTqTjXHZpZiRpy29jG8bEExgjy,metadata,Arboreal Aura,karan4d,
Qmep7hgnEyziUtsSx1PvhTuEXU3e42acXnaFx2nwYyAenR,asset,Arboreal Aura,karan4d,image/png
QmNoH4yyuiyc2TAinEe2MJBL2gWLRvDdKuz3sZ3wPAKXom,metadata,Strawberry Cat,Richard Rosa,
QmPZeeEDsy9WuvN6sfat61xvTPWvmkFyaXnrWgoDh6zwyw,asset,Strawberry Cat,Richard Rosa,image/png
QmTV3PtUb7iihdxz8em8cejwPeTTfFQc1fUo2RyVF1YXZU,metadata,Bright Eyes,Stu Ballinger,
QmTCuZJHeiqZ5DnZVjbXVHFUTe6BGDkgudMNyBcbx4Z5Be,asset,Bright Eyes,Stu Ballinger,image/jpeg
Qmdm6zmNznixHSMafPc8oGdUDt8wfqV9av7PXvuP4cccbB,metadata,Artif-Org,Yura Miron,
QmQzdrTsEB6PFRCgeshjRBhknPpdhGiRMPBghnayeyo1tz,asset,Artif-Org,Yura Miron,video/mp4
QmVbhE2af3xnabM19XXzq1Af3zypUJEvAfvz4zg3hhutYM,asset,Artif-Org,Yura Miron,video/mp4
QmaruMaykXWoDk7CFUKBDKn5ZdgsBixVi3TiGiqVeEZfDp,metadata,MangaToken II : Jothereum Joestar.,Jwawi,
QmW3Z4yUtCtu8odD3HkNRYt6PEA48dW9n1Se9HW3UZwnDq,asset,MangaToken II : Jothereum Joestar.,Jwawi,image/png
QmfR2u1FWEn4M4zhumcvVyLet3TckASuCuuRqmMiLsL9WB,metadata,Premonition,lobatusgigas,
QmeVL9HJ8qxo5fg73iDNRzVogPfCz3zrX9TG5bhs6oRR3i,asset,Premonition,lobatusgigas,image/png
QmUYMWWE6WmyC3JFy6kxxfvaTKoD5HEWJjgR8TiJN6hkyx,metadata,The Wolf In The House Of Bricks,squirterer,
QmUWMKtXyixyLQNed8xMS4dLgkBQpe6r7BWexUt1uhGAjU,asset,The Wolf In The House Of Bricks,squirterer,image/jpeg
Qmc12waUMN68FmgmCTgSsMDDfB9jVWzM56nrXedHurVB6C,metadata,USA 1870: Mood,Hulki Okan Tabak,
QmYQbMhPX8oBd3xYPLibR4B2yu2uyvUTHPkF5HSRKRTnLv,asset,USA 1870: Mood,Hulki Okan Tabak,video/mp4
Qma4SQapst4BcULa3tzzdcNQD44rrqQpFXYBvi72pjcGY4,asset,USA 1870: Mood,Hulki Okan Tabak,video/mp4
QmNZB5T1Pr5TuqYGgi8B8UsZfz2UytQ9see1B2UKLJg4bc,metadata,Cyber Goddess,Cyber Shakti,
QmSLsHeuwFWW2i2fndRWhfVkYCSTuwtSpbDdCJZaNnQDQB,asset,Cyber Goddess,Cyber Shakti,image/gif
QmQgGQF5QRpS1owjUUmru5R3bWRo6V6n49CAT9LFENBWxC,metadata,Pool Party Punk,colourservice,
QmYyGsXKPoM1DsC4BvTGFEtQAUC3o1CfY9WF8qFFLMTTQD,asset,Pool Party Punk,colourservice,image/gif
QmYgY9RoewjcUS1FgEeZ6i8W1o46GDLCDcbzVEdgjY2s6c,metadata,Untold story,Arti,
QmVzuNcEpmsqpD2G59WNX5ogoycUMLqAx7HZjkW7zt5S7J,asset,Untold story,Arti,video/mp4
QmesBhzZXDRUqUVFGPmDSoDYBsVwS8mw767mfscigJ4dHL,asset,Untold story,Arti,video/mp4
QmW97z9oJy1dFtHLyZsLogo9v8R5d6JWaXkXab9UyJ299g,metadata,CryptoSunset,taharazavi,
QmSdEbAW9FDQmEdDyyxbj9SFcBQKxY2ReWZom34MVoxYrQ,asset,CryptoSunset,taharazavi,image/jpeg
QmReq8fZAb9t3rxAnVDS43ScMWE8Du4b9d89Myh9g2VMbS,metadata,Infinite growth 📈,idflood,
QmYuADpoDCc61Q8RzLDpGNoowVM5kjQfJb6k2pxVCu5WJ6,asset,Infinite growth 📈,idflood,image/jpeg
Qmc9yzg7tv94HF8gXLT6W9xaDZaN94AS7Y36m6HCE4EYJa,metadata,PUNK PRIESTESS,miss al simpson,
QmVLhw4i7GuFnvw2ggnM14FUhhnmUh743gBiu4n4RTSVRq,asset,PUNK PRIESTESS,miss al simpson,image/png
QmPZzF5bWdyzrML1su8ez4bgcZuEY2Bt8omYi1a3SZNYwe,metadata,The Data,karan4d,
QmZdqFM2BeQFK3gcH4Q4BRKhD5G5Gs58y5ZB9NdD8yA84q,asset,The Data,karan4d,video/mp4
Qmdxssy1GKFcf1bsNyqQ2a6gX5moSzxTJ1QC6DX4ePbvtf,asset,The Data,karan4d,video/mp4
QmboGJrAVCEEYLQtbFZMofuxcVyFXbXzwis4RN22RmXEzg,metadata,Robot Art Genesis Piece,pindar,
QmbdtkqWzHPorqhyfpVwBPXEuZdhTFYC4cjnZXdUq1Zvf7,asset,Robot Art Genesis Piece,pindar,image/jpeg
QmaRHsrvsqx6bFGb4DVz328iDR7uVWQxE7177VwnwAbzmD,metadata,Knight // One,Griff,
QmSoM9M1EPXsjC2X39tSizrKUigc22iS9RwDjTziEmBinL,asset,Knight // One,Griff,image/jpeg
QmQotGKNWh7WX95Exu5NeLKwBe9BFSXNgyXaz3A9ox8b4q,metadata,Monster,hool,
QmZhWZbeayayexe5Cak6YXBDDTVubotjVv8Xu3eaM1cddG,asset,Monster,hool,model/gltf-binary
QmWe9Wt1YmRD8zHZs2VD1x6DHnZPBXFiT4QnCPac5H8Ht2,asset,Monster,hool,model/gltf-binary
QmS224isP558M3rZWAx67zeJ8hSen1Fr175kvd6jTNrqcd,metadata,The Digitalist Impression 07,ROBNESS,
QmX8PVxt2bLtuhXmMn3PwmMWCTJ5mXv9H24QDkZWyUJVBN,asset,The Digitalist Impression 07,ROBNESS,image/png
QmSh12982SpZfwTm6cHaAdWyeZimGLnxdaMEbkQWykQcWw,metadata,Dreams: Dark Dreams in Audio,Hulki Okan Tabak,
QmXxzVTX5GsAazUGBv92y7vZdskWGk49kA9ZvwveEoyycF,asset,Dreams: Dark Dreams in Audio,Hulki Okan Tabak,video/mp4
QmNX67H1tHj6Z6X7YmpSgJHGFfEn47KB1iVSWbPYZGKd5m,asset,Dreams: Dark Dreams in Audio,Hulki Okan Tabak,video/mp4
QmZrELTXxENHmUmgaSMdvqwuv7ut1svV4LTymRH6hX4mHb,metadata,MangaToken III : Kusama Uchiha.,Jwawi,
QmX48AYa4DCmLugpAMyBAy6qWHnGebm2hdUog71xmgxUj1,asset,MangaToken III : Kusama Uchiha.,Jwawi,image/png
QmWDmXrMGm48rdBy88Sejz8Rvvs2sVskYdTtmP4LfYrZj5,metadata,Girl and her Mech,Zakalwe-x,
QmSAsPgdR6LXFGA4rSyb7aiyV5FWkx2EWXFo8KQV6HuCcm,asset,Girl and her Mech,Zakalwe-x,image/jpeg
QmYizjQfa4px4PiVXzksqbibxECqjt4jzRhtb9K2xe35s2,metadata,Friendly Purple Creatures Evolve,donalleniii,
QmUgPa6ZPZdv4PeAX9YMcdXcqwATLSDt4A2xW5v43GD6LQ,asset,Friendly Purple Creatures Evolve,donalleniii,video/mp4
QmY8anA97q3ddaV3UBMcfwpuv5RzjfZwYUdf33iKRwDAYn,asset,Friendly Purple Creatures Evolve,donalleniii,video/mp4
QmUwdSkAW6vrNuz6T5eLLDnVWpGedxMsLd8oqcUcrsehRe,metadata,AIRHEAD,evrlstng,
QmY8eotqRLRhDvwcKgEKLS8KvLvZ8isSCU5TsSRNERbxf9,asset,AIRHEAD,evrlstng,image/jpeg
Qmbs9aHsJqe5NXPr3DMJFsZbxFqsKqG5nfrGgWDasQwnfD,metadata,|| Eidolon ||,Something Strange,
Qmf79MNxLgs6fkSuppBj5XfJVagAtA1FLW1MPYgU19j7tJ,asset,|| Eidolon ||,Something Strange,image/jpeg
QmX2kKJvMxq9uSVsSzmpPnA5bj4XwQLmQMSHwGnNtuTDjf,metadata,The blinding light underneath it all - subatomic, session 0010-4916-28,wblut
QmcZBkhpVsaMp7c196YbJXNEjHwDv2cG4ddJgUkHep4PNF,asset,The blinding light underneath it all - subatomic, session 0010-4916-28,wblut
QmQrxCV68K8fsYZwP32pKAjPYbah5F5728YYvAZH6oJgAv,asset,The blinding light underneath it all - subatomic, session 0010-4916-28,wblut
QmNaAr8o52t7jrD6HhAZPxVy2xoNsbfUitQjRYgZNoMk8a,metadata,Maneki Neko,eyedesyn,
QmWwtsH3nPgjjGn86EHoiLhgFEZ7d1PXR3eQUTY4qKFzjt,asset,Maneki Neko,eyedesyn,video/mp4
QmXa3RsN6E6HLmUuYzfKWtgziaHPsMEZ9U4tTef8gS2Wbu,asset,Maneki Neko,eyedesyn,video/mp4
QmU1gZdhnyxzBsqGPaH7DPw2nEvnhFXs3upz7kQh2E7gVJ,metadata,The Neighbours,Miwa,
QmecUB6dcVwdwLWKwBQwP4NjG15xysCsdUQSQuPWEoCd1A,asset,The Neighbours,Miwa,image/gif
QmQvtDTMJJk8un9RLhxo5c9PvV1Lhtj25RCP7sQAdNhPgF,metadata,Series EEC, Pedigree: a2, Family: “eecagafilo”
QmZukV8nxTNLtFxV6Yp1jPBe36EChQVt5VUJKR9JRNpsZu,asset,Series EEC, Pedigree: a2, Family: “eecagafilo”
QmWV6xcnQK8Kg2syrVmxxRFYmT9XQmexXncgjtSMMMNqWT,metadata,Series EEC, Pedigree: a3, Family: “eecagafilo”
Qmf6PK3DqCYVad1CLGTSJ69ZpspvJ3RNckJQPxRULjqyFf,asset,Series EEC, Pedigree: a3, Family: “eecagafilo”
QmSgSfuj2BBYkHtCPVo2SSZdhBNkYwqmNJpNFJ1D9NwFSj,metadata,Just Like a Racehorse,Lipsmak,
QmQH9cruvZ9fn9R8Xzorxwh3763vKhucBeLdJZTKxpQ9Yc,asset,Just Like a Racehorse,Lipsmak,image/png
QmQrmwF1KiXbkGtJfPrcfTQE4H7Uraic9QiFC92bAmUYkh,metadata,Dust_gen,gcrll,
QmWv2bxgNJ1wyqyG8YSRRDrcabkQerAJs1TLLkdLtdEM1S,asset,Dust_gen,gcrll,video/mp4
Qme9mRr6HxGF97MZP7vWWYbdp3BUAwdRGXUMY8Yodsj77f,asset,Dust_gen,gcrll,video/mp4
QmPWEuGNKa1i5Qo2xgVJ9i7rCUTaf6d6ZNVAqbxb6brdTw,metadata,Self Inflicted Pain,Some1fromspace,
QmYB43fCZYRc7gRiR7nfzXAqZ2WaZ6M2Eh3mxV888bRiox,asset,Self Inflicted Pain,Some1fromspace,image/png
QmdqhRYWWZUAEFsLJrgDs68XSDs2mYQx34ge1TQ14YgAiX,metadata,light_wave,yrdgz,
QmaKnrfMqiAC4io6uAvoMKyxrfWKxHJjXAyg9cCq15rHDC,asset,light_wave,yrdgz,image/jpeg
QmSW6JNZ1VkFuXaYMyBNAPc8MqJx3UFfpiFb9pjJSNfeca,metadata,Open Your Wings,hendricahyana,
QmTSqvULFBKmwjWBwd2ffPYMkLzM9UV9Xp4Me6UNccsEqh,asset,Open Your Wings,hendricahyana,image/png
QmbXYpG165VnRtTgMv1G4cv8SFYxkb9NrRWknKtGK72jGC,metadata,Ether 3.0,Maaham,
QmSSHphm1DUedmdrLpgRCASZ5JhnT6BYkMvm1SmgapbW7T,asset,Ether 3.0,Maaham,image/jpeg
QmQRnFGswphxwpr5XFVAJoUjmRDYYofuiBTWHKYKK9pqWF,metadata,Aether,areahey,
QmUscnXVf6y5qTAAVB1i2hcK5p4g3bDGdhMkcDqfm1bdD4,asset,Aether,areahey,image/jpeg
QmYzkWCgJX7qtJZTaDy3Xm4rTLhBYJA3e1Jg97gZZFpxEH,metadata,DREAMCATCHER,miss al simpson,
QmdLirJBKfoyq2ESNLo1xZoPPZdGBoE9jX8ayiwAhRhS2y,asset,DREAMCATCHER,miss al simpson,image/png
QmUismL4UHetRVi9B9tipQf8ARGRFGVq76SWZQs4RcqqMi,metadata,Persuaded,Paolo Leone,
QmbcPnSjENwFoBzW243kqzsWswRpw1RGkMrV4KQHdzahAx,asset,Persuaded,Paolo Leone,image/jpeg
Qmc5quB4rqoiEF8vhnBVVdCUgDDZr52tUoV8mrbzZG1DbU,metadata,A Study in Sensuality: Part 2 (Scarlet),DaniellaDoodle,
QmRsbukgPUudrqbjdDbXteT33yZYRPsg2wUqHvzZFwPcJK,asset,A Study in Sensuality: Part 2 (Scarlet),DaniellaDoodle,image/jpeg
QmURNxjK4e3if3RWtMWyBF7i7QGnPSaRPVJWMoZi461obH,metadata,Masterpiece,MAIKEUL,
QmXXRPmUgxwYvGDXFGpnj79YRm5GfhDkh3sr3gZxzHGyD2,asset,Masterpiece,MAIKEUL,image/png
QmVPPshES1JjBqbuF7srwkUj2PRH23PsMWR1T1s7rerJH3,metadata,Folklore's Beast,Kozachok,
QmQaxNJzC8acQxjWfaQyh5KocTebkdQj7A9B7NfQBiqNvu,asset,Folklore's Beast,Kozachok,image/png
QmUZmGFKaorwekEvhcGBGfnVhghG1G1xb12n9xpZRWPMPw,metadata,Not Forgotten,Stu Ballinger,
QmUrqiEahwsA8xNf15RF2cJoyo4btoHAURhiG9qR4LM2At,asset,Not Forgotten,Stu Ballinger,image/jpeg
QmVckQzu3R1uacsqLbeFv9WTbM5UduQrHA5ZivNHkKp3pu,metadata,The Welcoming,radarboy3000,
QmYmEfai8dC3AQehVFxwFUyw7o7Sai2sicmaMP5sAXa4hx,asset,The Welcoming,radarboy3000,video/mp4
QmQ6o7QVyHRrhYVLXLazbAYMDQY6R5ikkk9Jr4TzqJGp3i,asset,The Welcoming,radarboy3000,video/mp4
Qmd5LguTmiLhz3PeaKN5Hm8Vt5DPmvGVcFZ1VNAEDBEA22,metadata,Proof Of Ownership for Kevin Abosch's Comment-out,pindar,
QmeYw1aUzfcCR8YjPCgUFurt4VXq2g2sqNS5zfFw6LrHSz,asset,Proof Of Ownership for Kevin Abosch's Comment-out,pindar,image/png
Qmc2Yp9YrAcuZtBv7uxncV6uFvLzM8zHFLKwrp7hHShvx5,metadata,Truth Seeker,Lawrence Lee,
QmdTEELTp6DLnbbB2wr79PY6Qv5V54KWxtxmPzwzM4RvB9,asset,Truth Seeker,Lawrence Lee,image/jpeg
QmX5gezvbw4B8RLhPQiRHAivshpg4pXiNnsHwRBiiNfJtF,metadata,SURFSUP,obxium,
QmRAXNJPhRFSkTr2pjfV7BNU8Qkb6f511m9jjnjmeCcqjU,asset,SURFSUP,obxium,image/png
QmUMhZ5mpJFgZZtNBUfmD7MDRJLPnchhhG3reVxeSXac8i,metadata,Dreams: Dream Dance of the Artificial Intelligence,Hulki Okan Tabak,
QmfFqgB6Dp1ZkHM5T9KimVPZqEd9GfX2dFXHbGJ9vSuLqJ,asset,Dreams: Dream Dance of the Artificial Intelligence,Hulki Okan Tabak,video/mp4
QmVSZVn1n6fwEQDWaoLc2PgZyhnWmVkxVT6GqiSzUA2jZY,asset,Dreams: Dream Dance of the Artificial Intelligence,Hulki Okan Tabak,video/mp4
QmehFDER6yFid9iD3FHWm9xXYCFyMi2zg3HCQZHgJyVppU,metadata,THANK YOU COLLECTORS !,Jwawi,
QmRSRVJmmsuimWpbJc1rDeoxb8Jm4G39h1SPu5SgwVwjL8,asset,THANK YOU COLLECTORS !,Jwawi,image/gif
QmepwtbopUsPT4i9ik4TpFP1PTtZrhWaJbdunvfFz9YEo8,metadata,Fairy Of The Old Forest,hairofmedusa,
QmWasAjpCUVWQeFVewsCvC4k55xY6HyGvtTb54ZajovLc3,asset,Fairy Of The Old Forest,hairofmedusa,image/png
QmUY6jwFhtYaWhk397H6otgKrCs85sSPVPCxHs3XXRaS7Y,metadata,True love.,Alex Shell,
Qme9267Bida5C5F6rDGNjibvzMmyiv1VYAJjJZtGd87VqB,asset,True love.,Alex Shell,image/png
QmTrdumuH6ZC3TfWT4qZdr4uxUDNjjbEA5YxzaSVSgw7UB,metadata,You Refused My Flowers,Some1fromspace,
QmZuVvcgwfGZf7YFkaMBU8E8pEs2dELKkiSFGkNNygZnca,asset,You Refused My Flowers,Some1fromspace,image/jpeg
QmTF438B5GyjmKKFpq2HAL8xvMQZp4PAJfsx1Lgkk9AuVe,metadata,Just Things Moving #5,Rolzay,
QmR2m7WRrssAwTCjwz58gXYBUuqyYLWvgvxox3B8GdYwk9,asset,Just Things Moving #5,Rolzay,video/mp4
QmNMgnv9fjCtPJvxRrCLC1NHXVvzJo4SPtwjEemN5DH6WL,asset,Just Things Moving #5,Rolzay,video/mp4
QmREUJ6kAPHcGGANFHJ6JF8zD5DxDEugHy4sH98fBGD9jy,metadata,Urban Gorilla,Unrealcity,
QmS9EKWtuziUkZgiqRckeXuSSLMHF1Jds4V4JeF6w4izHU,asset,Urban Gorilla,Unrealcity,image/gif
QmedRkTMhimASomTtuZXFTVcbVpuw5JkbKG19dCejt6hkj,metadata,Is This Trash Art?,CryptoKaiju,
QmPpd9R1RoXzCxvtJqKftZmWC775bxDf28Y8bA6UivqkHg,asset,Is This Trash Art?,CryptoKaiju,image/png
QmVXQYsMRowGUfMW8wKZaZH6J4DwN2ofZBHACMSmKipLPX,metadata,Zombie Bitjamin,DKleine,
QmYkB4tyTcyorUfC4GtUDHrUarrLrvqAzVK6EGd8JaHRgr,asset,Zombie Bitjamin,DKleine,image/png
QmZzZ2ogag66u3rL8F5FweDWMC5AZs7qnwfwrJyrWtgYeq,metadata,Little Photographer I,Hulki Okan Tabak,
QmdiuGTmeTXVAg4XiUVwmTTiRA8SEmq1LL27LAbozamPzN,asset,Little Photographer I,Hulki Okan Tabak,image/jpeg
QmVWpLyeMDjkGEZGVV1omEyepzHv3e2RPWCZMCqqq1z8P8,metadata,Neon Hacker,Glitch in the mARTix,
QmNWQDkXJbpeCtJPAj11LHwpFk2gkevGHbFu6jbG9xWrHw,asset,Neon Hacker,Glitch in the mARTix,image/gif
QmZ1H4AVpxDZcEzLfq3eNLK8JKT4w8D31Xk4GnQMLiWkAk,metadata,Breaking Social Constructs,midwestmisfit,
QmUcjehahBAhgfGUBp4HR7eZjNYBPFtCaBN8ZXXKFDfrVs,asset,Breaking Social Constructs,midwestmisfit,image/png
QmfZMG3txpAcgdQonB17PbPW6YsiBh7HaJM3D2YfYt9djc,metadata,White Rabbit In The Crypto Land,hairofmedusa,
QmfL232JRuzFTons835vGRwXWxxzUbLTa8qdN3CY27gNFd,asset,White Rabbit In The Crypto Land,hairofmedusa,image/png
Qmc1WSoKhhUEAk4nFuYvkXvHi4648eVv4FrUZdm21sUs5s,metadata,Maschinenmensch Satoshi 3D study,Lucho Poletti,
QmQLdT6WzLbAUDxsJQhkwY7Syc2FyajaHiaTRbcHoSEgRH,asset,Maschinenmensch Satoshi 3D study,Lucho Poletti,video/mp4
QmYHSTtcSfS4jk8KrRVaFr1D2f4nqqoHKmsyjz9UUDbCw6,asset,Maschinenmensch Satoshi 3D study,Lucho Poletti,video/mp4
QmS6RgxhdNYQLZ1g5MFJ9MVLdXyLvGEj2H1YKzYvEPpGVZ,metadata,Wrongdoer,colourservice,
QmcGitHyEfUY2mcvXXT5X7RvyoSaL26NrRWe1jmm7JGpMu,asset,Wrongdoer,colourservice,image/jpeg
QmTrcfUwHEuQkg6cY6FzRtQ6oCryRFkzVkFNdFXrpiwRhN,metadata,The abstract of the spirit.,Lucho,
QmNwLDMRMyCevFoyLH2sPBfB6VV2X1Tnfb6tdwuvfGogR3,asset,The abstract of the spirit.,Lucho,image/jpeg
QmVAGavUWrmMs6Kwxru5rcrm6eWgixen7oqaSCTHxxGuZs,metadata,Ocean Tears,karan4d,
QmNgt3YhmhgAP9GLPqJQLtCjLKBGA7BMvePFBSGXeqAdCY,asset,Ocean Tears,karan4d,image/png
QmPtxjjXvM5uWveK7KevXn3Xw8CNKBNzoUMuNRpNUYpk5i,metadata,Escaping the Fairytale,Lapin Mignon,
Qmd9A4WmyBZncq9Tg2a4PYDoJhhvAchgkNFFxsmFxNSmHE,asset,Escaping the Fairytale,Lapin Mignon,image/png
QmfK1ZfLuGQ6PJoRQWN1DadebGQ2u2gh7U3kvsmg5uQDDD,metadata,The Starfield Collection - 2 - Emerald Sky,Alastair Temple,
QmfPm8SM9S39SNpQmX1QZTfoDnZxkmy7eno2kiTy5Y74mu,asset,The Starfield Collection - 2 - Emerald Sky,Alastair Temple,video/mp4
QmVuE98M1yZXgo9FXv8ypDsihdwbwaCP3iiUaPVYPs4M5d,asset,The Starfield Collection - 2 - Emerald Sky,Alastair Temple,video/mp4
Qmaz7Nck1fhkG3VZqZxD99FkzhFBQLx1ufVVmD4TQXmtdp,metadata,.other,Arti,
QmQx2MCfxcTpHLfJkUsgaBupqJkkdXeaVDQzobnJhFhcMu,asset,.other,Arti,video/mp4
QmYWUYbqwSSf6EFYULXVH7A72bUZAHhT1BiE5CYj6G3R74,asset,.other,Arti,video/mp4
QmUN9AmnBwzK8fTXzfXT4Tju8FjDtRQdod3toVxWgxoPLx,metadata,Still Life,El-Metallico,
QmNn3dcxcBNg9APwmUbGV4nq9UgCAE6QDJV6KJ4cx2ykF2,asset,Still Life,El-Metallico,image/gif
QmRH4nwxT7fLtML5w988wKLgwXyvA3oKGJ8YCu87crM8pb,metadata,Cyberpop Aesthetics,ROBNESS,
Qmbghg2n9SzokDw1dhVW3aQSpi9sWupJfdq7tG7aC7GZvm,asset,Cyberpop Aesthetics,ROBNESS,image/png
QmR5u4B4qFvBEKq1hJcWCv9WtCNNrk7ojAnNdr2AKyKMJB,metadata,Urge,ClassyPaints,
QmVQmurQYFnsTY14mK2Fw3DSTrbByrmTPg5bSo1cQLh8zZ,asset,Urge,ClassyPaints,image/jpeg
QmQQ6p51vrnaw19xX7ch8DeGQjeqhUHkiQk2JzsNbjf6zq,metadata,sega_sibyl_prophecy_06,sgtslaughtermelon,
QmV67w7QkYVvWHokLak12Gdo25eWSba22FcwCLXf1cXPYU,asset,sega_sibyl_prophecy_06,sgtslaughtermelon,image/png
QmT1oP1RkXgcEaFSzm2Gj8KiLdre6EJfnN4w4M3C34Pe3M,metadata,Reina Mora - 4/6 El Valle,Tierras Raras,
QmVyMcsaxX4d4E7rt4eaFQx19w8JUaX7q4hi1ZkcJaUFVv,asset,Reina Mora - 4/6 El Valle,Tierras Raras,image/png
QmfRRo538SnwsBJ2oidviqtHhFQiK3csas4BNKBQpCiiKB,metadata,The Mortician,Lipsmak,
QmSv64o1saqYHjsKerNaXtcdr9hQygiV2Hsc7mP3GvcC3t,asset,The Mortician,Lipsmak,image/png
QmNt9LULmanWGXN6aWQdsCRrsgbbxxXqo6KrgKEgRB69WD,metadata,Happiness still,Renderfruit,
QmRGPCWR1jR9V7XyJ4g3Lkj3gEmc6Rfj3dRCLzZQ6X1VYX,asset,Happiness still,Renderfruit,image/jpeg
Qmd8GVSjcxzxuewjAmRhM35H4MjSgH5QZcoKpPHz48LkCV,metadata,Nfty way,Mighty33,
QmeWhM6YYbL5buLkiehuugtzSgYSyF5J1JtxyXYEaJGCkn,asset,Nfty way,Mighty33,video/mp4
QmNf8FqbKpWNDAorsWHpDUn5rbmXsLFQauiBZCPvhm62Y2,asset,Nfty way,Mighty33,video/mp4
QmeJLvdD6abPQRonwYE48WAKcGAfzHte2z4tcEar5mqvPD,metadata,Strange Mirror,Some1fromspace,
QmV6imbBhn1NArzxu9RXSgTUK9uVnFENFzeEnqd7C1Yrqs,asset,Strange Mirror,Some1fromspace,image/png
QmSrXDmbQWVTU7grbLjTeqHugrd72ZzkSqTc5YjnArbpmL,metadata,Reincarnation,hairofmedusa,
QmbhfHBwviQ4dgE3xFXuAF5bas3NNaCAm64rr5cbt3DRRD,asset,Reincarnation,hairofmedusa,image/gif
QmTAruscChFf5k4c438hi7Pmfe6sjBpvrQQf5PWPoQa37B,metadata,Sun in 4th,luran,
QmVh2J38aM2h2oDA3AHykwyJit5tSEcpVnJum2KeeWNX6t,asset,Sun in 4th,luran,image/png
QmbT3yALkg4zRW8RehmFo5aaGMpNjGHvbhYRs77nuqFHcq,metadata,The Curiosity,brendandawes,
Qmcp2Fgt6J9tDAzvTqXuCRtRumvRVvKog4v2F6BM8KX93w,asset,The Curiosity,brendandawes,video/mp4
QmQpXTuggtSrkWnczAgfMLCKEVsh7ZNkQbZ5ZFkVi39mcd,asset,The Curiosity,brendandawes,video/mp4
QmebxdubK7MT9ZTcs7fdsRBWK8QSjzKwAzawynNsbio9Lz,metadata,ΛＬＩΣＮ  K.,yusaymon,
Qmbsr9aaatNZx2pdKwGSiZp7Kqe7GA7bNKhW9Gjw9nFkgy,asset,ΛＬＩΣＮ  K.,yusaymon,image/jpeg
QmZ94R68PawcjhkmAJraqo1hJzqmDqm3chPGFUm15xLd6y,metadata,Wintermute,Bard Ionson,
QmcKZSinHVhZSpJ5Wy8qfY8T8citFF4cM3FccAAtF1W4jw,asset,Wintermute,Bard Ionson,image/jpeg
QmUY4kmCb8wTb7NtDeifQutJEgDgVf5s3h6cM3eLQcq8kp,metadata,Mission 20K,Moxarra Gonzalez,
Qmev6jC4tfroNRsckjL1kjfawENWjwPPPqhX81XdCLMkEH,asset,Mission 20K,Moxarra Gonzalez,image/gif
QmXvtWxwqXtpGXX3JmX3X1iLcvDQJcRNmPgdcKUBFNSi9t,metadata,Pythia. Mind meld.,Onyro,
Qma7fD4um6fRF8YaSnTEUKpcDyr2cTb4SL2RVruMZnWnD1,asset,Pythia. Mind meld.,Onyro,image/jpeg
QmXmRRRjsy5kyASMG3uekTjkZ8GU5nWUwd2bsKrDK27LXj,metadata,Ethnic Portraits VI,hairofmedusa,
QmbZyZkVBe7HGAReyYDLeuhUYENdPmG1hhs79LV46cvGSp,asset,Ethnic Portraits VI,hairofmedusa,image/png
QmbbDFDskHU6BmW8nE35fV8gD3nP2qoTdiWNMSg7pmG5JS,metadata,Little Photographer III,Hulki Okan Tabak,
Qma6f6Dbw1RJbF1xKUfDuRSwBsEC5q6hJxwFMVrzXKAe9u,asset,Little Photographer III,Hulki Okan Tabak,image/jpeg
QmNfR87UKWctqDPt2BALYo9uSaTPhhUJ4Dfp5Liu7iyLpk,metadata,Artefact - egg, side view,Oficinas TK
QmNaqGx88TDE2iusgemUq6tZfWDaWmpqzYMdkUEgnx39nN,asset,Artefact - egg, side view,Oficinas TK
Qmbkj992wrxf1dAnK8m93saYa8rYaR6L2ftKSqH4tv5sU5,metadata,self-conscious_at_lazertag,sgtslaughtermelon,
QmTYHTTduWphwHx6yysaMKhje88wVS97qd8Fk6YQvX8CSC,asset,self-conscious_at_lazertag,sgtslaughtermelon,image/png
QmTxH9o6TujHufB8oyg8pRUvk19SC5jv8hAvqgB18yhsZg,metadata,The Twelve Steps,null,
QmfE4FE6bhvgTrpdM5oyBts3oWRAStgnhTS9o5inbn24mz,asset,The Twelve Steps,null,image/jpeg
QmP3Dw5jsXMyqcwpEzSeTcYFpMGTYv4kWqhhUTTWqygU3Q,metadata,Dailyight Depressions,StrangerObjects68,
QmXfjhFnpkCqRY3sADiUvq6Q196CCk8vzfKeEnTojntQRb,asset,Dailyight Depressions,StrangerObjects68,image/png
QmNsoekfMtNjpo1PpEhrKfxE4iG3bUjaa6ZfPNtQ3K4dEo,metadata,Subterranean_conversation_exposed_MOOD_1_4,LedgerOnValidatedEmotions,
Qme33HqtVw3ym1f38eXZtKSjjeDY4Puhtcv3kqNcgS84rY,asset,Subterranean_conversation_exposed_MOOD_1_4,LedgerOnValidatedEmotions,image/jpeg
QmcYK4X4AwCv5uKJyT3rhoXQd7bP9KLDTVQsKbBQbaGufr,metadata,mystery woods,Arti,
QmXbyQQsYuchNiwR64ch88HEDh4dbFtFQU3VsEnqXsKxw5,asset,mystery woods,Arti,video/mp4
QmXQnab3sM3UcM4HPnanhHWSjzEGQf3YZtUMgB5fFzwhJD,asset,mystery woods,Arti,video/mp4
QmcPBuuRXvodQSpqBbsmP8mDMp6GcoAWD4nmhsYaswPRcU,metadata,Spectral Movements,kylegordonart,
QmfVDuKxmYDQty7HB2Z8WJE9A3ffcn5Fm2Bar7rXdG1bEa,asset,Spectral Movements,kylegordonart,video/mp4
QmUF7Rqqd9EwYfrZG6d7ejJDM3DZFnmHnqSkEjpvWsX7xR,asset,Spectral Movements,kylegordonart,video/mp4
QmboRWYWuXE85aXcUj8QbMtb1VLrd5mg6XgG7eKJFiTrvp,metadata,Sleepy Seedling,eyedesyn,
QmcmW1bTX8etk5WBM6xYrsaxTx2CzH2ipnqqA2vuqQqoLi,asset,Sleepy Seedling,eyedesyn,video/mp4
QmcgGyXBKTxqeG3qSnKsiudX8BL8d3ykymX6ddyMZULxeu,asset,Sleepy Seedling,eyedesyn,video/mp4
QmYZK9oi28vCJCVTGVDxTgKJrVKSvVmAv59NCT3zVcvfzn,metadata,Smug Bitch Executable,ROBNESS,
QmVTU6Rbn6wzdGxmz7qFonDtbeqVos6jyGizFaGkYGjfEU,asset,Smug Bitch Executable,ROBNESS,image/png
QmcQv8YdGZpcLmLo1owwpEszXWXVwYGybZZQPu1dyG1kPm,metadata,Moon Bear,nogland,
QmVYjV2xLM7vuazG5jJ4weYwHFaDiuNs5AeAeoycaFRd7o,asset,Moon Bear,nogland,image/gif
QmcRCxqBFM1LnuT9Z5pzSsZ8UiecZj4stfiJjT3wzW1uqb,metadata,GANOODLE / 031-21,Stina Jones,
QmaHSUhgarWvy88HKYEKSyvC1WvKm2N5aXHhsAUisCa3G5,asset,GANOODLE / 031-21,Stina Jones,image/png
QmPAPBp8pbFZkgY3rhMjzFTduMPLMdUBtNrt7YiniAVoFK,metadata,HeadGear // Four,Griff,
QmNZrEeDoKPVSjqd5MEpyZcTijmXYDj2inVbLm2nki8Y9e,asset,HeadGear // Four,Griff,image/jpeg
QmUmbmjymux1PE8ZoveDdzSUfc5jetWgb7BJCWPmzbyr3T,metadata,A Study in Sensuality: Part 3 (Scarlet),DaniellaDoodle,
QmQdVMrRseLMVKvauEtE7DSRP5EM5obbxZxyf7D7SF8vnm,asset,A Study in Sensuality: Part 3 (Scarlet),DaniellaDoodle,image/jpeg
QmejmEWRA3pztarxrq9bLDZsMS7493HcnCZLkrLfRzyR6u,metadata,Tori E,Norman Harman,
QmdGearFqN8k8pR93DoKQyfNzR2ctTCAaiYq3aSgwY8dgb,asset,Tori E,Norman Harman,image/png
QmPdbpeAK1wXBpjfEEXr34nCcAT3hZ21vczWLizgxiBd8P,metadata,Pygmalion,Johnny Dollar,
QmP2sfK4tss4auAxEUWqH49WcsCoTGkcnonKMkYUQ98GSJ,asset,Pygmalion,Johnny Dollar,video/mp4
QmRj7kZGB9zDhntgea8sD4mHEsTsQVmthrLbd6JTt3qRCu,asset,Pygmalion,Johnny Dollar,video/mp4
QmSFdsFdUwtupmxqpvVrAVK2pxjgRLbhQnWNJ72x6VYPGA,metadata,ETH Queen,MadolfD,
Qmf5EuP7mUCqFnmAxqXSaW5Hj8du8ThivKDvd1qTYQyYoL,asset,ETH Queen,MadolfD,video/mp4
QmbFzAEf2aJJgxWWwUFz92J9kk4jZQmY2WrpUakwnGRfn8,asset,ETH Queen,MadolfD,video/mp4
QmZcNBJaD4dETzvHp6wCzeVX1Scwu5TV23skgUnvyfcN5T,metadata,Neon - Full Charge,Genuine Human Art,
QmR1fvYZcEEJRiLa64sPUiXvQW4kDm9aeH7TYnuDiEDHKT,asset,Neon - Full Charge,Genuine Human Art,video/mp4
QmcuZY34DRiz2Ac9XqarEjSSLuEVHUBRUy6SetiBEktsTW,asset,Neon - Full Charge,Genuine Human Art,video/mp4
QmZu9ARsYvcTmurBH1W72Zx7naZNRsD5UcPG3H6HfyHGJZ,metadata,cyborg_warhol_factory_print_01,sgtslaughtermelon,
QmSygYq4wgHHxLtP6d5ZpCbhAtCeBZhm7WMqcUFjBQhcPY,asset,cyborg_warhol_factory_print_01,sgtslaughtermelon,image/gif
QmQQTYabLKp3B9nygn6955v4bfHdrBAAuFGSJAP2fjH8wb,metadata,Warp Pilot,Zakalwe-x,
QmUXmBaXvxNn3D631R1g3sZWGdFn38SJ44biYW4o37Z7WG,asset,Warp Pilot,Zakalwe-x,image/jpeg
QmPZAGxBioVhDKGTYxTH8dQQA9aepxexMzjXYGDyhZetyA,metadata,Proof Of Ownership for Comment-out by Kevin Abosch,obxium,
QmVfiwJEAtrRaDsJ3F7pFL4weDAsa1wG4XtyGPwcE5n8hE,asset,Proof Of Ownership for Comment-out by Kevin Abosch,obxium,image/png
QmfApYTs4gj8zdui9CFiPCHLotzL6j6Kwzmakfx4BEREDK,metadata,Crypto Cat,SloppyJ44,
QmbFnf1ZMEKZNzgkrYshs7iRoFkcsjHTJbHRPVdv2cEeUc,asset,Crypto Cat,SloppyJ44,video/mp4
QmQYWCZA9AQhcJEzYx6iEG8xZbfS3DSxPdwRwx8F9Hur9y,asset,Crypto Cat,SloppyJ44,video/mp4
QmWaqCAq5rv5wc9Mmea8umVVZnhX8SymfRicFKmcF5FHiY,metadata,THE DEALER,fesq,
QmcVkqH7RLp6cfaWRwVpLYBNX4YZfcBWiRdHaTrJA5U9Sf,asset,THE DEALER,fesq,image/jpeg
QmcGfXGBM7JVL6Bg8EGEKy7NHHDUuB4zjFKoTmZ6zefWai,metadata,Treading Water,HeyHazmus,
Qme59XvAU6BQcMYXox1yh1qJSbdHzKPBoWKaLdNhwXC8KK,asset,Treading Water,HeyHazmus,image/png
QmPM3DQMnVUQqrHXNGsRZ7aej8vk9Pb24CcFxe9FS3LLaH,metadata,Omnis Amor,cechk,
QmTYY6dGR8qX4PR21Cg95F53Jiva7c9iscEhvNUw5Gs5vs,asset,Omnis Amor,cechk,video/mp4
Qmet9stuwDeVqeFrMrayrDZLfEwgHdscXFTK6sXmQXTZoa,asset,Omnis Amor,cechk,video/mp4
QmdrUpJ3YrJgxAaG6u67B2MVB4yZ1zRtrQwJZQsJMaLQU7,metadata,coma,Arti,
QmNbzdSwjALiwXq6gLBvakaxStAgDpTA9viQ353f6HXHFA,asset,coma,Arti,video/mp4
QmSmixKuPmGETbniYtmU61zSyCb7MBXb3iZgRiQVgHMhmv,asset,coma,Arti,video/mp4
QmNbbdfKUKqRLBA7XPQyiwYGH2aNXXd8jPpyqL31jZU7BL,metadata,House in the Woods,El-Metallico,
Qmd635Ac9Lc9Eq4kdBYMbdV6temX8aWb7vSQRNJh7GWTjq,asset,House in the Woods,El-Metallico,image/png
QmYgMajBuz7zQZRWVX7wHMqS4q7hXWcGmST7TYWxaKwWrv,metadata,Fire at the Historical Vanikoy Mosque,Hulki Okan Tabak,
QmYYxyvidTAeNGgLyJLFvqBvHs8UFoioeTXwqom4ZJEZUQ,asset,Fire at the Historical Vanikoy Mosque,Hulki Okan Tabak,video/mp4
QmQCCDiyJ3KwHNaABu7rM9Fjq6orKkgfPhjFdGCdFvT7XZ,asset,Fire at the Historical Vanikoy Mosque,Hulki Okan Tabak,video/mp4
QmPs9ZzFjUEuz4EN7q2fGP2PoDTH3bQtJB7osJQTv8RE8Z,metadata,Last Elf Of Woodland,hairofmedusa,
QmNYb3akj4bsRHSoB6pAQbNZYgG73dFmoA4njV1mskeCv5,asset,Last Elf Of Woodland,hairofmedusa,image/png
QmbZfwhY9PYUHc4tBUZ4EiMZxEc8MPxuSqkcThGQxY3KCZ,metadata,The crypto factory,idflood,
QmPTWh7YmpuEECok9oEcTQ3fEhE7ZzAgTV9m8Bi9JSKfSA,asset,The crypto factory,idflood,image/jpeg
QmeurZKC8Sqdff8D68uXC37oRRBYe6v7XHZRm25eCVqRTz,metadata,Adam and Eve,areahey,
QmQda9W5AnTDwdMNSPSnpF4jfnA2tSxhCfpuCrD7ehjPQQ,asset,Adam and Eve,areahey,image/jpeg
QmeaH6bpb5FMxvbFUznhB8cZvxD7TLE6sEnagaLuXj4aed,metadata,Metal Gardens,Stan Ragets,
QmQzkkcjYNc9yxq4bCFQa57ozBBW3LTqDVimhFrkM9oS2a,asset,Metal Gardens,Stan Ragets,video/webm
QmZz8ZzK5k1suWLJoXWQWpoe69AeTVhwqs9GcuLMVwkCai,asset,Metal Gardens,Stan Ragets,video/webm
QmeoVsMKHZfjaEWEG3Xb8d7XgbMfRAB4WBktHyp3Fe4816,metadata,Kikazaru - Hear No Evil,Angie Taylor,
QmT7DHoeTSvPMPkpj2pqKpiYt7j6rawmLUbNn4xEo5TBRb,asset,Kikazaru - Hear No Evil,Angie Taylor,video/mp4
QmPeCysoaF7e3JEmNiHXvZf5TbrFiAR4ivE1KYoXwNS31z,asset,Kikazaru - Hear No Evil,Angie Taylor,video/mp4
QmamUAf2LyqKSstqUzDACQAS4EyBoytCTLrmPUjuLmZmi5,metadata,Forsaken,Complete,
QmZh7Qb2tx3BVxZ9ht7vg9mDHSgoMmq2NMuyrLjBScLrVk,asset,Forsaken,Complete,image/gif
QmYD783GgWkhgoX7HfAiQ7EVoZa4GJonEQnXwe3xPqH4CK,metadata,Abnormal Aspect,M0D,
QmWjUjo2qi9LySGoZYaWCHiYr1upUNmCYSgWN4kpzCGcPe,asset,Abnormal Aspect,M0D,image/jpeg
QmW6KqtKoC8237kTxkc99wPmm2nr1fdfSqy6rdt33LnRwJ,metadata,Don't be a drag,Cyber Shakti,
QmaoD3cujwiTi6xzaYzXW3nKTdqHGh7dAxj84grYAMUuVu,asset,Don't be a drag,Cyber Shakti,image/jpeg
QmNg2xMx9hyW7fhUJRxMi37tMt3cvUmXFK3BG7KFFVeaVx,metadata,|| Beeple ||,Something Strange,
QmToseW1zX8xSkQJx2nscZtkrX9dyioXzACKcqpwwbXLnT,asset,|| Beeple ||,Something Strange,image/jpeg
QmNtUF65vsDah77XwTgWFF9b2trRE8vk4bCxuvNMpeitUq,metadata,JUPITER,leeaux,
QmeBhsboyV7vwTjpYdqKagV3GHexxv2CtyMFQZbfSpnyF4,asset,JUPITER,leeaux,image/png
Qme9FJb4L46GzUMk29ny9B8me9GX4dLkZ5BaRdHgDYb6g1,metadata,Super_Pussy.exe,Some1fromspace,
QmenJ5KwQmcGdWe5VjUoDkLx2FvbVbL3ehZEFn7QY6x4pw,asset,Super_Pussy.exe,Some1fromspace,image/png
QmXPHC73n3KEEac9BYT1f2Px3UGM9ySJScU4k8S1rb1eUy,metadata,Still Glad to Be Alone,jason04,
QmTiukkPuNVi8BPRXjW3TQW2MHcfdB1nYvHPijzEUfN2zm,asset,Still Glad to Be Alone,jason04,image/png
QmTDXMK8qGPM8UsX6VxHGNfvZakiwtpxfi1NEkCoEaExdB,metadata,DB → Secret Access Key 001,Sirsu,
QmW45RBD3AGMXoQfN6nhSaAoqymoqWQ6jteU3zCLC8A24d,asset,DB → Secret Access Key 001,Sirsu,image/gif
QmTAq65kWp5pprHYw4AoqpbWBw2hA998bA27aJTjwXXZ6b,metadata,Infinite Skull #5,stephentompkins,
QmSSbu7Av6UfYXEdFvYsF7ooarvrrD9TkqfkRy41DGuAps,asset,Infinite Skull #5,stephentompkins,image/jpeg
QmZXSWuMgqKtLahQpawMWj1uFdhWyqoxXvmtk1jmKNJmMs,metadata,The Re-Imagined Parent,Hulki Okan Tabak,
QmYwQU2WzzVsog6bpQKg7gnurJ1X1zGeSVJ5AHrHnKaMJs,asset,The Re-Imagined Parent,Hulki Okan Tabak,image/jpeg
QmbMeYTpqTcuAfc331HHHyEpMQV7CwPQJ8jguHp2QWy5rq,metadata,Once Upon A Time In Crypto City : Dream Of The Raven,hairofmedusa,
QmcV3VRrEhFP8HfR2ck4PaNQCioMTEfMfoRcXAZyGpQn1P,asset,Once Upon A Time In Crypto City : Dream Of The Raven,hairofmedusa,image/png
QmRB4JF91C8jAAtKdRKqtWYgMeE2p9qyyyVY4yBocE6So1,metadata,Eye Catching,Okin,
QmSGG81tuDLJ8Fvx2oEnPEj1F8J3JjjJT65PF89EUdqGck,asset,Eye Catching,Okin,image/png
QmSS5tLfYAm8RWbeneH3inx4WPzFv88AqQg4P3bxzwNTUg,metadata,NETHER CORE,AFTERFUTURE,
QmcDKXV2P6J6tSHcc3fJweu1pEuTjVewN5Jjaxe4PwybLq,asset,NETHER CORE,AFTERFUTURE,video/mp4
QmUwNLtLFaPr3U2bwFoA4okHucotNAC38DfQL3Kg6xM9sj,asset,NETHER CORE,AFTERFUTURE,video/mp4
QmZzNCfHuWwi2zCsA6nQ1Njt23ujweKLcWEVr9xpHftHTb,metadata,Zombie Dali,DKleine,
QmVpbank8QDjpQ66Rgk7Ezm3jxFXBSEhevNi2Y25aFrxEQ,asset,Zombie Dali,DKleine,image/png
QmSPczFvjQCNgi5h9mgfr4vr6fWGKYhnw71XFy5JU2fLF2,metadata,Proud,Paolo Leone,
QmTYGrES7SWxunKK6XSKtq6SKajGczT577vXfJL2NMRtai,asset,Proud,Paolo Leone,image/gif
QmNueQAVHgA1h744MAnrZdjsaNzE8pHxAy9ePvRwKKbjRt,metadata,SAVE YOURSELF,Vain3D,
QmfEXmEFT7TTf9DxQCdedu2AaRLgD9ArZn14UMdfEQJ5hX,asset,SAVE YOURSELF,Vain3D,image/png
QmYYntrHv7J8fwfyTDhipRdyv3GDSkbV72oAGLaGLSH44C,metadata,/ YARIA /,GALA MIRISSA,
QmYXmnjQZ5V1uRSqrsWdeuXrdVdbHRkiF1L8Sj5GExX2Kc,asset,/ YARIA /,GALA MIRISSA,video/mp4
QmXRNyxEsdpLmi6rvebsfTcVM5WQ3L7NKDu1cksdHucTXG,asset,/ YARIA /,GALA MIRISSA,video/mp4
QmaBnGBkvc9DSs7iw7fb2a4UHrnnDRjbxGqhmnA8L9ATyh,metadata,MAISY,leeaux,
QmQQKygCZY3d28AZBnheJ1LhQLVRpfBUF8RrHjGMrbPyKU,asset,MAISY,leeaux,image/png
QmRpC8ustk2p3GA6gTUXUB7iTbvsWNWMn4aABnG9SmXAWR,metadata,Unreliable,Lipsmak,
QmcRoYAwWUK7s7Ww68BL4wTFz1KxoLRJcrBdZS1UR5hBRS,asset,Unreliable,Lipsmak,image/png
QmT6b2FVLuibzNTByWJVP1fMPQ1rcc9YuMC3o7WN3ipB49,metadata,I will melt for you,radarboy3000,
QmZpkw22wtvPCgEHK6ZyDha7TBqc1vmXzXuU24TtQUX3NS,asset,I will melt for you,radarboy3000,image/gif
QmdhSXwDkcLyqky8it34riyjX9kYeoQq93ajgQ56DPYwwv,metadata,MONAppreciation,jason04,
QmayERcisudHP69Y9z8kzkMNwckfCyzwkf4ybFgUdU29bn,asset,MONAppreciation,jason04,image/png
QmRWMp9xBpvgiNsmpw5nGYukuNCdccZ3itYdcV4PBTkQW9,metadata,Afterlife,Complete,
QmToqkUeboLiCrWP58wFRSSgTBY2zaaQNHxyvPMofxj7UM,asset,Afterlife,Complete,image/gif
QmPQZqqvye1eVAnNNw2eVwULUxPxF2wmLFjM86Hc1REfP5,metadata,Children Do Not Have To Be What We Imagine Them To Be,Hulki Okan Tabak,
QmaksJrS1VUyh1WsjWkWhXXphjQpzwdfjd3qCoBQtLqK7u,asset,Children Do Not Have To Be What We Imagine Them To Be,Hulki Okan Tabak,image/jpeg
QmQiykuCZCBr193icFPmeoRXM84aEjg8phQ8igdFGZvTMk,metadata,Clod 979 Original Sketch,Adoption,
QmRDFe3EwKEVJxc32SNyhBbE7YeT1evbu6gJySjqvR8vi1,asset,Clod 979 Original Sketch,Adoption,image/jpeg
QmZwijizzadGFJTgGEvsfCejmnMH6uNMpDnSrCHxreCy6t,metadata,Ethnic Portraits VII,hairofmedusa,
QmW9iqmeWzBTtPEHqoraZx11kNox3eLjkdVaobNUNnFUfh,asset,Ethnic Portraits VII,hairofmedusa,image/png
QmZLraVckg9PwkJsLKLhiDU26GJ5foHoFKPUGrQkJumdyg,metadata,Kusama’s cube,Jwawi,
QmaFoj7yUpJ9jPNPU7qvQ8BTwhgmCKKctjRuByupKDQxvj,asset,Kusama’s cube,Jwawi,image/gif
QmVcF4JgryUCg22H2WGvqDBcRjjsayXuuLH5XGc9aL66ao,metadata,Heyden's Wake,Alastair Temple,
QmbAQtx1ZmdB6aNyRMDvDi8izqHPjr4Pbv74EJzN9JARYx,asset,Heyden's Wake,Alastair Temple,image/jpeg
Qmf4zGoa9g2p82FHqmfWf2fKuHV1KmsZ6q7DJx1jvktpbQ,metadata,Born,Stelcart,
QmRgCs9HSukz698awZGCNHGNLVe8e9phxtwTjdWzHkcoJx,asset,Born,Stelcart,video/mp4
QmZi6Zi2vtsXUx5pwoK67fW6TNm1efsErQ8P8vFh815quY,asset,Born,Stelcart,video/mp4
QmSdx4xYrq5Xws8N9pSfvXFk3784dbkcAcDXvc1H6Tc5FW,metadata,Joskin,colourservice,
Qmc4z8YsXpC3VqTKNxMBmvdLHuKziopf2pWvJMgQpH3KXx,asset,Joskin,colourservice,image/jpeg
QmV46yTCQKDZhCUjxNCUhWdWs44Ns7RR1Qxx2KNiRLNz1f,metadata,Dark Depression,AGoberg,
QmU6rp3ppWSczcuiVz5rDP8xqP7Y3QJt7YArfMdrDyFmmp,asset,Dark Depression,AGoberg,image/jpeg
QmUcb6GtwnT2uf4Sj4jcAJZ89BVN4Pwm8etACLXB1ux9yd,metadata,The Foyer,neurocolor,
QmP26VuwXxYxvDxcTHphQpSJAoyejSh2nayH3Sjh62MX15,asset,The Foyer,neurocolor,image/jpeg
QmaqA8cUnrPm8jGCy6wHFG3ktPkWn5BD58VaZLQmmNRWsg,metadata,Coping with Stress?,Angie Taylor,
QmPkPpPnmUD6t73hXTqnxv4ditxx3YKj6pHeuwpoF9QQJc,asset,Coping with Stress?,Angie Taylor,image/png
QmfPpDpXzEPYLrYVY6kMytLsAPvpF8wGvNSHASd6JD6uFT,metadata,Perfecta. luluxXX,lulu xXX,
QmZWWvw1QYBKGAuoqNxSi7pV8EBYicbtEMcRvMLPh3z5sj,asset,Perfecta. luluxXX,lulu xXX,image/png
QmTMJqVdmefGNWhufAR1a4DPtbMm5wQho2Nd3C5HpEZ3ii,metadata,PENALTY,Vain3D,
QmZMH8z59odteUy5zk4FNEdhysUCUd8gnfW4wMWJUFZdiF,asset,PENALTY,Vain3D,image/png
QmPUbUbtyz9ZYacySyo7sHdL9H3h1vmFXXQnDftZMxWxeX,metadata,Countach,DKleine,
QmNTeXfs7Q22Tcv3C68hY2hafbHGpHhSm5pECBLKjaGC7S,asset,Countach,DKleine,image/png
QmUg5TgFSabxc6PDThraMoyDLWcqDL9YDJN7cJh5j6Ro4v,metadata,one fine morning,MightyMoose,
QmV7eNxXJfJYu9xrEQQ2JgS5eEMdPTY4MtsEofHpyQPVob,asset,one fine morning,MightyMoose,image/gif
QmT6DF2VPdR4SWQ2QBAF56ZoxXyXMQkgfmyqK26cGKEfxu,metadata,𝔟𝔲𝔯𝔫𝔢𝔡,Complete,
QmWRNZRhgkzWqDurt5HtjJxPW9mSG6yXZLqqWNFDLrF7N7,asset,𝔟𝔲𝔯𝔫𝔢𝔡,Complete,image/jpeg
QmasxAuMFnVoxRXBPkGTM5buzkjE8TPT51W7bkn75zQqLu,metadata,seeds,arsiliath,
QmecjYfKwMhyabkWDTdY4QJRVFAwDEWB57TNfM2F5EvkY5,asset,seeds,arsiliath,video/mp4
QmUgAbPXraWCK5RY26PEK1La3DFNgX9DM4QdcXiCgPxqHN,asset,seeds,arsiliath,video/mp4
QmaFvfdBZzJAYwWoE73RDC3BwBEJFzyCvo4tqCq6Upp6M3,metadata,SHY,TuomoDesign,
QmaP2bFzhJaoixPsHBGY51HJxJUAcQi32uPqNVNz2ctmfy,asset,SHY,TuomoDesign,video/mp4
QmRVRemQkcZRgWh91Nqfo4piGSgDdzhhZVEYL9XcFcYnfu,asset,SHY,TuomoDesign,video/mp4
QmccwpRbFNmTS6RJdY5kDnNNGp9rYgY1L9RWchQYtJXZRH,metadata,What the Universe Looks Like a Universe Away,Sean Mick,
QmQfCp7ACE3zsKNeRnmTgh1qQnbpbJ8WaubYNXK3Tqnnrc,asset,What the Universe Looks Like a Universe Away,Sean Mick,video/mp4
QmNmkBqDcsJQRUCdUPohu7beyaHdUdjGjgxS7GL1VhcjXV,asset,What the Universe Looks Like a Universe Away,Sean Mick,video/mp4
QmPUgxa37WtbxPWndgnh7PYygtEyFvTY54GPxdgAKdoJmU,metadata,MY SW33Te5T LЛDy,prokopevone,
QmPgr5tn3NAFrM6GGrU9jQbh9UiWkt5ogyPEJjKQsMnCoZ,asset,MY SW33Te5T LЛDy,prokopevone,image/png
QmQva7ZEZyRd3aD37zXJUXxvSQyYPd3b29dy3QXFXp59CK,metadata,Queen Nai,ClassyPaints,
QmeGLcdeWGvQEZheHhRMzceaM8fqpgFwnf7Kg5tjKbtDtS,asset,Queen Nai,ClassyPaints,image/jpeg
Qmb7nvArpXXAYUGSyx6drRU1VpzuPgi4FSrtWsFxn8aZaf,metadata,sega_sibyl_prophecy_07,sgtslaughtermelon,
QmcRF8QcVhW22hnwoPqyqhdTZv25LjKaZxcqeLoSxqNqVm,asset,sega_sibyl_prophecy_07,sgtslaughtermelon,image/png
QmVXChS9hfRvua7Nzo1ZUTpkysH5oFnezaZxC5TEQ8BiP1,metadata,Is it fair?,Undeadlu,
QmYN4fxyWmBV5dwRZoJpyYPah7dLob51EfnX82cgQYvCwF,asset,Is it fair?,Undeadlu,image/png
QmYRTBmm2XHWFPAk1DiivxKgBzfYKrHi8fp6VTLL4r32Fa,metadata,DARK SIDE,hairofmedusa,
QmeRdsUf33UeNKgi1QfiXQ3ppqXkf13nijFBzLSscP7i6d,asset,DARK SIDE,hairofmedusa,image/jpeg
QmZVn5H1Tq1CQmK3dQ5BXPEDPK8n4ABWxnr6eYWxKaTXhb,metadata,Too Cool For School,colourservice,
QmTzJJ3jmHYugLf8sK8o46RUqhzQcTzCXnVoCUKerhpqfd,asset,Too Cool For School,colourservice,image/jpeg
QmSpX2fVr2sjJcaod3kLCgYPiv3NyF8BSuxbaaG9zyowAD,metadata,CøLL4BbBX3,Max Osiris,
QmdY7mZBVdJdt6tfF1soLCnj4VdBtvGni1ZbuKroGUTghz,asset,CøLL4BbBX3,Max Osiris,image/jpeg
QmfSnX6SFGHYyTWaGyKhtjJM3jsBVydL4ZZh7D9PSD6odV,metadata,Arctic Fox,pindar,
QmTWWnRp1oD6mokzTN7buHvxKu2YXvRhcR29GmXCBmSNdj,asset,Arctic Fox,pindar,image/gif
QmV7RhmPaVc5PDEsR9vtigbAmoaMGpL389Pb7QwfxDTbXz,metadata,be goodies. luluxXX,lulu xXX,
QmYdEg8LZ1VdkKdmGbETfTbAgCrtmu8dfE9eTFbi4H8oQg,asset,be goodies. luluxXX,lulu xXX,image/png
QmR4fZCtk4NoHHdPBPD6dfXT9EsSxAHxmpEUtc4MF4Bckh,metadata,Ethereum gives you wingzzzzzz,Lapin Mignon,
QmTbQeoYe53sL4GTaG1NGnBzrex4eKPeVMLAKxgaweByzp,asset,Ethereum gives you wingzzzzzz,Lapin Mignon,image/gif
QmTJv7cVmbGcFrfs1SfMxcfnMpRFZMQrDR7oEKnZLLapqM,metadata,Coffee Shop in Savannah,Lipsmak,
Qmdxk7Agg4eX3UoYc7dCiTntEZyV2R1zYgAKMfPeQgWgPv,asset,Coffee Shop in Savannah,Lipsmak,image/png
QmXT2uLtDACfd9rUXY2N3NsgBKuj94rHf6FGeCudD5cavP,metadata,inner chaos,Onyro,
QmQJb6jwXkVbMbzvJVUzgWiCGDeu2dd5cWJcX3vzKJdJ2K,asset,inner chaos,Onyro,image/jpeg
QmbmryB7NMc9HvDWKqX6kvCQqHM9n5Mw6PZg4cXDDUsHzP,metadata,Artificial Word Mask,Bard Ionson,
QmaxEnzyShenEqrV43Uyt8jMDbxwFVBP3R1e4DD9mip8B6,asset,Artificial Word Mask,Bard Ionson,video/mp4
QmdtfdDEkshJrqAC5Pa5ZZj1oRRMPRHaBpLt6GKYwKo4ri,asset,Artificial Word Mask,Bard Ionson,video/mp4
QmeaMAeD3w7moyjFj9xyRiPfDeyTF3MNHzxrA6X9MQ1VJd,metadata,Shiva,Kozachok,
QmbrSdRZwoNVBonSnWF3S8keZjh2pFtxoeEqBdbyai6eub,asset,Shiva,Kozachok,image/png
QmdpML2WHkNh9YSe5m1BkkQQGnqXvdu69uCsGM3srA9Ncq,metadata,Mimulus - 5/6 El Valle,Tierras Raras,
QmQpXvCCwgef13ZSi3P3UUMik7uXqnVKQ5g5MfkqKWnvmS,asset,Mimulus - 5/6 El Valle,Tierras Raras,image/png
QmPrfdWvsLUhwEnjwJDTx5MbaGC8JXeqzuzS5GnTM7D8kc,metadata,Trapped,AGoberg,
QmSAvuJqSMVaekPVDDJx5bWC589n9qXPFBjmbmqZwLfU4g,asset,Trapped,AGoberg,image/jpeg
QmRrPb9njUBvgtxLLcP1pNXb4KZRxM7JsNC6vb9Fw9t6UC,metadata,The Interactive NFT #1,Jwawi,
QmVhpCHv2Rf9RWUoB3YU5w8XMxJBeAVXM7BByyqdkWGr9u,asset,The Interactive NFT #1,Jwawi,image/gif
QmSMnk26vxA1Jo7QasGXQ9kByemp11rgLM4vmVP4AmMayy,metadata,Portrait Of Destruction,hairofmedusa,
QmS8CAWKZqfhpSjJcjoRuh1yW5ueznX7HjwPy4L2zK2bWE,asset,Portrait Of Destruction,hairofmedusa,image/png
QmVK2f6iTW2fomkY8ymR92kmqM4zER6kQ7T1LRQWLguxFG,metadata,The Visitors,Melvin Hoyk,
QmQtLHi6snLaMAkvh8yyeXfULbCmqVgx3qBpQqxNU3pjCj,asset,The Visitors,Melvin Hoyk,video/mp4
QmUTReavW9qKFKQaC3C5SGCnx2VFzpWWbyEdgmLcDwGvic,asset,The Visitors,Melvin Hoyk,video/mp4
Qmb2vp9TvBAfYSQQYWzcoBxG7xoMtdVpZS8AWXcHx6K7rk,metadata,Amélie Of Versailles,AnonymousNobody,
QmYW6CgNqL4MmxJNmFKKYK7sD2QSiPhYkX8XXiDAtNtHJF,asset,Amélie Of Versailles,AnonymousNobody,image/gif
QmdbezZjgmJW7MDqp9AMmi1CcGPPDmFdK8qbhxvtEdq95P,metadata,You won't understand me...,GALA MIRISSA,
QmaXzZHDSTPCLcLe7NoaXvXNk2ecVSCqT6jrwz6pfLnLR7,asset,You won't understand me...,GALA MIRISSA,image/jpeg
QmPCy4oDvbQ36TAPyRb2GshkJEBZRM137V7fnzU5HyQZCJ,metadata,PURE,Paola Castillo,
QmbaXnUWTnLXkzBW6MusJ8rSYduFTcSkoxXTUNyTANwWhU,asset,PURE,Paola Castillo,image/jpeg
QmbG3tvsSVdyqFtCqN6FM91tDzhCmbDe25SeZZ6VxuFNF3,metadata,Money for Gas,Genuine Human Art,
QmUBzpiRwQhaLxwXfV5Zn623A8wsyLmEkbj9f5f6gjvw92,asset,Money for Gas,Genuine Human Art,video/mp4
QmQwE8iLRMrva8e1FwtqWWZL71r7Yowr3UrfgC6QWfD2wZ,asset,Money for Gas,Genuine Human Art,video/mp4
QmamQyWjeAPSY6Yskzqkyi6967ZvgDEF3uWuNHy12HE9UJ,metadata,Kamil in space. luluxXX,lulu xXX,
QmRiJNjJ9p8oF3RNypRbGM7CvvVUJWvSYvgQVLRg22GaCq,asset,Kamil in space. luluxXX,lulu xXX,image/png
QmTtHqM2SuU7HxZNjimFtLBF2P4hvLhAZ3Sm5jvSfFNDb8,metadata,Lyxe,Maaham,
QmWYt7Z6i4YeJ1PSSve9L9ZU5HAagmask9eHjMJujL9mG8,asset,Lyxe,Maaham,video/mp4
QmZJc7bv7qrwiAgpLhWJRpVNn2RibPgis8iGzNL8DR94ow,asset,Lyxe,Maaham,video/mp4
QmWqAhajbMAQ7nLYuUPoWXNjJDn9XuvbF8mbWKq1pmqRkr,metadata,Waiting for the waiters to be replaced by robots,mlibty,
QmddHVLumzTiFSawaY5EkiNTFr7yLJsdPnVLCcJEKPFyqT,asset,Waiting for the waiters to be replaced by robots,mlibty,image/gif
QmUwF5BYxDDek1jZky7ygdK2NCb8hwX8fedbJLJyqkrf8P,metadata,On Cold Heart and Beers,jason04,
QmaRbMvtdU5CTBFiPYXZdk96NdFxUavVrTcgQqYQzEi5WL,asset,On Cold Heart and Beers,jason04,image/png
QmTcPTDenJSEa3chMEPFLCton5o4fFQQJ7daEYcfmExTxp,metadata,Sensitive surface,LuluCollages,
QmXDKJpixUfUGFA7zVsywSLcXHkakddo2AZMLRdWhC8XpM,asset,Sensitive surface,LuluCollages,image/png
QmNwRZtg6BxsxWsbaT9LGpzV1Xk3Pw5PWxnjA6gPDAuREt,metadata,Cat & Tongue,ROOKS,
QmP1Dya6coz2wk4ncyWiee3cKpHR1ncDF8CuMQmpx72xyR,asset,Cat & Tongue,ROOKS,image/png
QmTzkmS6j1kgJsUx2FMY7rEW3RjdHCtPe8m9Xtoixae5wv,metadata,Kawaii multitasker,miguelgarest,
QmeGpuKDgt3uRcg3pNn2EiD3X6hE7VknaUQn9DgxLe4szm,asset,Kawaii multitasker,miguelgarest,video/mp4
QmQ9CdCVmgm3f7Xck6RyoCf75b22NWp6WB2TzXsqRJk7T9,asset,Kawaii multitasker,miguelgarest,video/mp4
QmTMCVFmPFN22TaUYsLv5q3BREBnzebiPgAZgHZru6HX3p,metadata,Waiting For The End,danieltaylor,
QmUjLK3Sde2wmbyjhunr6Y5jtHQNgzgNRmRj5Q1CFzwWgf,asset,Waiting For The End,danieltaylor,image/jpeg
QmQ4o14x3RN8SFiv8UU7yMyFkihWv81SgvGiqu6xzHxL5W,metadata,A Study in Sensuality: Part 4 (Samuel),DaniellaDoodle,
QmXi86dSsYCWG7tYyrUqXee6NFdFbjsFRJVds5PeRJUPBL,asset,A Study in Sensuality: Part 4 (Samuel),DaniellaDoodle,image/jpeg
QmYkv4HwdoByfqdpfbKnWArqcpBK2q9UC66SkVSumWWwVp,metadata,The Bunny (aka The Melting Bunny Still),Hulki Okan Tabak,
QmZn3xwfQEkQtvUiVsvXMGQwB9mopjDk7m4PYCKoFJa5A9,asset,The Bunny (aka The Melting Bunny Still),Hulki Okan Tabak,image/jpeg
Qmb3pkmdLP1rpDiebHPce3TwcELXSQWXCMQJcNFgwtKg6B,metadata,Digital Connection,Complete,
QmV1fQ6s1hmy6au8pA5wEv64qRvZH35FVraEeifzpZWQJw,asset,Digital Connection,Complete,image/gif
QmX6yVLQaBUf7htzb7SUEoPvM3QpNPBUBRkZ8Dm7gycUsP,metadata,Arbrabá,Barbara Bezina,
Qmd5HBbzr1UKuHZFi5sHCnDU2xJB4NY37MEYW7DRTeEHUk,asset,Arbrabá,Barbara Bezina,image/gif
QmdpWJP7kERBsmoBhdbSDFiGnUPAkkRx5KULAgSFwSCorH,metadata,Ethnic Portraits VIII,hairofmedusa,
Qmdt1qGKdGnSNo4wNHaLYJ9VdqHw3icXeYyiqeSda3F3Zt,asset,Ethnic Portraits VIII,hairofmedusa,image/png
QmV7fHJpW23vAng5TNi4v51Az8kzr58h9zdGEXUwXDrX41,metadata,sega_sibyl_prophecy_08,sgtslaughtermelon,
QmeHjJLP5V5bDSaeMgM1LkgtUepPLWuvUWwjov5k9NWbT3,asset,sega_sibyl_prophecy_08,sgtslaughtermelon,image/png
QmVJ3M11RL1PpqFqJ3neng6VhNjunqUS448kzpA5U5Ss3x,metadata,KREATOR,M0D,
QmU7nvfV2q2TsebRGKcrkJbhksSYK9WF4ejuT23XTxS56s,asset,KREATOR,M0D,image/jpeg
Qme2btghSa9WQMUMXgd1ssbqgK59JyZU7iRKX7nPxpKbKQ,metadata,Exploring Chaos,kristyglas,
QmTfFUvSV55KRNdS9kYVye3fXfFHSa7qPtDHLj7e1uj787,asset,Exploring Chaos,kristyglas,image/jpeg
QmTdNw41FkwEmMKqsKmjeG6oqd3hdUMPi1jyhVCycm6gqk,metadata,NUKES 01 : Neon Reaper,Signalnoise,
QmYrwj6rJfqotwQPoqDgFvC6u4qfDfFR1eeRUJ4MjFFDMf,asset,NUKES 01 : Neon Reaper,Signalnoise,video/mp4
Qmey7kYSig9A1ykGANgm9m78VYU55d4GLPeJGmFFkwKatV,asset,NUKES 01 : Neon Reaper,Signalnoise,video/mp4
QmUCpBprHDm6hvZVZkXof3ExPjWMRPfh1zPD5hXW9T62h4,metadata,The Interactive NFT #TheGift,Jwawi,
QmceRqFJ6FX8vgsmUU8ELPkGYNGvny25v2iKTtDcvGyt53,asset,The Interactive NFT #TheGift,Jwawi,image/png
QmZ9y3vmepj6TSDaHBjmQUD2L9Dt3e7uN7eCh9aXNJTVdD,metadata,Margarita´s Secret,Paolo Leone,
QmboyZjMDmyKCKepfSKBtnQEZEnUeVcWMSLP5yaSJnxFXH,asset,Margarita´s Secret,Paolo Leone,image/jpeg
QmaQcjMZjaxK4etogY7YgS2W34QD3eUyFgqhvm5TZVwK9p,metadata,CRYPTVS CREATVS I,obxium,
QmPxpfKKusHVT7MWhX5B2fa9gkxBKnySRKER43acXJPL4j,asset,CRYPTVS CREATVS I,obxium,image/png
QmX3hZ8cWeZD1bpLUVvnWax5RHLeiusETSQGy2P8KxMPR8,metadata,PANDORA'S IMAGINARY GARDEN,yonFrula,
QmShom1mqeZ6AT7xA3U7Rqt9DCk62GKbZ3nSCkbknZoqka,asset,PANDORA'S IMAGINARY GARDEN,yonFrula,video/mp4
QmZyP7KhYJ39cacHN13mjx9fZg9uz5tvD93XFPxrYWK7XQ,asset,PANDORA'S IMAGINARY GARDEN,yonFrula,video/mp4
Qmd3VYx2A5tGRdrnxnosdiMsmZ4xki67TyoApWCnxJwcYn,metadata,_ ch6 _ spectrum | rx,abysms,
QmaGBTaVKZNwGDLFzTEWc8MThBSAQkqin2qZpwspFUzZo2,asset,_ ch6 _ spectrum | rx,abysms,image/png
QmbaKLf5SCdkyJRQaTACWwCVnqBEdLtZZ2ztC5vB31e88N,metadata,SUGR Corp _2937,Sugar Club,
QmdLZifDwr7y8wkBvQbXiyyacXgYYQTbtBNMSfK8aQJNMg,asset,SUGR Corp _2937,Sugar Club,video/mp4
Qmbx4ZcVPD2dXRszA8NCj8vGdt8x3y16xSKes19mZBESgN,asset,SUGR Corp _2937,Sugar Club,video/mp4
QmcMfbqzqKuEtXvMzGmFM66GUuV8KMe18uRFDPGTpxsm1b,metadata,Screams,jason04,
QmTcMJ8g33HBTvPtbMp3z77pmwV29mAQgCh26CQ6rUcV3c,asset,Screams,jason04,video/mp4
Qma1HGai5GYfyNU6YyCFK5QpvQDKNdLubWA7VYiAwwBqPj,asset,Screams,jason04,video/mp4
QmVsz7NsSE8qBqK6ALX5Ypzq9oTypD3yo6wRTnXCXLTRLd,metadata,passion,Arti,
QmPihsfT2fvBUESZqULC6nNAHZZBVbCPz7Xy3nDRSeGkcB,asset,passion,Arti,video/mp4
QmWGvEBTnnmFRvPBVTTsvvX4Enwb1uWNiDbthFZWDsBZxJ,asset,passion,Arti,video/mp4
QmNjEdcKB2YPFSmZPyzrRFxnVC9oUetnXMHtbRp4yYijYV,metadata,Inner Demons,Cyber Shakti,
QmSqWq1FsSzJB6KAdsCJZS9hhkYt16oo5fQpNiEEXouRgp,asset,Inner Demons,Cyber Shakti,image/jpeg
QmVsUusMLQ3CTW7MpHv1Br5evGtr1Vyjm5QnhTupjZEkmL,metadata,Stay at Home series - Clean Up,yuwa23,
QmSRCqS6Kgrn4f5zm248s9SkLAGQtPNeivUCosHzLp8NLN,asset,Stay at Home series - Clean Up,yuwa23,image/jpeg
QmXjCXtLoYSFwZXEj21ELFHurcosSMjPvVYxrkAUNBP6Tk,metadata,The Interactive NFT #2,Jwawi,
QmeUEZRvjfvvsz7a5K217gA1Rg1JC8eMu84D6UBBqjUete,asset,The Interactive NFT #2,Jwawi,image/gif
QmRnAPUEVKAcGWaq8gmPF5R9pQkifXwiVCHuz2uLDpEuNK,metadata,VOID,emta,
QmRrkENasqZQ9yNQ7kvodJDtdL1ykSEfd8MkppNgfSNnLY,asset,VOID,emta,image/png
Qma2wnHH8wzxbLhJ5H59MCRw5pW5KMEPYk7JD9f5eeqxWW,metadata,The First Cube  4309-6448-28,wblut,
QmNWPfyrfoSkYAH4CcpKkRdtjTjNKw4KQjHvtx5GJumqjG,asset,The First Cube  4309-6448-28,wblut,video/mp4
QmQsn3xV7wjJDYc3rNmw86hHo5j9GBSFZSNoaPnaj5hqXS,asset,The First Cube  4309-6448-28,wblut,video/mp4
QmTyFCpfV83AzFG9HW1Tg5Cn2KHsZFet3iCFXav2JNvvfc,metadata,[DB] Issue Zero Cover Poster / Variant,Sirsu,
QmdMAvRSwf7455fZiGQ2yAfPiuQGBuFTuv6SF6XyhAKcz8,asset,[DB] Issue Zero Cover Poster / Variant,Sirsu,image/jpeg
Qma7XeHZFeF7heaYo4weLKRfrupXx7mpvZvp2u4V7uvBnU,metadata,Bells & Whistleblowers,AnonymousNobody,
QmWDURdfnHfkeTykjmE9SiPooRiyRztJVHDQPSHvySejiu,asset,Bells & Whistleblowers,AnonymousNobody,image/gif
QmW1vunYqSwrcYCgdYBwaF6er7HUVso6xDaSVmUs68tqqX,metadata,Alone,AGoberg,
QmSeumv9BwAa9AEc2zi1QAJ8VpC5z7iuEuEV3MNtcorYjB,asset,Alone,AGoberg,image/jpeg
QmVnGYkUpQDR6WZfNjq726i3cEQFkiMqsLHAnESnK2pzJf,metadata,PROTOCOL//VISOR,AFTERFUTURE,
QmUUVy2ECFqBRQPi6RaLLb5aVD5avUtFhaa8JqJNJYX8c7,asset,PROTOCOL//VISOR,AFTERFUTURE,image/png
Qmd6DVktQPBiMdLWRHyibCZQtCuzff7CtqWiZs724nSafo,metadata,TV Circus,MAIKEUL,
QmS6HNX7aVaRDdTwVrduUyuEhPbKmZDCL66mhDfZgwAo5W,asset,TV Circus,MAIKEUL,video/mp4
QmWcsyTLCk4G9DNRbVFsF4kmBU5zakURSjsdJQRdRStNHh,asset,TV Circus,MAIKEUL,video/mp4
QmTVATsVVL2ug1yKZG3onsbuR9i1dszyzQuUxUD1EpEo4j,metadata,<< Ronin >>,Something Strange,
Qmbdt624T4gSSiGqVST3qkSXKfjKsioGwKNiUZTwJMyNut,asset,<< Ronin >>,Something Strange,image/jpeg
Qme4kGPhXkfpep8irA8M8hRJJ3J54kbqP5dzjQEAdu3ZM2,metadata,Endless,Complete,
QmTRczgYDVLSAeK2nBvTmpK5iBhFQkvRVCTQuKxRjEcP1h,asset,Endless,Complete,image/jpeg
Qmdj7vRB9GKKvpR6cxGcUKcUZDuRs2j7jT73gLYP2n3eKF,metadata,Give Me Back My Bunny!,Hulki Okan Tabak,
QmfFaUsHn3fB8b7Lpgu83H2pG2VykayAF9XamyCdV7jqch,asset,Give Me Back My Bunny!,Hulki Okan Tabak,image/gif
QmQgxouee3WPHc7NceNwAnJBj6SCgp2AvLpUwnAxHaM2sv,metadata,THROUGH THE DUAT,yonFrula,
QmXqKYoxvx2VMs1Ba7fLs2sJ31X2Z9mHC8wwHMCX9wdJEm,asset,THROUGH THE DUAT,yonFrula,image/jpeg
QmU1qRF9mMNz56VMhZdXGUKwEZdaBLhT5AM4uhYFJ99JRj,metadata,Helia,Maaham,
QmactmbH7j61iBVFJsYSipPdPoLqpX3foq26oeEvACoP9V,asset,Helia,Maaham,image/jpeg
QmeGEEZ4q97CQxbLpqXpZHg2w5wQLwgTArvMBES5oYnmFG,metadata,Una obra que nació de un regalo,Nana Schlez,
QmVhUg4LPPPHbswKjdYnZzJsC1aVm8hwJuw1NDMn461rAS,asset,Una obra que nació de un regalo,Nana Schlez,image/jpeg
QmRfDAGEpwpyif7iFDuyR6bM5yti78e9gY5daqY3MijU5Y,metadata,So Close, Yet So Far,Foreigner
QmcuT1os7UXZtc2AEkRBt8b6fbpUAXpyUgDWaeGCLiuBGi,asset,So Close, Yet So Far,Foreigner
QmTQGRpbcHLdGBXn8weAZC4Fu1wjDtj1mAEx18GBksKj6n,asset,So Close, Yet So Far,Foreigner
QmSAaLWCJNQGcSytZNBNaiAKMyhNgVjeTuUMtN7ZfALQk5,metadata,Arcade Love,SloppyJ44,
QmZ3G6PXLJnhq2URFChVx48273MMwnBcey9B43VpXhyJna,asset,Arcade Love,SloppyJ44,video/mp4
QmdcS1N1YXHx4xm9wk2A8jVCvaTERy3UbuddF8WfvsQzYt,asset,Arcade Love,SloppyJ44,video/mp4
QmbeJSM1Y78bqazZtY3RcMXcTirfcBzor2LuG9HrXHaUhA,metadata,Syntax Aesthetic,ROBNESS,
QmfVLmNRziEgsZGNjKbDLCpwSdMi3KqDwispq1ReUrJwcj,asset,Syntax Aesthetic,ROBNESS,image/png
QmfGkh6Eb9oufwM1V2vZBV8JBWkkxohGDmkaXNjEbffyJt,metadata,Grab Your Bags,MightyMoose,
Qmed3wqDBm1uJiMjrASx8cJZxQBnmiu4gv5VZrFuhJfYZJ,asset,Grab Your Bags,MightyMoose,image/gif
Qmeiymc73jJ2KRpUsxmBh6Y6PV57b49o5pY6eapRtMSLvW,metadata,Stay at Home series - Isolated,yuwa23,
QmPnxJnhAoBokoCab3ne5avBhFqkvv2TpM8Ai1jaLJ2WaL,asset,Stay at Home series - Isolated,yuwa23,image/png
QmdxzdnQn9J2MYCNHM2QzCUUATmVNjUikwy4pkpMKHpcrp,metadata,merged,Onyro,
Qma7WMC6AQhMq5yqA3YgB8Ptv6NQ6RzH59Gb4W45TasbTb,asset,merged,Onyro,image/jpeg
QmSVDXMQCDE9gv9MQBZZyQeAXBEKUdjRmHTXBtGhyzTjt9,metadata,The Bee Symphony,Kozachok,
QmdXpGKjZaX7PzbuNTZJpvza7bsJXDvCowxpxSApS7kp7Z,asset,The Bee Symphony,Kozachok,image/png
QmeMDhXmhke44GtkoJAP9nk2ehdo4KFZJnnTGyAXHaMMLj,metadata,Diverse_Morphology_9234,soficrespo91,
QmZfAp6Lx6dJ2EtvSdsKm9uUX2cJ4eeg2DHJzKRrdt4BZi,asset,Diverse_Morphology_9234,soficrespo91,image/png
Qma3m9utcBqjKxEtzwsPnKWxWQDuqL7aNUupAPtBQ3HegX,metadata,EVA,Nadart,
QmTY1c5U8N4nkFjyofFM6zcfuYjXsESNzVF3wYyQJ5weFc,asset,EVA,Nadart,image/png
QmNRJcqFSnCo1fsHKQwobnM3hRp1rakBvVhpo2xFnjh1Ui,metadata,Desenlace,Jerre,
QmTvKebCmkjNrYidPJEMVPdTDmyuZKmRaZKvLMkzMjBqgw,asset,Desenlace,Jerre,image/gif
QmXLMbUKeEdFixs93rRJfsNBAuHBgSEcAVtb5RGgeAtkH6,metadata,BRUTALIST BAE,midwestmisfit,
QmdSZGfdpsHkyfNq2k4TGEPxkez1jPYQRHV3sqSRDJzSdx,asset,BRUTALIST BAE,midwestmisfit,image/png
QmXykTqiGgRy7fpNxb1RixqBwSUXtsqfLvmLdUeyV57KkT,metadata,The Art Of War,null,
QmVYUmum1VHKUiaGkwqn49ZKfTFGyyu8cMYjdTGM6axJaR,asset,The Art Of War,null,image/jpeg
QmZTcmBJaTnFYTd8p9DUNx5kpD5XdHHy4W6uARNkhr6ihK,metadata,Pearl Lace,Franky Aguilar,
QmQaJDf9CRDiCLeuhxnkwtBaUCBatu8XAW1Rb5Xx6xQn6i,asset,Pearl Lace,Franky Aguilar,image/jpeg
QmWpwKBJhtbnabf4xxj64itn9F96cojXUccB9tzaExLkBf,metadata,Crypto Age : Seed of Ethereum,hairofmedusa,
QmZ2W2Gg5Uo6vvSYpN3e6pfdeTYXmM7MSH5V8Mjk87gEV3,asset,Crypto Age : Seed of Ethereum,hairofmedusa,image/png
QmdG9DyavVQN8xnzNxozwt2QKY6FjVK6xQK685PFKr9Zkv,metadata,Is That The Bunny?,Hulki Okan Tabak,
QmW9Y3T9p6JNJUhowZcqSpZRS7CDBzF9vZpE2B3wV3ixvo,asset,Is That The Bunny?,Hulki Okan Tabak,image/gif
QmPT9KbUD7KaJ5pRVBqVfUPkBF263bV7QK2n4CDr6Snm2C,metadata,Infinite Skull #7,stephentompkins,
QmZWXbyAJPPPX5NvwNkqPWWy4UprH1Pe9LU6EvoSGNgz9H,asset,Infinite Skull #7,stephentompkins,image/jpeg
QmedbsfMZYUHjQACKxrxsMkWGdJLKa9HvNPPTXssbaHXQp,metadata,Portrait of Coldie 3D, as  a Demon Skull from the Planet Gwar,Johnny Dollar
QmPXV1dj911S7qwtqRq5uNr9Sr4vKF7No5Xv6Mho2BURVb,asset,Portrait of Coldie 3D, as  a Demon Skull from the Planet Gwar,Johnny Dollar
QmQgUpdPSziwTjVKAJuKsf2XsjLzNvJwwUyvQpnkryF8Vx,asset,Portrait of Coldie 3D, as  a Demon Skull from the Planet Gwar,Johnny Dollar
Qmc429z1H633rFB5BWdRJU9posMaBimXhym3jH66MVuvjJ,metadata,Dolos,Murlo,
QmeyERmWdJuyHkC2xsTHnqhCj2R9EpfRJvPfRLMvVRcqzw,asset,Dolos,Murlo,video/mp4
QmXB55hiqwK61tP1cbcdmfM5gMMeALBvLnS58g2yvYgdP1,asset,Dolos,Murlo,video/mp4
QmajERfMBtm77HvvXrkkHTNMdTf63Fe7Y2a2S8ZpG3cJdK,metadata,Kid's dream 🧱,idflood,
QmYQLk68vzazKPRjVmRbahv7f3AeQSY5ZR1F4x5Xe9qZdU,asset,Kid's dream 🧱,idflood,image/jpeg
QmPzgFFpDe8L5KEAoYGKaDVDfkJKcMiiEVHynvSzBkLK7h,metadata,Insomnio. luluxXX,lulu xXX,
QmcmJq62MiipE6BBWVM3CbG3tmQtGWoMigPLPkAYF2bo8X,asset,Insomnio. luluxXX,lulu xXX,image/png
QmUKAaachZ1xJ9LF2QrXq5umL2Nji5BGK48DQmMxf1Dh6u,metadata,Giant Ghost // One,Griff,
QmbyPuCSVVEHBDC1nHwqxyerVs1P2cswniQg2et4koWWqF,asset,Giant Ghost // One,Griff,image/jpeg
QmUmDUVT1EBDfAo5aae88pihcKPvDCmARUWP8NTPxQj4d8,metadata,Arrayán - 6/6 El Valle,Tierras Raras,
QmNRRSxuNpmZSJ3MKdnUTyLW3y1vb8LA8qrYW9Xbgmd1ya,asset,Arrayán - 6/6 El Valle,Tierras Raras,image/png
QmVoBP9RcU3m29aMp61V11Chn1wx6GckHGTtMi7DXzbAyR,metadata,Through the Jet Stream,AGoberg,
Qme3LAj8e9zVJLwdASn2Far6RoyZo5HYy5vSqpqXLi8Z58,asset,Through the Jet Stream,AGoberg,image/jpeg
Qmb5ZEnSmxqbqQ2YfEUQnHGkPzzu2zNPor2fpXDnzUre7h,metadata,The Bunny in Black + White,Hulki Okan Tabak,
QmQoGnJ98nkE5Sq3QLJstmVJnNCKWLctN5PetU96Ad3rF4,asset,The Bunny in Black + White,Hulki Okan Tabak,image/jpeg
QmVueCDCyZCHnTFNoBjEhW9cvtkd7dEJ2XnC9Ys4veUHgE,metadata,Intimate space,Barbara Bezina,
QmdQWiZKiA3sx2U9Ext5JUn61mSxShb1m645tgBKH5mig9,asset,Intimate space,Barbara Bezina,image/gif
QmRj3gBp9MZkQ3d9hctT3uxN1M51uXSJG3ty2UGuuCiF1T,metadata,Fish Loop Solo,somethingsavage,
QmaB4rebdtoN9RNmhG5tzCosy3HSmvq2tNkCpS56mtzysm,asset,Fish Loop Solo,somethingsavage,video/mp4
QmQsiV6SpHMFNsn1vqZfMxX94V8sQQT5Q3sB4q7e7j9GUm,asset,Fish Loop Solo,somethingsavage,video/mp4
QmWLreBVwZiYGaQbeJE9P1zfNaGMadmKzPx2UF1H2h4PvD,metadata,THE MESSAGE,yonFrula,
QmYvNhW9MPqpf1gXzTrySozLCBX83oNvNdQtf7cyxTqi5R,asset,THE MESSAGE,yonFrula,image/jpeg
QmQ4ibKk1bsEZu2NedTG5aRhJiqX3PdE2msrc96ScTJXCw,metadata,Consciousness and Mother Nature,midwestmisfit,
QmexyfrbdBMUGq48bFBSrZQ22w9T8L6CpCAdUSwyBcrwKd,asset,Consciousness and Mother Nature,midwestmisfit,image/png
QmPUae165DmXR7io1bpxp3zmNYTZU2YZMRMFjoDVpoQRAc,metadata,Coffee,jason04,
QmXtNAaeiYo66c7SpERff1bh7c6CLTfz5hXmUk2Rqvdnyt,asset,Coffee,jason04,image/png
Qmf7mfxihnZv3xrk6DshHgjhzrTPTLSpwt5BaAovBXBzq7,metadata,Booze Cruise on the River Styx,Sean Mick,
QmeMCxrs2fCqbZEwKSt1JhMHoVzc4dD5TV7uprLNP36jJd,asset,Booze Cruise on the River Styx,Sean Mick,video/mp4
QmNwSe65ioGQE2GCahcWNwUvv4SoD85g6xdRkS6qX3d7d4,asset,Booze Cruise on the River Styx,Sean Mick,video/mp4
QmWNVaa4nRWKNRADgTtvQ9s7hWcb2R42ZGNrezeYRzgex3,metadata,Rider on the Storm,lulu xXX,
QmZKss8XmaQeJjphsuAwNARUUbPVh2Nr46UxheW2uz1k8j,asset,Rider on the Storm,lulu xXX,image/gif
QmUeg47XgXEwDycJpnong4Gf3qASjwaP71h4CYn91GukTk,metadata,A Study in Sensuality: Part 5 (Samuel),DaniellaDoodle,
QmQ7B9K3b7nd23XK8LHYDZpgDSqtibDLoU4pYHhrNmrXX3,asset,A Study in Sensuality: Part 5 (Samuel),DaniellaDoodle,image/jpeg
QmXXB2Rz45nGh9MZM8kJN8NMQh7bAZsBABYavXiT11MbLs,metadata,syst3m,Onyro,
QmaEokKB8HPkgf71SwHuMUbYkBsJGqMLTcLdUwJeF5nqsq,asset,syst3m,Onyro,image/jpeg
QmWxGmhJnxiN3bgPCR1pGRw5mPzmvBfEc1HWUnXs2apDQk,metadata,$20K No.779720208,Tom Badley,
QmRX9CaJ3aHBLiZojfi7Yd2JbABcNtE56Kq3TKpSLN2Yo7,asset,$20K No.779720208,Tom Badley,image/gif
QmTABG1RNfkhgnG7gfZTb7uQYLmXwTcUUVG5wQ9b5GQL7H,metadata,Nightmare From Hell,Cryptoisdope,
QmNvwoPvvuhjCiNGGQpDrrfMCQK1uGQb7wKVAx6s4Qa8JK,asset,Nightmare From Hell,Cryptoisdope,video/mp4
QmWHjrUmjg5K3rgGDNT89cBVBUJHrM1CykDG6uHL7w4aTt,asset,Nightmare From Hell,Cryptoisdope,video/mp4
QmepZPBnnb5DDDkJakn8Z5JXcPrASyWw284meyrWTzcuzj,metadata,Stay at Home series - Don't Panic Buy!,yuwa23,
QmVDuHEyvN4AcMhmTLkeivNsEFJwbCeoxX4ycC5JDZf6Ap,asset,Stay at Home series - Don't Panic Buy!,yuwa23,image/png
QmR8ktcJww1fFuK5mFwDK6CKmyf4i6yVrht4tyyPDf7Zax,metadata,Otis red thing,wblut,
QmUma5JzQ35ibQyxSz3bGFD7q5RYjsgntXUzEg539kCWDf,asset,Otis red thing,wblut,video/mp4
QmNSSiCKUuidDpwjAh1rBKeNqY6vLXMx9GbGmLvmQ8arFV,asset,Otis red thing,wblut,video/mp4
Qmf2iwsYtJFrewtuLPfJcFFNmJMakySSQeSXntjQE2HNrm,metadata,The Bandit,clarupan,
QmTSmZ3RieRkWcpy9xzVidrFGoUghpR7c69uakUVnnhisB,asset,The Bandit,clarupan,video/mp4
QmdWMos2DsAC2ryPTcdvWKEqGFtzQScbDiBZfuWNWVQiVP,asset,The Bandit,clarupan,video/mp4
QmWKpdFbsDR7gHMTVRVJWtoBohszU5eumEp8iUBCaPdHCG,metadata,My scars burn through my skin,cechk,
QmTSbS6k39TQLKMSLDauNwgnwhRiSPgqKeCgsug5zpn4ng,asset,My scars burn through my skin,cechk,video/mp4
QmSniE22gX3Siy9AhzoSUwZmm2F73BxWf7bAnAL8r8FMz9,asset,My scars burn through my skin,cechk,video/mp4
QmejpiNSvwhA4Hn3dcXm1f5ywqoQVVFwZQj3sPUihcNW5p,metadata,Ξ Moon,MightyMoose,
Qma3zNkuxaSfGg3Rgb8WeJj4knHhGphsdRAZjQU3qDRDzF,asset,Ξ Moon,MightyMoose,image/gif
QmRkENMuN29vCShEPCgtcMEvev2Kj6TP18YK9fRQ9CJ91Q,metadata,Ninth,stephentompkins,
QmNr8BWmCpWzKjDy4qsmhTDrPpsCrhbzMpYWQ7VcPEgvpK,asset,Ninth,stephentompkins,image/jpeg
QmSBQyHvYKTp3j79xSvUbXfycDS55kTZBS5ALzyujCewnR,metadata,Between Eternities,DKleine,
QmQrkL3a2XsRbgPPhh27injxmJEUScmYVTNS9ENmFK8jVj,asset,Between Eternities,DKleine,image/gif
QmcLqXu8c97owD4JQkvVabvmfd6fyzCYygrkTgTL7StKQa,metadata,''ριzzαвσяσυѕ two0two0'',yusaymon,
Qmb6798GrhFFibrHZJmrPXgBXgetjmS4WnR4j47pdQ2Skn,asset,''ριzzαвσяσυѕ two0two0'',yusaymon,image/jpeg
QmVpLGVTPsYJhLEczf6XnH5fDVabD6R5WrLWtYUe3oxV9x,metadata,System Error: Can't move on,Cyber Shakti,
QmRukgd1csfxVC59AHfjAyMEyMzMvB2mbojJQj6ErZaoHQ,asset,System Error: Can't move on,Cyber Shakti,image/jpeg
QmQw3gfb7EcsNTSWoKEX4UMW2NosVtThdiBtkqmBC8vLrB,metadata,baby show me your curves,Max Osiris,
QmSURHNXRQkxvLTpyXmqJJFAJiWvFqrSxEiowsmTqWi3wA,asset,baby show me your curves,Max Osiris,image/jpeg
QmVjaKR9zarwi3B8QTA58iJ9gaGcfjPWs9GJmeAgWH8E5z,metadata,Crown,tymmesyde,
QmXRWQ3gu22TpCRq9qBc1wfLCjRP9zBRRNRXfH8SYq42Qp,asset,Crown,tymmesyde,image/jpeg
QmYi85gzDH8Taz4gq1N8FJUV15rJXqs7vTmpMWdZFepjBG,metadata,Pumpkin slide,miguelgarest,
QmUa82XnoicALRtwyro9aW4j9Wqa3sietRqtLob3ifQG6d,asset,Pumpkin slide,miguelgarest,image/gif
QmeNPQChHzn8jXFebHVuvb19DgLfzzAFPwz8WZnZ3cbdzf,metadata,Burst Forth,Stu Ballinger,
QmTKP37ijX3SnX2oA7tHcQ3R544m1sRzQigZhBCeVx7t32,asset,Burst Forth,Stu Ballinger,image/jpeg
QmZARGbaoVnAE4cnUod5D2d3pqs2xfrZybrJ23RmikoNgR,metadata,Yellow Brick Road to Serfdom,Johnny Dollar,
QmdQEHXE1LnsrHL724QcJHFHBxSaGvJj55gFKavUUBtBhF,asset,Yellow Brick Road to Serfdom,Johnny Dollar,image/jpeg
QmdCFBA17hFw5gaEp9NvhZe6EKHKcthiREPoWx1476iWvJ,metadata,cyborg_warhol_factory_print_02,sgtslaughtermelon,
Qmf6MDKYMRNZuuR9Mz3UZVhtbMXqcxyxx9pKhVk6LsPvcX,asset,cyborg_warhol_factory_print_02,sgtslaughtermelon,image/gif
QmWzzaSy4tdr6ifutqW6jX14sLKvthjE7jEF37BATm441G,metadata,Venomous,Complete,
QmS7hjdL2geiF4UsJ8e7kpAZYdjrSYdKoHb8zymsLcNodP,asset,Venomous,Complete,image/jpeg
QmYd44krYTZ5v3szT7mc3sRHZczzcv4TxV8GZ8ZTf1EE91,metadata,Clean Up,Angie Taylor,
QmUJydxuCB95jpdq8rS93oCbWhPQe741zBi3NNi4T9brx6,asset,Clean Up,Angie Taylor,image/png
QmYauqR6N4s74vCLu3SrQstAuA81qMMG4NJg8ZRfsLwrCN,metadata,DDF-3TC,obxium,
QmTtWUrqX3XWmQ3nraFs6YRWUW9vNRHN5eG1KH1tBj6fBZ,asset,DDF-3TC,obxium,image/png
Qmbxp2ffxBDrjdaDRZStNKB4PDYnsczRzixnReEmB5BYe9,metadata,Oni Mask #3,Zakalwe-x,
QmWqxaeEjtioShD1wX7zmVFwmQPuFG6n88QCvVTu8o11jZ,asset,Oni Mask #3,Zakalwe-x,image/gif
QmUioND5Shmb51xpmAMqKFrfBvP4SaXc9g66VTLWjP3WoJ,metadata,Hidden Affliction,karan4d,
QmX7EzuUEGKY8gbK49YT2SN23FAGEhGvbNEjSNeAC87NC8,asset,Hidden Affliction,karan4d,image/png
Qmadm2e3pFjnKb3WKqi9DyFyTFp97oPL6HZ1XiQwxeXdNS,metadata,There and Not There,0000,
QmeFgqHvrMb7uY1HqESna5eKX5fQeDP6JWpsRPyzbzsNQ6,asset,There and Not There,0000,image/gif
QmRNCwQY85TfyPoLTidNdiJQPXcUYCEVR7hA5curkRPPti,metadata,Bad Actor,colourservice,
QmdWHXM8jK5UoHdqT2EAsbEZvZP4N5AnCHpWD1twWkko7Y,asset,Bad Actor,colourservice,image/gif
QmVkLdS4TMjiZJ2o1mwi39fWXEjzeTSFNtStfcoeggkhLL,metadata,Summer,Kozachok,
Qmc4EhstWz7UrV7KLuPtea9y9rqDGvCRomqpP2oMDAEaFk,asset,Summer,Kozachok,image/png
QmbnRrwi43rFeLiRuxtpUStfNaoCR52EFnY63zfGsXtrrw,metadata,When the soul looks to the sky,Disturbug,
QmVy8SGxFNnrMSEAMcoYcnWDm8vidCY6NFjgja1deFagCj,asset,When the soul looks to the sky,Disturbug,image/png
QmQqL4UmNwC9QWkzspMMiq2wzkDihsQAGa4Vnrx1W6r7Ua,metadata,Rito a Los Angles,Ferran Corral,
Qmb6EsBYHLExgPYQqMhxcDm6FCtZbAPvA9sk7YnzomByAe,asset,Rito a Los Angles,Ferran Corral,image/png
QmV7NAAaTEFSDu1oqNQ4ssY3gWdwFTkXtpqC6MzzpaJE6E,metadata,The Glamour 201202,wblut,
Qmdqou9956cjHLPCH67UMLkAuCibFYToFoZKUpFBK33T3B,asset,The Glamour 201202,wblut,video/mp4
QmR5QMTyhbGvkwrpFAXiCXkv8X6yFBZKmFpP3wxKzG825S,asset,The Glamour 201202,wblut,video/mp4
QmS5HZ1Xp23Z5nvoQbJ2uHqPABeL77ScrvBSapyCGXA1pU,metadata,New Dawn _ Black&White,Sugar Club,
QmeArYLigEDv9hr5ZGFXPwYdcZLkwcvx38oxA65mcThpkc,asset,New Dawn _ Black&White,Sugar Club,image/png
QmTyzT41e6vsRi1LPLEoyNVGWMKJZncKKK6z6xVcMgNRUQ,metadata,REKT,Vansdesign,
QmNVnEnVusYR23isVATFD4VtCgGfgSzsT6Lz7CG9f4NXvY,asset,REKT,Vansdesign,video/mp4
QmV28qSxrMF449z9c3HMQx9ZCkutS18dV4iLDLDghaJ8jq,asset,REKT,Vansdesign,video/mp4
QmegXcoiVCgmjDSAG36m48vzWTH2tJdEqWfuGGmWQ9PaAo,metadata,Giant Ghost // Two / [Dawn Giant],Griff,
QmVS54NX95zxy9mc1Lx9SbNqMSzTHNGNbiSVuJwVTtTLDN,asset,Giant Ghost // Two / [Dawn Giant],Griff,image/jpeg
QmdaMRpoPTb88wGCDQkgHXw1pSt1CQN7YXobky9SMAiAG4,metadata,Clod 319: Winter season,Fabiano,
QmPraKd922gdxXp3qtxqpt6QFSz1ujc7a3XxM9Dtd2DKpb,asset,Clod 319: Winter season,Fabiano,image/gif
QmTW8zimzHqopDWyMx3YAq2guk2sQdXqvoLouYyGLU6ko1,metadata,Man with red hat,Paolo Leone,
QmW5epkmWmFvCts4yT8EVWFbYDW1PojRe8JJ6CSM3hpEqf,asset,Man with red hat,Paolo Leone,image/gif
QmTm3MwDCX3kcwKwpc8RyRP7VoEPcZJUj34GncGegJGsU5,metadata,Cruda,Daira,
QmV4NnZ38n9iffUYkxe7TRiXWYwtGpMozWSVt4FJCbTMRC,asset,Cruda,Daira,image/png
QmWCWwj4cWnLXQ3etvoetUjnY4LFyAU31xeyYm1r83vKr6,metadata,Let's Go!,craigers,
QmdSpokFeAA4oTUAvjVdzMt8xJX2xgLvR7juKKKqwbgnTV,asset,Let's Go!,craigers,image/gif
QmNPXBGCthHTS3pL3tjc94a5ABjLhz3eeF9Y4rV1MkSC7b,metadata,Mmmiami Essence,Alina Loseva,
QmUqb4DyCbstCR2m5fTFX5Cn6DzDzLUvFY8GLLis3HV4pK,asset,Mmmiami Essence,Alina Loseva,image/jpeg
QmUt1AivJpzv2yXCWZupREm5i1QkHhsU4rAuz4RtwQ3Mfm,metadata,Wave Of Thoughts,hairofmedusa,
QmcxJLKpCzfBLYAHrNawsPEwY1yQ8ogHuKrpYm8cis7uZ5,asset,Wave Of Thoughts,hairofmedusa,video/mp4
QmTGSLtVioQA39LdHGTVngQKKiKbygQeits3QWqTUj897c,asset,Wave Of Thoughts,hairofmedusa,video/mp4
QmTrS5ZV41chCttXBoixK4AD7CHSvP843yHpGuMcD4r9cT,metadata,SANTA PANCIA - holy belly,Serste,
QmSNDANKDtzTdGE1NcZ33d4kEjXpwFr7jLST36w8PzmLiJ,asset,SANTA PANCIA - holy belly,Serste,image/gif
QmX6ixpZ4pZWACPZZm6Djifuf7mpA2JWgPXeVfE4xL1VRf,metadata,i_can_feel_it_coming,sgtslaughtermelon,
QmcbT5kFeujr456dZ4odgY9XxSY7hMxtrdnKFsmfBjHg2o,asset,i_can_feel_it_coming,sgtslaughtermelon,image/png
QmVwc8ohs94nEQHUiznsEz2g2kBcjMRSLXRciPh1zustdJ,metadata,Scream,Complete,
QmfWjvLQkPmMidoNyFTYczWTduoxPT3cuocKATKVh6buBk,asset,Scream,Complete,image/gif
QmQ5cddVGbuCbwh2St6SmnDorVMH6zXDSzN1URkJ3s5hsC,metadata,BøyWW ith9Vns,CIVIT,
QmQkFVCaDEDFQA3GQEsyEAa6qehsjEnc4vaz3y2cYwks7n,asset,BøyWW ith9Vns,CIVIT,video/mp4
QmddgttQ5YowRUv529akXjkL8AyPwTeKsWsNuyWkbNdB6Q,asset,BøyWW ith9Vns,CIVIT,video/mp4
QmUzDSg21cXifD3qtm7sPMwTbJLt9dW3HKjVBqUeGrw1Qf,metadata,Two Sides,null,
QmNvDtMEN2DSjksswgN28k1t1oNq5s3jqPVXP6oCPeVZPJ,asset,Two Sides,null,image/jpeg
QmZRwq8ygB5x1cNguSqNCfxeyyMehDz4USqnek6bYqskDD,metadata,I DON’T KNOW. LOOK AT IT. - I,ericaofanderson,
QmQVPTPv2T1fnE1bLy2gic6RWjDvo4T3UKJeqzjggaHixT,asset,I DON’T KNOW. LOOK AT IT. - I,ericaofanderson,video/mp4
QmXUGr4b6Rs2zzjdvbvsUJ7KRR4W5EiSD2ZQALezZ6pxDx,asset,I DON’T KNOW. LOOK AT IT. - I,ericaofanderson,video/mp4
QmWSLquS2HHoYSmw724V7VK3ir2ahXTT1Aqfopw2B6RR9Q,metadata,The Last Pitch,Boreal,
QmU3C3QLeowTQ7UBn4AfKg3BEqu3WffBPJ7gb7p5yUHR8m,asset,The Last Pitch,Boreal,image/png
QmdtNAvoDNqxoA76fzf3LJWJ8adnTZ8LnyvK2sxbrnWCwv,metadata,SkullDancers,Lawrence Lee,
QmSqifG3wgVofj5PUGiE2CJyaJjBJicVsr7W5f2Zk3mZJq,asset,SkullDancers,Lawrence Lee,image/jpeg
QmV4A4rqo6UbZWj5Xxwq6mNuBKk2t6yAxG4hdFarWfU7ha,metadata,Hard Bunny Still Life,Hulki Okan Tabak,
QmbjjDXzJgRFBY22NPvM21ai36pUXdapTPnWgcjaraTzks,asset,Hard Bunny Still Life,Hulki Okan Tabak,image/jpeg
QmQtccAkbhWXSQfHnVvtkHej74orBUgnuxKb9S6juA9FRX,metadata,In the Depths of Your Soul,json,
QmP3NP5yYpYpSGpjAFN87qxL5ydbbnC6ci5XUaxT7smcMJ,asset,In the Depths of Your Soul,json,image/png
Qmbkchnh8tumuaQxMHjS8dCPrrEu3CU7j7nhLn9VkCarS5,metadata,DDF-3LV,obxium,
QmcvCv9CACryKjeS7XmVzRp5fovGiAo3GJnMv4o8quku8q,asset,DDF-3LV,obxium,image/png
QmU3aJfLPmvgzqTG4YpNNKuH9pCGD3kvf4fhfFeMkzoWsS,metadata,GENESIS 2.0,AFTERFUTURE,
QmfYSqmyXWEvcMh61ZuJii8SCWRcUe5DBTdUzTzdAUBRoM,asset,GENESIS 2.0,AFTERFUTURE,image/png
QmeyQLDfiaVmRQ42rg5fbdtsPwmajvw2H1JufCZ6yv38Zq,metadata,Cloud 0016,cano,
QmTyeRCsn63wDYfwH338H7bX7fRKJMWyWXhtyc88CHhpQm,asset,Cloud 0016,cano,image/jpeg
QmSKGMnrCysvHEfP6tHvaA2NYfuH869HaywctSU1WTcJi7,metadata,Dissociated Feelings,Complete,
QmeAstsWRn93VjRBJHcK9c5MLdx6U2GQ8ZDJCVXzyDYFqq,asset,Dissociated Feelings,Complete,image/gif
QmNsqyGHSDTNNNYA1VNsBiDH4uD5e7mape93LvxeiqGeTD,metadata,ETH 2.0 rotr,ZED,
QmbWntxqpmjGHmUBfyEb7v1DJPGJhYTfXX61xtqBH8qDbj,asset,ETH 2.0 rotr,ZED,image/jpeg
QmP4wccBWugNaNh3u1sd1PPV17uZpd8p6vGdcBH2JL9z4G,metadata,Orange Summer,lobatusgigas,
QmUMpHf5fB6Z56rGGAHUDzKBmvxxnqFD8XjSzh1kQN6HtD,asset,Orange Summer,lobatusgigas,image/png
QmYCgmG4HqbtAsR996zFGf1zg8PytNUcX6CZwXHHUACXYH,metadata,Bitcoin,Norma Xelda Jara,
QmNXv5YE39HEzAKeCfHAEtsdLsbW21znyZHYrurX5o3Mzg,asset,Bitcoin,Norma Xelda Jara,image/gif
QmR2Xd29CxpEntBgvEpwNu9w7w2XSEBCEjz82cE64hW2mQ,metadata,[Get in Lo$er],WizardX,
QmajPsJfHKdwRGN4HNJ8eaSc9LfY6KXVE3BeV7YvyijPTM,asset,[Get in Lo$er],WizardX,image/gif
QmcvbMavg11FLbRBUZzqoEcEDeyb42CwE4YjWeyRqVXb62,metadata,Spare Time,Zach Murray,
QmcCiFhqUxqcJTHVzoixBEMKCzeZn6mSMUNnS8fHFympgq,asset,Spare Time,Zach Murray,image/jpeg
QmeUd2KsVfDbW3eEijN8mJP6um5b3Hc4aJwGY1v5hNrqvx,metadata,Ana,Boreal,
QmV88YfuJnkv6xJ3zSbxm6hcrth2X1qXBhBfR7hLSUABMM,asset,Ana,Boreal,image/png
QmWtQjc1ZWpQ6qoPxMBMjxZFKj3GQErqJyuxL9sNZ4jB4c,metadata,Growth,AGoberg,
QmausGabD74PFuP2bVUACF5XJ9Gv9sLk7fkGWNdEQETJKN,asset,Growth,AGoberg,image/jpeg
QmU6FHfiwHHnupSHfUYetqDLKohYx6W2CAnEWRo6nZA5eM,metadata,omega,Arti,
QmRf1AXwRwxkMUXmWXUXBHXAS8yAnrDibqCHbPJtAHd92M,asset,omega,Arti,video/mp4
QmefNPSQAaMhEfmWctv934gf1bZDrwuXRW6WTsoFqop863,asset,omega,Arti,video/mp4
QmSaTf7Df1g7BXDEohZ3ucTsJnJ7LutSNRjBzTUi4tDUfP,metadata,An Intangible World / Moment_01,joshachaplin,
QmRb5i7pVt4bzFXPjfdowxLKDSPLvkhgavZ5YRDonHsdAB,asset,An Intangible World / Moment_01,joshachaplin,image/jpeg
QmU7yyZF4DtQYmMCAZaS5gi9qQnQyotATAVSi5vPnpvpSB,metadata,Noshado,cristofcristof,
QmRodYYtCw4akvUc4y2SNUgKheZU6Masnh4YmDyRqvWDgK,asset,Noshado,cristofcristof,image/gif
Qmf7xvkzFVjSSdJZEFdvM2yf8RrBtUArMQhdGyWxDvoHGS,metadata,Art soldier,Louis16art,
QmXAe75phrp3frDx93BMMUAXWiQYjuuLi99WLegYPNVLd4,asset,Art soldier,Louis16art,image/png
QmZBMJoGximtxh9XpAx16MBtJoU1T9iBFR3aFu88Z5zheC,metadata,La mano de dios,Ferran Corral,
QmcXqqhvK2tA8Fov2nrtAVPqKT1qYWYKcsfZrJ82ao6Xrb,asset,La mano de dios,Ferran Corral,image/png
QmaPfhVJkCQVge6GRv12wHXPcUuiUCGNTHTdjc6EC3pGXG,metadata,Cloud 0017,cano,
QmZXShTvdJjXou386nos4n5VrKimeJnrqrpxzNcnTwTMXJ,asset,Cloud 0017,cano,image/jpeg
QmQQr6XB23ez2wuiE2QxhD92X73NfJ6gaGLPwMaETF2zQX,metadata,Fallout Trooper,Zakalwe-x,
QmVcStZAxeRtC8VxNCNkkFRAVGMqX873ut23jXEKnFzoKg,asset,Fallout Trooper,Zakalwe-x,image/jpeg
Qmdq3QcLMS9WFPqd8rynL2ebv1J5kuRL6aKWvgY5FedCZz,metadata,Abstract Art, composition of December 6,  2020.
QmWvBR3UZvjEvaLc7xTvMxhX8uVjSPxPhihmemeK2w2RXj,asset,Abstract Art, composition of December 6,  2020.
QmURkFjfFz7NUdx6ZHaxbEt2T3U7jS7C4uE3KCQzKpC485,metadata,No Brand Imitation Ether Soup,AnonymousNobody,
QmZxzW34tvdAiFCNGPh7NsJwp33dVzHV4LTUmKuwsPr464,asset,No Brand Imitation Ether Soup,AnonymousNobody,image/gif
QmYgsv7aikLotLziNbQjMYXyP6p7MNxFBfdUJvQtrsMKfg,metadata,Infinite Skull 8 (Egg Nubula),stephentompkins,
QmXU7KirZNZ6GS2raFc2QhtmB1jTAoq9puVySouFKa2r5f,asset,Infinite Skull 8 (Egg Nubula),stephentompkins,image/jpeg
QmbeZ1g1UaSzAgmHJRczzLRpZzKuKKjqvmTZsbWpchsZQ5,metadata,I DON’T KNOW. LOOK AT IT. - III,ericaofanderson,
Qmaeg2i9VzDUxJE5EaANm53cD9YF15Ame1FLfmDMoCZwAd,asset,I DON’T KNOW. LOOK AT IT. - III,ericaofanderson,video/mp4
QmemHvFvxNhvRcuZ6sBxCRvPzXuogw7MzEkNDW5tVZQwwH,asset,I DON’T KNOW. LOOK AT IT. - III,ericaofanderson,video/mp4
QmeQtMxvKd2q4ejqSKbcLwFW6G2y4TWSHHkpp1RUHVxb7m,metadata,Sometimes I'm happy, sometimes I'm sad.,JonBurgerman
QmWfni5xexLLHUgH1Sqagh8b9iV6tb3AYDuvZSVGgHq19R,asset,Sometimes I'm happy, sometimes I'm sad.,JonBurgerman
QmQm3TdhECmPeZWheCj2X7JYauj6WQig1rznj6dVqPoYCB,asset,Sometimes I'm happy, sometimes I'm sad.,JonBurgerman
QmVuAAtSNbkHPcGJVxZocyf78QWVu3qPESgo1RKqSYpbdv,metadata,Eyes stuck,Zfn Jozfin,
QmfYB4GT22f4jvbV72bmCXTQwDMWMWwULwpvt3Ytr8L4uK,asset,Eyes stuck,Zfn Jozfin,image/png
QmTwFYz5hm1RNAnQPwqU8961cWTSBh5G1FSXhUbz9pGnzJ,metadata,Glitch Makes (Breaks) the Rules for the Horned One: 🐳🐳🐘 🐘🐳🐘🐘 🐘🐘 🐳 🐳🐘🐳🐘 🐘🐘🐘🐘!!!,Hulki Okan Tabak,
QmZnSG5b6W6hHVF4YZsT4BBKu7EptzsBHBgMboGBXURyjy,asset,Glitch Makes (Breaks) the Rules for the Horned One: 🐳🐳🐘 🐘🐳🐘🐘 🐘🐘 🐳 🐳🐘🐳🐘 🐘🐘🐘🐘!!!,Hulki Okan Tabak,image/gif
QmRAo6XYSEcULoT8LMHEiV7ZWskA9G9y82q6vo9oJ7x5Ay,metadata,pray,Arti,
QmfRM8NsgwmMn1q71PZK4FoK5ZK2aJHT4WVLiZnkDVqGPZ,asset,pray,Arti,image/jpeg
QmY81WSb94dt2BsHqeQwuVUAmd9PeijunLEjswoPttimdo,metadata,Manifold Personas,Json,
QmR7hfEHhrJjQ7bjo4YLPhPcZnxp2HdjoRQyisFPY3DeBn,asset,Manifold Personas,Json,image/gif
QmcCyfgSBC3tB39TXbZdqR4xKcyV5isnuh7yoHzizctSMC,metadata,Binary Master,fesq,
QmXEqhDbgZzFMoAWN6GjWWpYsPQmLFaitdk59h474qKB29,asset,Binary Master,fesq,image/png
QmQ6EhAT7JwVGqqNr6swiywWg1yVorbFBnucCWM5katGpa,metadata,The Universe Within,EceDiler,
QmWYZ9gLybDddegbJb9ntG7HdXiEnMpLxLH5dYCuaHpzwc,asset,The Universe Within,EceDiler,image/jpeg
QmRZMqZv2SDD6R7iPpmNj7fW6HLij49iiBEb33mN96RxE5,metadata,The forest,idflood,
QmaFUvKVVhMrEBzZijyEbCVitj1nUW4rySuTWVqqJNcsUF,asset,The forest,idflood,image/jpeg
QmcmDsZhxgqBH8uCUjx9ieh7SZecv2EckuqdV9KcTYkEj8,metadata,El Genio del fútbol mundial,Beckermatic,
QmQQj9XbtAqXEVMouYH9hBgh9tqRZgdqbtC9iEw71kJrCK,asset,El Genio del fútbol mundial,Beckermatic,image/gif
QmNdEY6T4P8vmU5rnuZH7CQbH9zPotqsYV8yRDF15sACW1,metadata,PØRNHVBB,CIVIT,
QmViBSkeJpkf4SdLUPaRb3ioTpyj6V14r8V3T7Ec2RuHWw,asset,PØRNHVBB,CIVIT,video/mp4
QmWrJN4jNrbbFbcDSh4VyGiztnkkjvnXV3UPqL4QzzbjRi,asset,PØRNHVBB,CIVIT,video/mp4
Qmdi38dh63vDNh8Xw8JoE2yaaWKytenHat1tihe6cFbLBZ,metadata,!Break The Wall!,Jwawi,
QmZr97zLocGZYiVJsoNV6zUNcBifYBzfF8yA4YrsrtireT,asset,!Break The Wall!,Jwawi,image/gif
QmaJZY6eTMNiQQuVYR8XcBFV5BPAjLWMpnTjFcFcBWJMko,metadata,Everything Will Turn Out Fine,Richard Rosa,
QmYHwWxaaFheiVVqLWQyPe6cjaJviRiqZh69B6yZiPW5EZ,asset,Everything Will Turn Out Fine,Richard Rosa,image/gif
QmWJhnAZR4uE61x9HonukVRUd5uhPitpvf21S9qSJJSjs3,metadata,Overthinking,Complete,
QmYdvBjYEMtiTdXbLH894pPaDmgqzgtBb5RA5Anqz3CjdF,asset,Overthinking,Complete,image/gif
QmfYNeLFGL1KvBEDXFx7VMQ4TfsTod27kAHMUKHeB7AD82,metadata,I DON’T KNOW. LOOK AT IT. - IV,ericaofanderson,
QmVLLzMr2VYVi3bNpFP4UzHQuM4rBe6atddFEwm7qaiv1j,asset,I DON’T KNOW. LOOK AT IT. - IV,ericaofanderson,video/mp4
QmULeQwq1UqqDkP6NYpoXBhtfoJNjf63kjFgGNadiCQZo5,asset,I DON’T KNOW. LOOK AT IT. - IV,ericaofanderson,video/mp4
QmNsAUyYgK5Vy6EVTib1UDWKqyG1ESwofoAQ3PALx85fVQ,metadata,Incrementum In Morte,M0D,
QmWF3uwCkumFHa5HdXYwFBy6kkni4p2s1trv6AwyskrHiJ,asset,Incrementum In Morte,M0D,image/png
QmbvgZXZpjgBwPxgpi4veFqyNBFEvmSYMAaLsnczoHiTAT,metadata,together,Onyro,
QmaAbjXBeiyynhRBJaywuggYWQfALT2Ry6GvoaASobbLGE,asset,together,Onyro,image/jpeg
QmeZcdLtxXSXF1LH92i6cz3zTbrmQDddw6eyjFfsKnPraQ,metadata,Out of Control in a Normal Manner During a Dark Night in a Bar,Hulki Okan Tabak,
QmbNd1v1E2nSuxNqNUkkYCgLskBZao4XTT7p7gfyHRtT7S,asset,Out of Control in a Normal Manner During a Dark Night in a Bar,Hulki Okan Tabak,image/gif
QmPrQcDJ3V8QsDCDNPgoWfGbGQFGRjgYEq4t5dPmz2zMby,metadata,Neon Touch : Stay,Glitch in the mARTix,
QmYBt8H2stsYMSoFprvL8pqxxvazvJbDU2FemiZf6hAZRx,asset,Neon Touch : Stay,Glitch in the mARTix,image/gif
QmNacwx1ixa1BRZSH7Pa6tDeq8TXPjnR2cZSd7fsZzjigx,metadata,Armada XII,Cryptoisdope,
QmWhSFx17gta3j5kxmFe9PtuJKSz7BdrbYwyAeb2fGZqhE,asset,Armada XII,Cryptoisdope,video/mp4
Qmavkyc4LZdQRKf1pyM3zhgTJrHAh4MHPoEfJXbXcfMojN,asset,Armada XII,Cryptoisdope,video/mp4
QmXCNeAaZxrk4fJgC8Xb8pud7kMmQppHFF4rZ63dncZYb1,metadata,Dark thoughts,Disturbug,
QmPzo5BjToTtNsJxzU3KJZvmEFcqTA8GVLLZhqyQa7X6eM,asset,Dark thoughts,Disturbug,image/png
QmTwPFwvNGxLUrvia482AAnZjmVFreWswEww41p8LjcERy,metadata,Rothkowitz 2.1,BlueKaribou,
QmZ8RpVGG7mksNrGmu1bzohucAvpdG7Rhn5744FH1JFPvB,asset,Rothkowitz 2.1,BlueKaribou,image/gif
QmbYkPnEhbSgt52tymGXYhyAojnATvAViL564GGxFtbRrf,metadata,Fernanda is blooming,Alejandra Herrera,
QmPaecD4mv2pBE2vbFo5EVaaEcCjCLb3n7JK9HcLAryTP2,asset,Fernanda is blooming,Alejandra Herrera,image/png
QmYHLKVnLTfrPnDoKVsGnRAdk5YzGxR372f6VQWqXdoDDL,metadata,Transmissions of Light - Nylon Borealis,GISEL X FLOREZ,
QmX5dJekuGzKGfYj4qnMBPAmpCEYt5NM5UBWnQQdm1E7qi,asset,Transmissions of Light - Nylon Borealis,GISEL X FLOREZ,image/jpeg
QmTbaCQTazpa1KzP85rZGVWouYDRqWsoBS2c94ycD9HGXM,metadata,THE FIRST ONE//,FVCKRENDER,
QmZ3HZ67fr8LKhXRwjGkDxYXpPgmfkbwfQXniHk6QNb85Y,asset,THE FIRST ONE//,FVCKRENDER,image/jpeg
QmbD4wqrbDrdTX6ofRjGAU7RYZZPhzhWsCNREkbFNJRcre,metadata,The Concussion,stephentompkins,
QmPdjvgyMdeMPcE1adgRPZRkBj8UpKXKv4vQ4UTELWuxFT,asset,The Concussion,stephentompkins,image/jpeg
QmbYpmUtE6nQRtVty6hfGSKYJQmp33i95uSkuC8VAQHrvK,metadata,Honey,AnonymousNobody,
QmbWzQjhgs7cnusfGyHThwoTV7qkoESUyXBdkd8SxCYNQR,asset,Honey,AnonymousNobody,image/gif
QmSpiLggzYB9CpRS59KrmHw93pC34Rg2PMyGyt39DpJhKB,metadata,Twice Out of Control,Hulki Okan Tabak,
QmXaFYcwUMp9Rs9pEeNKKwSvAkA6C4Yg2GVnhX3JhhvCLF,asset,Twice Out of Control,Hulki Okan Tabak,image/gif
QmXuPGShXUsx6UTV3i2b8r8KxfLmXDRcB8A7fLRrxXqYqF,metadata,We Fear too much,ClassyPaints,
QmbNWzfYvnSSzgkn2HsTLbGHGKdA2CFyhM1idFYdGH3fFj,asset,We Fear too much,ClassyPaints,image/jpeg
QmaxA3TyAiCtp1ntkvypZUo1Ae1YVnuhKLcYaopWjy8RXx,metadata,Broken,zuppaman,
QmTQ2njUzRCkeaZYsm1BMbFUKpeFUDwHpkZCPvDfcagQUY,asset,Broken,zuppaman,image/jpeg
QmWScmMPPTxdLyWBvmUjAUig68P9GgV6fnGBBTzFpaTcYz,metadata,Toy Dreams,Genuine Human Art,
Qmd72R1EFtn9LnhkYRayL7tX5K5dQH5qAVRDJ7G7eKsHw2,asset,Toy Dreams,Genuine Human Art,video/mp4
QmQ9WwqBXWR9i4GhDN1u3JARsXV9YQukMfBKEgpsssW5iL,asset,Toy Dreams,Genuine Human Art,video/mp4
QmReKrrkRCs4hS35ie5QLNoTof6TQ7SJEfiGmUVxMir9cK,metadata,Girl with an Ethereum Necklace,EceDiler,
QmYQsVhJkfkqP5HWNNaD69z3MPwLndYg71SrsyRexCwuFH,asset,Girl with an Ethereum Necklace,EceDiler,image/gif
Qmf4N1FSkGLLjEFmPSaxcYaT5aLgUpJmJFjQoVqWzwsCB7,metadata,קα𝓼ŜƗ𝔣lora Doll,yusaymon,
Qma75hPdnrWaWgtgv1wAyEmp6NRucHks7Yziat1bq1dcyC,asset,קα𝓼ŜƗ𝔣lora Doll,yusaymon,image/gif
QmPZ9SyspNbMqHqGkZGY1Yop3QwfnEioRNQjHs36CYVDCS,metadata,Nothing is Free,Complete,
QmTKagApvfpVZRDVrojJSi1bhRtNSdb6tJwSquzTPxLyUE,asset,Nothing is Free,Complete,image/jpeg
QmSi7uHZN7P5K3qUHuHjMrQaumn4zMxEzm7BQrtH2egVN8,metadata,David,Jopet Arias,
QmYRZJPhdSW7oBAtEo3DzH4FqpoQk2E1KNK6X1Yk2H7iFB,asset,David,Jopet Arias,image/gif
QmR354cRk8tavhR2BcpsEquEwaJmVXb9AEgco1ktBLCwsM,metadata,STRANGE IS THE NEW BEAUTIFUL,Voke,
Qmd34R3DzyWCf7LPvJLJbc5pwxz3zTLZpJ2LzMpRp7FbLB,asset,STRANGE IS THE NEW BEAUTIFUL,Voke,image/png
QmTtP7sV8tpeEtF22mFwLHxbCjPF49bfCeLPK74VDjGBHr,metadata,B-Side,buzzlightning,
QmdxatroVSdcXKLTWA7oun7UKwWySijSBYftGbjjzXspDE,asset,B-Side,buzzlightning,video/webm
QmYcLH8i4r5cMNuBrm8uwBJckq6orvehiSBbnkqq4vVwEs,asset,B-Side,buzzlightning,video/webm
QmRZqMU7185FEktCTYA4j6TkMS8e1ePKpWTGigdfG4GVr6,metadata,The Horned One Is Indeed The Dark One,Hulki Okan Tabak,
QmRYxHWpooxxvvjcr3nATZ2x9uYhcb1HdYRPtJvuFsoti3,asset,The Horned One Is Indeed The Dark One,Hulki Okan Tabak,image/gif
QmTd1YVDzkxMFoq8kcVZqcpy9vdY5vJiprVUEgHfo2TzjF,metadata,Just One Lick,MightyMoose,
QmNeAPSBVoqzAXf3Jn9BFAJWPDXhwpiAxgJNN22xyH29ez,asset,Just One Lick,MightyMoose,image/gif
QmVB77vDHWCLn6bwTRorY1B9AhpJCxc7yDCpfXjWaq14zo,metadata,The Statue of David,DaniellaDoodle,
QmYvwCpsFm2DkrtgU3PMC3rJxZQokveZ7ooTq6EgkrcmoN,asset,The Statue of David,DaniellaDoodle,image/png
QmbM5dBVFMqXhUC1ceTNftRPp6tigm8F6MT4u3Mq5Mp5fJ,metadata,I DON’T KNOW. LOOK AT IT. - VI,ericaofanderson,
QmZNkLkiM1v4xy57GgvtMveHpbwqhvR71YHvgwMsYKTcjX,asset,I DON’T KNOW. LOOK AT IT. - VI,ericaofanderson,video/mp4
QmW5xmQnB1eNj3KriJM67k3PExU8b68FcD2RPXeNjgv7NA,asset,I DON’T KNOW. LOOK AT IT. - VI,ericaofanderson,video/mp4
QmTjFdcpxF5issqLA8RtyuTrd49pavU883Wusi4jkk4Xna,metadata,RESTART,AlekseyYalovega,
QmTFZo376xow2UgwJFehzhYnQ3rkHdyErNoxnwYP745MAM,asset,RESTART,AlekseyYalovega,image/gif
QmXuZhRZNGs1jwjTtmdStoyrVM6bu2m5aZWustJSyhpmZw,metadata,A Time To Rebel,Bard Ionson,
QmQ6zp9uXUAZgT2Fhwfs9tDwRwMV2qhTCn9Y8CyjnJHGC6,asset,A Time To Rebel,Bard Ionson,video/mp4
QmbQp4rqXxRGGe7KU862Q1SmAASL5eQJSMBukp5HF3gmVp,asset,A Time To Rebel,Bard Ionson,video/mp4
QmWwkZQtqqTi1BEc3yXbasB4BCFVFfsnzPyb9RoVuDsFqB,metadata,Benzaiten and her messenger,craigers,
QmRiVHr3xknMRPmJkCWF66LMnS5wWdMCNCoJD48TMR4TW1,asset,Benzaiten and her messenger,craigers,image/gif
QmYQnDQdQC4VqU24BA8dnJMkFyS6aMB4e5ks4LPohVLBzV,metadata,sega_sibyl_prophecy_09,sgtslaughtermelon,
QmX2UFS9J3mKykp8jLGHmGJnkGHSCwssxtzbbPDQmsTq3C,asset,sega_sibyl_prophecy_09,sgtslaughtermelon,image/png
QmRtsvcNq8vj1LpcbKCyg2esQ8BCiHCkFgSmEDnqPa6Sce,metadata,Those Days and Nights will Soon be Gone,Json,
QmQiPNUTt7afnbmNhNAGXjtmUXQiBNBZUjZnZcwMim43ZX,asset,Those Days and Nights will Soon be Gone,Json,image/gif
QmXPJK859dRxQJRVK35PeSM7cA6uofgsQZHBcxXxx94D77,metadata,INTRODUCED EST MAGICAE,leeaux,
QmNT8ZZZ9Wt1dq11RZDoJXKZ4pKFgJJZiSR8NcqEFbLDK6,asset,INTRODUCED EST MAGICAE,leeaux,image/png
QmNbrBCm8BkpRaxsxUaaEqDVqiSbsY2N1WxEyTfUxDs7xu,metadata,Black Hat / Zero-day (Director's Cut),SloppyJ44,
QmPtAqjtughzeQcJoxtiK9HNMKBPyU3wTjp1sCnq8mJ5oJ,asset,Black Hat / Zero-day (Director's Cut),SloppyJ44,video/mp4
QmUru5BhhTLgtLTwdyYKmpHjngPcYGAmZzergJBJok2Tyz,asset,Black Hat / Zero-day (Director's Cut),SloppyJ44,video/mp4
Qmc6sHK8NDnk7JL6trFwwwR7AyXEPvkwCnTN6ZaMF6jCbo,metadata,Glory days,Cyber Shakti,
QmQnxpkRfkB9ctxybKjsuvYEYNjYwnET81SRVKFS9zqLpW,asset,Glory days,Cyber Shakti,image/jpeg
QmRj5XTcgVMV45zF4yNTwrkdq1wqvyWZmMvere5HwUyp3y,metadata,Mural time lapse,Stelcart,
QmcpDxzXC3ENkoKjXh5ppzEtETAWD1izcVq2Ju1BzkyrzL,asset,Mural time lapse,Stelcart,video/mp4
QmQ36oJhPyF9SUiJy7Up12RdqYSipij74gS2UWW8hS9DVg,asset,Mural time lapse,Stelcart,video/mp4
QmZbYFfxtYhzxMd2jKuFshM2vZyXBTgU9rN8MTJS9sdTxb,metadata,Night Of The Vampires,AnonymousNobody,
QmNfySujrgcVR9dps4PudnyM3cYH3vJyLoAPCeRDQSLG8Y,asset,Night Of The Vampires,AnonymousNobody,image/gif
QmUJbUBWBUCTbKoSnXgJDgymYuKVtUSh3QPcyxZ9DSA3eV,metadata,Cloud 0020,cano,
QmeHMB9swvaxBPrPbw5GjT1mLB1kEqiZN2u6G6rYYfB7NA,asset,Cloud 0020,cano,image/jpeg
QmV4ngNcPnpiotetHBFv5Q68iCtztimfJe3CosZxA6r3ji,metadata,Pressure,Complete,
QmQUSuLAodduc9mKyVMS1FFMfvRfRT5KLfZMnQqpy9NqQM,asset,Pressure,Complete,image/gif
QmYKR9HT4EBDV9DfCs8RjRd5hHQZUkAxDs7DyXHeidFGEB,metadata,I DON’T KNOW. LOOK AT IT. - VII,ericaofanderson,
QmdMZz5nQgFbRQ26jLFEpupsZeRcjYMyDLDn8bpu3MPY4Z,asset,I DON’T KNOW. LOOK AT IT. - VII,ericaofanderson,video/mp4
QmXYk9ajMHsQt3K81inHGoQkKrAau1heWHBZdbJCfvRW2y,asset,I DON’T KNOW. LOOK AT IT. - VII,ericaofanderson,video/mp4
QmZM1ULmz3fGrMB88HgWUQqguaW5cErdnQqAfXydoW8MzE,metadata,GR4FFiTiii-[FINAL].psd,Max Osiris,
QmdMsYDJY4cGrsC38CyqavhrLWPXqBZzdqvfTUmZ3yv8XG,asset,GR4FFiTiii-[FINAL].psd,Max Osiris,image/jpeg
QmeSZW1qFQNmA3X4USNqxJYkdaB8QUzhDS8vFDB5gSfLSK,metadata,Unveiled,squirterer,
QmeVu4BvPzzdj7RC1tFDf8nr5nJshydZ6RY6ijWxQwVGDE,asset,Unveiled,squirterer,image/gif
QmPofH9Y6uoqZzi1cTypVohvsTyRGsbwpjZteX5EY18WY2,metadata,Black Hat / Zero-day (Crypto Cut),SloppyJ44,
QmWgVzsrKx5hWgk6dLk8h35HtLtE61XX8jzupsPanJXy4G,asset,Black Hat / Zero-day (Crypto Cut),SloppyJ44,video/mp4
QmfSxRXrCCCJeYZYi3Dp1mL44gqcZYuoBGejyV4AgzkAFH,asset,Black Hat / Zero-day (Crypto Cut),SloppyJ44,video/mp4
QmNboLtnikggKQxRAgeCcXzU7PXMkqwQhokaZqbAPTrnaG,metadata,The Spook,AnonymousNobody,
Qmd39Y9fzqsjd4VVxJCVigfgnGcUtfonKCSwKxQ54znPPF,asset,The Spook,AnonymousNobody,image/gif
QmW7XDgSU6KjTvmtZ9szHzdgkMabM9MmPCZ7ZE4ArNTm3A,metadata,Bitcoin Coffee (Pink series),CypherpunkNow,
QmQGzPvoczUf567wgktVyNqbVcDQDmoyPpoJhKKgNuuNRU,asset,Bitcoin Coffee (Pink series),CypherpunkNow,image/png
QmdwQE8TW8W1e12ADPhNimFEDXDeucMSneag3sTsK2WP5R,metadata,Transmissions of Light - City Rain (In Light),GISEL X FLOREZ,
QmShtjwtk2wFYf6e1qy2xE53vvfkxRvQgCBi17RH4hTd4x,asset,Transmissions of Light - City Rain (In Light),GISEL X FLOREZ,image/jpeg
QmaVzrgRro3T9RfdiWBDL77XLZEeWK7TpXPjGfpbidWhwR,metadata,New Dawn,Sugar Club,
QmNxHBUA94Dgidjdde8ohhNT59xKrjPHpGzaEzxVdgNpm3,asset,New Dawn,Sugar Club,video/mp4
QmSmmi9Mm7gSZSvTAaoQhvy86L26y23BZaW1fV64p8W7i1,asset,New Dawn,Sugar Club,video/mp4
QmehpxPoSnbgaQo98qmHuBToBV65fyEMPc55NbRqxRHr78,metadata,Cyl,tymmesyde,
QmVt6mrBTQUSP2Sa2emDpUpZooLG49iVAZyJUKdG3hoe5W,asset,Cyl,tymmesyde,image/png
QmUqas1Nhn2GCpsNmC5kWfNeNU1kLH1E4TnHH2sfSu3SBS,metadata,Bugbot VIII (Air guitar),mlibty,
QmcDtT3zZPvJtCtYfxFi5QLKuA6UDEQn6tBSMzXvfJiVGB,asset,Bugbot VIII (Air guitar),mlibty,video/mp4
QmY4qabsRsjF3cRikXNEGw2pGeGRXTVnDieZv8k2JmHhQ9,asset,Bugbot VIII (Air guitar),mlibty,video/mp4
QmPwD5RbZTiyHaLkt1ggpi4Gcpnqnim2NR8YTnZe5UXWHd,metadata,A Man and a Bird,MAIKEUL,
Qmdu6Y9Fm37RdFRXdAnQoLgJM8ruPZr9zBAnv4YeXA9oRP,asset,A Man and a Bird,MAIKEUL,image/gif
QmNtQczzSucVEZC5fxbxmLh4E7bT1Rp7hAJVE3t8edgmRR,metadata,Mood: Changeable,colourservice,
Qme2RQFw3tPp3XHuhzBGkWaLhr7dsz5AHHtHWRkZTdDrLz,asset,Mood: Changeable,colourservice,video/mp4
QmX7G4TVGgH9mYPFMYCAtaVWNZmjGawnjQ5gCrvQrrgMEo,asset,Mood: Changeable,colourservice,video/mp4
QmYw2JqxsHhQSqWGfrWJVwqMhbsv8HqGKGgp7vz4g4FMe2,metadata,Time,Kibo,
QmYJrE3xh1VmRZhuayyToycM3esE39gD6XoKV4iWntvuAc,asset,Time,Kibo,image/png
QmNhN5h2N3DTiCCtpEh8VPGhzp6MSrp3fP4bLnaernegas,metadata,Glass Generator - Crypto Remix,Alastair Temple,
QmdknhKuLvrDpn1HeaphnMQxGRvRE3ddeB6eLqAPGjvznn,asset,Glass Generator - Crypto Remix,Alastair Temple,image/jpeg
QmWEnnoyYwr4sgnfLcNBQ2McDifwj2XZVf6ohp3W6NAExN,metadata,I DON’T KNOW. LOOK AT IT. - VIII,ericaofanderson,
QmVk58onXeb6cFACRWHoEwNZzvwYomHWeGhu3b77Twdb8o,asset,I DON’T KNOW. LOOK AT IT. - VIII,ericaofanderson,video/mp4
QmeATVJK4intdepjpTkU9X8VoiHPB2vt9rUG4zyheZxFAc,asset,I DON’T KNOW. LOOK AT IT. - VIII,ericaofanderson,video/mp4
Qme2W9iccrsNNwnYQSYmEiXhMHxCL6CdCdVBh79CghkNuL,metadata,They Live? [Coronavirus I],Loox,
QmYVND2RMCor1ERrpSfwpDwoARrPqMMBsUie7amDC7HXNR,asset,They Live? [Coronavirus I],Loox,image/jpeg
QmZfHPJh6HjxCpA8cLfLMRH12F2NMjq7Z526LrQtXpXEeQ,metadata,Riding the Unicorn,sandroieva,
Qme7PwzJGVkL68WNusQ3Bz7hNU1CMhghupSBvYdVG2eMxD,asset,Riding the Unicorn,sandroieva,image/png
QmSwFfbTicfRpU6EW6cHZMsUVStD5ejPC1DA4YAjNfhc6q,metadata,TRANSDIMENSIONAL MOON HORSE 💮,SUDO,
QmQuVgu4z1WFrcdHw2GEvVXmy6orGgg6dKxoUx5dgG9U27,asset,TRANSDIMENSIONAL MOON HORSE 💮,SUDO,image/png
QmPQkD71zVB9UArquct4EgCvoPUi85MbLx8i9woPZftNfG,metadata,A Strange And Beautiful Seabird,Unrealcity,
Qmecmt5eePYoJF5mWEdonpAcMJEgyxyexeyCQCKiKF9nne,asset,A Strange And Beautiful Seabird,Unrealcity,video/mp4
QmSLVkvGkpvQitWQp5bj9MeVA2pxcYqZLxEcsPRCvXV2bY,asset,A Strange And Beautiful Seabird,Unrealcity,video/mp4
QmXgh8iUm5B75gDSniLjRgZXQSyYiXfpc6xJ5AA5dyi79Z,metadata,Primal Creation,M0D,
QmRhsNWSRJoWvr8dpbQy3MTekbJwBzfkoKaj1g3PDPQx1W,asset,Primal Creation,M0D,image/png
QmNYxnnVeYkRk5eru4LcxHp7UmkdU2yfXAmahCd3etKJ6T,metadata,dip·tych:GFXP,Max Osiris,
Qma7QsfjMmmGDw1S17mCMqf2oFjYtjtkZiuUWzAExy6QXu,asset,dip·tych:GFXP,Max Osiris,image/jpeg
QmU9bqWGmqWtzCksi2KgH2TNYSesNhJwFvi46dShhjxz7R,metadata,I DON’T KNOW. LOOK AT IT. - IX,ericaofanderson,
QmbHxB9avM3DQmEtbeYLiF1ipe9q5eSwgDaJoxrEm4tVjc,asset,I DON’T KNOW. LOOK AT IT. - IX,ericaofanderson,video/mp4
QmTrJRkxfJDwoTYrvu4DW4FPsDYXALFbBvSiosEKS6pxqC,asset,I DON’T KNOW. LOOK AT IT. - IX,ericaofanderson,video/mp4
QmXA1rB7dcsCoDnG3JhgmxBhbinUjbyfkY7f1nFwy8FwWQ,metadata,Lost & Found,mlibty,
QmcyLP6bQUFJsNdsxP3myKsEyE2rUZXaH8uF15j3fztaFK,asset,Lost & Found,mlibty,image/gif
QmRoAC838Q5SJD7DzmYpvL2bhMsdhpsNjQLws2g3LzQ3jT,metadata,_NOID 2D,Sugar Club,
QmeiqFFpyxVMePAzaQYSqvBQALVa8Nax4s65u9x2zUVSod,asset,_NOID 2D,Sugar Club,image/png
QmXChtC3VHFW6RAcELDVNRkhZZMuUZkn1T5R3HTFWp3ooH,metadata,The Pale Saints of Night City,wblut,
QmZF7KUENAntykDbBb89gFLnK66JvuwHncR7z6jujcZf3g,asset,The Pale Saints of Night City,wblut,image/png
QmUk6BGuqzMfrS3X9WpCqTUiEWaCpbXpRwD6YeTEBkTnUL,metadata,florae_anima white rainbow,ejthek,
QmYWJgJEg8Z6ujsSjjnagRWf4iQvCDDQHRGCh8EGwHg2i4,asset,florae_anima white rainbow,ejthek,video/mp4
QmXxUzpAjYbFEniFcpuJZvs49SuaXRBepo72zsUaVdZCHk,asset,florae_anima white rainbow,ejthek,video/mp4
Qma9KotyNHtR92HTPi2RnYHW6TTruEAkddSK66fJFCxMP7,metadata,I’m Your Puppet,AnonymousNobody,
Qmc1DUcSMT1ihCCZr29YSL4XVPEfRAgm65rJHxK1DPvV4M,asset,I’m Your Puppet,AnonymousNobody,image/gif
QmYHpQxMkCePBHLPV4RG2CbHsGhx8NNzAToN3fmZ5EFz1z,metadata,July,Ferran Corral,
QmWffdg6WC3v169mymCm47ByKMhvKSWuyXjxTHwZSfoBJD,asset,July,Ferran Corral,image/png
QmYZA2WqNzi4C6XYqRXGneXUD4G8t3S9fvEUZy2tyNSszf,metadata,C Carbon Dioxide I,Sven Eberwein,
QmQxZpWFwKeWMvXrR7MeHVAboxUvfod37tbKRuyCfqtPBv,asset,C Carbon Dioxide I,Sven Eberwein,image/gif
QmVLUqkrWGGdbKe32KfW6kecn9wxehKtsvPoJ6VY3DxCaA,metadata,The Carousel,Carla Batley,
QmRM2bF7GcJKGW1yBVGNz8F5j7T2BWrsKedMZYpEKWEvrS,asset,The Carousel,Carla Batley,video/mp4
QmVdoPq4VoSeKaEmqS2nAP821Z26h2BFpGhBpX74wvYGM9,asset,The Carousel,Carla Batley,video/mp4
Qmc9L5DeCcsLrjXbSvT5CX64uWvSuoXMwvtbZvrc5tStAJ,metadata,NEUTRALIZER,AFTERFUTURE,
QmcirnLm5MeCNLpPe3BTjNBuTvHUJa5zBk4d3aGi2yc3CS,asset,NEUTRALIZER,AFTERFUTURE,image/png
QmaNRZ8wdpBfVEmv2SAbQ88Zu6VVdX75jRS5bKPtxfwQDs,metadata,Ray fever. luluxXX,lulu xXX,
QmcpeY1m92w9Rgr9DvdGEMt7CRZNMifzemwWwiVqCXxsKm,asset,Ray fever. luluxXX,lulu xXX,image/png
QmXRm2hfNEAPhMjfh6xMTcq1nKtLzRHDD8pq1poYZgLu2M,metadata,DISTR*ACTION,Loox,
QmYStF1AJabX2Nr9iAYutNaAFviepnsR9JKCmuiMBynK88,asset,DISTR*ACTION,Loox,video/mp4
QmRyrgixFPHRjXzTeu3R3awvxphjAPwNvT4PUkaNixSo3C,asset,DISTR*ACTION,Loox,video/mp4
QmPTJ4eK55HhnFn3cMKVgSK5jDbNC4wCKhp1k1wmbDvXmB,metadata,Shower,Nana Schlez,
QmXV28jN4iECMdQF9ctmH2Le3ZVnVUnFKuNAVvW9oHpHnV,asset,Shower,Nana Schlez,image/jpeg
QmPqqagTLtbroBqwzKo3j8iy2PQMyGaAR8xYZMyYvj7ot9,metadata,Physical Video Print : A Crypto Life,Jwawi,
QmZm3pvuZ6JrvwFUVdWL2dgDyoo4GqsVMR7X6UWjMiicTL,asset,Physical Video Print : A Crypto Life,Jwawi,video/mp4
QmPfCdkAbnW5X3fpj8QV8q15cRURdEKzckGr22fvoDHoef,asset,Physical Video Print : A Crypto Life,Jwawi,video/mp4
QmcpNNtRPRXyKmMCg4UaTUwUQUUQu4QNCR2nhV25xqui7y,metadata,BOY WITH OCARINA 🪲,leeaux,
Qme9iNnrMXjZkssyqMoPye7UrR9cAq3XMpK2D9ASkhKD5n,asset,BOY WITH OCARINA 🪲,leeaux,image/png
QmauvC4ncnb9okR74s14mNV7BEUqt6mGSB28erHrEn66hp,metadata,Pyramid Circle Square,Sean Mick,
QmVjapuVaLMFMYpxx8XHmPrKcquwbAJC1LSBKHcrofWBXn,asset,Pyramid Circle Square,Sean Mick,video/mp4
QmZKkg9N3CrDzT88vGEv2ckgE4nbbo8hacm9wSCGecSWs2,asset,Pyramid Circle Square,Sean Mick,video/mp4
Qmec5dfvbV3s8CvPXUwp3sBYwKzMkynXfoqDicbfW6kZYz,metadata,Other Seas / Other Suns 2,Griff,
QmSUEHByJAf5TLLJ1qz77qXTHCkKA2CyacrqpBWbBBc2cQ,asset,Other Seas / Other Suns 2,Griff,image/jpeg
Qmf92tnRFA7Dfyd5WCpHfYqE8x6nEQDNz2FAmqBMV45xA3,metadata,Solitude in Euphoria,Ece Diler,
QmdPb5qdexkz3vTkpKVwHawoKndp8x2Vc3xTnBvS9tRwQP,asset,Solitude in Euphoria,Ece Diler,image/gif
QmRTLYKUaTpE5yzzqXtS9fubRE1qCFJa9djQRaBVZZhwND,metadata,_NOID 3D,Sugar Club,
QmQ4dgCzTifq4WKSNwYbnPM2XUEbjyFtDuQqfFGXRjUhP3,asset,_NOID 3D,Sugar Club,video/mp4
QmYMw8mdzneoX6ei4tV96TAJFyfxSJAacieEkmnUueHxR4,asset,_NOID 3D,Sugar Club,video/mp4
QmanbZjHY42ZwyaY3NSGsiAv8RQPexsKhqt63m4nQ4Pvmw,metadata,The Oracle 01,YONK,
QmUwbsNFXsRbbqZryw81Z6mnDDYMqZYGeHcxD1A7FeF1QG,asset,The Oracle 01,YONK,image/png
Qmakb9Pm9b4tkmW2CeD8Dvo3JphiwQBJJhEwusDN2r7rRv,metadata,Up the Jet Stream,AGoberg,
QmcFGKtTd2pLVGptSN75GyHAQZPsayepMUWu3VQbnBustc,asset,Up the Jet Stream,AGoberg,image/jpeg
QmScK5Zi96bTPcw37DULichJcKBoQ5AXJHwXM3WdR2LufA,metadata,Is it a Cube?,Stan Ragets,
QmX5JT4YpUFR2antrWFpyjMQXhZAJBzF1x9FihkWGkBMJ6,asset,Is it a Cube?,Stan Ragets,video/webm
QmdxDDRd7JXdxA7rP5xqcoRGK72uWtHouRWxjyjPBMSerG,asset,Is it a Cube?,Stan Ragets,video/webm
QmTHNckVuRKrMxPjH2NTamg2geTcdyF5QnsG9Re47wawYF,metadata,new_fragments_of_post_capitalist_life_01,sgtslaughtermelon,
QmZiVD57ci6CkAegzNGqVQBo69PsAHRsof5BMwQ5dWmrd3,asset,new_fragments_of_post_capitalist_life_01,sgtslaughtermelon,image/png
QmRwH399f6JNHatmZU8b6BzEXoktMdcQDYZgh7nJ3h7U3e,metadata,A few years later,idflood,
QmRkwCHc18EpqLgL5AZCDPeU7q3FeqVKJDxKmPomYjYGZP,asset,A few years later,idflood,image/jpeg
