CID,Type,Token Name,Artist,Asset Type
QmbmzyQw6RXSUMsLgf6wCHDqeZcvV1Q4X3n5UbfYzaJkvu,metadata,Cybergang Perdition Party,CIVIT,
QmcaG4Y6j46GpmmyK7VXKm9UBA8eeoKd7CEndj241PbHwM,asset,Cybergang Perdition Party,CIVIT,video/mp4
Qmf7qDaDVrL55qsYgwSVxp8qZnUw5ZwHys2C52D3rWUgtv,asset,Cybergang Perdition Party,CIVIT,video/mp4
QmQRYVPhAXKeFT2YxiadvABohiDrY29uDZJZSc3hERbUvY,metadata,му fαιтн ιѕ ѕтяσиg ,вυт ι αм ѕтαяνιиg fσя ѕιиѕ,prokopevone
Qmd6kDcbBLqAN9bWFtzXoBcMeWYzDDAEXqikMSZ1HstV3Y,asset,му fαιтн ιѕ ѕтяσиg ,вυт ι αм ѕтαяνιиg fσя ѕιиѕ,prokopevone
QmdhBLZc67pxPsrbP8wWW94YzhawoYmWj5ViDLDWpUdZ5G,metadata,Show Me Your Cookies,Johnny Dollar,
QmZtbJuiEy8atoZz8EFLPzoKm7DhLXTPwAL6bw2qZmWY7J,asset,Show Me Your Cookies,Johnny Dollar,image/jpeg
QmbLmbXj57ESmfhMdthEpLYRVvwvDWTdQY1LnNKrEKL5Y3,metadata,MONAD☉,leeaux,
QmdvF5PyFJvGBb2kDLxiAuDgWjZLsH2DwePV85TGGTRDPo,asset,MONAD☉,leeaux,image/gif
QmddWjTSNLk2sPzv6q5ooSC93GCccU4aXE73siBWFr6cBi,metadata,Ascendant,okytomo,
QmSXqa5Gt18bUpQXHU6XVrxLnpbSo6uktstBsMf6HYnyYP,asset,Ascendant,okytomo,image/png
QmZNRr431syngYxzSrXFhmjx1QqtHMUGnsrBPvprKHyrxQ,metadata,At the door.,Animatttic,
QmR4oBhF14Z72jmYGyyjp9K5HT3nfWqhnwSt4sCq3B3vR2,asset,At the door.,Animatttic,image/png
Qmb5PL9UayE7csbdrGgefs3Epbavg3PSe3cnvtW53Q5Dir,metadata,Exclusively Made for Moderats,TwistedVacancy,
QmNxcc5vehD7S2FGsLwBjLBzyW6HNRH19AxFQHzGNPAceC,asset,Exclusively Made for Moderats,TwistedVacancy,image/gif
QmZoZLCBjyHZg9R1XUi7KN2AUSeo4fdiTdtqmfqifvjZhy,metadata,LEFTBHND,ilan katin,
QmbLX9zPmWnhX23yKKMBppUreZy9c5amg2ed8hBZ1uSu4d,asset,LEFTBHND,ilan katin,image/png
QmUoMxJG2wYSjAsRMYDJbUqFs67KqKSZHcZBV1WgaLghiS,metadata,Immortal Eye - First Machine  ¨%zoom 0 ~~,vivipoeminha,
QmRqLoJCzmWJsdt2JqNU95ytcCC8QRtpw9aykoxeBHVaLu,asset,Immortal Eye - First Machine  ¨%zoom 0 ~~,vivipoeminha,image/jpeg
QmXxuMsWxNnWtnuvj1aryEUhF5wvuGgb7LfB1X24B7JrKY,metadata,Alien Anatomy II, 1st Scene,Rein Bijlsma
QmXaVaSLoRJR2UnSAAZbcZEvQzpKshpXm93kJiJjB9scpe,asset,Alien Anatomy II, 1st Scene,Rein Bijlsma
QmQ1kjSXZyxwnTtQYgKNS4ivf5G3Aicrq8ZPjswepAWnk6,metadata,Essence,Undeadlu,
QmSM6Ho53DVqrjNE9dexQ3Rn6v2iWuR49iGco2ipNsCPLf,asset,Essence,Undeadlu,image/png
QmUjJNwAT9Qi3a2WwU4ah3GLWdPUdUfXFwGk428FYrYkbZ,metadata,It was us,CrypticFauna,
QmXVZ3s6D6j3exPxWco8HnK73LKJRpMJDq37dHADod74Nd,asset,It was us,CrypticFauna,video/mp4
QmSdQuudTYFFBUjEZRZA2zqMyEczUi8qEze4Zc3UAaLNys,metadata,Pandemonium Finale,Zach Murray,
QmPir6nVP9bGPBobij1JRrPDXzFdKi8eCgPKcRrKs8ygGe,asset,Pandemonium Finale,Zach Murray,image/jpeg
QmfNB4fJ9LwA7GFDdrDgL24AFusFo2DnBJdRXP6V9UfB2H,metadata,GAS IS KILLING ME,prokopevone,
QmP7X5eDr4MDhNCymoPA4FvLKczBrTpSRYjfv5TKmdobKe,asset,GAS IS KILLING ME,prokopevone,image/png
QmVRDmeSU39uqDQWf2jC8QS27NpomRN2eC8BgAD88xpgCT,metadata,I can smell the pixels,Geryco,
QmbVLsWFRMbgE32itwfUtNcTpjhSDNdkSUqGpz7H6tD6SR,asset,I can smell the pixels,Geryco,image/gif
QmTnVk9ZADJdUpx1KE3G33mQL42UjksEyAEPZCqQJiRzfY,metadata,Feathers I/XIV,jonaskasperjensen,
QmWFToYR5gHceCZ6gDPmMn894Zfsb8wXyDKaifVZzzyHhq,asset,Feathers I/XIV,jonaskasperjensen,image/jpeg
QmahSCrK5FC7gh2rRrVjASV4zTKHWHwLDcKKy7ncn6kf56,metadata,I dreamed with your soft hands and the caresses from the smoke that came out of your mouth,kamiljauregui,
QmfPzo3uKzzCDAzr5tpgXY874rF3ZgJUnaK1tqV2oiDWdg,asset,I dreamed with your soft hands and the caresses from the smoke that came out of your mouth,kamiljauregui,image/jpeg
QmbZNUByG7aa5fHmb7UgeRNSe4Q9CDtM5qxJdsaeEzhYdp,metadata,Pas$ion Fruit,Boreal,
QmYehAWMDuhRkF453bpFT2D9r8qd755hydgVNqGjwQfhyQ,asset,Pas$ion Fruit,Boreal,image/png
QmWf1VmTzG8BXthziD4QMYEMSucNW7ju4J9i66u1hfYder,metadata,Jag Swag - Frankynines x Abysms,Franky Aguilar,
QmcKgVByCSzY4adtf1XBkJX6u9JSz7FxwffAgZFGDwTggp,asset,Jag Swag - Frankynines x Abysms,Franky Aguilar,image/gif
QmQqvMyB6qhbEn1otqPKJFT8UxJjUn8VcXqJq9KvFNCmAa,metadata,eye_of_the_storm,ejthek,
Qmf9HLgYXwpkTu51hCoty5ed9FiN3KUz4SVhQrcMvb2Bg4,asset,eye_of_the_storm,ejthek,image/png
QmUFsj7RfaJSEi2szueCQjq1Z43CFVGq2eMVz1YeoXgTJc,metadata,Østega,kazwes,
QmePbCZ9tMg23BgRNunEsLWDTfeUaHRQSajpZCTBNmYF7U,asset,Østega,kazwes,image/png
QmWtJJDvtJXumN1c6z8XP5Biposz3Sfh3Jj6o5P9kWe28w,metadata,The Yakuza's Wife,Kitty Bast,
QmRivrjPnjWR4PYoVrEdNQDR2MRyeKZaur9VL7fiMaKruW,asset,The Yakuza's Wife,Kitty Bast,image/png
QmTGQjAQ2P5MA6ujTDpcfSigzs7C8uquz9dRqvsNdhBkHF,metadata,Throw Me Another Pixel,colourservice,
QmPEwoBsmKcnwVuCtzpwGEHZ4moRTc6Y1Bbw9EzaseasGw,asset,Throw Me Another Pixel,colourservice,image/jpeg
QmcvLN5bUUeeuVDwtrXCM2n1iFaBdLumPR16saWAnUZ3xG,metadata,No Shock,Gary Cartlidge,
QmdXhBk1e3gbysKN2Y6S3i9R5pzUNi98rmnan4WXE4sbbn,asset,No Shock,Gary Cartlidge,image/png
QmPDqwDH5ua1JhfMt7tSMkrjMRAqAfoUqgPQPu26xavrYR,metadata,Untitled,Jon Lowenstein,
QmTFn4Cno3tqvo4v9CeQwU27GjzmKMyEws9nfvkTURBTQa,asset,Untitled,Jon Lowenstein,image/jpeg
QmetouHwCkkm26Lk4LL8g89p7ya7oBC7RfuVhYgBmKUxFP,metadata,Day Riff,thisgiddyfuture,
QmeJXFM6sTCSV4Z7KFJK4nRkReUqxA9aF6pguYYkPyb5hV,asset,Day Riff,thisgiddyfuture,image/png
QmU18NUb26ZJMbxYdAVG3tnpUv3YCJMhdVkGFpfUNWmyzR,metadata,Flowers of the Night,javierdeazkue,
QmZ5LArKeeDyezMDEzngKcHYunXpbNzAQrccAg1C4Z9fVx,asset,Flowers of the Night,javierdeazkue,video/mp4
QmQNaAzPuTYwdpkc1S5TFEVtcSsAtt29TitTXPTBxeKuoN,asset,Flowers of the Night,javierdeazkue,video/mp4
QmPpkLGe5UhhM3cu6CunHJqtWSCswmyzmmQjufuggHams3,metadata,Generation None,Boreal,
QmdhgatzjitJ27W4bVR4K1LKsGFXZvbgoCJwNd8RXGQQ89,asset,Generation None,Boreal,image/png
QmVeH3ApWFM4Dhi9zF3bx2s6eV9coArn2pkMLhg4DxMVda,metadata,safe_harbor,ejthek,
QmWNLEhqo4r19zgP8pmLotsdrdWLM3hjTyVtR4hHD2maDC,asset,safe_harbor,ejthek,image/png
QmaEFR6eAzU9G3ppgBQ96NqXmuap3jpSEsYWDJ39YDeu5E,metadata,Desire. luluxXX,lulu xXX,
QmVvugBHJmTbpv9UjWdoTYWnAQkzZJh62x4UUdx4CkBTAg,asset,Desire. luluxXX,lulu xXX,image/gif
QmekcbG1fNvAcJhqS3FQLdXN3qvZkkpaXkGF48CVMrCbKv,metadata,Digital Relics 02,kazwes,
QmYCNr1xQbWNh1SkXo9KXuEFt6F6NTj5hUcWiQCE1iSy4z,asset,Digital Relics 02,kazwes,image/png
QmTxoaiEfL8CAajCQ7fqy7pbERX589yonKkn9fAVajStL5,metadata,The Spiral Fountain,kristyglas,
QmPrmhT6h5wBR6pFPkNUmSQaGQu8unXvxvhNLnMJXS72tR,asset,The Spiral Fountain,kristyglas,image/gif
QmW6erVKUTB7mWe3isRvDraK2eix6rPpnM4ye13qNUhnCm,metadata,Night Riff,thisgiddyfuture,
QmXJNi76dMNdqDJAC1H1V97x5RJTN9Lo81ZRuoWqLJt1sy,asset,Night Riff,thisgiddyfuture,image/png
QmR5rAQm8Xc5KL1m3sJ2PJt2GUbkVXLNSaWCUpivrzHkji,metadata,Mitosis II,javierdeazkue,
QmZiy9tRPz7TLgKvjhC4Woe9bDjo3sY6TLLSRacPTqMndQ,asset,Mitosis II,javierdeazkue,video/mp4
QmXcvTYpdBdMoik7bJGaj1FSHtSNTuXJ1u2ztJBXtPGe1Y,asset,Mitosis II,javierdeazkue,video/mp4
QmeBxnMmbKSzrgoqwjauK8tAUYmA57Sjqq6hwL6T1Q3o7E,metadata,Untitled,Jon Lowenstein,
Qmb4UsPKqXwomTpS9uHAjJ6pFxe3HC4isjQGgXtuWbgBVY,asset,Untitled,Jon Lowenstein,image/jpeg
QmPCsr33FadvJiAsokWxtJuA5oKhu2XzWTkmui1NUeja6h,metadata,Super Villians,Johnny Dollar,
QmNVUiMVZFojzF1k3gUrFe7hmn9LPDPwPhmBKpJgV8BPQP,asset,Super Villians,Johnny Dollar,image/jpeg
QmYXfF5P9dmesqhfcDDBYX16akww9QsNmF1YrKTWZjwesD,metadata,Find what you love,mr-monk,
Qma8Y9iVNkQobJJNLHRfn92zZsaVxzWcjAoW1t9H1TJ2QM,asset,Find what you love,mr-monk,image/jpeg
QmQ953vWSzMGgtEEqvLMiPjRfqFwsprB7Rpm1Tk2fiuN96,metadata,Melting My Demons Away,mattpsd,
QmWkMk6ufGj6vFvxPCTPc2rX45i2Zt1CsYQgmw21fA31BR,asset,Melting My Demons Away,mattpsd,image/png
QmUDQghyBqhLhybUBg9HE9BXJH2TL87hao5iy5av3Fmymt,metadata,NGC 3736,Zach Murray,
QmUNpVw5pppgrNWUnMXnBwErrorKwJvbEpGNwitJGA9EJp,asset,NGC 3736,Zach Murray,video/mp4
QmVPhjdeybf5WKz71b4Ao2S4ZYkRbjbk7qeXtmuL62pxXw,metadata,Magic Potions,kristyglas,
Qmb98bvcqAjVuiXTdQGvEe8KQFGBbSNuswCzoqGLVyFnM4,asset,Magic Potions,kristyglas,image/jpeg
QmaQ7qYkvDdDdScvN4pCvLCAZ8UUkB4qsEekaV14mNtHMi,metadata,Untitled,Jon Lowenstein,
Qma7S57iYPY1j8EYQpi1RNREjYKVwUy7GFC1siN2immaJd,asset,Untitled,Jon Lowenstein,image/jpeg
QmYyuFbFfWY4apwnRcTLTEPgHZnJ7DxbatLvd8zsHUTtij,metadata,DESPERADO,prokopevone,
QmdpHQJCPckG9q1DEsvReC9LhUaWwu9AENLN2of1P1JUfB,asset,DESPERADO,prokopevone,image/png
QmQCxp9XSBYepbsU5ZEebsYUHhYozi5FUWrunrRKAsGFQ5,metadata,Curiosity,lenny,
QmSZjdnqaC58zuLd99oaxL5LPKtLULdoACuk6zaQT8VaQn,asset,Curiosity,lenny,image/png
QmVMiYo2D2Q6dzaAJks9E6EC8STRVwx1bp9FqhpNZJFvmi,metadata,Hot Potato 2.0 - The Spaced Edition,Acid Pastel,
QmVV9qoNriW9BLsGqBPukuvoYLwALNhBn9eDTyh1REsf3A,asset,Hot Potato 2.0 - The Spaced Edition,Acid Pastel,video/mp4
QmT35sKpuQ1ViVUhsmRXVjPtbpzqfSQFJ4QxEoBA25DcrW,metadata,Visiting Scandinavia,Kozachok,
Qmcpfo8EkNdhVzsaRqiqzDVD7E4NCHVfAFPqfKvamrYzeu,asset,Visiting Scandinavia,Kozachok,image/png
QmXiHqhY63L3k5WCQSQphvqa2vHX2C8gTXnaqrmNqcAFnm,metadata,Bakxa,kazwes,
QmQUbUQD1Ci2Kiax3bhsxF8Bx8urVT6FAgax8qpWHTAW6i,asset,Bakxa,kazwes,image/png
QmXotNmtA4Pfi3sptfa2ywJRPNkkmpbQg6p8URcaKLFWcw,metadata,F E T I S H,kamiljauregui,
QmQheTAHPHvNogQwXKibjSkQrXgU4WQKW6dhSxP3125bbU,asset,F E T I S H,kamiljauregui,image/jpeg
QmQgKmHZqDy8k3ezhrzc7zP9Tc9oT5piMmHaDtci87zzwX,metadata,The Other Eight,Tosuke,
QmZVMjaDSD7S3JRBDDy5PBAiYxeoZs6eC9cLNHENfwvr8w,asset,The Other Eight,Tosuke,image/png
QmRxuskSZLpzwjWasEc7wber969CFMikweo4YqmbL7A8kr,metadata,Credit 01,Signalnoise,
Qmdw7Fjdy8ymjVJdW1SdoMAAkg666WEDJH2TM4KcJoK2sw,asset,Credit 01,Signalnoise,video/mp4
QmeL9QX5XBqLH5qVe6g9UzUmtripuFLNgQduLFA6B7DoC3,asset,Credit 01,Signalnoise,video/mp4
QmfFVfwfWtaDYM1VfDULzCMyM1ttdpsCEsbEqonggz3AcL,metadata,As seen on Netflixx,Boreal,
QmbbVGgBMpVK8Y4XdXSem8ViHubNBkkz3ZNcsFvafpHvqE,asset,As seen on Netflixx,Boreal,image/jpeg
QmViuaR4fDvzkKLvW2Fhb6SnqqXRgQAg5dJr5JoL8YKWVp,metadata,SHE IS WATER,Marcooo,
Qma54qeeh5TYC7761GceBSAANe636vogqCZfkEvSHaGuqo,asset,SHE IS WATER,Marcooo,image/png
QmYdhg54BqCwZq8cyTPyjuEjVrtYor2bRsCQruofVRLQR7,metadata,Museum of Mysteries,kristyglas,
QmSE1uZpL4mfeXTwyUZzcUZtyL5uxoNDRaXMunMKZp2PhJ,asset,Museum of Mysteries,kristyglas,image/jpeg
QmXEv29jEWdCMayQGnSmuqHdsKdDf3F82jnS7tzdPcXeVo,metadata,Feathers II/XIV,jonaskasperjensen,
QmYPofzidyLfAzs7W6qDaNxwEeHX5K4Z193sdzTcCu4V5s,asset,Feathers II/XIV,jonaskasperjensen,image/jpeg
QmXjkViLbW6tdx8xRRZepx2kYwEo6s9zmdhmv7MT7WHx3X,metadata,Visiting Deutschland,Kozachok,
QmZWkH1UEkxKKUpdWuCSqWBJ8q3yqnphyitJBC26g26XqY,asset,Visiting Deutschland,Kozachok,image/png
QmbtFMPyWdcFT5bFarKVN6H34C2UdHraaqdTDPXhKCmySY,metadata,Crypto Exploration from Scratch,Jokreg,
QmbGcdSVBn7rH33EZcS3CEPaC7khrJLvsgbn5c1uSLNyfM,asset,Crypto Exploration from Scratch,Jokreg,video/mp4
QmdVmHnbKsgfrhLegYHy38gcd9oeLyDCK9wYicvf8zeN33,metadata,Diel vertical migration,CrypticFauna,
QmRGbgsEMiEUt97vchSw2pkxUtQh2wYpMNs62kLDy7DdPX,asset,Diel vertical migration,CrypticFauna,video/mp4
QmY3rL2Q7BfXBKs5Y6RwxTqLGzd628NBtDiTbeRgUbSVmB,metadata,NEURALINKED,CryptoSpectr,
QmQzWuye8t649RbYZTML3jSxR3RcwBf9FgaF3fWWs3bXXk,asset,NEURALINKED,CryptoSpectr,video/webm
QmZSKyvZeXX8eaBcTuAvGTj2zM9bnsfSmqfDf4jV9Rnmp2,metadata,Fucicrux,jamfactory,
QmVWCjMNqjpDnMwDH9uLfxxD7CXz2LJt2RZ7Gzbv5aaa4k,asset,Fucicrux,jamfactory,video/mp4
QmQyagiktgNEWUQaQZZm2cmCeL4kRf5C39egVPyQg9Ggwy,asset,Fucicrux,jamfactory,video/mp4
QmQte1RDLcToukagraTFEU7VJmBk3inGC3XBu4BsKiya3Z,metadata,TRUST,mr-monk,
QmVwY8trkCScL6GcNMEGy4XZZtes9yxowCVywwC36UCdFC,asset,TRUST,mr-monk,image/jpeg
QmeGkkBfhCkkBW59N9XwH1eay7mprhdNm3qp3DxMF8GJgw,metadata,Crypto Drama,Moxarra Gonzalez,
QmdL1qcgdMBQw1yTCFkC65W8Mpvjvda1vBoPwriADwsbzU,asset,Crypto Drama,Moxarra Gonzalez,image/gif
QmYTHUVWLGkMCzmtunTP2uz8PaWno3cfbcwVHqy7tBLte2,metadata,1836_2198,ilan katin,
Qmc88AZXgzJRUsQoBvApRkyCsY5DQHjJC9QP9idEZPJ5DZ,asset,1836_2198,ilan katin,video/mp4
QmUkLp8S4z5dPvpwPhUEkdTMZL9UGYoXMdTG3Kt3rVi5AG,asset,1836_2198,ilan katin,video/mp4
QmbihYL45Wcput5U7nVx4cE5jikepzfvecKThmh2JpAWJt,metadata,Lil Pumpy,CryptoKaiju,
Qma2Afnfa6vf49ANvXf41u5gKKGeaQPyNmK5dnLSsE5ndG,asset,Lil Pumpy,CryptoKaiju,image/png
QmbL5cWM1qdRB2WyoyRx4Cn94VxAbj9vFRRRFPBgQZVSHF,metadata,espécimen-c3e760,Andres Senn,
QmQ3pRuLA3tzMaN7bGjnAFVNoBzGzyMWLDfJLja6M6LRiH,asset,espécimen-c3e760,Andres Senn,image/gif
QmawuXanEnrRLfBzDJGqPXt9KEEDsQboinwbw9XYTy4aQ1,metadata,ŁλŞŦ PŘØPҤEŦ,prokopevone,
QmVskLQMk5SMYmKoQz4i76EC8sPFaGBc1GH6MPY7QY7yLx,asset,ŁλŞŦ PŘØPҤEŦ,prokopevone,image/png
QmZX5Ji3oZQDKmXJiKKkcagXLbB23gcipRWbZzdJJxnpSW,metadata,Like an Egyptian,Paolo Leone,
QmTCLhhkCfQF3DwvAK55WnL9XNpLfJWjMtJMrR1Eoqr77x,asset,Like an Egyptian,Paolo Leone,image/jpeg
QmSyJFT8WWWw1TAL68AALGVB9uJuX6rcCBAfkFH6wrM6f9,metadata,Decay 1209121212,Jose Blanco Perales,
QmUe99qdqwQHSuYLCie6vG2kg8iN5BrkbkhYTQ8Fb63yZi,asset,Decay 1209121212,Jose Blanco Perales,video/mp4
QmYbYWJ7qMCvfpts9ZFnVuQb8tGs6yBDoohgPE9LMohWQJ,asset,Decay 1209121212,Jose Blanco Perales,video/mp4
QmQ4MmJ3EpqWg1iaxik3FahsQ45McunFPj6HvRkrwsthEF,metadata,Untitled,Jon Lowenstein,
QmNdPejGB5pHmDSSx6ZnHLASrY6zX8huSyWEgJusdMgL4y,asset,Untitled,Jon Lowenstein,image/jpeg
QmUFzpk9T1P9gfisDeHw6mKKvP8xEyZP4EkndwQYCnjjbV,metadata,Neuro Bomb Cyanotype,javierdeazkue,
QmTr314g4ZrC32A8ipSLvUE4681VgFEntMpLUx9hxRdE5L,asset,Neuro Bomb Cyanotype,javierdeazkue,image/jpeg
QmPHoJEJs3zWxF5KGXPML9PZzQiDbbF9TbeKmWGQXsyTzP,metadata,Reaching for the Stars,kristyglas,
QmNaXsYvew7vgLn37sVT3SZVJ9WC84NJB21F1J54CJuLg7,asset,Reaching for the Stars,kristyglas,image/jpeg
Qmc665ERyWJ4hQ1CKbGW7K55767QE36uuTE5DsjytwE5aj,metadata,We dream in colors. We dream in freedom.,mr-monk,
QmeDzUjrjj8j76zWQMo5JoanTKUQc2CTX2wjs91vzx4UYy,asset,We dream in colors. We dream in freedom.,mr-monk,image/gif
QmYWiRkcLAsCr5Qm7589ufyJUwfnxgKGuhxKkxHu5ap1pP,metadata,The Green Witch,drawwriteplay,
QmVWi2mJpEyb5JhWygYdzP7PCJegWJtJMDd4kLKf6RhTzP,asset,The Green Witch,drawwriteplay,video/mp4
QmZkdbSJfPzTK97ybPA9Am7e9RqRAq9TNJ9x2kprAiuHt3,asset,The Green Witch,drawwriteplay,video/mp4
QmUxRFGSUnpikWDHsPc5mzWoWiRQzAEmFEbYPQKmMsvFrC,metadata,Falling,zuppaman,
QmR2vQiMSH54RW2WBzqyYwHpkt9bwTAn23TLY3XSNnqi9o,asset,Falling,zuppaman,image/jpeg
QmWTMHsvtpANrFqL1TnnYA8zyu7zQMeNCnfEA25w2EGZRK,metadata,Dragon,aBlu,
QmZsPDSxQhVL8FkmPhgQVJvR59wknFkDJCaux2PFvVzSBo,asset,Dragon,aBlu,image/jpeg
QmQ2j54N8rnJwQpU42d86guDJ6WpT8XcqUU1s5rAWvuFUw,metadata,Neo Warhol 20,Boreal,
QmeSwXmW6caMTVz8Yn7EcuAeP12HWUhYMBFunkX6sktbXQ,asset,Neo Warhol 20,Boreal,image/png
QmQLJA7h8SU6sv3Rp49EECDFAzVgePZvPaP8BbMpAUkM3K,metadata,ANDROID PLAZA - Public Service Announcement,Norman Harman,
QmZGfSWHKHegg1EuXiwty9aL3yVRhkTPgsczcDZe2E9c5r,asset,ANDROID PLAZA - Public Service Announcement,Norman Harman,image/png
QmUL2NqKaMth3wFB7rHnXgCTWWyQzDzBbKS1Rxam4KxnKK,metadata,Wir3d,CIVIT,
QmfS7EvV1ZA8B41BMQp5npg2rzFcwzeo61oigxEbYUsJ9f,asset,Wir3d,CIVIT,video/mp4
QmTjVzE8x3i9MwebVJ1um3mHiLbCqMa81e1oQim3rpks77,asset,Wir3d,CIVIT,video/mp4
QmTEGPXJsrsVU2XkxnDKx9tfoyuo8NZdJb3ww37h4QsV2r,metadata,Abstract Token 55,jeffgdavis,
QmTA9ZP6BD1ceg4bGg4Nq4bxfuf3zsTMmP1wTdQbEqRRxX,asset,Abstract Token 55,jeffgdavis,image/png
Qmd8WJ63ZWuuDmoZ2eW75iKEJhjP2H9Av4ZVhX2YtNhLtx,metadata,The River,cechk,
QmUzY7HXZYhiLjqC1Emx3u6q3p4vmVeoVF9N6pGoxC4ExN,asset,The River,cechk,image/png
QmatKKgGwbvzLAb5MZ12sjMSVvwRFDpviNF7rfRS6ix8Ve,metadata,One Hundred Million Satoshis,Lucho Poletti,
QmZZa7jGe6wybPQQnoaaz5AfS57XHb92E6noi4N7fb2DXx,asset,One Hundred Million Satoshis,Lucho Poletti,video/mp4
QmaSGHPHeDvqqmvZJrSqENada2acAnHJceVgmLNv7DwHEE,asset,One Hundred Million Satoshis,Lucho Poletti,video/mp4
QmS6rC8DNvHABexhYjmvEu3cjg3PLgBg76pubtk4W1d9Mu,metadata,TEH LADY (dynamic),ilan katin,
QmUA2pqAZLRT22TEFgPdzcvMzjPj9KEiZyRXnNqbLXcPvM,asset,TEH LADY (dynamic),ilan katin,video/mp4
QmPHKGxzou3fmMJ5eDzL5orbHRKz5UV5qfkdmXQ9LmPBaj,asset,TEH LADY (dynamic),ilan katin,video/mp4
QmRyE176ULhomvVPVe3FsamKGNjX2pM5hdqSRDH25UjWnF,metadata,Plantín,Tierras Raras,
QmckZSXu8XfuFr1f9BdEHy6upewdStnBafbnDEd11PxzpT,asset,Plantín,Tierras Raras,image/gif
QmThPoghpZDCgCvrnvMondGknGmdnREARDiaKwZLvaJaQy,metadata,Animal,jamfactory,
QmaMmhE3FqyABhFCcKGrSYrvJCJ76WtoyzHZuuDCMWyXJU,asset,Animal,jamfactory,video/mp4
QmZHzRCcRMTBssbyFMwiSxMQ2UHRhNjZSP7NBxf7KnoGXt,asset,Animal,jamfactory,video/mp4
Qmb5e7YGbPxXofVf3Vgh9HK8gK8M2NWzqdSLD1NN35thw3,metadata,Memories from Another Dimension: Unknown Name,Verdaccio Donatello,
QmRJvj8of7Ca34Dg3nE2uux3vLzx5chxZUqM4xtAkUghpA,asset,Memories from Another Dimension: Unknown Name,Verdaccio Donatello,image/gif
QmeQMvhPEZkmiirComwfZFfpLJ1A9BGVm86RBz9yji9fQ6,metadata,Abstract Token 56,jeffgdavis,
QmcMJwBeubENhFmNt99mWA1ofefF6T8rfPTdtwrLf6NpPk,asset,Abstract Token 56,jeffgdavis,image/png
QmaYvJCchPRLEXDCxNYSjV66ctMwnMwDSGdtcirpZgLZUu,metadata,Eat me,Creadoorm,
QmdcUkoHdsixFnyk5qLeq4Fux9wGWFyVJTKuZnc48zbnss,asset,Eat me,Creadoorm,image/gif
QmPuf5jJuraHQw7rgKB8PE8ascyqNReB23w41E5So1xff7,metadata,Nah,Ann Ahoy,
QmPkcA6AzU5r6qkqoT3booaQFXixRAgcLQ73gmYxzqjJeS,asset,Nah,Ann Ahoy,image/jpeg
QmeK8yngC69tfkh9Xwh1VtcW6uoiq9GpauvCw643MUwSSW,metadata,pr໐วē¢t ¢rฯpt໐i¢໐ຖ,prokopevone,
QmbqDjPn8ZTrHyrgGjYbFvHBydj5eBTwHBL2E84QYWAe2w,asset,pr໐วē¢t ¢rฯpt໐i¢໐ຖ,prokopevone,image/png
QmYYLTrVpnmR7VCmQCMBE4v9PkupecwiYzY3gBc9KJ3dVC,metadata,Emerald City Amoeba,Daim Aggott-Honsch,
QmVUKJ3T9Eta1DqGNxpksZUvxWnaU4UtiDzZTFAAMTFGFK,asset,Emerald City Amoeba,Daim Aggott-Honsch,image/png
QmXhm28tSdiYnughq2cqWz8kUkv1bkAc7u7qg1h2NukmiX,metadata,espécimen-916749,Andres Senn,
QmXfDqyGHG4aKpdNTAnJxwZtpniahsrZJqMiZ7NxFKuJEN,asset,espécimen-916749,Andres Senn,image/gif
QmaSrcdxi7GdY87j864yYebEmXN3cESyLFWfXquRPuxqv4,metadata,A-Spec | DVGTO-00,defiantsquid,
QmWJSKmVzTgiwG5QwcPv9n4mkFq9WukgBFmfNDNyTxr1GF,asset,A-Spec | DVGTO-00,defiantsquid,image/jpeg
QmbVNDLTevM7mwcYHYip4TzsaLhb27ahFHRCXQ6WmPtfNU,metadata,Abstract Token 57,jeffgdavis,
QmQSK7NW66dbV7YQDpb98oEPWUCfr4H4S2w7vhwACWTERc,asset,Abstract Token 57,jeffgdavis,image/png
QmdA1sh5F8XX6kp3ijjD3XiomvdTU1vfBCJHLbQgUAnGk1,metadata,So...So What?,colourservice,
QmTGxhJwPkigPjSTdSizRS63nWn4EQSiXVkRDcXcVXMMSY,asset,So...So What?,colourservice,image/jpeg
QmUBTxSEyNTY9vWriKcDymsGvdWPkBnYaWKHbekgpT1ib2,metadata,Breath,HeyHazmus,
QmYCXd3Y4FTsrmiNb5L41weUH8qvYG3EWs2y2UBk7Fh9NK,asset,Breath,HeyHazmus,image/gif
Qmdz9jbsTQ8U6ihNzgHTFa2eGbT1GisfQuGyGunMcytfdd,metadata,Close,zuppaman,
QmSQRE9sMJ2AJ2dwsDgTM6CZodqAkTNJUJ3jCx4D2L3z8M,asset,Close,zuppaman,video/mp4
QmW7GxZedQp1cq4DiqVbSvbPnLnvKQ336FyupQ4k9NF7QJ,asset,Close,zuppaman,video/mp4
QmY8E5xS2HqjU9bVzvXjqbLL8pohtiNPNpDcis3mZCSyxV,metadata,The System: Overview,brendandawes,
QmSKzaGyY6cXHYUqgU9Ki4r6fWDJKVyFL62Mz42GSKde1k,asset,The System: Overview,brendandawes,image/png
QmVVgSo3G9CgsUgWXGZYAMdZJdgZUCd5HeTiejMT6BmR4Q,metadata,Abstract Token 59,jeffgdavis,
QmYThQDmuvD5Mm5nk7jSTPKAvEzSCaEKLwvigY5wwAmAAa,asset,Abstract Token 59,jeffgdavis,image/png
QmVRQ5JKrbjawBJaDWhRu3gJ5AabGHRCaoWEhxA4LFsPzw,metadata,The Cypher Wiccian,Kitty Bast,
QmUyJSdcQzQKb28kD8iS834j2KigaRTp9RJiLoqrL7dXWK,asset,The Cypher Wiccian,Kitty Bast,image/png
QmVo68dLQRGQU9QzUHxSorKLqy8QqntySTrtrqhivN4UDU,metadata,Cure what ails you (XR),Lucho Poletti,
QmddUUD6X4bEV1RTjeJTWzqFtVbDVdVNLsmXN8q6toyVWn,asset,Cure what ails you (XR),Lucho Poletti,video/mp4
QmYEQWtcPqi8Gr9R5Lcsi4oKeKoCdygJm6onZ3KsEk7SRQ,asset,Cure what ails you (XR),Lucho Poletti,video/mp4
QmYT7HxyV8qpMynVbb2UNaxH3mnJsu6Bi8exAjMfFCw3cW,metadata,TANOMARE,Voke,
QmeYhQVo1LUNBhLLH3gF91KgCarNtqBLwkebxP6Evn2M25,asset,TANOMARE,Voke,image/png
QmZdJ2iaiq5xNRw9bBFQVkshWPTSaf7vFDj3QqYvXaEMgp,metadata,Lights,Creadoorm,
QmT7q2ZWzXSn2VpTp1KhoykDvCDxbQpwUXn15LgajcWXia,asset,Lights,Creadoorm,image/gif
QmSsw838zviq4u4fEa7krBk9vp1wqJN8t3W8AQHYRwEAuz,metadata,Lost Boy,Signalnoise,
QmWn4f3PoBaghwaMmgMU1kYgyKSqsy2EkjGnQUDT8QrHKt,asset,Lost Boy,Signalnoise,video/mp4
QmehRM9mFjLgQiZtMpKjYB3GHKMrQi98G6rCVFykhYVW8K,asset,Lost Boy,Signalnoise,video/mp4
QmPwW5LXbmaaxRoQmFKDiAozU1KN8gzQJhPbrMK37v8LAV,metadata,Grazing Copepod,CrypticFauna,
QmdGDkgDd1sxmX33TvYkyPKYHYT8oyFwyTUxGoMdYbgakR,asset,Grazing Copepod,CrypticFauna,video/mp4
QmTpYXY5Z373p1aF2z2o4WQ3Dqk7uqDybopzeemtf83xr9,metadata,Untouchable Cow / Cuban Impressions,Adoption,
QmSv7XCUhpQeyAnoz6xnVG1XQY33mxgrPMkAUHCSoA7AxF,asset,Untouchable Cow / Cuban Impressions,Adoption,image/jpeg
QmNqEWaZRwPesuE2Soh9KeCtE5Yxexy4XMB6UXftu1Ro8R,metadata,middle_earth,ejthek,
QmXNy2ft9kLYXQJ9WbZGR7wCfqJvwgczX4m4a2G2t3Kh4S,asset,middle_earth,ejthek,image/png
Qma9cvb8BHkCHekuUQqgXnhC3syDwFMBsdqC1he5UhostU,metadata,Haunted Pop,Boreal,
QmVPjG4YoVhmD9sBW5H2KAMij9pckkZAWErT3B1xHQvJD8,asset,Haunted Pop,Boreal,image/png
QmR2XMdgupXDFSwp84Vj4bvU52DYbWFeyiKvHPUVMpzWrZ,metadata,T3ng34,CIVIT,
QmVJHcRcPR6E4TLBEmqCnGaXyLg6h7drjdsTMkHr5guWcw,asset,T3ng34,CIVIT,video/mp4
QmXHALCxKHcuS4Pxkfh8pVpWD9QtaMiyZCrrZtaxmdujam,asset,T3ng34,CIVIT,video/mp4
QmauC7KMCANSpQfA2YHTkukrPk2hYgvQea1dJDNGcYTc4L,metadata,Literally the Wisest Turtle,Kozachok,
QmNUzJpJqRvDSLncP5LXjottapwJP4UcWrcYw7jA49bDcU,asset,Literally the Wisest Turtle,Kozachok,image/png
QmdaWMw4jhLDUfFWE34gdxLPofXrN7aTqmocpeeQWk3cGU,metadata,A-Spec | M7-91,defiantsquid,
QmcHR4ZmauQACSAavZJXmuSWxHCMPVcL2vm3vRtmwfuPhY,asset,A-Spec | M7-91,defiantsquid,image/jpeg
Qma1biLvyHqdEHBfrXQaGEbgbu6eYpGUNgNEVXeYAaw9tu,metadata,forms_01,joshachaplin,
QmWd72azJygM1HYkE96mXnqaaoFz2tGLH29MyAzbRjnuav,asset,forms_01,joshachaplin,image/jpeg
QmT9abQdxLto4LnSiu8B7rZ3YwFhxufC5HfRyMMCr8NZQt,metadata,From the Sea of Information / Cuban Impressions,Adoption,
QmUkzmYmeePVDA1zSznhznfUFS6ESEBqX4WWfD2zs8MmvG,asset,From the Sea of Information / Cuban Impressions,Adoption,image/jpeg
QmWs7pnyfBREMLmp6R2oktjLs3CJYbsoVWEjYPujUVdUgX,metadata,Liquid Linearity - White Edition,T3S74,
QmNguw8uKRKg7tJfnGbVt4yJKgQ8T52mr9bx5JEKxucuV9,asset,Liquid Linearity - White Edition,T3S74,image/png
QmSnBr5yiEFDHJNecxy18ZrDvnQVPaTFVMFng3HhYqaGKb,metadata,Still life with a single pear and a self-reference,Oficinas TK,
QmUPFYS3Q1mBBvLGMqEoRRoBqTVdiqBghHF4oDmtJmW2sc,asset,Still life with a single pear and a self-reference,Oficinas TK,image/png
QmcciTdbjB22LveTzsvxecpWQBZ6PU7SsosLNkNECtukgj,metadata,Ghosts in the Bass Line,xBruceTheGoose,
QmZVJrhqARLPQeJY2Ednpdgqkth8YU9wcEAf9TQuAZarvB,asset,Ghosts in the Bass Line,xBruceTheGoose,video/mp4
QmQCVyueAyCv9NfGwCn6QimYnqXMFRXmhWYagyDYC7nBdU,asset,Ghosts in the Bass Line,xBruceTheGoose,video/mp4
QmfFRCBzoxPypnzYLKhyE4gP4WPeCy6XFBoBWRUUJBAjwb,metadata,Pirkxa,kazwes,
QmXq5FnpJiQqYNRWVzrE7DDUMNB6EaWKN5FBuWYgPbJwLw,asset,Pirkxa,kazwes,image/png
QmYLAsQ2a8YQmJFGdu1FcsvW9n1dTqqiWNkQFr13sZMZjS,metadata,so what ? luluxXX,lulu xXX,
QmYwJeY7YFNJ2BXE7zCNB9WVEb7Yt46ULLx2KfpgWRwnB5,asset,so what ? luluxXX,lulu xXX,image/gif
QmXKA5RjWtAZgNu2kDWMwBLyJq7WPBRsSkJ7Kub7Q8gXuP,metadata,The Constellations,javierdeazkue,
QmTjfvX9mdBxx2xqAettdtCtoXsVvnVw4JzuQBdyeWxiC6,asset,The Constellations,javierdeazkue,image/jpeg
QmX9LzqSmB6n8so6tSHMMKQ4SuGSnkh9vGr32mCsajYnvd,metadata,PERMISSIONLESS,mr-monk,
QmR2yk7m9T2FMyLFbCvhWSM4pXy6GsaFeM8pQqFyq2AmKt,asset,PERMISSIONLESS,mr-monk,image/gif
QmQEwJai1qEBS4jrD9bfAGobkBo4xKDWvYiWA6SJgmpvSw,metadata,aulax,CIVIT,
QmRXqfN1h5KJZEY8mrgJTnBGo6vb6sbv5vUv9HLH1pxgwP,asset,aulax,CIVIT,image/jpeg
QmRypWKMEcEeajfKaHweXAY4LkgUKApc1BXUWGA9Hih8Xc,metadata,Head in the clouds.,zuppaman,
QmZaiFoXgj4tEPJMrT4KoYa2ScXCYCLsATdGQT7Vspgr2v,asset,Head in the clouds.,zuppaman,image/jpeg
QmeHSDSC2Y6j4r3zE33DfiyiPaWHKR4mZ6eijcvXmpBCJX,metadata,Double Arch Alcove Three-Pass Dreamscape,danoramas,
QmUZ3Mi3eTq9dqeKcza8j5aTGeftr6idVbosDar9JY9z6b,asset,Double Arch Alcove Three-Pass Dreamscape,danoramas,video/mp4
QmQBWkD1TnNr4zESaDitPmySWMEtdsPwh97RQVJiY2zVRF,asset,Double Arch Alcove Three-Pass Dreamscape,danoramas,video/mp4
QmQMAqcNaKrUZJXzzLssGn5BYFWh2MaaYEr9iLCDVmEwfX,metadata,ARRAKIS Series: Ceremony 1,CryptoSpectr,
QmaCDiT6mJhzpzJqBAQkk3o6eXXdnER3wuwioWBVyxnCkD,asset,ARRAKIS Series: Ceremony 1,CryptoSpectr,image/jpeg
Qme85TRsYn9m4A1iqzekb3HVigNATQUhpdSmVjxKctzQPy,metadata,With Gratitude,bingkoland,
QmRbukxK7QP8NeGHj6CSFAcm7bkeSJgBiTjgpunus1oWoP,asset,With Gratitude,bingkoland,video/mp4
QmWJBDYbcY7K4DhV5RQvfDZwSKLDKidcQ9wYGLwwW2pccK,asset,With Gratitude,bingkoland,video/mp4
QmaXP62f68Z3iHPkr6TGgbW9bUJwfrd69wXNeBDHnjkzYc,metadata,Eternal Sleep - 192E13599,Paolo Leone,
Qmcf47JFWhzneMPoSpV9vYiwtLokwHagd5QVJKEpbTsM8z,asset,Eternal Sleep - 192E13599,Paolo Leone,image/jpeg
Qmaib4eAUPNvgtxyhB82vbhQbr8NU9xBb8SG884abDh11U,metadata,Assumption of Ethereum,Creadoorm,
QmRxnPnDEM3Mkf9wGqgCPtaKBbvetyEFNJXg1FGfzi6bGi,asset,Assumption of Ethereum,Creadoorm,image/gif
QmbA2UuUmVY2uRDQH4y1KKU6Tgx5kzArXjrQJMsUAn35XW,metadata,McSquiat,Boreal,
QmcHz1UUgSv2N4pnUWET46UfsPHa5ACQHxbbDLvnCNtZA3,asset,McSquiat,Boreal,image/png
QmSL8eGFWvoTMdohjiRVhBnfJhF4F8vT4tkfMtDMbozxzT,metadata,Slay,Ron Archer,
QmPQp4CevG9JFPKxVjRGwnkZZawuUtPerZ3FXk2aYuasFz,asset,Slay,Ron Archer,image/png
QmUpJKybqNezjf6xXr83qoqFUfj9PZRZwcaqLUgk3wDCr1,metadata,Derpinator,Kozachok,
QmQa8SmAaexdzszCWtAiZFscRQY6fR4JdyKDAKP8XznBAc,asset,Derpinator,Kozachok,image/png
QmSGw8ZMKaqUxiNUcHgqqi6uy1roYxcTRnG5EUFnGpwmMM,metadata,Open Your Heart,CryptoYuna,
QmZWiNQZ4C8v3npCdxm2dJt19fYrqoWWqxc3dpWgF9qjJr,asset,Open Your Heart,CryptoYuna,video/mp4
QmcoC9jfrBVLPXfeUuTWgp5PBFuuoDb1vHY8JCLtrTvf7q,metadata,Horizon-,Undeadlu,
QmRVokCEfkhubUiQTHSk6x1Ysz7qAqvxgGq6gRhx4e6ojS,asset,Horizon-,Undeadlu,image/png
QmbEh4vNcrRQNp9qrAtMs3AHn7tiEaRMGo1AvyhYSUS5Hp,metadata,NeoWave: Epitaph,Signalnoise,
QmeEzP72HkeLnPhSQJmTiY1yxTMejfCFDL8ixAChcTWKui,asset,NeoWave: Epitaph,Signalnoise,video/mp4
Qmbd87CZaTMrZKdpCgyhmYaBXwKzPvANuXqxbvW6qn7PkP,asset,NeoWave: Epitaph,Signalnoise,video/mp4
QmNkoa7RCqWua9NSwwf4aFT6wMRjRBeHVhdYsDZUxhzJ8K,metadata,ARRAKIS Series: Ceremony 2,CryptoSpectr,
QmepLcroXA3zaYK94DJ4ErDbFbUw1HEY9SV4vBEc5QmS6x,asset,ARRAKIS Series: Ceremony 2,CryptoSpectr,image/jpeg
QmbLzyHg2j75PRmE7VGDXWyLWnM1G3FoBnvg5SSi5xtEVy,metadata,Institute of Cryptoanarchy,CypherpunkNow,
QmYzL1M6jV21xnqweXCy41bZHV4FEfV5H3Gsz88KMAKzPv,asset,Institute of Cryptoanarchy,CypherpunkNow,image/png
QmauyGtoP3UiX4Z5YG3KB8xjAmE9oVL49F62oYdkYL9TUN,metadata,SIGURD SNAKE IN THE EYE,prokopevone,
QmWWiuMHR34dFAEtcP5LGDh47Hhctsd1G7PVH3jetH61QC,asset,SIGURD SNAKE IN THE EYE,prokopevone,image/png
QmfNiykNz9P7KdxTaVmD7PH8udSsayxUMwWswQhDDrbAXD,metadata,Plant life,javierdeazkue,
QmZWcPisTV4XhzNBN8UzaT99zjBEoHe4vJMvVmt5QxdXbA,asset,Plant life,javierdeazkue,image/jpeg
QmVbmzsG3xQeYmnKMqYo6kVEZq9sgSKSR1AAkkrUyezrpu,metadata,ArA,Daira,
QmPTGh6HSshT28Kodbaz5Wbo68qG76kvPtEBWWdb198Xzh,asset,ArA,Daira,image/png
QmRWZaURAsvYSivuyef3241rCJnGX63ZbxTQcX8qBS9Q9q,metadata,_ untitled,abysms,
QmV1xpK7BoFvdvB4gcLpzZ1yyGo8GpkVyw8LdfT7TfswB2,asset,_ untitled,abysms,image/gif
QmcQGBdvk7wnJGa5dWh2k588EVrXgmPBuuj6x739fnLsfu,metadata,The Nose (Le Nez),dadaveed,
QmRnHPJjzUb4YKuHmGbM997z15YdR2znr89jQT2E6uzVyE,asset,The Nose (Le Nez),dadaveed,image/gif
Qma6SLcDZgyXpka3LfrhdB4ricUnkqgkwMoCJbuW7yWUpB,metadata,Feed your demons,CIVIT,
QmP4hz7pkSkY2mh84Dpos34DKagqSkExMDwPCZMWX1NTSp,asset,Feed your demons,CIVIT,video/mp4
QmYqvTzX3H9Lm7oweDRQktvWqtrmQxgRZxFgn78y5nhheb,metadata,A-Spec | CCC-00,defiantsquid,
QmfRstqYNfsiGV8jxjQ7dWrw6uByTii2uhvmXFUzoU1qUM,asset,A-Spec | CCC-00,defiantsquid,image/jpeg
QmTfedJmCpPZxPmft6Hh6BRM4fR1XoBUnaynAgChM9HEzV,metadata,As if my bones were to map the structure of my thoughts,HeyHazmus,
QmP9NgLVEcuXYuET9QTFYE8fg4aR4mCWD9uufwHh2wUXTq,asset,As if my bones were to map the structure of my thoughts,HeyHazmus,image/png
QmXSZHo7YF4pGg2UyUQYQLPiL1Vz31uSn7b9UfUL93R5Gr,metadata,Friday night on LSD,clarupan,
QmXBLVPanE4Q96Hz4rMASfC2UxKhDqnfVrNN5SbzyyMsEg,asset,Friday night on LSD,clarupan,image/jpeg
QmYNaVWpF97EgRPAVNuhBzMEDz6NRxvSxQWY29oiEw9eGe,metadata,Do you still trust banks?,Lucho Poletti,
QmfD7Gn6wTUbecYGoQNJcD7PmfbY59DVQMDKnTvMF42b4T,asset,Do you still trust banks?,Lucho Poletti,video/mp4
QmeAphjKjTAmzXiawyiTovmMLapQhVZyNBpSHtJGA9hdEv,metadata,The Last Goby,CrypticFauna,
Qmf9K7gRdKWuDwiv2MGpVC4YeWAKHtRSGSJ1TtMssuHq4L,asset,The Last Goby,CrypticFauna,image/jpeg
Qma2W4psV5RMqpFuYnWjGtzAgC7Rct2ks2c5ozHaAyMBYc,metadata,Kisses on Main Street,Johnny Dollar,
QmXzy89BCuMQuU37pqfvmUicT4NJsbxmeZTmcRYXti5AYh,asset,Kisses on Main Street,Johnny Dollar,image/jpeg
QmehEDShqSERXSDNabzLSYjVaVZdCxY2wvWtqQRs4y9feE,metadata,NeoWave: Cenotaph,Signalnoise,
QmSE1QCeJGiGrQpa4pSk7qwKYg8VV1UMqZSBsNwDVoJUPJ,asset,NeoWave: Cenotaph,Signalnoise,image/png
QmcZgnEKFZzPEXFVgKZDUadhGrkwYShD5X6uUvwPikYYYX,metadata,ARRAKIS Series: Thopter - Profile View,CryptoSpectr,
QmZhsbgM1hSoDdWSf9SKb9AFSmZdveA2FtjKiFmKggfLtm,asset,ARRAKIS Series: Thopter - Profile View,CryptoSpectr,image/jpeg
QmRoER3YZSVTvTosWnThR2zRAv3z72SmfY7PEyT3oaiXVS,metadata,Broken Dolls,CryptoYuna,
Qmc3rDQL9xRaBZMDuRNutZqw1YYELAv8bL9AdVKMHkzrsZ,asset,Broken Dolls,CryptoYuna,video/mp4
QmVvwswufe2RsChRf97Ji3eUwHh6k1N8wUjwq22JpE1z1C,asset,Broken Dolls,CryptoYuna,video/mp4
QmaUjCNkrYLLpPrwnjarQFw2c84guVr8KP9vFdkfBfRa2F,metadata,HODL!,CypherpunkNow,
QmTe2YTTCz4Beqmsz1pAnqz2KLwimzmQELLUXxpNu61Dvy,asset,HODL!,CypherpunkNow,image/png
Qmb2xq5QHxB9XqLiqF7Z45o54PCY11rwavRZohzXLBCD6d,metadata,The Calm And The Storm,squirterer,
QmbjDRyy9e9KmMgWUD2tVPmY1zD6ve5ExnBjGSv4b3jMey,asset,The Calm And The Storm,squirterer,image/png
QmPAqyv1MxF9YKyfAAxNSVG1ZeVRmNmdKA8bHFfyv5Wk5h,metadata,The End Of It,UrBen,
QmQX2QdLBmF1n3cZppYEhK6SzcrKvNNtPdvxieuJBTKCMX,asset,The End Of It,UrBen,video/webm
QmWeuwKTxFA1Ptx4eP5rAoZ2gB7Bc7nxAgjZ7bXABp1Nmh,asset,The End Of It,UrBen,video/webm
QmQv8rcvmPqsKfnTjAxjwPYvhaZ9uV8D79jXSH5TMAxtwS,metadata,_ untitled,abysms,
QmZQXEq88Gp9eLnchb2wosdJob7ysQPwNwQV24zHwhPuyC,asset,_ untitled,abysms,image/gif
QmQJow7ETDeLiuHhDwboBVkNE1YZwYDeeXGxLnC5uxx8rS,metadata,Budgie-Sativa,Codyseekins,
QmPqfxV2de4cqmk6vrQ5td3CfhsDteV9C2xMzvJcWSt1Fn,asset,Budgie-Sativa,Codyseekins,image/png
QmXH4fkU9tBCRTFmkorWH58jthejCGkJZTM3DmbVsJLVhn,metadata,ARRAKIS Series: Muad'Dib Calls TheWorm,CryptoSpectr,
QmYFNBXZMGc2wgwSR6TgacW8WGpEyVuBk8LCnV77UMi85Y,asset,ARRAKIS Series: Muad'Dib Calls TheWorm,CryptoSpectr,image/jpeg
QmTmL7etxmPu2rjChUVxmqVyR9BJSvH3dvLAKydCTGd5iF,metadata,when_billows_roll,ejthek,
QmZVbmNdfbeWtDw8jjgxbHeh15KSRE4ANeBFpnvDYQucVb,asset,when_billows_roll,ejthek,image/png
QmfPpE2hPqe9xdPiLqvh71S9LHWqTt8inyfhALygnaYRoR,metadata,Dreamy nap,LuluCollages,
QmPeFto1xVusLLcZqLRKQnWKuKFSYqqboMVKfgN8PE2EE9,asset,Dreamy nap,LuluCollages,image/jpeg
QmZCoqZf2QNxLbJj76WTWEwBtpv622HpLC2GVuY4BU2ryj,metadata,A-Spec | SEPPV-96,defiantsquid,
QmSkRKjsXtvYUYFQEHj8xUKHEysaKLNNBGMT2kHMJD4MEf,asset,A-Spec | SEPPV-96,defiantsquid,image/jpeg
QmYUQNUhPQeMYJLgy51epEJm87S5cgu5DjUp3rhgrHrFcb,metadata,Run on the banks,Lucho Poletti,
QmRRMA1SN6gNytbjQZV5RtpaaCWbk3XbV5yskT5HneBpR5,asset,Run on the banks,Lucho Poletti,video/mp4
QmRQW6pyjgpA5MGouC3KqHFXtVTcfDM4EwQTUt3K19d8om,metadata,Corporats Dream Scam,Creatifa,
QmZqWvWEij7DnB2a3DXJ3HMYPgGmG8bHkobrRcRp5dsqeB,asset,Corporats Dream Scam,Creatifa,video/mp4
QmX4Z6fGafouSoyFmDGkUY443hyhxZc34romk946S1nY67,asset,Corporats Dream Scam,Creatifa,video/mp4
QmXtLYBXqzVKE92R4mCj3cuKukEPseunbFD2KUsTUUN9zk,metadata,Neon X X,Glitch in the mARTix,
QmVJUsBjFxo7JVhaRH2FRsjsAdPGrysoncZ7oH2CvzkjKw,asset,Neon X X,Glitch in the mARTix,image/gif
QmPVwfYRp3xYAVijNM8WbwWE8wfR6u9xBATzok7wu4CJFN,metadata,make it beautiful 00008,ilan katin,
QmSc5voboKVcF16vtB5yRRVaJ9iq7G9PDxu9zEF3tjegDM,asset,make it beautiful 00008,ilan katin,image/jpeg
QmNg2VddUHy1YyNsCvjrivM1TTyTFFz9L2fyheJaFpK1Aw,metadata,LIBERATE!,CypherpunkNow,
QmTcoWSfmaaLapJvZXDAZ4tTJjEPi644p8jqn76kXFFEH3,asset,LIBERATE!,CypherpunkNow,image/png
QmSPopgsEkvqzQjFTtx7GY6GZNUD7igLYFS9GemPe5vYZU,metadata,Bicycle story, as told through a Lifetime movie,Johnny Dollar
QmewVGj6FMiWWYVM1TyahEfAqgdRgmXtkNf4pkeQL1dQVe,asset,Bicycle story, as told through a Lifetime movie,Johnny Dollar
QmSTcBAxm7MCphiaqcBoyNyYZTo27341st2Rkq27SKKxCP,metadata,FinallyCrypto,mr-monk,
QmREBwJfyDZEJ8D4KJ6hsmsgRWj22NByBeZro9sVMUtT4j,asset,FinallyCrypto,mr-monk,image/jpeg
QmWx4KEWmao1FXuJXodXKaazGjUmRB4GZ5WiYPyJM9TGfq,metadata,ARRAKIS Series: Muad'Dib Summons a Maker,CryptoSpectr,
QmQ9JV1gJnQiZC2cHHpzvHGJNfQW1hVDFq36kwcJnPzPoY,asset,ARRAKIS Series: Muad'Dib Summons a Maker,CryptoSpectr,image/jpeg
Qma8sd35F4YPUZ1sZjRmb6sVxMPLoyztupfQYbhRoFuFFu,metadata,Pensieri,Paolo Leone,
QmbaCzs1J8AZDqG1TdNhEqD8Kmoh7TFLBupfnddRsBaPbL,asset,Pensieri,Paolo Leone,image/jpeg
Qmae1W6HkYrFjn1VUKZmqMYzmWtKcnChuDyk3SQQhxkMd4,metadata,Cute Alpacawhal BTC,obxium,
QmWDsDdxhvEHQgMW3K4tHVNZhGwyMDHASu9TZbuRpE8rtb,asset,Cute Alpacawhal BTC,obxium,image/png
QmeW3xw2PEr7AjJR7Zo6hwo19bvMFSP2hK38VsGvodJo5F,metadata,ĴỮĐΔŞ PΔIŇ,prokopevone,
QmQD5Wu3aARLX1F35Jy1Rm5fjG5UR2mDZ9XDtx84DaKGxi,asset,ĴỮĐΔŞ PΔIŇ,prokopevone,image/png
QmRjkv4pK7RCWvF1iThqVpcwHwjiuctqMpPoQEngNpqCPZ,metadata,Have a rest and we will see later,Miwa,
QmRSDjkGutUqVt1k3NpCuQhrSzUiEAQTBGhpWysTUvubW5,asset,Have a rest and we will see later,Miwa,image/jpeg
QmVyzvhUAi4euc5xfTsvfsMKXE8SixSUPjG67LnCCW1wVA,metadata,A$AP Rocky “F**kin’ Quarantine”,Boreal,
QmXu5LvUCsVQEYugCUWEETacXMQXf5FncUzymNMpK5beex,asset,A$AP Rocky “F**kin’ Quarantine”,Boreal,image/png
QmNtEMZcut9qQq8rLgdN6YouJUjyiG6uz9Yh2tpX7A6k6U,metadata,Hail,Ron Archer,
QmYbMwC5zpCZBftAgVdB1kqramhxF9AQPpQkrrnJUKjDcC,asset,Hail,Ron Archer,image/png
QmdZngFCTMnawUPPCq55DP9bvN2oEwC6YU5ua8DSdoxUqX,metadata,A-Spec | PZLRC-03,defiantsquid,
QmULfobNkFt4FwC2tGqYBngMTBWzFs9SKo1L5HyCt627CC,asset,A-Spec | PZLRC-03,defiantsquid,image/jpeg
QmVvL8zsGJFAKbM6keHK7CzQocEx5viNM5rzADd1UjLgRt,metadata,Think First,Kozachok,
QmfNApKE69M35ayYqWsLtoJ9MrGu4yX1nfHNxidKgLJtN9,asset,Think First,Kozachok,image/png
QmcNdFmSEWQMQo1qsYu3JUykpFSmWTw4zZcK8RtCobxj8S,metadata,Privacy Extremists,CypherpunkNow,
QmUJXoE2UynUuYzJeTTUHVDfJjyjEKegnXwbjgxjufq4MT,asset,Privacy Extremists,CypherpunkNow,image/png
QmeR1ZEGgVTHnLa6X1nUS5XEGCCZUP9XxZpwzQsUzcTtaT,metadata,Transdimensional Fissure,Daim Aggott-Honsch,
QmaaeZsjvwnTJVJqxTANr539CPW7CJ4oHH6pczaiyc1mV4,asset,Transdimensional Fissure,Daim Aggott-Honsch,image/png
QmfHQB8teuhPfJs3iRA1eWsJxBqEF1waWfbDdPCrPJBwdU,metadata,Portrait of a child swimming,lobatusgigas,
QmSFbBn9GCEPXtUK6WwCD8yXfe9WtsYnWdqf55swoeRRxE,asset,Portrait of a child swimming,lobatusgigas,image/jpeg
QmTZgED9kLUchMkyuVKcpsE3Utshu4Bt1bhhKJz9K2ixtU,metadata,FUTURE ARCHITECTURE 200439,Adoption,
Qmf3SMnBT3RJX5iodqXpoU1fN5VwTczwwpeG5MzEWDJwJU,asset,FUTURE ARCHITECTURE 200439,Adoption,image/jpeg
QmagcdpiAReYt7rWhQvCHFu4DLGvTBGUZN4z5RsN5iwuFe,metadata,Feathers IV/XIV,jonaskasperjensen,
QmWJb67v7QDsYz37FUJCiBLMn59X7faYEq2NDTMkgb3eRL,asset,Feathers IV/XIV,jonaskasperjensen,image/jpeg
QmXmzG8oaJQoXTzq9s5zdTuGUw5GxG8KAbEjtMhWmoKECu,metadata,MIGA I - Paranoimia,jamfactory,
QmRUBMaz5Dm6oMuKds2jYR6nVLk96LTZ4bg5XDTmcvF5Ae,asset,MIGA I - Paranoimia,jamfactory,image/gif
QmUsH4A9rWXxqg6jDn9VTajU6rcSc8dh8Rf4V43MZonsb2,metadata,Visiting France,Kozachok,
QmWtrZ6ddW5VBmNGmHhySWiTk2rLvFY1tTC3ktjCV1bK6m,asset,Visiting France,Kozachok,image/png
QmSWCxjUP4CP2qV35f6yMXqi1gGp9vcVfkdTqQoNzxtCyR,metadata,The Meditations: Composition One,brendandawes,
QmNZ23bJsst5FtXithZ377DEd4c6BhhgQy3TUdNCLXggit,asset,The Meditations: Composition One,brendandawes,image/jpeg
QmRFL2Xn6YTiJwRGJ5h6J3WPZYwuijMGUjqVtRGi7Nario,metadata,Dispair-ity / Cuban Impressions,Adoption,
QmdnjPtszAYtDNT4YnjXmgRizi7CpMB6EYuHDDF2Uf289H,asset,Dispair-ity / Cuban Impressions,Adoption,image/jpeg
QmYsgoadA8pFr8w4YGtkJ2KNsqj5WjvjhRMGr6i51rhp6A,metadata,ŁØ₡K ł₦ λGEŞ,prokopevone,
QmacuZPF4fBXNsLeDB6GXRU9adbAKEJF5MAcdBfismAEsE,asset,ŁØ₡K ł₦ λGEŞ,prokopevone,image/png
QmYH6ZpNKFhJpwUBur6mhckqC7aEYGhThT1c9ciu1X1gun,metadata,A-Spec | TGT-99,defiantsquid,
QmVjRj6FK2Whw4jCZH6DH4rmBFpeDsw5LDPzoSb7gYnzJz,asset,A-Spec | TGT-99,defiantsquid,image/jpeg
QmV7SbLDudAcu3m248AuyJyCZ6KbaQEvCazFcyJtC3wDRr,metadata,ARRAKIS Series: Muad'Dib's Fedaykin Guard,CryptoSpectr,
Qme5PSHKxi4ywH8guoQ7CHZwwDPHGNGRW7hJM4u7xqi8AR,asset,ARRAKIS Series: Muad'Dib's Fedaykin Guard,CryptoSpectr,image/jpeg
QmXJ55Fzt9V1KjRWFKRCmrMAkTfeiz4YJGWv6JCmLPrJJm,metadata,Metamorphosis,lobatusgigas,
QmenhanyB6KcdpnA3EPGarBg9dUfgeTwCQHGHtd5z39pG1,asset,Metamorphosis,lobatusgigas,image/png
QmPf3SPqxDfnbgh3HHr7MVkTpMgQSVba49saugY81ahLKh,metadata,Hold Me in Glitch,Glitch in the mARTix,
QmVCEeQo1BCVU64PS1V5P7WYJGFQY17c9wKxPMYMViEmbL,asset,Hold Me in Glitch,Glitch in the mARTix,image/gif
QmZ5EozBPwfDfsn9V9hSptuTjJhqtj6aBYtxa2WJUz1K4W,metadata,Revolutions of Better Money,Lucho Poletti,
QmWuwme4LAcExvG3Cggdip3ndMYjT9ttDE13q6876jbFxj,asset,Revolutions of Better Money,Lucho Poletti,video/mp4
QmR6fRorigHhUtvnPiRX2BdGTa39DVUnEEFX8mhWxN4fiK,metadata,Shower thoughts,cechk,
QmbcDmwW5qo9gDk2MCeNtm13T9zGPwmtdNbRhKYQff3pTD,asset,Shower thoughts,cechk,image/png
QmPFwbV4VAvqShSZ5zWsQUsenkKgFiNYTKWyeXAMfEq8xe,metadata,espécimen-972e72,Andres Senn,
QmYK4FEaswTSbMUimE1XbRTzHEduHkpZDzyojKmBzqpiD8,asset,espécimen-972e72,Andres Senn,image/gif
QmbRqkNALvg1WVYdQYh5YqWdjuhNmXhAA8L3WrBNgBLf3T,metadata,Pool area,CIVIT,
QmY2S7aoB87hxpJQW1b59UpEeJnGfucYMYp2cNgmmQEnVg,asset,Pool area,CIVIT,video/mp4
QmWa3y9QJAK8ioMiWMKmR1RLo2qzrkm9t21Jarx1tKSgQ9,metadata,Trickle Down, A New Vertical Sovereignty, financial transaction map GIF
QmQeGFu6QvQz1bUPkpu4Zj47mGMo44vrDJoZTEppU9pafj,asset,Trickle Down, A New Vertical Sovereignty, financial transaction map GIF
QmTwoCHM3m5kjG5H8BoQkSmsZFaiFQgkywiPTbxxwE9S6n,metadata,Jenna Says - YLKGN,ZED,
Qmeg8LjxVC7q7amDDWnnehrqe8ycYE8GH3qWphCaG2TMHu,asset,Jenna Says - YLKGN,ZED,video/mp4
QmZedpnq7Kr3ASu7VHvaJ87jKoc8v2uxLVRPuKNnAot4zR,asset,Jenna Says - YLKGN,ZED,video/mp4
QmZ7MpDosEdRwhuhQUQuw3zTPZXr6tRjhuCYsXmsMbB5Zp,metadata,Presentations of Better Money,Lucho Poletti,
QmfRCS65p613QGpgcRb2vXsJKEezKGVwajrpXVc3mjN3JF,asset,Presentations of Better Money,Lucho Poletti,video/mp4
QmbA3uPrnj94cT96GCBqzumjCEMCzLGmUJp3W1KSMoQv9Y,metadata,CYBERDREAM XE,Genuine Human Art,
QmaHeVSfKq4zytRHZFAL1yTg3HQqGyxtVSJME5Wp2apdWP,asset,CYBERDREAM XE,Genuine Human Art,video/mp4
QmQ5T3wwuboDtnUQ96RenRLCM4KWXZUsR3Y2eSZdZLS5wG,asset,CYBERDREAM XE,Genuine Human Art,video/mp4
QmTk8J6xDubcgCJnnnszKp6mWyErc7ZY9RWgYdQqhgqiVy,metadata,Bryant Park Infinite Dream,danoramas,
QmTWLB8QgQR4LkgmzF2pSyXEEPRAEP4YkBJJYoat8vk8zw,asset,Bryant Park Infinite Dream,danoramas,image/jpeg
QmV2BpfSJtHXmm7sUX8JgSW3D593tvE7F7n7evQFnRLBWn,metadata,Wi-Five / Cuban Impressions,Adoption,
QmYKBtxyX4fVHfiS5JEubD6W8QejcubEUZXPLXC96UBLSd,asset,Wi-Five / Cuban Impressions,Adoption,image/jpeg
QmchLrJproiuxUsxiUJACWcGGjxuHMvzRaXQV53zunPUwv,metadata,A Thunderstorm is approaching,Paolo Leone,
QmZwGe15EdEry86WPw4uKuJuaa7Kpeodv3eGyp4Up7kBVU,asset,A Thunderstorm is approaching,Paolo Leone,image/jpeg
QmSHi3WSbzNCeiGVA1NcD7CP4ZaPiceJrpcoPU9ZuDBt1A,metadata,L4cVka,CIVIT,
QmPy1WiQwRFUwPqchyWgmYxqjZ6T4tWDPNk8d9ciTtW35a,asset,L4cVka,CIVIT,video/mp4
QmdyoMwqsvtXyrF13bUpDUtZrvzCPrSuqeQf2mRv7F9mGV,metadata,Neon Love,Glitch in the mARTix,
QmRyGwtfXxQVB2wz3cf4czkAsPQXX9m7TwqM6KKZLibx4Z,asset,Neon Love,Glitch in the mARTix,image/gif
QmQCwtVpeKPYb6Nk4D3DefUr43CEhpTDdZtdxeZJT9NPxJ,metadata,A-Spec | PEGRC-98,defiantsquid,
QmcfK9K3u28AnDYEJHNwcSVtTDAps76YKUi6ASV8qBFDT3,asset,A-Spec | PEGRC-98,defiantsquid,image/jpeg
QmUgQKubmNzPoNXijwhSUQxEBGcqkQDXw7KDcxcHxRV8Sc,metadata,Hackers Congress Paralelní Polis 2017,CypherpunkNow,
QmcDBfwCdPUHkNz434S9BTEL3wpsgkcVvLc8AoKxSCfZGv,asset,Hackers Congress Paralelní Polis 2017,CypherpunkNow,image/png
QmaYAWcwmG5w7iieCKTUBsvKYpayTTs2DGumD1CRrufMKb,metadata,Iconocryptic [1.1],HVY,
QmfAaw6fmSthGGXmu2eRhNCakx1sfNqY6963KM4H88Bpft,asset,Iconocryptic [1.1],HVY,video/mp4
QmdpYoTxjEu2EzUfqZnssi6VVph8Ry3Zb6Mtxacrgch1Y8,asset,Iconocryptic [1.1],HVY,video/mp4
Qmcf6JbuUfcT9uJrBkDY2xitwKijukrWa1whxBPobxHkmN,metadata,GREATNESS 2,prokopevone,
QmTvhrA4R2d9i2yLv3M2AgKVTyGiNvgfpFjzuN7RX2QjGa,asset,GREATNESS 2,prokopevone,image/png
QmVZnFUZUe1YMLhBAwNpKzKfxJhek3Cqt5qsjecwCUMBpD,metadata,Distribution of Better Money,Lucho Poletti,
QmRQNDXDEt5kCQ3ThzjuACVy14ZkotHSC2U1tXGmgpADJ8,asset,Distribution of Better Money,Lucho Poletti,video/mp4
QmPbFycsJxT2aTrNYHsqYC21LJ3WdK1RAULDN1ejHMAiw1,metadata,Find Cat in the Imagination Festival - RABDO,Miwa,
Qma9ZhM1Z4w8DLFenPQCiRw8iGra3FB49GQDG4f5AdtzU8,asset,Find Cat in the Imagination Festival - RABDO,Miwa,image/jpeg
QmazTZ8gbCEFLps5VB6A9jX1T7Ms1Hqi8fDumTeevd8wjK,metadata,Deep Flow,CryptoYuna,
QmX83rnE775wbH3HsChX39LiKj7t6p4jx1r8KztEAvXkVi,asset,Deep Flow,CryptoYuna,image/gif
QmTfvRdFjRDQU4jqeEet7k4iVvj9VAhzCPis9uzCcrCEaQ,metadata,chrome zone,night thing,
QmQnnKWmP45inakxCZJLS1ddxxuGBrYfEoN1NfgjnF5Av7,asset,chrome zone,night thing,image/gif
QmdgPFvCPAZymJR79w45LBx7ooT1FbQuPbMbX9H8ZaV54G,metadata,RoadKill 7,Lucidhouse,
QmNt2zUsTCdadGMBo3wiFqrEacFdbtqPTaQYmuYqLSJ2FF,asset,RoadKill 7,Lucidhouse,image/gif
QmdC4GLgqEAJpspXxuYqpMtzChJMZjsWPciXvDfFfkjSWP,metadata,Visiting Transylvania,Kozachok,
QmdbVjM15uPY8TUiJ6XECL1sp8dK8ZkXLJrYndRsxgT2Ge,asset,Visiting Transylvania,Kozachok,image/png
QmfEjerDJFgQfDhxJX4WB6mUoLCHadiHsztUaZhPUCCTtN,metadata,Lost Kiez 9888-6824,wblut,
QmXkkHF71GmiuFTi1UHmKZSVTYdrCXApy4mCVkNxFVFbZz,asset,Lost Kiez 9888-6824,wblut,video/mp4
QmSgJtrZ3Hq2fn3ZDTUdLhS9QGCvz4Ljg3hLoLP8Qwddtb,asset,Lost Kiez 9888-6824,wblut,video/mp4
QmeELSGwYxWNfzWUTyy13juGmLH12wrYhC6F4x1Pk24XYJ,metadata,Like Niobe, All Tears,Unrealcity
Qme2yJVZkx9k6Ko1d3k899osGV1DDW7WArDYufdDgJG1Z9,asset,Like Niobe, All Tears,Unrealcity
QmQafi5zHxk7b8tLU6g59hqyn2PuSvzKDL2ZbLtC6ixzn5,metadata,WE ARE YOUNG BUT BROKE,prokopevone,
QmTKwz4q7j2ydegG4XcbjLxjpXk9oRFoRnwhbd7JbEVoBE,asset,WE ARE YOUNG BUT BROKE,prokopevone,image/png
QmSs1NKgXWz7a2MPrdM8bJeuJgEg1dWMJPG6G2UfKySLSP,metadata,Soluble Diamond Waves,GISEL X FLOREZ,
QmbQTqZWreif29pxKuqo452bkHPDCcV5A7h1u5RXEo3Doh,asset,Soluble Diamond Waves,GISEL X FLOREZ,video/mp4
QmWGfwmeZ4RrFo4AXzTRVjpBN29qYkeBj2kwzrjujaXE7q,asset,Soluble Diamond Waves,GISEL X FLOREZ,video/mp4
QmPkZaJtBMnE4cDDPD5mpJ2DQd7no2fZgEimAcT4ssyQ48,metadata,dérive,Faktor,
QmWp3puCJVxSED5JgRBGQrxV8eyDx1WNnTx7QB6aK1jxzA,asset,dérive,Faktor,image/png
QmNRei7whsEvUzYEDBvYCf5QBEoxPeKTCP29TrpY8yXs3e,metadata,Fiesta,Zach Murray,
QmPKGwSfd11NpHySwbzAznfVtpZsGhesjEeMBYkFRai7aT,asset,Fiesta,Zach Murray,video/mp4
QmPNGzBYH6BEgP83SrkbTnkLqrUcTsY4kgbgexAZ2ZitFr,metadata,Suprematism One,paulstayt,
QmRGFCgCaHmrgUYBM7f2Sa311K3tscFi54U3psPpU6drSX,asset,Suprematism One,paulstayt,image/png
QmXvPAf9Q2rntMY9UiTiyBDe7nwivDDzUVmSwmNgwpsAZL,metadata,Once Upon A Time In Crypto City,hairofmedusa,
QmVT8tAPc134jYsTBSaZbXKLpUK8QNBxD2USDLTAhrX7Y3,asset,Once Upon A Time In Crypto City,hairofmedusa,image/jpeg
QmUh5CMHSodB3gT74ihgPUjkFZ2ZYeZsHwR37XiwULGmTY,metadata,MIGA I.II - Exorder,jamfactory,
QmYM3VmkMWyuP1LMo2rCGtn9M61SRhNfegWQExiJQMq1QK,asset,MIGA I.II - Exorder,jamfactory,image/png
QmNxhh9Agn8iDDHzXdhXm9D9G3C1WbPsi7LGKXkHGAaFUf,metadata,3STRANGERS,L S O,
QmbdgrpFm6sMkvUPzfxdht1jDQg8BQXctDbquPhxcpeeAL,asset,3STRANGERS,L S O,image/jpeg
QmPz3Bm2noM9R8r1Ur9GAdYnuQFvqM9m36w2befWDGx6Za,metadata,Who?  What?,Sparrow,
QmZiAnaHbeVsKczm2tTxCD4G4ogEV8ZwAdTfAyqCBkQttx,asset,Who?  What?,Sparrow,image/png
QmReA8mCfmmMbyiT7GBXCCFiBnndB7SBZq4zSLQLUfoPJn,metadata,Crestbangers,Jokreg,
Qmf7q2FxdbbpUN3CCLm9BnuHy3H9E1idBhehnxxuhRQMx7,asset,Crestbangers,Jokreg,video/mp4
QmYnHyLsm97g1kBezqYW2yvdihjf7XpVpeRHNrFJyXeN8r,metadata,ARRAKIS Series: Great Worms of Arrakis,CryptoSpectr,
QmZdsnv8k8fi4z6edf314pjHtbXYkkCqQmdf4nsY5fLtrG,asset,ARRAKIS Series: Great Worms of Arrakis,CryptoSpectr,image/jpeg
QmTmYDTGhZMHZj76KLGpDzkt5Yx39yBc46qjjfrKvnptEx,metadata,reptilian overlords,night thing,
QmSKugDsR7D4p8UGyp9QAMAzNkAh9646VQeaYyghuHWGsv,asset,reptilian overlords,night thing,image/gif
QmNbJ8sofW6jBncxGeYkiWyW319DK98LMzEUzbYNncnWT9,metadata,Entropy,lobatusgigas,
QmPZ6CzCuzSED1W5TdpHQiDiCSyZewEm5LSETjBVSVmVFU,asset,Entropy,lobatusgigas,image/png
QmdoieCr1cdbDszgHnGx5411VVqYmB7R5DCM86Yq4DK7SK,metadata,Banana $BoNeS BoX,WizardX,
QmdijhrLry1bTo8MiKf3mWEbzZkV6a2ehQKNxAE6TJqQHV,asset,Banana $BoNeS BoX,WizardX,image/png
Qmf1GKcPWDrSNJbwDfjPcHgc5PGeTXmixhD28hNHNGSMFV,metadata,Girls Only Gala,Anonymous Nobody,
QmVcyVbFRiVsLwibmNGCxzPR1nXV7k9YhTcdmAdcWLtckZ,asset,Girls Only Gala,Anonymous Nobody,image/gif
Qmb7kJYMLDHHaF6e2yYCqNhRkHHU3u8o8BinhRV2Zwtt1P,metadata,...,kazwes,
QmRLZn6bvmy9VaSjPyr2tYbDDqtFCHmJDJiuahq6Spx5nM,asset,...,kazwes,image/png
QmdWvHEPD3etJ8VZXuxcrEwTdLT2c9LxFWMwUvqhuWnUCx,metadata,distrust desire,kamiljauregui,
QmfEnkGQMntDkvM6eCTeog3gqWaLUuwbMMFJZC946V8KJy,asset,distrust desire,kamiljauregui,image/jpeg
QmXRCoCtYJqFXBCMvaV6gALxekWTHuv4b3rC14rEiCEchX,metadata,Possibility,Sparrow,
QmbWFWL3Snb7x6yQdLhMyKLk1vLyV897Ee6e9xNhMXaoey,asset,Possibility,Sparrow,image/png
QmXXvqSx33DSWwdV5WS9sz3U6Ys18txhrCcCRsXVagozgg,metadata,MIGA I.IV - Paradox,jamfactory,
QmVht3vzr1L9QFWwgkNznBjRTEBARqZvdUHWcdFzqUHHwh,asset,MIGA I.IV - Paradox,jamfactory,image/png
QmPR7TJTGpUaXsfUjo1SuxMu2XHQiqWLocpXMcGLLBdqE4,metadata,Abstract beauty, artwork of 07.10.20,Alex Shell
QmbJBXfkydixWAcs4u1g938s8v3PQjx39gP8GvGuKUxmfG,asset,Abstract beauty, artwork of 07.10.20,Alex Shell
QmdQxMKQEphqL293BrmTVF4CLbtMB6pYmg83LW8fhsLuEz,metadata,Attractors,javierdeazkue,
QmXGkc4MseVMpbaEVkXH9pj5uprcHLw7x7M1JohEH6cPPN,asset,Attractors,javierdeazkue,image/png
QmRtdG6CfajrF682dNKBVfnEDnVPMqP51USg2eJywLyHE8,metadata,NFT SHINE ON,mr-monk,
QmRUwb5TenvyeBFYjfkhtubMEfK75DME22UpEyQcUuMYY7,asset,NFT SHINE ON,mr-monk,image/jpeg
QmWVRBxTebyfi9xdwLYNaGsvX9qmisubB3FMuLMw8PCzVy,metadata,Lost Kiez 5845-4304 Phase 76,wblut,
QmZHF2nXcndYUgMd8i5ouJHPT6F5Umi65F5yh4Kqpgff7N,asset,Lost Kiez 5845-4304 Phase 76,wblut,video/mp4
QmNuAz7Tqtip7GkNMReQ1qp27c4A3ffbi5XxhZKSNNPGY7,asset,Lost Kiez 5845-4304 Phase 76,wblut,video/mp4
QmWzA7D99RwJojawtkRouqpP9n8xn6wi63Neqg5FK1rP7V,metadata,Aurora Skull,Glitch in the mARTix,
QmSDswt4pHYgfsRjAJSky6GFe4FGiGZVnuSn7JUXm9QAfZ,asset,Aurora Skull,Glitch in the mARTix,image/gif
QmUTULWBohfztmuwaHD7oXvEnuGcGkGsoPpduPwt3vZKJc,metadata,A-Spec | FGRC-69,defiantsquid,
QmQCkAY1dRvWziz8fXScgMmhzugbicfMyu5wRjUBq1brLn,asset,A-Spec | FGRC-69,defiantsquid,image/jpeg
QmSa3dCxfYFtafid8jKeNeJp6Gi2h98in8S7Ju6SyVRTyh,metadata,$WARP,Natural Warp,
QmWj82fAuq16DinvE8FzXhnYYgvZQzagXsdDJTjRnnqzUM,asset,$WARP,Natural Warp,video/mp4
QmNi6mJvi19FYqMbW7UgVNR3Ghpye3E3wynz2p2s12ErSy,asset,$WARP,Natural Warp,video/mp4
QmPLqeb59SajHmDJiszKLLAqfwHe7h33kT8nV64sw3WTK4,metadata,WE NEVER DIE ☠,UrBen,
QmUdqPGeupFv6sjakVbxjTuQGgzQLn9Npd88wZc5fwsavz,asset,WE NEVER DIE ☠,UrBen,image/gif
QmYVSFtff3fDhQbg5cs3Bn4k4yYyhdnicbvCsiTQpM8MN8,metadata,CYBERCHARGE XE,Genuine Human Art,
QmQJ2kcbjvZE1LtwSduBm1BHor7TgNthuHKfyYjT39HL76,asset,CYBERCHARGE XE,Genuine Human Art,video/mp4
QmRrFxL3k2BVxyY8xD12c6km1V1B8Aqtjk2EG8TyHwwWUC,asset,CYBERCHARGE XE,Genuine Human Art,video/mp4
QmfSyEpf9PkfaqcRunapboFe7m66j13MGDff8nwXmrRYsV,metadata,Tongue Love,WGMeets,
QmTKEkZVtYgt4C5tRHDA876PN5SUFF9cWqhb1S3obM17Dt,asset,Tongue Love,WGMeets,image/png
QmXLPHT6FkuUrx3n3XGuCBFmwqVtcDHwLf5G3Kx73kTbgz,metadata,Elora,SkinnerCreative,
QmZ2C2ZAA9te5mBaCFu62fghsxp9hvrpSFQSyJkXz7oL6Q,asset,Elora,SkinnerCreative,image/jpeg
QmX6575VTynMJuctwFY3NbdXCHDWve6u38bBmYuSw6VLYX,metadata,Once Upon A Time In Crypto City : The Collector,hairofmedusa,
QmQsTe8tokEoKtyMDBeKZ13s2afWdmKYTaooWfaqcQaKFZ,asset,Once Upon A Time In Crypto City : The Collector,hairofmedusa,image/png
QmYs6o1QanZzGvEm5JBqBMRpg1jLFYM7FsYH2NWnBdGADN,metadata,The Dauntless,Kitty Bast,
Qme2WfcoXhRw3izk393V5AEXt3gALD4ZmpTaSeLE9raZ4L,asset,The Dauntless,Kitty Bast,image/gif
QmTjJxibXc4yTaenMT7aYZc8zuifKkVUHeQDypuKzamM9q,metadata,Abstract dance.,Alex Shell,
QmS5YJ4qHSwE94qEPF9TkQGSRD2f2oYAnWek9FMRtGbmya,asset,Abstract dance.,Alex Shell,image/png
Qmf2nApNfeXLUVUaYHF9maYdhz86GLcfdEAPLb1UfLTL7S,metadata,Tainted Forest,xBruceTheGoose,
QmUSDecqRAs9e9hT5FnAWh1ecgQWbiC3aA2XTDAimSEHZs,asset,Tainted Forest,xBruceTheGoose,image/jpeg
QmWt2ebduv4uHXJ1RAQ46xHSGWoC46vacowK5fYnsLakwk,metadata,Matilda's World,Boreal,
QmdWezPbJ5bwTrUVTkud6iwYEacZ5QRp54PZRTyVj3bJBw,asset,Matilda's World,Boreal,image/jpeg
QmX71c3AEdAv9VMDpQ9nKZKUF3GfrC816BijL3guWvZG9x,metadata,Zooted,CultBitz,
QmbrFhT73tWjaqP8ozktBueyqXuWcuupRsxB4hxGomseWX,asset,Zooted,CultBitz,image/gif
QmcwjizcDQQxEMvBUMwU28MtxZ4hDaNdZ38wBm1uG2gfqp,metadata,Transmissions of Light - Luminescent Complexities,GISEL X FLOREZ,
QmP4yGcEHyc8vaArqgy1vKxXGBAwFCL66qDufupEeMoptJ,asset,Transmissions of Light - Luminescent Complexities,GISEL X FLOREZ,image/jpeg
QmeTAJx4Cm33jDmCJzniVTPgdFv2ENPTDVFuGEX8tiwWY4,metadata,Visiting Transylvania II,Kozachok,
QmcpA39BLY4eFHiCmYjMkavys4vGS8u9DT8ZkMfxWV1mw4,asset,Visiting Transylvania II,Kozachok,image/png
QmS6fBf7EExMeY4t7WqpGFfZkp6crEncLRUeGMmKT1E7b4,metadata,What's Pink And Invisible?,Unrealcity,
QmR3ZrUV99wy7dYvphC5xaTWYhBjWqM2XwnA5HNWWGJFLL,asset,What's Pink And Invisible?,Unrealcity,image/gif
QmfJC17GAdJt7J73JhrKtMGS7knmbfw96EkQXKqnniRJLi,metadata,HeadGear // Genesis,Griff,
QmbyRiKhzFCpDMKBdZ1a3fxafB7815sDRcqa71QertbTed,asset,HeadGear // Genesis,Griff,video/mp4
QmddczgoyWGB5A7RWBF7WPzWFKMHwCSnreRmN7Q3Cyu4wa,asset,HeadGear // Genesis,Griff,video/mp4
QmX69Sg17pAhhVeDV6R471PQ7B1wuqm6Av5LZcFUrjjHZ1,metadata,JJUDAS,prokopevone,
QmUFhLygVeCuWjz3Sc46gQh1DWVAcyBmFcTJK8wKSxQ1Gm,asset,JJUDAS,prokopevone,image/png
QmfDsw22A9fpnGcA1PSJNbYywTDwdZJqYpsB5Sd5Y5BUGh,metadata,My heart is broken.,Alex Shell,
QmSCd9FX8JdPnNPx2kop1mBjNk327VWPxX16B8Ns5q8kCL,asset,My heart is broken.,Alex Shell,image/png
QmYiwuybHFiYxATdJLLaLnW127Ecoa8w8FE94UKGG8KXPf,metadata,Kiez Seed 3798-3644 Phase 1-24,wblut,
QmegNeQTpgbw79RypgzaHkSEGhesp9adzsSXwFBFCFn415,asset,Kiez Seed 3798-3644 Phase 1-24,wblut,image/gif
QmQfzePNqA4jGSjwZ2bxGKzwZJuj6SwgKNCCbjtve9kFwm,metadata,The Amazon,dadaveed,
QmUcJCB1a4PXL9JsGFBeUnNKzW8YhAgFG1oUCP2bSuy9SK,asset,The Amazon,dadaveed,image/gif
QmX9ZiWWEa1eLB5aBeKyUdwbTyuEo6CG1EMMJUGYq19mwp,metadata,The golden Girl,Paolo Leone,
QmYm8fKUKzkMSUfB56oKVjQax3FimJ44ZKmCC5uCTL48Ax,asset,The golden Girl,Paolo Leone,image/jpeg
QmVskqEwGscrgPuKUf4j4Y8bSHhw6gPbC7jiRGWDosFZSs,metadata,Private channel,CIVIT,
QmULXcqYBbxsWc374FNrsTc4MtenwnCePJzbdTiLEuzoeW,asset,Private channel,CIVIT,video/mp4
QmWgkSYWq9mr6FzvRd8i6415MWJMh1S2BYYFUQDcTjrtTv,asset,Private channel,CIVIT,video/mp4
QmZ71zjGZUEs3vDsk7eKoFA4w1pmWXVF9adespqnVoDRNt,metadata,Empty Spaces,Undeadlu,
QmZMgg3JEnzVBpZbSepbv3yck4e2pwdepxgogZYFRD96Q9,asset,Empty Spaces,Undeadlu,image/png
Qmb1coZoryRH7f62feFHUABMv9Pr48UEXiWB97Au9FA2Ke,metadata,MAT,zuppaman,
QmS92fdUP6RXBiyEk6eHxyqLgSrB9hKTuYfKrL7zBFSXr3,asset,MAT,zuppaman,video/mp4
Qmf4mivwjQCjQvJEEY6cX9uxSFfkH7ZvTUq27yzMukNEBP,asset,MAT,zuppaman,video/mp4
QmYT9emkB8s34vu6Hnc4fA4mnTHQjB9dUD7tHLhGqH7HUz,metadata,Necro Aphrodite,SkinnerCreative,
QmaiFGggtRgFSHZ2P2EfGYyvSWU8DfCqVaDr6hjFfSHqwC,asset,Necro Aphrodite,SkinnerCreative,video/mp4
QmXLsF7fV2nqJgPjzSKvQ4wTEUFJmTCLZM222mcpnxKtP9,asset,Necro Aphrodite,SkinnerCreative,video/mp4
QmZyqnKA5etDoPKuGH5Ysjc6pK1iN7nDDp7repSXMDAvHo,metadata,Llanto,lenny,
Qmc52eqhbtTtV8ypwAsbsN7bQ1d2UFhrzMBHNe8vfrpx8K,asset,Llanto,lenny,image/png
QmWAykgQUQt7LWEQjV1urB9ySxkG5YE28p5oPB3kahrPAF,metadata,LENNON 9.10.40 - On the 6th Day,SicoCreative,
QmXpTdCXxKdCswb9ERfgT9het5BxymbPD4XoydiQsS6At2,asset,LENNON 9.10.40 - On the 6th Day,SicoCreative,image/svg+xml
QmUujBoyp135VFQgg26ZhwuyG6dmaRavFQSnNLwFrHLzRe,metadata,Once Upon A Time In Crypto City : The Mysterious Case of Satoshi Nakamoto,hairofmedusa,
Qmb6mDU6GcFNgZcMqfQgx89H6o57G46xNnK94hM48xyY6A,asset,Once Upon A Time In Crypto City : The Mysterious Case of Satoshi Nakamoto,hairofmedusa,image/png
QmcjyRpfRuzLCS4vSSwJ1ochuSRBVcEqAKosAjadQZD9fx,metadata,Village Crystalline,Something Strange,
QmNVcZtmB7krehKh9dziTrKf8kUZg3Vv3pUpvfjQUz2p6n,asset,Village Crystalline,Something Strange,image/jpeg
QmRqdcZ6TEN9kk3R92ZgNTYSBbJYMA1GgBLM8ArQoGNYT8,metadata,Virtual Space Imprint,AlekseyYalovega,
QmcDiF39G7ug4WCkRf6xSYruVgEQb5de53naLMwArchpyC,asset,Virtual Space Imprint,AlekseyYalovega,image/gif
QmNRtfKvg4mBMSWbnRgKHrkhBuRwBEtTJrXdok5eG9C5BG,metadata,_ not feeling home in reality,abysms,
QmY227yzyVqdavLBHaRVMMjJLCopYjGTbeHEuvUCGT5WQA,asset,_ not feeling home in reality,abysms,image/gif
QmTUi9etVbnupUDjikSC5rvp22JtGp3ShECnpkU6ebRZgb,metadata,Confidence,Jwawi,
QmeUJtWKK6tzBgWCjPkp4kPQABcodXbunexdipizytS2Vv,asset,Confidence,Jwawi,image/png
QmZMNeur1Zo7aswcFPNibWtP5vKEbdV9g6yxUUnZnKuYEx,metadata,Rosalia,AnonymousNobody,
QmWY3E9YeBHTb8pMcrqMV6cc1ZdveeUSVAG4RmmTrcmNAv,asset,Rosalia,AnonymousNobody,image/gif
QmcoWey7chfoewUmPudgB1zgrfYs3NRpvSdJM8xSHba35P,metadata,Infinite Improbability Drive,craigers,
QmXxiHRBUPrAwv91QKbGCMBtpgHJ79sz676JLubDdwKXMi,asset,Infinite Improbability Drive,craigers,image/gif
QmfT871SFuSCUVakgUTGhJkEXN6Ry2tEHTZ3o5TMT5a2NV,metadata,Kiez Seed Schematic 6319-6844 Full Evolution Phase 1-60,wblut,
Qmby9cjPkmxrCnibrhRQXSRMfcDo4YA3HzbWK8qikZFJ46,asset,Kiez Seed Schematic 6319-6844 Full Evolution Phase 1-60,wblut,video/mp4
QmfWnRX4BWNaeeSP3vqDYtWv74JcETm9mzyrwBSvM7vLSe,asset,Kiez Seed Schematic 6319-6844 Full Evolution Phase 1-60,wblut,video/mp4
Qmd7AjrN5RUJhctHbKvB3dqGknrLPV9yF2ETdjfJ8bjw3F,metadata,ELVIS - On the 6th Day,SicoCreative,
QmTJtA6SLvyngDNvGkrvwQ3DUbKkfWUDX25Y5EJYyc77E7,asset,ELVIS - On the 6th Day,SicoCreative,image/svg+xml
QmWVQt7CWhQBXQETibbanSgQsk7oucpmC2sgK6nkoxTFpQ,metadata,The Modern,Paola Castillo,
QmQXso9KYkuFGQxSgZSQdKhdFJKqx3EXaZmF9imWzbHRRm,asset,The Modern,Paola Castillo,image/jpeg
QmajNX6v4EA3F7iBR9BUz57SQKbKqafGdxibwoYEjrapwD,metadata,COBAIN - On the 6th Day,SicoCreative,
QmTNMRB8e21EymXCDEGqWuCMmGudykgSkg3qmFo9WxbEkC,asset,COBAIN - On the 6th Day,SicoCreative,image/svg+xml
QmdWeSSRy8He58rN5yayZoVuJodBL5hebxdhwVmfPVk611,metadata,S1ccm5M,CIVIT,
QmPbMSz4SjfSx9SDaBvoM9bMdCgCsejmHPS14udmvMnVi4,asset,S1ccm5M,CIVIT,image/jpeg
QmTxy3XntLWReUjc6H9iCR1wwEoD1WvR26Md3nQMm9rdaE,metadata,A man on the road.,SoulineArt,
QmY6a1FaTqk53CDCXAUqSCfu2GV5VA3TracrJjDbrtzXaw,asset,A man on the road.,SoulineArt,image/jpeg
QmSRpYnuxUz72b3TZ8uLV22in8XzUAQrXSYDGfdN7VtvKj,metadata,|| Regenerate ||,Something Strange,
QmdTmDcZtdaC6B8YhK2D3j7T2Z7dXXcWHJcaVNiFPuos1a,asset,|| Regenerate ||,Something Strange,image/jpeg
QmUgJc8e5gLamZ8BNGyRT3JFQrsFKFZ7CH8jEqeBE3jyk5,metadata,Riot Soup,Unrealcity,
QmZENCGKT4uS2KvQUqWy4PPHbX5psr2tzvctC3HuFaBjz6,asset,Riot Soup,Unrealcity,image/gif
QmXJjaQqvL19SFbWkSSbc54U9q5rKxfeoxyvJzpnBwxxGG,metadata,Hatching from samplology,Iofeye,
QmUfr8c9ZcTRxGSn6tdwCrs4AK7djVgPUMb2sFYehHsXWN,asset,Hatching from samplology,Iofeye,image/jpeg
QmU89RmRZaFDb4h7ML4gkFdZ2uLNtYQDUdYxRW8PxyQgQt,metadata,The Man on the Moon,Okin,
QmaB2uDKDDSD5oDQL6dVJRVX64smAitYJKrKj8WrztHnwi,asset,The Man on the Moon,Okin,image/png
Qmf9qYon8HBhcpiQbZ35pvtDwi4DfNRKpWhkmxVqoZDhgQ,metadata,Melting but not hot enough.,Jwawi,
QmTJyuGjp6YgKWSXmKoM1kqWL6MUvcLytqmkZDkKYLPepg,asset,Melting but not hot enough.,Jwawi,image/gif
QmfCTMfcJv6ss59Y2tvGgv53KYn6uUD7CCHsYTEZj5GAyK,metadata,Dennis,Ann Ahoy,
QmYbYFWUncymwANoM66r4V3pFnSAZ1XHE6vAnecdcNBH7E,asset,Dennis,Ann Ahoy,image/jpeg
QmXoM7GruZhHd9zDMCubMcj8s8L5mKojt3dnaasUCDv5t5,metadata,THE FRUIT CARRIERS,L S O,
QmfLbQmL5znoepkyz83atf2UdtoucyDRVtU1ZJiSbJJhcH,asset,THE FRUIT CARRIERS,L S O,image/jpeg
QmebP8dHQDey6ZnzVNtZPMmNvqC9p65ax9nquBU6ug9Uhu,metadata,milk,Serste,
QmNwZBs4EENotzoFs63K3t41UEyJvWA58PvD7P1uYeZXF7,asset,milk,Serste,image/gif
QmPmzwq52YZy3jmqJGM6H93eUJhhyaR2sjYavT45BJoRSe,metadata,3 wise men,hari1987,
QmSQJ94YWJZprF8BHeMZbfpzcjmAcEkAKVJW3bFVTEJTqN,asset,3 wise men,hari1987,image/png
QmWRoEAMQwZrSsCPxn37Y8JcUTKhVXKg5ffm98pFf5bNBH,metadata,Digital Relics 03,kazwes,
QmRyvpFimE87NKEQ1zBofqLwckZPLKxP7KxE2urjBnWqEW,asset,Digital Relics 03,kazwes,image/png
Qmbir8ehCyx1ffKHfnRwioMQmkpjuExzuMCjdV41RLnaCz,metadata,Modern Time Crypto Robot,hairofmedusa,
QmVQF7eYBsBqQfsg8gky9FQMMEFbQgdrktkMkqYFxYvW3w,asset,Modern Time Crypto Robot,hairofmedusa,image/gif
QmeyNr3pSZxgK29anLqeUc7rgZwYvtt2722ntrKt4q2bTU,metadata,Abstract artwork. Donuts, sweet donuts.,Alex Shell
Qmboq5cfPZZ6WBFwcbhf8UMuBctZNBZWcLUWDHeFwTJak2,asset,Abstract artwork. Donuts, sweet donuts.,Alex Shell
QmSoG22kcTU3PB7i64Fns3yh8nAddPHtdbdZp7XxPACJ7M,metadata,RØØM CH4RGΞ$,Max Osiris,
QmSr9sgKCMsL9U8tScbhZCB1JzWh3GPcySqnvC9qatn111,asset,RØØM CH4RGΞ$,Max Osiris,image/png
QmShRS55fQKs3gg2dt4Swbgyg6HKb1hzXyzs13UPn81XL7,metadata,Apocalyptic landscape (Dreams of X̂arané),Daim Aggott-Honsch,
Qmdo5aJu1gk8Pon2FwHF8qw9UxopuXaKhCcYbSahkTDtDm,asset,Apocalyptic landscape (Dreams of X̂arané),Daim Aggott-Honsch,image/png
QmTWgd4wYrJK1Pxoz7XMxAnn5fam35hpNCT6GdcanS9NYQ,metadata,A LADA MONEY,obxium,
Qmc8zVD3uyFem1GYSjVqLBiiqybM1nboRo3bLWA8nuxgnu,asset,A LADA MONEY,obxium,image/png
QmXed1uLY3eQX994872psUktuFGobDHuFtWdYWyekhf6SC,metadata,And even the dead may dream.,Lawrence Lee,
QmSFSd8p9zKKjDBxg8M39pcb7Syt1RAWbMivgkwCLkj2pa,asset,And even the dead may dream.,Lawrence Lee,video/mp4
QmTJJB5PD8GiSmKWkettVJVMM69eH6LVUaTkqhgsUKJoB1,asset,And even the dead may dream.,Lawrence Lee,video/mp4
QmRzmaXj5Qgsm3VifBwK8ZSMN5ZHxZh3WZkAiNbqAkEZkt,metadata,The Wandering Mind,Ann Ahoy,
QmRrpeHzdhuUnCtg5vCwfSMmMXpmMZQNDsB64S88M1mjuC,asset,The Wandering Mind,Ann Ahoy,image/gif
QmYq73SJCoLirXk816XAUa9UuGoeEvqW2wHyqtkqDtQx5a,metadata,Pixel Sorted Micropainting (GgRrBb),neurocolor,
QmYCo14BNwFqThoUsBsoYwFRgWNhteTXRsbfEcJ8zm6WiE,asset,Pixel Sorted Micropainting (GgRrBb),neurocolor,image/jpeg
QmToYmDqJ3dkXjXtvTaPi2HW2mfNigdQZpP7fXzeApxU3h,metadata,The High Priestess,SkinnerCreative,
QmcgGJZSd7aJ7Ev85DmPpngFaCmP6TWLNW6vxvsrcXhsDm,asset,The High Priestess,SkinnerCreative,image/jpeg
QmTnUCBXMgRMijozCQc4U61V3hhxwH5F9n1ACtssobnkh7,metadata,Desert Knight,Griff,
QmTvm6tTeJx3xVtUcnusZreuPokyN21rAJ83wUmYkm1omG,asset,Desert Knight,Griff,image/jpeg
QmbB4e5GPDTpXh3jPQwGPpdf4hbGxCMMcXZjv135VJ4NLB,metadata,BEHIND THE REFLECTION,Voke,
QmbHM52oHmmcBVLoLhx3Tdet4ow68vqdkjfae7oGhHHtPn,asset,BEHIND THE REFLECTION,Voke,image/png
QmTXjDBCBJxVma5RJFeJ3HFXxkYYTvcseDJ5NQcq2u53SK,metadata,4.0 KAYDA,Genuine Human Art,
Qmb5FocnK3u12mrXJmm4eKJ2AYrjzEbH1aet1wUSGhhqFr,asset,4.0 KAYDA,Genuine Human Art,video/mp4
QmdnTKQaCTx5MUzLHpo5SzD1iomePMvcnqmH2FfJyNiHju,asset,4.0 KAYDA,Genuine Human Art,video/mp4
QmU1fxQKAjB5F3jpoDAuE4vLZWJbrnvEGzGwufzKkatbHV,metadata,NeoWave: Intersection,Signalnoise,
QmXYnwaWHQdZAecTF7L4B14kiLfgrvB3f4T48wSEcejob6,asset,NeoWave: Intersection,Signalnoise,video/mp4
QmURoFYg5MmhY1hr7V1Y952kvkF4o8yeXRVcGS5vyXzqmW,asset,NeoWave: Intersection,Signalnoise,video/mp4
QmRco5Mg7zS3Q6TSF3ELELUKHNptWQ83dZK62fE2pPZeqD,metadata,Urban Intrusion [I],HVY,
QmUTb2tyTLJxzUepQ9mDFapKDgkrq6PkXnRmhphRMzmY31,asset,Urban Intrusion [I],HVY,video/mp4
QmQs9zc5sLPqSSmqaqkRBtYNjHESD5ZYhjmvtQeGeENdNa,asset,Urban Intrusion [I],HVY,video/mp4
QmQpVKgNKbrvYvt64XmEcJoHWpnJbbw4C556QVTQzDYrMH,metadata,Mentalism,UrBen,
Qmayhw5tsvEFCGxMKW8BPTJMuSSVECaEc7AmWzvNy4b9CC,asset,Mentalism,UrBen,image/gif
QmakPnioQ6dtr2ossg3wk4BYdvSEgSHgfBqVXZxRFu7z11,metadata,Harajuku Pack Leader,craigers,
QmamYKbdGc3P5GJgamCkYvsADvN84DJkaaowRVo2341bvm,asset,Harajuku Pack Leader,craigers,image/jpeg
QmcWaszZt6kYKqUkjMsSBQz2YJxNUx9QcuBSmTaSjXYFhM,metadata,Once Upon A Time In Crypto City : Choose The Right Path For Your Destiny,hairofmedusa,
QmNwD3uKtF3yVPtzqcf1LS21PEmRCZSEu1h7F6MwjMa42M,asset,Once Upon A Time In Crypto City : Choose The Right Path For Your Destiny,hairofmedusa,image/png
QmP6cqR2CaWCzu37SWMH9ciYQUUBsretttSUvzapbrpgmC,metadata,The Absence,CryptoYuna,
QmS76v9tcr1H7ydKZ7KD3P716S4jo1Mxhiq5V2Wicir52W,asset,The Absence,CryptoYuna,image/png
QmPTK2qb893DJ419ftqHjz9m8XSuH1enRbz5Q1uwSGQKve,metadata,Digging the light,CrypticFauna,
QmYiwDwFRaevv3zSVmX26Ac632KYjZqR1N1MbnKc4MDe6k,asset,Digging the light,CrypticFauna,video/mp4
QmTQeebiyr1JvP9Bj23Tre7bw5np4wpJcim9D8JbVSWGjH,metadata,Rachel,zuppaman,
QmUMStRxyfME3QwjTwc82bwD5jtHtCtab1EGSHQnHXXFGo,asset,Rachel,zuppaman,image/jpeg
QmYD37D6TzSbVrTGHGcTY6PESsGjFhU6tSJ3WA7mXtN1bA,metadata,/ MARTES 13 /,GALA MIRISSA,
QmXKmsYBUYhU6XRTpugK9tCDSFSdxSVnZwPh5nANqS9eAc,asset,/ MARTES 13 /,GALA MIRISSA,video/mp4
Qmaq42ZaZvYBHisF9GgG7ca3vzkZky612Sp8sSHCXMx1Do,metadata,HeadGear // One,Griff,
QmWzeUaERDcoewLnM2iUc9QPUwv5ZgyYexVq1mfkXVFczE,asset,HeadGear // One,Griff,image/jpeg
QmV6xb9TM5vGcqkoAfUnwxgpobDZaC3i3hdrWkdsVsj4eM,metadata,8.0 ZED,Genuine Human Art,
QmYPNskYeEPdm2oiDeabi3TeCc8YX4zKsUBjqaUUQbicTH,asset,8.0 ZED,Genuine Human Art,video/mp4
QmVrR7PJUdMzvN5wpUcDDcVEdKncfGzr4ezAuy8XHc4vy6,asset,8.0 ZED,Genuine Human Art,video/mp4
Qmbe5TY8M3Bpsiikg3JKTxWJ6GBb1NmFDmUV3j56y8rtfE,metadata,Crypto-I : ethereum,Jwawi,
QmYtJfgWQsnnxi4fTBELzz9PjFgsLyxdLvSvQa565R9GPZ,asset,Crypto-I : ethereum,Jwawi,image/png
QmSLRZehdoUDSWcVzWAgCeRiw2TdqeTTPqqiJptQR9G8XK,metadata,Interaction,lobatusgigas,
QmYUxcj82R8cKcNHxnsw8zQycneNFNda8C3yRkqkjQdHEg,asset,Interaction,lobatusgigas,image/png
QmNZTMwAvoEDoCGDvDeiGrWCb1ij6Ac8FrgwrW1VS65P4x,metadata,Waking Up,Kozachok,
QmaHfmfbm5ykMcoUwyUDh7iEfjDwXdCasZ6xZa1CDrd2Za,asset,Waking Up,Kozachok,image/png
QmSukxZtXZpjdAskowAtenbaUk9iZN3tieXgQkkKUBHr11,metadata,AC/DC,lulu xXX,
QmdQroNRZswSJBqUrv2uEmqVMMBcAtsjjAN8WPieTrNH5g,asset,AC/DC,lulu xXX,image/gif
QmQFER167Jn6BCwC6ALZ7nYYfYVJ4tWQhJFThFJYDidZFS,metadata,HeadGear // Two,Griff,
QmYMtgBXTGuhZoJt5ZATtUFABM4SauXbXGgkH7qL37XdMe,asset,HeadGear // Two,Griff,image/jpeg
QmXRTCzwkp18LnfEW2hCYVzupPmJiTFaJZXzkPgnkRR5Cj,metadata,|| Schematic ||,Something Strange,
QmZBGJnCtd4xYs16FonYxp8oUekFsSv9BvXDaJnMFoD8BX,asset,|| Schematic ||,Something Strange,image/jpeg
QmV8VJtskFxi9G9MtmhzmGXQxTE5qDGo82LBDPp1Lb2hde,metadata,$0N 0f EtH,OsiRisORion,
QmeAtMX6ZyQ3hZvPqCDXVHawC4CBZxt7NJN7bfE68AkHZ6,asset,$0N 0f EtH,OsiRisORion,image/png
QmYo2GQgnxY1msQKyRYfYdyDug37dXSfcbZLmufFmcJBkW,metadata,Throes,Lucho,
QmVfSxFxrYQb32mdo4StQM4xV8mMb1scSPtLSnNzqj5h6q,asset,Throes,Lucho,image/jpeg
QmcYfeb9j8PapWE1QKVyzkuGjcg9fkXQFDvgMtnarF9Urf,metadata,Chasing digital gold,paulstayt,
QmdJP1PRoJZ97eeDSJDWiTVNE9Mmai91u7PsTFqBqJaEnS,asset,Chasing digital gold,paulstayt,video/mp4
Qmb7BWgtskXTZSbQwkYNCFi2fpDYLyMVugSi451oweNeHq,asset,Chasing digital gold,paulstayt,video/mp4
QmR7F6HUtqaXSs4WonitTY75Vm54QLkm2FYd8v9VL8Q922,metadata,6.0 VERO,Genuine Human Art,
QmRDxj37BHjw7492YxWu6w9yeTZUaVRmkxtrfRRD52VuGQ,asset,6.0 VERO,Genuine Human Art,video/mp4
QmbNV1KqHZnKo5Lywg1aLsFYApeKbxz7QhQA6GT7oHQt4d,asset,6.0 VERO,Genuine Human Art,video/mp4
QmeW8BRST6sjwtenkQyjt61eeGM1Nq2Qgf2YiuJPjrqY3e,metadata,Apocalypse I,hairofmedusa,
QmQ2HhB6kCZkzBQGqas7yMxEA1AM4Ltf9aoc9wS7jSBaGb,asset,Apocalypse I,hairofmedusa,image/png
QmNViQrkGQCBUHXR3GKCREn1FiGKmNii3C7exTJNhgNSTn,metadata,Chiyoko and the Multiverse,craigers,
QmYZn5uDSUBFxboVqgRhp4Ku4bvhDDrW29YKWrxSv62uN8,asset,Chiyoko and the Multiverse,craigers,image/jpeg
QmREnh1GHdpqsU1PFogUcd3QX6VbTYzjBarCUeaSS9zVBD,metadata,Crypto-II : synthetix,Jwawi,
QmNNfLF5AQ1zV3MrmWf9R754MLYdFFLih5AL1Jd3sHDZpU,asset,Crypto-II : synthetix,Jwawi,image/png
QmQwp4ho7r2dTZqQjp4LFvJcz2qVb6K7x5PNcYQb7cefiZ,metadata,Just Smile,mr-monk,
QmV2oA1XR9vVnR6vZn16DsTLmmxZXcvKXXwHec8F8FhTTU,asset,Just Smile,mr-monk,image/gif
QmW2KpWQBNFZnQB8BSkmK8MT1FPvagrp5uqw3do8GgQTLY,metadata,Thundercloud,AlekseyYalovega,
QmSnB44dpMpJyCEnsxkMhuNrASkZJFZn37vGUqWStauXQP,asset,Thundercloud,AlekseyYalovega,image/gif
QmQyw8TiYuBBnUm9EDUcY2MYhKCuBhZEEA8wL4aJCxfQbb,metadata,RED LIP GLITCH,miss al simpson,
QmaetNTDYGhwj8SkiAdjaHDPkR7pfzyAa232CF6jNKuU5u,asset,RED LIP GLITCH,miss al simpson,image/png
Qma5wWtBmSCyDDh6DBRNEQAik3akcTmCswgQamD89amSJq,metadata,Chani,SkinnerCreative,
QmfXRSjvY863xrpnG2dj1hPpcTWpqjLWkrtcFcYhcSivRm,asset,Chani,SkinnerCreative,image/jpeg
QmZNZbKD4VsvudDcsTTrCUfGTgLqpfKwSQM37N8D8Q7Rep,metadata,/ ARTIST HOPES /,GALA MIRISSA,
QmWLv8ZmnmGXWrsMHErDPvdUMdqdQxJsB8msmejs5nDJ2H,asset,/ ARTIST HOPES /,GALA MIRISSA,image/gif
QmSVBGcMctRhxMfxxCC2e8J9MoMYB9Xs1gvhawTM2ygP94,metadata,Milky,Kozachok,
QmcLWJ56kA7dmhdUszHgCWaH56mjgowQCBMfvqrMM48Zqk,asset,Milky,Kozachok,image/png
QmVi6M1s2YWG4PGSoNaHivh4VsVMnG81CPqzCsja7tNy7A,metadata,Transmissions of Light - 5D Fire Feather,GISEL X FLOREZ,
QmYxDDtFS4HVrkTp2AhvS32LZ8DFZGzVuizCQVnnqpdRP7,asset,Transmissions of Light - 5D Fire Feather,GISEL X FLOREZ,image/jpeg
QmYNEKBpcDFQWxKtjDJ3hMc71ncyuaokyDkD2bEKhAD9D2,metadata,Vampyre III,CIVIT,
QmcMTRVQHedqUQtoyfMUyi1cc6pYt3FwsUtrR4MVCm9r3E,asset,Vampyre III,CIVIT,image/jpeg
QmakgstVxwhweYgoX6hhBcHHQXjLx37uYFR6M9d3AW8yuy,metadata,Cephalopodan Playground,Creatifa,
QmQ8wpxyVi5JxwcPtqtUiJqp92JwMqDoz2GgNz1GmqEyp2,asset,Cephalopodan Playground,Creatifa,image/png
QmYLq3SYnVpyfms7uEPcXyyvNf1ACW6Np2zdRAPh5VajS7,metadata,Abstract art. Something sexy.,Alex Shell,
QmWuuBLcsXxqjHcAWHgLVp5NRx8yYQPk427vxHmWFeMVJj,asset,Abstract art. Something sexy.,Alex Shell,image/jpeg
QmYvZqCfHRuuVChbg1d1HxfnnfnvfRpGMjZcnWGTd1m9tj,metadata,Synthetic Sister,craigers,
Qmc6ZLKhNEnSfNUg4PeRmbRbSb28gw5LT4rqGWJgAjL6FL,asset,Synthetic Sister,craigers,image/jpeg
QmVqQHbTE3xtcxPuzEtgbb5UtkrQnp3UXkUQSE5dQWqPYp,metadata,Billie the Kid,Boreal,
QmVsWRT15UbWHEpKDXLdWtoKHYD8fP6AmGmvEj5wsxX2EN,asset,Billie the Kid,Boreal,image/jpeg
QmVKua9E7m9JskJTd2XrVZpSzQLaBAR9mGSsxq7t7qzkVJ,metadata,Weird Totem Animals Trio - Duende,AlekseyYalovega,
QmTi5g9PoZkyA7625wt91Tjyt1oGdzqEvf95ZxoHR2PaRz,asset,Weird Totem Animals Trio - Duende,AlekseyYalovega,image/gif
QmXKwJM4EGVkfZNz59YRvS9RjcrLzpjyjxoTDx2NZcw7FC,metadata,3.0 DARYL,Genuine Human Art,
QmYC3pdCBGpBWJ4Ltjj5m3sZqPCLab84te61NT3MTVucpL,asset,3.0 DARYL,Genuine Human Art,video/mp4
QmWwNzvHa8rK5ETrxiFeL34BQ1YixJdK5kzMhWkAaJdSwT,asset,3.0 DARYL,Genuine Human Art,video/mp4
QmaYC4kxZyZA3oeHGaqmX3LV76WYmQMqhMh9fsf8WjdaNk,metadata,Metalhead,cechk,
QmVsLGS7XvHKw99t2oEs8KKZXtVyKbqyLRTx2FrJC1uiZx,asset,Metalhead,cechk,video/mp4
QmRipJXAaBpmEtaCzumc2Z8xPYR3b4qQBBJosncszS7oSz,asset,Metalhead,cechk,video/mp4
QmQY8nEg5gYJR5sqEqTYcnsc1wRQqDPLQAikT5dWWvegMH,metadata,GAN Sculpture #03,mantoniazzi,
QmXREVuxQ4ZFdsFQaquQ12Xm9pEwBP26Qhv1tY7x1s32dW,asset,GAN Sculpture #03,mantoniazzi,video/mp4
Qmd9nEtiULxtnrfshrqFBQNCgg7m97NigtQecuRkDJXNtT,metadata,Cell genesis,Onyro,
QmQCFRvbmmhtT9QtPPbxoJUmpTheah7ufPXtCN4JRh1CpP,asset,Cell genesis,Onyro,image/jpeg
QmXcjozTaz7bkwos8r8Dr668dSHjiYeiSKjMPsfuQP9JJG,metadata,Snared,jamfactory,
QmdoGK5fCZ4Ud8bvgr3fxcc6FA7CqAsYahtejDBgwD2mBv,asset,Snared,jamfactory,video/mp4
QmT16eK2r2YpfW75KPdBXbJLz4Cw1zTLj5LaZwY5aB2UwU,asset,Snared,jamfactory,video/mp4
QmYp3jq7F8cSGPyiqFjFsSLJ62SfGw79dqkH651VV4QrPM,metadata,MiZaRu - See No Evil,Angie Taylor,
QmaPcqY5JhLj1jbKK25MNAQVAknBL8SqZeGG9gW4JmAuHr,asset,MiZaRu - See No Evil,Angie Taylor,video/mp4
Qmf4z3mSkdu2HuoaqMNKDMEieaH6kr9kRNkTFYk262wViw,asset,MiZaRu - See No Evil,Angie Taylor,video/mp4
QmfBLdVSAtpfWq9qCRbkbDJ5WaX3JVJsZcHqhEyfSoZZnN,metadata,vex,Something Strange,
QmUBPwAz4wcrbegYVgE1prNAsv9WjNY65zupvk4yNDSPZR,asset,vex,Something Strange,image/jpeg
QmX1pQRiV73MnzsqTa9Qeb4MhtiTrXKg3zfVugaM67tCPp,metadata,Ritual,CIVIT,
QmY2rzfLmVPz8eNAbrbGBtexnbaHrLarofRFbAePqMYRQT,asset,Ritual,CIVIT,image/jpeg
QmfD7QGAJnNqmF5XiqtUG1nSfRSvg57YfgQDv2JHdsmT4s,metadata,Autumn Cloud,Maikeul,
QmTm7kjwjv3nrLKJpsXZyDHGaHszhsRnMeXy8RubrAjXW3,asset,Autumn Cloud,Maikeul,image/png
Qmf5oh47G5wkygMGxeJUytDhTDzVM8KoUqtjUAr4LYRHNr,metadata,Once Upon A Time In Crypto City : The New Reality is the Surreality,hairofmedusa,
QmbVChpwLccvjh2weBcSs8Y3FphGtan7CvDffgp1KUuTys,asset,Once Upon A Time In Crypto City : The New Reality is the Surreality,hairofmedusa,image/png
QmTpN7JE9w3AuWj48Qzotaz43yxm7ZkGh1f4H5hvdfopBh,metadata,Lost Kiez 1573-9733, first of the transdimensionals,wblut
QmRi8zL8UXGSg6GQKhiDVPnaZf7hUqsE55P4ETFmwqb4is,asset,Lost Kiez 1573-9733, first of the transdimensionals,wblut
QmPVTEBftDd5aknXyMv4vAsmgXNeveLPHnMSc4L68Kuaw8,asset,Lost Kiez 1573-9733, first of the transdimensionals,wblut
QmUnUhjd9VNWnLfQPRCXYDA9DQkPUdxn6zqz7pDhQ5pbND,metadata,Bitcoin Rebels,BTCMVMNT,
QmZ3BqUB9N5CCXZJFnGBMnRiAtPLpXma2cwKUC54Le7NhE,asset,Bitcoin Rebels,BTCMVMNT,video/mp4
QmNLhy6whE7bToHGk7GuFVSs1KBw3DA2hUZXc7fLqYQxCP,asset,Bitcoin Rebels,BTCMVMNT,video/mp4
QmWyvwdSF1wTgexS5kjyjXCQvY7pLNV27JNeN7DkExs326,metadata,Crypto-III : uni,Jwawi,
QmTQN9Wcu4dx4d44y3JXURvb6G48FeUsvB3i1BGNVdTTbU,asset,Crypto-III : uni,Jwawi,image/png
QmUrSW2F47Ao5uNpoxRv9fm4xGwM4jnFEDHq12dbDz3Kj3,metadata,Ethereum QueenDom,MadolfD,
QmdyqVvbqYABUiVmeSdNm1z7Xr7snApUcsQeoQskJrHMir,asset,Ethereum QueenDom,MadolfD,video/mp4
QmRLiECstQAdTFcf7ck6j6nzWmXeMPXcMV2CsgcMbXNrQ9,asset,Ethereum QueenDom,MadolfD,video/mp4
QmYK7P3PiFPXao97hn9rethxSYaWXnmMnFwoA7hkrmXcw4,metadata,Weird Totem Animals Trio - Blaze,AlekseyYalovega,
QmUkK69MH7JPCG7zTxE2cRKkutpHgQpzs5yMEywjrde3cR,asset,Weird Totem Animals Trio - Blaze,AlekseyYalovega,image/gif
QmRvEKvM5oC35f6yz6CLVXoDuHm51yoYEYA6YrsdZVaUyB,metadata,MIS S,MOORROW,
QmbHpDn5icAztq2BGFYhgwc9uvPkh64pUmhpyo2HJzgTCZ,asset,MIS S,MOORROW,image/png
QmW1FxQhbESaUXRnwZNKcZJefB2hCXRubrp1gbaVkbhPJf,metadata,Azea. luluxXX,lulu xXX,
QmS2tj6obbWnev1A3eE2woMZqWgzgGRWkMXXQdfHNPkMJp,asset,Azea. luluxXX,lulu xXX,image/gif
QmWNKyjNDFDsS6j9RVNqq5mKYp8q24MCyHBZebrQ4cV7e3,metadata,[$TRASH-$BOX],WizardX,
QmRhNbJsuCtUQ9RzMNpjqS8PRpqxQn1fYLa7poU5s5nBia,asset,[$TRASH-$BOX],WizardX,model/gltf-binary
QmVYpctdNBqiSrM7bdKcNqRhdxKPPxknGy48o6JZ3dN69c,asset,[$TRASH-$BOX],WizardX,model/gltf-binary
QmdtBQCQKLH7X2EyyhqqGh1U7vDE7zd7MhRgeGZqVUy7Pu,metadata,Deconstrucción,joaquinlinquiman,
QmdcEz4AyvZAuG9N7KYRHPfhv5iFS3oyyydNG2Nqo76nDv,asset,Deconstrucción,joaquinlinquiman,image/jpeg
QmPPKMZpxNHhUWhQdULfLDswzP5iiYnswiXwd2LR4aNfu6,metadata,living torus,Onyro,
QmX3V1UBcbUMUx3b9eRvAae1u8ZMyovNAUJDZ5c4eeB1Kf,asset,living torus,Onyro,image/jpeg
Qme1PhzUJsCwgwnSFCFAutJnY3EmFFo1updY7rcVga2t9R,metadata,Gold In The Sea,MAIKEUL,
QmZKxJM9uf6HCMa4aVvYFv6nUxAJwjQXqbiPatLzSNTiyB,asset,Gold In The Sea,MAIKEUL,image/png
QmT6JpzLMSULr871XSU2rLJC9eFfb6UrkfEtt8rNcnRm5t,metadata,Girls Of Crypto,hairofmedusa,
QmU9LfLNC8G5ZTzd42khQ4iHoX7vuSLJuJa1x4NB6ED6DK,asset,Girls Of Crypto,hairofmedusa,image/png
QmZW5WcHsEEcZvVjb634BnptQLUnMmW73tR8GwmiLysWqe,metadata,Lost Kiez 5785-1368, second of the transdimensionals,wblut
QmNYj82YKnY9nba7h7STkmcFxWXykow8DP9ZgPoS1ojwFi,asset,Lost Kiez 5785-1368, second of the transdimensionals,wblut
QmNc8289UCPrGF81Rp1oWL3aN3oPbGmNT6XrCMigiraM1k,asset,Lost Kiez 5785-1368, second of the transdimensionals,wblut
QmNtbN3xHXr1VqVpLNhkX36JmoQGz1BoeYjJjveqVH8TTk,metadata,Cosmic Punk Takahiro,craigers,
QmUCA6imJLfpMrEyunvwhiqB7zc2Gtr4w53XkXnVD7NNEu,asset,Cosmic Punk Takahiro,craigers,image/jpeg
QmRqKU8iPDKVjRsoo5tvGNXgKmsq9M53rySqyrk3V7fEt1,metadata,Crypto-IV : BITCOIN,Jwawi,
QmTW6FDXDTStqe2tQg6Ya8fguQLvXfetWxYZGD9j7voX3k,asset,Crypto-IV : BITCOIN,Jwawi,image/gif
QmdYDhE1p7mZFNG9XtgU1XZowMo3RDDqeWC1yQaAknb8hv,metadata,Donald goes to the Darkweb,Johnny Dollar,
QmTyE4gSL3DmpTFMdoWE1meqUNRCSh9F12CP3SsvnmtjQi,asset,Donald goes to the Darkweb,Johnny Dollar,image/jpeg
QmTum4TkqEF9iHUQ1s1bY9P2SAfvSJTEwjU7dXQMAdjtFE,metadata,Space. Planets.,Alex Shell,
QmRiR7iaBC3UvGPz9DKNSSBGMkRvRvVq2rT7js4jSsBHLn,asset,Space. Planets.,Alex Shell,image/png
QmZPEjBSNddCF8TVoi6e5GVDdwCMR3xmuCSeRcemj6oMbQ,metadata,Weird Totem Animals Trio - Muse,AlekseyYalovega,
QmTfLe6voTCZDYvutEx8hoQYKQxfgzrNdRYPKBZj23uSfK,asset,Weird Totem Animals Trio - Muse,AlekseyYalovega,image/gif
QmQsM4n69ZhWJ5W91jZnCRVro7rL7rFt7iuGp4AJHQjn8y,metadata,Wrong pills?,Arti,
QmXAFzLBq654eEaVYpTvKG9ZN2L1vok3XRzidHKdmg2y8t,asset,Wrong pills?,Arti,video/mp4
QmNXbJZhqjvu1FzDWpeFk3MSePHL4oGRTUf99cvEdVXDcf,asset,Wrong pills?,Arti,video/mp4
Qmciz4h2gQUhxm2YQ3CgNYh6HzVoQvMsK6BeZqi7yH2UKx,metadata,Face value,HeyHazmus,
Qma3Cd39ZSzyGiwZEJURVsU9UQ6JhsWsP6kgqTf3R7eFqE,asset,Face value,HeyHazmus,image/png
QmNNvp9mftDdQJ87twy6ZghNmRY3MpGTgzMzoztXtFz3t8,metadata,Neon District,Glitch in the mARTix,
QmcsephvRNkaJaGmzALHz3kST8UGQY6nfzS7VaaUSm7jHX,asset,Neon District,Glitch in the mARTix,image/gif
QmY6YRCf1zSCvp3exKYrcQDBh9wHQFtZA5H8LGF45Vtr4D,metadata,She will take your heart out,CIVIT,
QmSmSMQyYFo2mSiQouXBaoSJ84c79wLPz3psqBCQGmyXTo,asset,She will take your heart out,CIVIT,image/jpeg
QmZHAh9Vn8RrKGhHvqSz3S9DhS2RiA1WDZevFi5J86bEJF,metadata,Epicentre,Onyro,
QmYeLdzFBuJPHbReGUK94nx1XtvVMdbTZtMhwjQmJ6JFAR,asset,Epicentre,Onyro,image/jpeg
Qmefn337NP8SM1Sh62h5TeqdQh5JK64Yvdz94kDg51xpm9,metadata,KnownOrigin,Kozachok,
QmQTYtizjJMx6gTmUnDkYo7jZUMRK22PeXzJBL8evjBCjV,asset,KnownOrigin,Kozachok,image/png
QmP22dMyFLH7sXEGtNy9KeNrk5LjxG3NMuMbeMWHoPW5PM,metadata,Klosure,Shinji Akhirah,
QmagRJyR6fA9XAFfVTTvN5HGNKpkMb3kc3xtEfSuVGiFcN,asset,Klosure,Shinji Akhirah,image/png
Qmf9GmBBdQngJRo6eiz9zwQFJiK9a4Y6XT3NMkuDqVmTeo,metadata,Care Bear Market,Aktiv Protesk,
QmNnWa8xkZL5qzLhjTsoeF4es15HxqZu32Uy4aWNBDmwan,asset,Care Bear Market,Aktiv Protesk,image/jpeg
QmUhWJ8DgyGXsGQy5yfYDEHMAH7SFL7YbrB11X5xqaipTn,metadata,Once Upon A Time In Crypto City : A Starry Night,hairofmedusa,
QmbJ22546oC9dovka2cAx8QoB5a99asZwYkofqwxQLKRgN,asset,Once Upon A Time In Crypto City : A Starry Night,hairofmedusa,image/png
QmPT3Qkv3SMLb4hJBM2j1tjUxPy7zm2Bumb33XzPE6jVdm,metadata,GALACTIC SUMMER,Genuine Human Art,
QmYVWq4PMv9jzQJ1L7Lr4PBdZ1SPc7oB6rHenX5gZ8Hojf,asset,GALACTIC SUMMER,Genuine Human Art,video/mp4
QmZjFTAwfLqZwGZ5Q34dAxhZo5pGYBsxKYaKUnyL8JtHEy,asset,GALACTIC SUMMER,Genuine Human Art,video/mp4
QmeJ7f9E2wJNjCcMU8B4HrHTE4inzX1oh6LQ4inHodKkkx,metadata,Absolute Rebellion,ArtByVesa,
Qmakzmm1EvfxTnPaHx5g6phA5ziJe3gdxXS8VKmUrJLhPs,asset,Absolute Rebellion,ArtByVesa,image/png
QmWR4cn1wWPHoLuhHSKLcaEmqJfX2htvPeiipvaMiLi6dj,metadata,Other Seas / Other Suns 1,Griff,
QmRK3QR7G8skfqzkHtrcth85r5NrVsD3MnMFUsbjgiwYFu,asset,Other Seas / Other Suns 1,Griff,image/jpeg
Qme5282wQoMTpFuR2uYxfbbcQZ8RXR4AM8KSVUNSAaZBR1,metadata,Deadly Nightshade,craigers,
QmbthZDEFFPJqS8imiEYsPoPc1uCBU8HgnDTL6BxK5mCU8,asset,Deadly Nightshade,craigers,image/jpeg
QmYd5BBDJhBQpCp7NhwJGh1iZt66SqWabLwvMLUVTkpA2e,metadata,Voodoo people,Arti,
Qmf4fcmiqdiH38goPGajAY5CVAimJ6qXLMUd9SRTF9wgVM,asset,Voodoo people,Arti,video/mp4
Qmds9baWKwzecSomvdAe4FacPRGKnSEK6rjfyqkVu7NaBe,asset,Voodoo people,Arti,video/mp4
QmNyUFLs9YAbM9zFqA2atZP1dFA64f1zLmg7V4icCo174T,metadata,Ghosts in the Machine,SkinnerCreative,
QmYX4KADkeZp3biyZCrvaKY5KY8jeSpTbCW6ZB869LfgDa,asset,Ghosts in the Machine,SkinnerCreative,image/jpeg
QmWJpxheqk8iCzQo74NxeQncJ2dBEdXigAhHQKyuewAoZv,metadata,Golden Iris,MAIKEUL,
QmTCt9nFReNCnGFmYGt6KSBUT8YfuQb2FHHBrPEctBLT78,asset,Golden Iris,MAIKEUL,image/jpeg
QmaSybSGXq2DoHfGP2hwc2EhD8Zer7RrNivWUCG3vSbYyk,metadata,BlockChained,Jwawi,
Qmf9ufdptXE7rh9VNE795hwFUF2hBqnWiAKHFuCjqdoPGE,asset,BlockChained,Jwawi,image/gif
QmUfspzfS9BGrt5NhDciU5wx7vP93oTxbnE1B7oHfcbN81,metadata,Process reform,HeyHazmus,
QmUxrgbD4AHywGeqqKhoYsds3TLtZwxQikeRFv3TSqM55f,asset,Process reform,HeyHazmus,image/png
QmchtEW3wSqqSCYSsuiup5GQQykAvzAQjaNuLzaZw5nzeg,metadata,Vampyre IV,CIVIT,
Qmc7MezDLgZssWiRjbvArqm1azikmn7A6wytud28m4J4jz,asset,Vampyre IV,CIVIT,image/jpeg
QmR4iqmnDR9q43VYs5C7yXuVriqx7x1Q9LNQKbhFnwMick,metadata,Awakening,Hans,
QmUiy3BuAxnJD12CD3V5Tw6TpvkEzEntKdiyJw53pGvs9c,asset,Awakening,Hans,image/gif
QmbFuoRvBfeYFoR4odu2wGeU3BZpeV3i5oSGNpGTYS7qAT,metadata,The Neon Wave,Glitch in the mARTix,
QmZkCKxLWcXdxECzFqGS5HcGZiNbHgMeXD3XCHnuVW7TT6,asset,The Neon Wave,Glitch in the mARTix,image/gif
QmNwtSCLARtSBG73YLxixRrp2CwdWEpH1CsNG2b26GrW5M,metadata,living lines,Onyro,
Qmbcb9vwMhxTubiGKmBr6u4rUEgUrcfvgba2vcMTGxPrsS,asset,living lines,Onyro,image/jpeg
QmSxXJddm3wYvC7QTetbe5KQEJJVXy97Pox5joYgK4ypeX,metadata,Inner Sacredness,AlekseyYalovega,
QmcfLjgbgN19hm2d3y4y4ngDcexuZvSvo9PnGSNQKG4Ku5,asset,Inner Sacredness,AlekseyYalovega,image/gif
QmZEnKSZfR5FvrkcKyTdiPCgiNEDTCbTEwaHsTRfTPJy4D,metadata,Lengen Abstrak,Zfn Jozfin,
QmdqxjfAqKcmMgspS1z84GhXAugrjexT6JgSHVdbrX8Nu5,asset,Lengen Abstrak,Zfn Jozfin,video/mp4
QmRXmLcUctR9RhP5cGYE4JJ9ZwF93JjbJpFzNT3MvgrMYb,asset,Lengen Abstrak,Zfn Jozfin,video/mp4
QmW2Ai1CJctzyU78Jkz4UGM38mpv5LWCuYvs9AAV3bwWVY,metadata,MJ - On the 6th Day,SicoCreative,
QmNvDuLSVS4a2j9FEaJPFYgx1JAyM26vutosp9gVJsKyyp,asset,MJ - On the 6th Day,SicoCreative,image/svg+xml
QmSZSVxkBVzCdj7bxpdkk8KX63A2oP9AcWvySXh95my9yF,metadata,Serene Shores,Stan Ragets,
QmdwRrmp1f6iGbneC6RkJcQjsHVVmcunsmXjsYBsxqBj2Y,asset,Serene Shores,Stan Ragets,image/png
QmYHU3Yc5QLiNHCDGA9Wn5cEW6hiRb64JGLdvUis9xrb8L,metadata,The Doomed (red),XCOPY,
QmXKQXNLe16vjuBPAAkw8fWaFBwAPjrVJtijvovbJv7tTJ,asset,The Doomed (red),XCOPY,image/gif
QmZizoFDCpjd6rTfPr78ViQ8E5pRTwyYXRPNVQ1tbo16DF,metadata,Lost Kiez 2516-5588 , third of the transdimensionals,wblut
Qmbo4NG5K6gs8xu7WdHV2rWXgo3G6wC3H2dgWNwmxDkrms,asset,Lost Kiez 2516-5588 , third of the transdimensionals,wblut
QmUvoVG2PyrRQemtHkiGxw4fvo1KddVbz4uqNj8orkFujy,asset,Lost Kiez 2516-5588 , third of the transdimensionals,wblut
QmcijodmeRbh68ANwyw4QMgFvHWjG6RaT2ogDdRgwSuGpj,metadata,Man with small penis and a cat,Lucho,
QmZ8mQxsjxwiwrQYKofWeAZ4q46UGyzvpsx7EBFe8fZcep,asset,Man with small penis and a cat,Lucho,image/jpeg
QmPSHpCX91EmNktRBSA9yfZCQ5wCDbdhkgqVhxamrdvpjZ,metadata,PiXlBunny1.2,yusaymon,
QmZTm7zrZ4UjQ7yNq8t7F434deJYe5UHWrDx197EPuSCV6,asset,PiXlBunny1.2,yusaymon,image/jpeg
QmS3jNJuWBZBksXLUYWGFrxFBRbmAtLkw86xTRrVeus8gi,metadata,Closeness,lobatusgigas,
QmPX4G25EWARPLXLbgyFq82DXtEfXy3SxpQUZTScfaU7ar,asset,Closeness,lobatusgigas,image/png
QmdmuDVUS7dQgEucgM5CQpNEq7R8Ye2WwQLLoZFi2QpCc6,metadata,Never Give Up!,hairofmedusa,
QmbiV78zGXrgAEuPBcLdetFSNLaFAZTKmMqcyZhLCyMorf,asset,Never Give Up!,hairofmedusa,image/png
QmcL3zmdWX6Q1m4iFpH77LiGB7EKqvBxGfB6KZugqEHzPj,metadata,Decayed Trunk (Dreams of X̂arané),Daim Aggott-Honsch,
QmQsm7sf2h8dTjnEWjgwPSeoocTBJUrMMMpzDiifUwSUWF,asset,Decayed Trunk (Dreams of X̂arané),Daim Aggott-Honsch,image/png
QmRhABKxpa9ubY3eDtJRMfYhaLAm32xyq5XozyCTD1oQG9,metadata,|| Schematic Glitch ||,Something Strange,
QmcDFPRbLwQtsiHej7K77iaXLwsNcsohtLJCWheXth8PbU,asset,|| Schematic Glitch ||,Something Strange,image/gif
QmNVjsrGznsE3qyETfUFHV9Yh1waDZfbo9rvoyUuxBBmC1,metadata,Never too late?,PacoLimited,
QmdshDf7f5AFAUA6AwbTsdzajBySwx9bUTDpzCFTkXcPvE,asset,Never too late?,PacoLimited,video/mp4
QmYEtHz1LtPYoFpMNNWaexvF148BesbmJmC3FSR8ADVD3h,asset,Never too late?,PacoLimited,video/mp4
Qman49iYZiMSXEmbYUs4ZzKdZpNMHRXCLZWZPX3m8MLspg,metadata,.party,Arti,
QmYYUG2AXzkstEFU6PNqRw8jAcgL6HK34BLh4VdbXcHRCT,asset,.party,Arti,video/mp4
QmeuNVeKAnyeMQoxvWuW4v34uRDSRdVRJQ4QqSDFTsVsiS,asset,.party,Arti,video/mp4
QmYUerrmzAirNhyRvSLXMsxSUGTmLyFC8P8VGLoMAxE9zF,metadata,Sun | Rise,defiantsquid,
QmYuC7GPrbBehQKeVWbt9Jj8xN3tBU6cx4zLnRnZ39FCFE,asset,Sun | Rise,defiantsquid,video/mp4
QmaBmeevp3k514nxvpGAP9KLHLfnJJyZyZBkoZVPaMUvjm,asset,Sun | Rise,defiantsquid,video/mp4
QmT8P5dH6Ds6MnFgpfTeUrjtHFvjk9SDf7h5trSwj1WG6f,metadata,Intuitive Awareness,Cyber Shakti,
QmR9eq8gTZVRnSYMWtKokjAAZdFkbHHSeWKH29sNGFFJgk,asset,Intuitive Awareness,Cyber Shakti,image/jpeg
QmcVjhAJTfQRzEnEqPU5HB4B9VmH4i7Xt6fentA2nqtL75,metadata,Wichita. luluxXX,lulu xXX,
QmNmowpKh3itcRGUQ1aNVxYUWN4xA3J7oyMGyMWjrBBxaq,asset,Wichita. luluxXX,lulu xXX,image/png
QmQFncK8babRThhYPuY889TB1HYPiN3KcxGjHTnoUPFcYr,metadata,Storm,joaquinlinquiman,
Qmbq2tck5Su7KVe5UfmPTbp3KuzHNFn85gi3XaLwq9es6V,asset,Storm,joaquinlinquiman,image/jpeg
QmXJ75uFYxP6cHrd26MSjB6FkAgDgE6xyPiX3515YBYVtR,metadata,The Doomed (black & green),XCOPY,
QmY3DBwTVS9ZzWa9Vc3m3DHBt2dYPZ7GoDyS92Z9KhXiKx,asset,The Doomed (black & green),XCOPY,image/gif
QmSVtpTF14Z6S1AyWWUqnhmxxNCVwLkCr7XAh4hm7JJz3p,metadata,Lost Kiez 9954-0944 , fourth of the transdimensionals,wblut
QmZMKGz6aLFANZouXW8vp4gbK1UGP6TSMEoNya5sTeWbdM,asset,Lost Kiez 9954-0944 , fourth of the transdimensionals,wblut
QmcsrHD3oKME3y9y1UkAjeR8pTkEyuqMum6b4YcxZ29mZx,asset,Lost Kiez 9954-0944 , fourth of the transdimensionals,wblut
QmZqSFjGH7mZsZbyARmMvrjZbCBCLwbi8itP3FhctBtTFq,metadata,Glad you're here, deleted user,colourservice
Qmap3VM81UijvHuzizB3dYhsNXjWAFhVyp2DSZJcZpSQc1,asset,Glad you're here, deleted user,colourservice
QmVXgX2W7Ka9ZvD43kM3cs8B6z12wSCHUnnTursdFcDBDW,metadata,Ultra in Violet,GISEL X FLOREZ,
QmNZNdBgMMYdzdEDFcr2WRpLM4bHZRc8A9jRqabWm92KJp,asset,Ultra in Violet,GISEL X FLOREZ,image/jpeg
QmegKGqbmVZejWTypigZpZ46MQfeDmaNmqYq6gvCxkBRom,metadata,Captured, Yet Again,Lipsmak
QmS39WM67tHgXgdCYGczhgKdfDKXP2sRJBRau3LdXm3JQM,asset,Captured, Yet Again,Lipsmak
QmSTxkekGz7iyLyMv8Uokb5dKiM6HfPcSG7w3bWp7bWtvU,metadata,Bubble,hool,
QmWrYinLwDYtABaJKBowmcYZ6pzbxL7TK7K14HkWmgCoXp,asset,Bubble,hool,video/mp4
Qmco6G6q1F6ekUbP54pmvnTjVoYVkTisYK8tB5KYCbBLvX,asset,Bubble,hool,video/mp4
QmezrYjpGkqjTLFgpGUHb5hCN3dMbg8uWz2xTYRkNwnpEe,metadata,Crypto-V : chainlink,Jwawi,
QmT2VfLkHsSrzUeSm7Co5uCezAgDbU696HPAaKnxwuhAFe,asset,Crypto-V : chainlink,Jwawi,image/png
QmZx53ikcDfbi7AykQGr8dq8oQrsZtDAyD5KqcbgkLMX2g,metadata,Inkwork,AnonymousNobody,
Qme3FjhVgmRVSrj6K2mcvHxT2yTbA4xG8Ru3HhEK25MzWu,asset,Inkwork,AnonymousNobody,image/jpeg
QmUF1ygop7rjiDt1AZ8BGhRuNotc3GZep7fwVZ7QgwfNzt,metadata,Frame of Mind,ROOKS,
QmaxvsBtdMP7rr2yncBs1eA5QVrW4ceKwWiBv1kdcbUvbr,asset,Frame of Mind,ROOKS,image/png
QmYAKmv3yonKGMxtbXupB5rvTdvyHygB538WNNsPzHLZNh,metadata,Mama,Boreal,
QmaABzwgPfmmYkHCUQ2ATTkC3B2fcLseX2ZD1KBd1rhPnJ,asset,Mama,Boreal,image/jpeg
QmReVA2iacg9HMjZsCXNK7KxWa8UzJ3J7GdUHMHvgNmRR2,metadata,HeadGear // Three,Griff,
QmXHUV5u78ENR3F64okSp6KgXUgDHiWqJBvmFeBzyHBdjs,asset,HeadGear // Three,Griff,image/jpeg
QmQTPwFLJLDm8ZSyet4x8mjYPCjoREp1kWShu135zpYx9G,metadata,.walker,Arti,
QmdkG4SjLbqc2qgp4okfLfRJG1Xy8VV7h1MYYG35s1yKm7,asset,.walker,Arti,video/mp4
QmRbZcoxaPg81dff3vkBEGCHvTiuzzaeU5DoqouTDt4Tqu,asset,.walker,Arti,video/mp4
QmVsGqPtKZawAaLpncEkpqguWsqCo3P3TLvEaHvydRw33Y,metadata,Capsule Wardrobe 3x Exhibit,sam,
QmbdT5HRSgUabuNmqqTFYFNfXLcsk11GB63tWXMWVaKwwk,asset,Capsule Wardrobe 3x Exhibit,sam,video/mp4
QmPU9rzRAibvZUXJxCM28XF5VvqoEQSgVJCfgBGJq9VnU1,asset,Capsule Wardrobe 3x Exhibit,sam,video/mp4
QmbUoih37wikXhLAfvZsZ5ZEh12sdZaDTYvYgent6ZzTi2,metadata,Process revert,HeyHazmus,
QmSSa5ZfVp1rj2hMa1dbRG5DpJFVC1aTtpw2eS3RH4Z6hH,asset,Process revert,HeyHazmus,image/png
Qmd5ZAvviRBrPhRbETEmLzSTB9q6BzBLZWs8jWvHYEj3zQ,metadata,abyss,Onyro,
QmdAuLqE1f72rhjeCifp8kcEqUQEkoGwFrXitNHe1cs6XL,asset,abyss,Onyro,image/jpeg
QmRAwwzobwV1KuN8bScxAgEF3u8GUow2omHifRJWgcegzk,metadata,don't fade. luluxXX,lulu xXX,
QmNeeMTmQLhf1bZ8ZM1dYVcA6nEPTJeZy8nouHeA7cMsZd,asset,don't fade. luluxXX,lulu xXX,image/gif
QmcWsMfo1qPmJLxL6RQo7Wsmk8eZHqEYGQhRDjc9WoDhau,metadata,P-La3r,CIVIT,
QmY5ZDbAgQJBq3nySd6uGrWwNi6kKB2fooAzznNiseXV9A,asset,P-La3r,CIVIT,image/jpeg
QmXp5qhJWK3V68RxnCXZ3AaQgMH3SfuGQJmNJ6VvFNS54p,metadata,The Doomed (black & red),XCOPY,
Qme5AbzusmNopDwyNGFdZQuRQsHPMdMMoP5YMkfyK21Ssq,asset,The Doomed (black & red),XCOPY,image/gif
QmXBDC1frvaGWKapT1GeZGDukyxRmeYSLRUnt2kUCPDiW5,metadata,Once Upon A Time In Crypto City : Sibyl,hairofmedusa,
QmQmrSLhytXaUaRsVsAPkRhKxTxwsAEeg2aqDWtBtTTh9j,asset,Once Upon A Time In Crypto City : Sibyl,hairofmedusa,image/png
QmWLCvVQ27fDUuWdwzKFq5VgGpqS8BeSS3TEprhY4dxjg9,metadata,Lost Kiez 2515-5104 , *unknown* of the transdimensionals,wblut
Qmc8fzNtgB1Cdv4j6FJf7WDfwKFGEsG5KCr7qps2AEDKeV,asset,Lost Kiez 2515-5104 , *unknown* of the transdimensionals,wblut
QmWEBH3g1KHgJy8cH6XtGvQ7pPE8xFdDpaDJpm5MnRTsup,asset,Lost Kiez 2515-5104 , *unknown* of the transdimensionals,wblut
QmUGRNXR6ouiwAMM4CN7M9BxZpqmxG8yioRGfGGXA7xXvL,metadata,Text Equals Tokens 3,obxium,
QmWoBVNgFCc8jeAEAR5LQkzjXKJ1jVF8gxAeH2s3ERCjju,asset,Text Equals Tokens 3,obxium,image/png
QmW44926DLV8kBtYiajPokdSR1NHGW1pPrQjZBAchtQUHL,metadata,Axe Wielder Yaketsuku,craigers,
QmYneAp9Z49fhuFq3oQfGBDPgSSPCXDwFFpxSKcUakC2Zj,asset,Axe Wielder Yaketsuku,craigers,image/jpeg
QmUNiEeyfrUcoqsiyMx6Ca4FeTerk27SNxfnt4BrB2GZBC,metadata,_ untitled,abysms,
QmUo7j3kJxEbQcDFPJigeeSZELG4ZMPcxWa2K31ZJrG2T7,asset,_ untitled,abysms,image/gif
QmTLU1z6d1jAF1R5pjBxq6mUaeU8domUyrjw2jGLD3ufXq,metadata,ROUND 1 : Crack the code.,Jwawi,
QmXXDmUGvwmEXZxVjK3yuFePE4vtCQkiMDxS7RSdrkW4s6,asset,ROUND 1 : Crack the code.,Jwawi,image/gif
QmcRzU6akTPJsUEYpv29JrWcCBejPtEr6fztHZJBnYyb6J,metadata,Artefact - a carved stone, side view,Oficinas TK
QmSctHbmqCanen2bhkoXiexCaY7aRqqnWwa79AxprpdKEU,asset,Artefact - a carved stone, side view,Oficinas TK
QmPaAbXXwvE6UknYCLuaWSFPdehAkdQYfnYzqvJiQihHd2,metadata,ART 2.0,Arti,
QmPoJbrwfnveoxyfieAVYyzjX1tzWsx7MLiHP6JqXrpWjL,asset,ART 2.0,Arti,video/mp4
QmSC6krvtGku9xeu3oh67zGd5kfnPkDgUpkHjTD6cBnUXN,asset,ART 2.0,Arti,video/mp4
QmSYLJjGGJP9UE3MpvFGVZmgB4a9jRHfn6M3S9FpMpztkh,metadata,All I Want To Do Is Hold Your Hand,Genuine Human Art,
QmUci8H9i3zF5r3HsdLauYMpRGYe3JV4Jm4EcBkbqUGGJi,asset,All I Want To Do Is Hold Your Hand,Genuine Human Art,video/mp4
QmcKUteepSaBvph5gx6f4TRtTs3sVSwa6xGGBbVJeNHeLG,asset,All I Want To Do Is Hold Your Hand,Genuine Human Art,video/mp4
Qmb961SLKT3m8SKVphmPTpVMH59KpoJW7GPpehJRjdzmLV,metadata,OmeN,Daira,
QmT4UXahYVuK6BvT7N1bdqPhfBNKV2xi44dJFcts9B8e6Q,asset,OmeN,Daira,image/png
QmZsKy9Ng8Q4KHGXzVKGXmooiLmN1KUrdnTNXaXyM6CKyr,metadata,Colored Splash,MAIKEUL,
QmZvywrgZdSfRqzov8L1o7mXx6ChuaaGva21FxRE22kZwi,asset,Colored Splash,MAIKEUL,image/jpeg
QmT5L3TSBRbWbHJQ7xcHHGBE5TtW521FaHTrVp5gBr4iB7,metadata,Rayo laser,joaquinlinquiman,
QmNgDReBN3KhfJn7X2PfRQ8M36VLhADrtzMEGfW8qqSTkX,asset,Rayo laser,joaquinlinquiman,image/jpeg
Qmf9A1wrT8hZyneLsZaoscY7EiecLJwspKhywhzKraEor9,metadata,DarkAngel'o,CIVIT,
QmeCnwWnZcF8Lh1ahhLfFtu3W3dP1zxxqFeJrTcfDBWsjN,asset,DarkAngel'o,CIVIT,image/jpeg
QmfJa1cbMJh24nfk34KFkpzVPe8arRUFfPe9RXFxPJmpam,metadata,Lost Kiez 1458-3641 , ֆɛʋɛռȶɦ of the transdimensionals,wblut
QmW5RChJYdSrQswxb9iPp9TcHEUCwkLpEQgwaN9BWe6hii,asset,Lost Kiez 1458-3641 , ֆɛʋɛռȶɦ of the transdimensionals,wblut
QmejMYMK7nue7t6jKpLpG77mi5bnwYGV3MBuv4yWvh3j2U,asset,Lost Kiez 1458-3641 , ֆɛʋɛռȶɦ of the transdimensionals,wblut
QmUH4uXPBuKAMVKpgbLmdHT3QxX2ne4ip9tBCT6YFciDTL,metadata,GIDDY MIDI,jamfactory,
QmZa86RQL4NUT6eEDn9XWv59HL4qoDpuixeq1vUwR9h25T,asset,GIDDY MIDI,jamfactory,video/mp4
QmR8FnRVgS2U6JtqWqQk3Au1uqJgXaPVCxCs6oRDLPpHd2,asset,GIDDY MIDI,jamfactory,video/mp4
QmecbGqGn5ZMDzMYL3i8LkvuPuern8dHEVebnn3DcUgDbe,metadata,Levitando II,lobatusgigas,
QmPA8hTHK6UFjLaA7MSBU4NXAAoEbf7rjffFNConac7eLQ,asset,Levitando II,lobatusgigas,video/mp4
QmNX12dm3zaPvChfHuWFA11KTpjnqq4pe1swhy2MT26J4K,asset,Levitando II,lobatusgigas,video/mp4
QmXRFczK1v1yEn6TycU3WN6nXCW2RZa4gvjFfvn4URZGAc,metadata,I'm free now,Nadart,
QmSAPp9Vk2VK7K2djDWuTFoLaG1kAo59h7nFmM8hKF9F6a,asset,I'm free now,Nadart,image/png
QmTecTwRRtWVZcBiUrJ4WazFbnLynonTuLWvqSaxpCAV61,metadata,Process unexpected,HeyHazmus,
QmRVxgYfKUGKRDwngam4P5eBwPnLoS2ZZjC7RtiXReBGDD,asset,Process unexpected,HeyHazmus,image/png
QmNkheNh5AsxjcYLzE1wT6QAWomPjK9GRxmpiHHaxrkVLm,metadata,SparkleHou$e,WizardX,
QmbizASGcR3qxxiU8iyyshQB2UGP5Mo6YSt5i7uqDsH4ni,asset,SparkleHou$e,WizardX,image/jpeg
QmfYQ6AJgAdWDr6bCzPafT1KUZ6873Fpp9acMUSFPXyaFA,metadata,ROUND 1 : TheDruid,Jwawi,
QmTk5t5SjEgybQhn3f1iFUmfRxbwjw41XkJttpdr5GyCLC,asset,ROUND 1 : TheDruid,Jwawi,image/gif
QmQatv8fvi5CJWeu9SwhFQjCoTrogVVsRzRh3f54WKji5p,metadata,RED,ClassyPaints,
QmTWZpZoqkHdUW7E1YiFtBtsQ452B33MqyvX3WEddqdThD,asset,RED,ClassyPaints,image/jpeg
QmRHWEAUREHTTEUEW45A1MkrWLXR4yeuFq1jXjNJz1vtJv,metadata,Lost at Sea,Stan Ragets,
QmVW8Wjqbe7rEw6VQgaKu8RenL7hZb3zXLEfRk9ZNHmTi1,asset,Lost at Sea,Stan Ragets,image/jpeg
QmZzxXDaEMQH8Rkmtpfmk9prdotrAioFkRVjB342fHrcNv,metadata,Jack into my head,cechk,
QmNQWbQ5XWibDedpV5REXtFHpS7rNs1ydEmJfeaGSuXW3k,asset,Jack into my head,cechk,video/mp4
QmeYwzWUuepk1jWWUTPRwfTenSyvi8R5z7Vk5n7mJTyZB3,asset,Jack into my head,cechk,video/mp4
QmTYDXfk3xaZAwD9beNZ67ea3oWZPkM3aSfjWm9p6VUgVJ,metadata,Apogeic,Griff,
QmNN3vANkKCYBG9zHTQX7yC8Dt8D5NjSVAc4ma73UWaKoQ,asset,Apogeic,Griff,video/mp4
QmcvVSoNoETW7De5i2468Me6aDo9W2yeF8PHR6xAkmfo7d,asset,Apogeic,Griff,video/mp4
QmaFZRvriKdQBKVkoHGubM1VQ3Z7P76riAFygQd2ptkR5y,metadata,Twisty Spinny Boy,Rolzay,
QmZ4zX1Eu97VasHCLeu9perG3NHsDvmRzSMEToXsF15Xyg,asset,Twisty Spinny Boy,Rolzay,video/mp4
QmR2poWiEupPJ5jAep2XDpyXN1pAZ3ByQvMu8u3XrXzEg3,asset,Twisty Spinny Boy,Rolzay,video/mp4
QmQeuPHTQLM16k4bw1tp53NqbtpahSFxuWF8PK2D4Lhb1p,metadata,d4m4 (d4m3),Serste,
QmU9cCEurr9Lz8PtHBEENQgcx6x74RBM8zArEHUmSX43Fu,asset,d4m4 (d4m3),Serste,image/gif
QmeizUnuA4PLTNcRmx5fbYTDF7XKZDfEh92Gurjaw6yG35,metadata,Lost Ronin,craigers,
QmY5v5fjzTXy7s4pU2a6M5CVyA4s14xtTHt8xVMmnTa28J,asset,Lost Ronin,craigers,image/jpeg
QmUmvEL1ZUzL94o8rM7hbGdiM3zJr2yEqkhfhuUb9X1AJh,metadata,Be ready!,Arti,
Qmd4C2tABvb6DM7DanEjXAQmo6LB7xs1QesRLWbba1ueXD,asset,Be ready!,Arti,video/mp4
QmSWvTF51RAErWoqZa1vZpfrcDpKpVCWYEVdXEPwLYzZdC,asset,Be ready!,Arti,video/mp4
QmbS8qPBPCdL9EUu25AGQAJRqDJFKwsVqjzksw8xBPbM5n,metadata,Blue Blue Electric Blue,colourservice,
QmfFs44SKWWhQxV7U5LUSmFWXv1x9NZaCEinCha8iAGLo1,asset,Blue Blue Electric Blue,colourservice,image/gif
QmaX6FT2fPC1bjLL3EZJYq4yA3XnJYBUVS3DQaUeTkF4BV,metadata,Once Upon A Time In Crypto City : Etherium Rider,hairofmedusa,
Qmd5XiedD2FY8CmWboZkR7DjaYtZFNUBzJz9KEtCJxWZhb,asset,Once Upon A Time In Crypto City : Etherium Rider,hairofmedusa,image/gif
QmZumFAGdSYBGBYagWAtgv71cV1QC6T9jZorWaCimRNj1h,metadata,Rabbit's Staircase Dance,Miwa,
QmS6bdTBVnaoy1NLaJvpTiZbo1YjiR3ugew2uwHME4FWzg,asset,Rabbit's Staircase Dance,Miwa,image/gif
QmXooWADAYT4mDwi5yrQArbhXFJqamRxLEFwPsxKUkhFFE,metadata,Light and Shadow,Lucho,
QmPX1o8jhz7UUfhZewf7BhUePWpawhNexugeo5pj2qfjC1,asset,Light and Shadow,Lucho,image/jpeg
QmVkVcRfytKjqMgDrn7aMCz18jduSJzkvwL1pBhWsXQne9,metadata,Heremis Beureum,Zfn Jozfin,
QmY9VZf5EpH5ubQJspRBbvmuA2qSC7REnh7zUhDFcWRRFQ,asset,Heremis Beureum,Zfn Jozfin,video/mp4
Qmc7fLCk4kdtGKiec6JQjk7Wfuc1hhTUCJsedDFfZAkEw4,asset,Heremis Beureum,Zfn Jozfin,video/mp4
QmXEDBXnH8bumhSvLVSm7yw66RHfKZbjkfvDg2K9WoujEE,metadata,The Red Paladin,SkinnerCreative,
QmUcaifzVintyAFmwnLN42iJs8JZBepvu19AToWK8U57Vp,asset,The Red Paladin,SkinnerCreative,image/jpeg
QmWyCF6jKP26HvLrKdeGJ8K7xjb1WQUSWvfySYZAMCVqXi,metadata,Vapor Pharaoh,Cyber Shakti,
QmNPm1sL6ZxNfgyq9pE3iGWukG3GnfMGroqmLkhtcqaE61,asset,Vapor Pharaoh,Cyber Shakti,video/mp4
QmRGW6U5TtwQj8XRESjeGxtnMxk6ndvGC1iHvfcercfM5A,asset,Vapor Pharaoh,Cyber Shakti,video/mp4
QmdrZ4q4XifgE9GWqpQmaSBtZDEjxDnedWM1fwYF59YVfU,metadata,P T S D,blueinversion,
QmUUVvhNpTaG9sBkQJ5c4oYrNQLnyNDTU7k5xQ7UUVPQGb,asset,P T S D,blueinversion,image/png
QmVu3D76DVoTDrNJQQZZwNqPBVCKEyxNhvMUN99c4pQmVn,metadata,Forniture,PolEscarrer,
QmRhY7LD4dqFAGZbcTzDredSveZ2dK4GuCYwvvntFjfKaU,asset,Forniture,PolEscarrer,image/png
QmPQmUdqpeLbVzmz7cquQNC1LssodvwpsUB5un1kb2egpW,metadata,Pixiillion,jamfactory,
QmTKz2BnpG3zofcQAewYZF8UTu7E1cex4vvUVHn22PcftD,asset,Pixiillion,jamfactory,image/gif
QmXfqQ4C2gL6mhsQ1jHzCLAwosUjT8rXAgS2PWPEfhVVWw,metadata,Sentinel,Stu Ballinger,
QmV8iBL45f2VuYSkt8ao3nuAwNYyjLWSC6wRgRW371rBvv,asset,Sentinel,Stu Ballinger,image/jpeg
QmTEFnun1Yfz1Jy4aC1D6HLoVoRHHNqLfmhsWqDmE7Jubx,metadata,Process distil,HeyHazmus,
QmNicCMTFakz4jWjkrffbGxGBfgkESs6gBqfw7kBesS12h,asset,Process distil,HeyHazmus,image/jpeg
QmXf6ASTCmnWKhPiNWRYRXGLxhJBxE1BQnjVdwELrmMPPE,metadata,Capo Banda,Paolo Leone,
QmUn7JhZcxKXtHWWDf5krSQxwmH3vX9ULkXGfV4zPy4WXr,asset,Capo Banda,Paolo Leone,image/jpeg
QmSbUXEqkWrkrQ6RAF2DVee7finkPSn1893z7uuS2SkekX,metadata,Cryogenized Beauties,Kozachok,
QmSJGcH5RJTAQP5Bfk5x6wagmgDNgWKiakyqDANDdGN5iY,asset,Cryogenized Beauties,Kozachok,image/png
QmVdSjBtjb6SxocAoSNfxkT5qZnNnwZvFzvVxXXkUNLmDt,metadata,The Hanging Gardens,Stan Ragets,
QmUPu5Fh4grmNg27QJA6QEn919AakVUUQHkptoT85MFhzF,asset,The Hanging Gardens,Stan Ragets,image/png
QmSn5e9ACjSbZ53j2icSMCk4iHoWHU2mMqPWWAxTQZpFGW,metadata,ROUND 1 : TheDruid vs The Coin Holder,Jwawi,
QmVyh1EbcepyZnTgHx8o6KpRhD9bvrid2AkcjBpkorGft6,asset,ROUND 1 : TheDruid vs The Coin Holder,Jwawi,image/gif
QmRU6YQMpdgrc1R7aiSgKo6uch4kM4muPhyQmd3hJmt7F3,metadata,Transcendental Object,vectormeldrew,
Qmf6cAH1FCcsdCFDwXh2CroVMKS1o4FyGcuD6UkMymLoGT,asset,Transcendental Object,vectormeldrew,video/mp4
QmVF6TaVStXCxmYkfmVUQPWfZHVcgxRwHERLbDyKVVjctd,asset,Transcendental Object,vectormeldrew,video/mp4
QmUzXgxwrVTmPXJa3mQrjDdfPBkDMTpSiuoVb9chJch5mt,metadata,Nu Mona,ROBNESS,
QmbZB4YhyTxbK2CVRB2gdxzMNpAEpHeUyvZY6P6pagdL8y,asset,Nu Mona,ROBNESS,image/png
QmeLbiDC7rPGQkAwDLqJEo4MknGdutwFU3psTkh6U11s9T,metadata,Terra Somnia,karan4d,
QmVhPZQecRKcytn3zYCicipaMfDmb2XMHtNUvFpEhvfCPq,asset,Terra Somnia,karan4d,video/mp4
QmY4DhbcxEYfjpRMwxBWUWNGY3bqfvzrvRffJQwTX2AZgD,asset,Terra Somnia,karan4d,video/mp4
QmU9aKtNLrWfmVt4fYfjTdDNymMJzyX1CtwkxaS31RwnmP,metadata,Tropical Cattle Field,CrypticFauna,
QmVHbfHX5Q1bZLbH6E6yNiMF9kzdL7K1vJJy6km94WsH9U,asset,Tropical Cattle Field,CrypticFauna,video/mp4
QmXBM6pE7EUcHmkhiYbw1Cv3k7WJaADexxDDAWV5xLpvnL,asset,Tropical Cattle Field,CrypticFauna,video/mp4
QmbNYdY3CGodHvuCJpBqCQGGN4Q8DwB7YVrD1xVffUFwy8,metadata,feel it [still],yrdgz,
QmevjvaYXAGrfwCwPaMzJBG1aC9fDo8AcVEtQiMrvdJ2nF,asset,feel it [still],yrdgz,image/jpeg
QmfJfpeyqJGFoZH9fi4rQnpoGGc6798wqzN42B1LcfYW1h,metadata,Crypto Ritual,hairofmedusa,
QmXYmficz7pS6b3R64WK8pdLvMo4e7o6apZHAPZvWA8v1S,asset,Crypto Ritual,hairofmedusa,image/png
QmcnBzgZenERi6SqPzMnztbt2SEyrL7EH3xsQevpdXFXhm,metadata,All You Can Eat SushiSwap Buffet,CryptoKaiju,
QmUbFScn9Uom6hWcAAi7eqh8qYQdckVutuh2ivYT3M6VHa,asset,All You Can Eat SushiSwap Buffet,CryptoKaiju,video/mp4
QmUosnPCreacojZN3YSQEcAYCei3iBcNCFDzy3XsbY9d2D,asset,All You Can Eat SushiSwap Buffet,CryptoKaiju,video/mp4
QmZ4rPtsVoSZcpfme3QWXQv7teeT3ve2mLehsmMNVYYwz7,metadata,Pyramid Eye,Glitch in the mARTix,
QmNRNr2bQkntS6DcocRstXExoMCi8PwcH8eLaCBPe1cu5C,asset,Pyramid Eye,Glitch in the mARTix,image/gif
QmYvj6vxVyHaSNsnwX38s2UA7kDCGeZ9sgd5s3EfXWdPbR,metadata,Person,Lucho,
QmYaGzUoZh4a17vnSSCSLhiQHzXzmHe4JLHPhje9xB5Nh7,asset,Person,Lucho,image/jpeg
QmWLoFQoY7aHpv7efnzK6uXocGmcyRvJgEb9h2EbcRS5r7,metadata,Love,Stu Ballinger,
QmPJeTyv9qV8PjP6C4mLShHxyPhc6dTbTaWeWUuNyyaL13,asset,Love,Stu Ballinger,image/jpeg
QmVvkD92KSUXPZzDWHfJCfmFowmpynkXFnza2gCXziZESH,metadata,Lock n Load,Cyber Shakti,
QmY2PszjGdrpJu7YWAKsz5LidsfSTci6ShJ9UBjvL2t3eC,asset,Lock n Load,Cyber Shakti,image/jpeg
QmXFmiKrqaZiVTB8UUDasGPAG9Zge1FpZTYCs2eSxSHxdR,metadata,Impaciencia. luluxXX,lulu xXX,
QmSYuPTj5Cv4wwwNtbvPpm7JtQMVVCaboZXsHfpQSLEPZT,asset,Impaciencia. luluxXX,lulu xXX,image/png
QmV5scw5hGiStk4wFKa1wVkduR1Kkme8A9KJwA984iZAKt,metadata,Loop Island,PolEscarrer,
QmQ5ijPTrDGKGtijTau4MXhuPvEsENd4CD8uRSkx9dyi8A,asset,Loop Island,PolEscarrer,video/mp4
Qmc1L6RECCBCNKnQFEhTx7gkA35uh6E3KLFFSrHxcdVChw,asset,Loop Island,PolEscarrer,video/mp4
QmeiZ9nEhzhkpwYZy8FJxTSRCtzHomZcEFrnopGCATSEg1,metadata,Magic Moon Dream,LedgerOnValidatedEmotions,
QmYVsg9FQeSr9iE8mAGMDm1xMdXKoVki7FqwupBKEtxWqG,asset,Magic Moon Dream,LedgerOnValidatedEmotions,image/jpeg
QmbQmXK1Et6Lxak4eCE9veNFUHE6ftadCXHqhHBukcAtpU,metadata,Synthwave Sun 001,geoff robertson,
QmWjp8RKr8NKgm2VxTX52mvA3JyPEfnoM53xsnXatQx8Zd,asset,Synthwave Sun 001,geoff robertson,image/png
QmYK3TjzDY81Kybab9zW2qjBtxjp4KThVJG2ZgsS9hZeyS,metadata,Look on the Bright Side,Stan Ragets,
QmWciPhogNqnSjgvS4CC81CFaRDLcsHCBfsaUhwbUixCpf,asset,Look on the Bright Side,Stan Ragets,image/png
QmTGBK95qsHqq84PTYp4spq3uRfiuhxR1yYARLPxdUUCwf,metadata,Darkness,Jwawi,
QmZFvWcGzstywscZNgrTzMFAxdh1DKFVLMBV3EU4hqp8hB,asset,Darkness,Jwawi,image/gif
QmaM1c7NZizGKsP6LwRpt18jiFGWU6WgumBhfiqioaRMse,metadata,Sun | Set,defiantsquid,
QmQddptEmBQmaRo97PBKNSyin2vDAiE8PTLASiH4cXKBCz,asset,Sun | Set,defiantsquid,video/mp4
QmaNJB5Mr8eBH2PUGD772qkayo7xhMgNUweCsGJarJ62WR,asset,Sun | Set,defiantsquid,video/mp4
QmYvnaHJRWucucrtTDYzE76iLuLapGiG9TmHnPCVTGpp9g,metadata,Memento Mori,leeaux,
QmZQ9nZ1Rnd5jmBRUdHd4AjnM6mbSK7C9sPssSYnPk6Xoh,asset,Memento Mori,leeaux,image/png
QmRrr4j3vqPCSYkUgNJQreAdo2CdocLMc6aXKQkr3TiAS8,metadata,Butterfly Skull,Lawrence Lee,
QmesZ1ShXjU9HGDScgLAGCzmjkBd8d1RcVwcRHReRET6Lc,asset,Butterfly Skull,Lawrence Lee,video/mp4
Qmex4nXj8N8XGszrHFJjVPEeiHHhNXr2CBv28crjKCGEip,asset,Butterfly Skull,Lawrence Lee,video/mp4
QmavWkRY6DkNEoKwZPNpoh9MdZZXxHHcCPxJubWxJCHZ6U,metadata,In My Room [v. 0.1],xBruceTheGoose,
QmY8rFMcaPDirFB5dnGpPHKF689DcrQRZsiSgK5zQrbRpa,asset,In My Room [v. 0.1],xBruceTheGoose,image/jpeg
QmfGBF7X6rmyETdN3LFiHyMzVp4ZBZrA9vZcqnxooe4Kay,metadata,SKULLY,mr-monk,
QmZvd8mPzE1S41RsZHSiEZtSmEQ5jrG9XbUD7P4aT1BSpL,asset,SKULLY,mr-monk,image/gif
QmTKqBRyXaqbAZazBEUyQocHTtKTg82tEHS18ajmY9z5aM,metadata,FOMOcatcher 3D,WizardX,
QmZSf1tJGhncT7nJFsMv9DU7iSS9t1LyBUW2ptP5RVtM1X,asset,FOMOcatcher 3D,WizardX,model/gltf-binary
QmTapkYnsoadVYPaDNAK366eo8QrsutSFnXSU6fd3f6ovT,asset,FOMOcatcher 3D,WizardX,model/gltf-binary
QmTBmUpS3E76LP4qzNCiHnyiBU9cvdNzby38RbbrdBvqZ6,metadata,holy smokes,night thing,
QmScxaLbVqiasshDxxhK3P3y4ENXmzdEeARciyFFUvEDDo,asset,holy smokes,night thing,image/gif
QmT9zVs8GcMrCpbh6SNSUMdT8zFTS8Fv2x3erR3h4PMVKz,metadata,Betray,Ron Archer,
QmNtVfzmyKYAccZQN269PdKneqBLy9RnLN2hnLePo7RYN4,asset,Betray,Ron Archer,image/png
QmVAtrARcpvNwWkyQddGpHRNkTeiubp5jUrgu3ZFGV6nZc,metadata,Hand drawn lines,Onyro,
QmVYBZCdS7Q5e1jdFaQkqyYzmWyNLCWcGwjgWdq8zn16rV,asset,Hand drawn lines,Onyro,image/jpeg
QmdcozHxgAft8kTQvQS9oragp3ztZ48A5AsedBdqsWXh6F,metadata,Self-perception,Izanami,
QmaYK1EtbpiR4ZjjhwNiA9FQKNQrai9AVuPTGFoTbMvfku,asset,Self-perception,Izanami,image/jpeg
QmWU7Jg2CJeuo2aA4bweoomqdh9MA9tpfBBjyDtxZgyZQ7,metadata,REVIVAL,Creadoorm,
QmWxDRFTkFqzFvQKFc5sYh2jyUJfohiKJZyKBN3jvYs9KZ,asset,REVIVAL,Creadoorm,video/mp4
QmVHBVFzjXm2e6ZsiMoHK6yNBXbYVjR4wdauERxpnAPBqq,asset,REVIVAL,Creadoorm,video/mp4
QmSB1LC5kokEqKhtyoBR1ndYTCjE1N6tteB1E4oSJtNDvy,metadata,Waiting,CIVIT,
QmXfgLEuCY1JSoqD2bV1x3xDeN95DYorNHLZuyHFtjwCEw,asset,Waiting,CIVIT,image/jpeg
QmZzD9d1e2EEknFzqNSc5mgvvGbM7H2JgTSJYghhM25b7e,metadata,Isla,Faktor,
QmWDHQQGFJpphXF98Pq3NrEz3e5TSomq16LoBy99afpXLz,asset,Isla,Faktor,video/mp4
QmaJULraRqyXVjRuH3quWy6RTirV3m5rvAujVvpUE8HDAc,asset,Isla,Faktor,video/mp4
QmcuksyTGFyqYnW6QKPpeUvgTYHCRchVqP9nx9WWBfKLNd,metadata,Yummy Crypto,MightyMoose,
QmRiRWAwEbpAnCbvZEr34NbvsPfv9JsoUUbCVPVEYgEsJr,asset,Yummy Crypto,MightyMoose,image/gif
QmYCSEyo2BWHK3fAZ55YZGrUC6EsjMocYsZweWBFhoEmTT,metadata,Collaboration With Fish,Unrealcity,
Qmd4BpJtXPmGroUHBRmfqERoXeLHKhWsMfS2SbABQquWn3,asset,Collaboration With Fish,Unrealcity,image/gif
QmWhbVWNEBHXpucN4jjRApCENpzfSZ7o3KAGLvNp5Y2TRN,metadata,Cloud 0001,cano,
QmTR8LREZgczhCvoKa9639tHTLjc3EY8EawHKQDyhDD1BY,asset,Cloud 0001,cano,image/jpeg
QmP7Lsr5MBeFBeYUPsa8vFxZYHyYZERzLo9SYzHGxTBgQF,metadata,Crypto Android : Fluidity of Woman,hairofmedusa,
QmQg6xVPXsUxwdsJ1ftJsgPYD4fB63FCYk1cYZCHJBHfV5,asset,Crypto Android : Fluidity of Woman,hairofmedusa,image/png
QmYDx5hoRcSP183vvwUm4rd9HU53kcD8CYCJqoHao7GdZ6,metadata,No is No !,Jwawi,
QmemGNQhNDtm2awv5mpXkDWUeyEZJomGFgkmWJx7ZqL1U1,asset,No is No !,Jwawi,image/gif
QmQMwNASvBC1stEQr6Fo9wZiJ4P9zfacpFXsSriK8xvaqU,metadata,Daydream,lobatusgigas,
QmdMVHkm5apTZbUdAoKu9tS7S1vMpsZzq7zhBFW2zTKpx7,asset,Daydream,lobatusgigas,video/mp4
QmaRJ8zwUzdnLJi8AsUg5ZdkdsWtpQRcBEPUNCVzir4hNx,asset,Daydream,lobatusgigas,video/mp4
QmYpGpabxSPbX7D7SF3FBiwnETUCsFLG1hnxSC5jHaihxn,metadata,Back to Basics,PolEscarrer,
QmVa5mRuEfibpTJ9WRUV8RfHLfh8ojgLpydnwtqJGFC4Qj,asset,Back to Basics,PolEscarrer,image/png
QmYtJ2TuFsEYDhfhTJG3kAmgqB2SHEdUPMnNJ1Sy1kSgj2,metadata,Quarantine Dream,Lucho,
QmcryQMTNsvRcHMPmT2HdeeRfZ6s6j4vbkRr6sgNzA2uVm,asset,Quarantine Dream,Lucho,image/jpeg
QmWWDeguNgY6Ztiyh9cWoCr6eM95K5nVf5BPvWZWYPqVDV,metadata,Aurora and the Borealis,ArtByVesa,
QmZFarB2yMhjbmBnLusRHW3gJzcRC3LyFRuk5nAEK8fzDN,asset,Aurora and the Borealis,ArtByVesa,video/mp4
QmQoXyNTfS6ciwLxKuhZogzKQq9n5bJDF4ACaX36ftSXMH,asset,Aurora and the Borealis,ArtByVesa,video/mp4
QmVQuZ2jYAb8WqdGN1HUQf1xrSWRqG1wY2zeMoGGbyyHiT,metadata,Magic Moon Dream II,LedgerOnValidatedEmotions,
QmeNnQxkWVFSatQd3TQMEbUP9QnN9YKZ5FwmQAJnDRZyo8,asset,Magic Moon Dream II,LedgerOnValidatedEmotions,image/png
QmXoyDKProBz9rZbbRoV8KsPok4ijQQXzNd6E4mKiu1i8r,metadata,Sea Breeze,Genuine Human Art,
QmNNKaU3Tx3sZ3wwNWP3H2f32ZDG4RXsnoUXoodzDfxD3b,asset,Sea Breeze,Genuine Human Art,video/mp4
QmdtzCFW3xCJpchKZXMt5bUk7nu7rrCe8LGxPUsznAtMvV,asset,Sea Breeze,Genuine Human Art,video/mp4
QmThVzdiCDuwBarmi4PsHjkrbuoD36esFbz6JZPEBZstpb,metadata,Oh, Mother,Kozachok
QmeoHNxUQTH9YFQGuqEALXRR2NBRbdn7GADb3EDYEavia8,asset,Oh, Mother,Kozachok
QmYz41rPCTJCoca1VHe5BvRDvW3XEZwBneNsZH449LDYSf,metadata,True love,joaquinlinquiman,
QmSskTmt69icLrBUM2tA4MG7e64QQX6YxrJxDSNoEEt6A3,asset,True love,joaquinlinquiman,image/jpeg
QmXHQQEyNAyxpkJFCo9aMSvrd2BSTZPSaHsZxNxyfM5dtN,metadata,Two Sisters,craigers,
QmQSTG3MjZyCe4aVrKZh9WR9hjhwwgjZbF1xx6UMZmWKub,asset,Two Sisters,craigers,image/jpeg
QmeMUcy8CQzmbK6AgfqrYDzwkiKXZQNe4CoRnEU2axTy4M,metadata,Thespesia,Onyro,
QmZokLmtSivhHqqfPGV21arFB6DR6VyjWUwBpVWrgA1rFV,asset,Thespesia,Onyro,image/jpeg
QmacDJoBFku7MFmwKQbaxnFbkPA362xTDy297PkvpUy2sY,metadata,Clandestine,Stu Ballinger,
QmRCmF9r9mcpw7Yt2d7oyAmUdwRGyfQ9dTR95ECCgJMmDq,asset,Clandestine,Stu Ballinger,image/jpeg
QmY1qzMkV5LnCnR4KfXfBPGaxBBcgcooz7x6C4N4U7Cvzv,metadata,Black Hole,Stan Ragets,
QmWkKGVF8ERnjF1ke9WKFyZXahFJVgkmWZgyME9HW1F8uW,asset,Black Hole,Stan Ragets,image/jpeg
QmbTZ8e9smvJbLVoQxyt3t4hBoEwNHVq4jfQLEZobhJSTC,metadata,Screamer,Signalnoise,
QmSPnnUzxgprLgNvzitJvgUk4xqiCQrRhaEiWTdRNuWGA4,asset,Screamer,Signalnoise,video/mp4
QmafLpbouWYAuo8gFpGqsmzwhLe4uggPoY4wk2btepBA4C,asset,Screamer,Signalnoise,video/mp4
QmXifQNEoxAkgF2U5iYunVxUELjxaLNVAWGEeJexYSmKMy,metadata,DISCO GRAFFITI,miss al simpson,
QmeZmy9w9q8FCTsh7e4v9qynRMxg5ZCqUqLX6Zwa7RhZRS,asset,DISCO GRAFFITI,miss al simpson,image/jpeg
QmT54isyeTnBepbxrpEVuffdFgRs7DjXeFg4q9PneSMvdJ,metadata,CANNABINOID,obxium,
QmYWHaAEYZkEXt9KJamgGsxfPTMNdCr8DZ1MV1Z1mr4zdJ,asset,CANNABINOID,obxium,image/png
QmUMnogDeFKiNvFmFTozmR1rjL2GnFZbm968KEnizwwS4q,metadata,Beating Ocean,CrypticFauna,
QmcixpfGPgyth5sWFmEL1uo4DaoJuqKp5GAfhgw2Gh6d9q,asset,Beating Ocean,CrypticFauna,video/mp4
Qmdhy1gvMXuKgPJpLydgsJ2AampqBt1Ag29H3AA4jiAQLp,asset,Beating Ocean,CrypticFauna,video/mp4
QmRcBJ7rFPEWV2PwyLXQbiuwQmCEZHb82onbkQhZxeR7WM,metadata,Garden of Boobs Part 2,Cyber Shakti,
QmUcY28UBoQeWCrq1WwAKNQMNYTXrZYSchpnv6Pk7F7FrV,asset,Garden of Boobs Part 2,Cyber Shakti,image/jpeg
QmPK3Srd2SD9zP1kJqwuq7NDdxSGJe9QxuGyHM1i1Rh6TL,metadata,P-la3r II,CIVIT,
QmTMw9td3sQJrgFMTP6uCGZ7Yfe6hiurrVguaEtbPp3GgL,asset,P-la3r II,CIVIT,image/jpeg
QmbvTnUhCay4JiG5ZXWbM3u1ouazzpXYNxMkANVUL9ExVr,metadata,Crypto - VI : stellar,Jwawi,
Qmb2yLRotGJkevekhQtLRJaUm1QrCTEc61mWHe6r5NKz7F,asset,Crypto - VI : stellar,Jwawi,image/png
QmTvksBYTsWsbqu3wZTV5hZqUB19GfUcH1gXWDNatt5PLF,metadata,Shades,Paola Castillo,
QmSXDA37SmxsDqNthaD3jxC8KnEaBLMKd69dZf34MEfxiY,asset,Shades,Paola Castillo,image/png
QmTw8MywuAPEj2CHTfFUXU66nWVeGPVRUTYCYGG6L9iSgL,metadata,H8 201027,wblut,
QmbpskoKu4kD8ZQQy5TmtSxzg4mHpb8XRk6XLfFqac14i7,asset,H8 201027,wblut,image/gif
QmZ7B1UAoSUQY5tyNmKGMW2AB26J7vfkX4mU2ouVbKJiP9,metadata,Sexy moves,Freakjesus,
QmZGzhLfaQT1X4JF2fMwiwLcVzN8n7fCg7KdLaAkmpTW1Y,asset,Sexy moves,Freakjesus,image/gif
QmUYcYVjuTJRMmKSyztxBvV3MTsj59CjTcoYbVZfcnbYkg,metadata,Horizon For Us,karan4d,
QmSokgoBj8vzyRi1EBiPVqGc7KkhVNz4EY9fvbsEQpr4Ya,asset,Horizon For Us,karan4d,image/png
Qmcxrbcc936waJqA1jkRiHUQuBpSHmedFoPSHog48f65Gt,metadata,Once Upon A Time In Crypto City : The Collector II,hairofmedusa,
Qma5WK7v5683w1jjNbLLykQnZvF2mdHHHmvqNYafmdPDhS,asset,Once Upon A Time In Crypto City : The Collector II,hairofmedusa,image/png
QmdNmyXhum1QMNXwCq2c29r7RBNJNbio8Utwx9YndBCAvc,metadata,Cloud 0002,cano,
QmbMHg6jxHUtKzAJq19btxBmPoTEAehXNwHyBqjZc3NrBm,asset,Cloud 0002,cano,image/jpeg
QmchSZehF8jDWzerJRT3BmxKsYEs7EKKWfBTphVYe5TucT,metadata,Nebuloops - Starsurge,Stu Ballinger,
QmZSDkWNHon7PyADbjuf1UFoubgqP4uHjAcVCpiB3XnqbP,asset,Nebuloops - Starsurge,Stu Ballinger,video/mp4
QmRTPtLyoWMMC4isJw5bQ62Jt8ph62RuPS52xauP148dcB,asset,Nebuloops - Starsurge,Stu Ballinger,video/mp4
QmS9XXUji95zfuZnSaDQ8cRBK14F3Ti9Wsh9RwARVko2my,metadata,_ ch6 _ lueur | 07,abysms,
Qmb6SC758hjA5n3gZ44Dk1xtGkyD92wkuRmFPgWqKbghPa,asset,_ ch6 _ lueur | 07,abysms,image/gif
QmYvhmAqxtA6hVQa8ywtjfRD3L6kZKgHHSYiJkb1shefq1,metadata,OMM M,MOORROW,
QmXNdYcshs2sEwDoDftrUmoWwTnS9V2P5BxqCRQBDj8JFT,asset,OMM M,MOORROW,image/png
QmXdxGgsyb5BAaRYjoavW4D5rptuTM3HniRyPEvudm9T6t,metadata,The Weight of Eternity,Something Strange,
QmWuzRJ51VnW4rTFBhYWiphJMr96tY2aDteAPopjAcza75,asset,The Weight of Eternity,Something Strange,image/jpeg
QmWidkrootiwUz1cdGG5Z4CGJhQ2L37ob5MpbM6t5bXjiK,metadata,Frozen,craigers,
QmdQG8cZMBgrFRegi7G64tAQKYaK94DwuNWCXQgiBrUhur,asset,Frozen,craigers,image/jpeg
Qmbqaeq4budFAhSMC7izJZMR6eavTwnMnJ6WrPcMkLKu2k,metadata,Crypto - VII : xrp,Jwawi,
QmeDBfboRPN258Cgi25iZpCzrG6TAiR31vMm6ZZNgDXaQ3,asset,Crypto - VII : xrp,Jwawi,image/png
QmTXgaYiGEUPLg7BMVQUNfoxxjXNigCWgnVHekHBPgVMgu,metadata,3xtas1s,CIVIT,
QmYuupXDsWvBmRVBqfCV2AJPisy7MTHFZTtRTK4xa4H4gN,asset,3xtas1s,CIVIT,video/mp4
QmTfiJ82ut3p1kqfaoTM8cEL8Tn6qYkMzJEKTp1Soe8WPq,asset,3xtas1s,CIVIT,video/mp4
QmbYVk1xAbq1G2XYQT7seBozEFpqd7stSQNY46wC2StKc2,metadata,WORMY HEART,prokopevone,
QmVSjUXtbcdG1P6B8m7k9hcsGNqUF2FH9i8G5YkPwntPN7,asset,WORMY HEART,prokopevone,image/png
QmcyYioRdKboXtN4GGWYHpdyFtogb8ZNc6W7VnMS4hofti,metadata,ERO-TEK,Genuine Human Art,
QmXrU8AyNYxxXScsrnX1kHzdr8g2AzfTdKbpDejftg6ipg,asset,ERO-TEK,Genuine Human Art,video/mp4
QmNNiyA7QFVJfJ5374XMqewJ9AmRkGZt6FFP4CbSvKn4hN,asset,ERO-TEK,Genuine Human Art,video/mp4
QmXvo3Yf3gp4atagffGcvVVndRHK3SE8DxxwxktVZmhCu4,metadata,Malibú,clarupan,
QmQSpkcpVLwykPmywV1fvPWGUjRwEok5C7izSwTKPbAfsa,asset,Malibú,clarupan,image/jpeg
QmZyoS9fLQ7LZLsFnGLuNEVyhieqdwsrYmVUsajU1wAJhd,metadata,A Very Kaiju Halloween,CryptoKaiju,
QmY6iNeMU3Q2bfJotDqc6aDBviWCUURPYt4bsqizhe4xSU,asset,A Very Kaiju Halloween,CryptoKaiju,video/mp4
QmXTxMZBRuz9grrzM2jaxkJ26GAdLBNQtLbp1VEKGcJZSV,asset,A Very Kaiju Halloween,CryptoKaiju,video/mp4
QmaUeCZfuW2Ao6SNQ8KZz35GBiZnL26LoW4ZQfYBYFeuf4,metadata,Les Fleurs du Mal - Blue,Elisa Lafolye,
QmbaTF1vbzLnmccWcQYNSKd82FSwboznmofcGadKvBvBDj,asset,Les Fleurs du Mal - Blue,Elisa Lafolye,image/png
QmbMwQUc6TzKjBXfpzHZmas4oqtMzF6VnZftTkAguYRZz2,metadata,Condé Nasty,Cyber Shakti,
QmcrKCGxAjmvLJ52twZhLAGZKuLoJwhVuN2mW1nDnMn7HK,asset,Condé Nasty,Cyber Shakti,image/jpeg
Qmczcjs5vx4NcsZtZ41sW4fLV8xp2Fyr7hfaThtpYVuDQo,metadata,Style,Undeadlu,
QmNw3XKnZtL77yMyLu3p2rSHTVMQf9Nz3wxRCMNZePZM2n,asset,Style,Undeadlu,image/png
QmRnQLf9emFAUs8PBYVnYsrSjpBxLH6pW13PtTnXtBNB9k,metadata,The Cat and the Moon,Kozachok,
QmQxcRGMeZ3G9GAB4Lij6JCUy6ZBazLtnrCB8XT5Ywgh7z,asset,The Cat and the Moon,Kozachok,image/png
QmXeoLspHrHe9hzMdsjbLVBMMTJAn2VUSrWysbUd2BQjCm,metadata,Fazed,ROOKS,
QmZB3sU1FWsgCVAt5V6AHMGXD4WQRNchvHT4E4frt5zeiR,asset,Fazed,ROOKS,video/mp4
QmT1YWArF9HER1rb2PB84TGYzzViTsc2X4pRAhJ5pVFq4J,asset,Fazed,ROOKS,video/mp4
QmQhhtVFb63BFHCekzYACVzbk4bQPkUuK5gwKcxopZRbh4,metadata,CyberFacepalm,Glitch in the mARTix,
QmQJ4YYHMHLnK1qqFuVuWqDyDXHm6zHLMC93XkEjxEzuRn,asset,CyberFacepalm,Glitch in the mARTix,image/gif
QmXdKPXwomtL9hRfCiutUkd7XAMhwJpWmZ3R5UALRio2v3,metadata,AVOCADO $COKE PROCESS,Creadoorm,
QmZnyDmTWJbF9qHjFr1aU2ixqby9p5Aado4oPMZRtUimUy,asset,AVOCADO $COKE PROCESS,Creadoorm,video/mp4
QmNToBdrNBqzHFZdEH26698c14SezYvKuzSra3MnjJ6VpH,asset,AVOCADO $COKE PROCESS,Creadoorm,video/mp4
QmNRwLaDeQM5Vn8iVqWoyD7zRAcCfKy4DePa958StYSqv5,metadata,Animated Portrait of a Hong Kong Student,Carlos Marcial,
QmYPWpTRYgjY3rUFqCzbdb2zHQjbvCeqF17X3HmAJ2hVdt,asset,Animated Portrait of a Hong Kong Student,Carlos Marcial,video/mp4
QmRZXRyiWLNHxCYuHDu7pwSQUo8yWoMnbfToVmisRFZoYg,asset,Animated Portrait of a Hong Kong Student,Carlos Marcial,video/mp4
QmbxxGNUD2awwzNrmnE9Sxs9LGJSqiXF19c1zviJKuN1w4,metadata,Oni of Kyoto,craigers,
QmYoyoXoQTpE4VF9gfagZePjCt3Cv4GFiXVyDRkU7Mn185,asset,Oni of Kyoto,craigers,image/jpeg
QmcKLmAdfvnFCyk5wT9KHo3hHfrFQVUDhuSbNzqWJE2gUY,metadata,Crypto - IIX : ethereum 2.0,Jwawi,
QmZ7mWUgTqY4AesY9UhH19kcmbLYAn8ZY433rFMmEvFVGZ,asset,Crypto - IIX : ethereum 2.0,Jwawi,image/gif
QmPxoVUrEa6dPws4P98hfhCEmprpxUEMGSdFDDqXAauym3,metadata,Transcension,Brandi Kyle,
QmSm465yh9xu4kmjPohFdKu5QLxRLvvaNdUthd4KcJofZk,asset,Transcension,Brandi Kyle,video/mp4
Qma9EyEQ69gw3QALigneRHvksoDJqkT7sXFEJr96399NmH,asset,Transcension,Brandi Kyle,video/mp4
QmNs2nhQstono1jw9RhHH8yNaR6nj5Hxbs7gxUpEXNXivH,metadata,CRYPTOART WEEEEEEE,obxium,
QmRHvS5CypCeSb82x9ASD9Q249m91XmgHmw7GRDrXdj8gV,asset,CRYPTOART WEEEEEEE,obxium,image/png
Qma2KfPzUFfRDfHdXEwHSzjdx6ziVnCmiR9m1ph5LMcfie,metadata,Entertwined 03001,radarboy3000,
QmNe1GnzbtPSZ8qr9Livw3g73rfeHwDBUrmmdMn9b8nmP1,asset,Entertwined 03001,radarboy3000,video/mp4
QmSNDB5bMdHC2vTfZdH8hGYaiJxio2pRp7tRAJyudt1TM8,asset,Entertwined 03001,radarboy3000,video/mp4
QmNvTHoBwLWYgFDEZsgrezx4Fe1YZe9X5naZFQdHaj7xUN,metadata,eMex. luluxXX,lulu xXX,
QmeebaqBgDv1KbBRGZbdzZB1zfmuLdWg87jH6t2bYvYt6d,asset,eMex. luluxXX,lulu xXX,image/gif
QmSfySV7CfRnhRm4NhFX39p4SPXD7xudLpMXCNUy8Jq87E,metadata,Cellular microglitch,Onyro,
QmYc8518EwfRLgNPzPuur5J3fNcHbBDAnkMcnmXMYTyps2,asset,Cellular microglitch,Onyro,image/jpeg
QmdRXxqDPJ645dRemhgmDbzFWJkwB8LT19xXCpGbEAWdr4,metadata,GAN Pigments #00,mantoniazzi,
QmWxRoPFujLKuWmhF8H35KLgued6fUiFVaW3ZDDuDt9a9V,asset,GAN Pigments #00,mantoniazzi,video/mp4
QmfUQDopdyQudaRNFtTneFEXZym6zYn6pvKmtKKSeymiZT,asset,GAN Pigments #00,mantoniazzi,video/mp4
QmeTPkkN6ZANn3bFyRECMrZw1AHx4yJfksjPjvmXrjVuWo,metadata,TRIBE,DRWE7S,
QmWmCG7tEcEYBSrV9AfZTs8fM96AdT58uuQnE1uwAG1QWH,asset,TRIBE,DRWE7S,video/mp4
QmPfYVsorL9rgTp6ed9aAoy3XWRmQR1kEmMgBvWUkcP59S,asset,TRIBE,DRWE7S,video/mp4
QmVqVoJZXfSPA2USCsXYBwy8qezmuf5KVBZLyhdXowXJ9w,metadata,I Believe In Crypto Luck,hairofmedusa,
QmPeW24T5eVing1pKgex79Yn78Zpekie7NwS2vbbC1Hd8x,asset,I Believe In Crypto Luck,hairofmedusa,image/png
QmPsKxcwRw82jYGi9nVSBEPzorjZF2ckLgrKkywGwbSyNf,metadata,Tendencies,karan4d,
QmZH9ywYjUbhTJFSe4tgz8RxAhnGgWsphhZhrXkF7NThoi,asset,Tendencies,karan4d,image/png
QmbjH34BTvXWbFqFpVydS8C7kCUoiMgDKLWmuon2CJp9L6,metadata,Azoe,Wassermoth,
QmbmpyJrLPXoFpHXF2vbVJ4W7yQrw3g3LnMmJZ2Q91CjTa,asset,Azoe,Wassermoth,image/jpeg
QmaMKtMKnYHFXnw8skHoTSbAEA5teAg7wNaP4MGJtWNUkm,metadata,Author's Book 01,AlekseyYalovega,
QmNTm8xLB8sgcXyE3YU2Ey8dtBDZppDKRTswq9qSX68UEy,asset,Author's Book 01,AlekseyYalovega,image/gif
QmdNjF9v8tCebehoAbGymsPhqHcQUgunYdwE4D5Pen9uEF,metadata,.like_this,memorydevice,
QmacmLGnXFpa8bDHUL5kdC5CQAHu2jgGU2YTKF5GzvwE3g,asset,.like_this,memorydevice,image/gif
QmYbKATefE8xn8PhZPgadfwyP8TXWUKhzsV6fP7vbkHR1h,metadata,Automne & Chimères - Origin Edition,Lapin Mignon,
QmaWHfGdayqrtr6aJ3AczieTq4TRiFPPUYsQv2Yu81C7So,asset,Automne & Chimères - Origin Edition,Lapin Mignon,image/png
QmcMeM5AC9dr7hpdZPWkiGSiE45PDohZ4Y2GA4nwoT6ZdD,metadata,The @ Clock,Unrealcity,
QmXJ6TELGkHyCUzmt16pYN7bVcgkJjJRKs3qxMoYsSeUJi,asset,The @ Clock,Unrealcity,image/gif
QmQXrRLs6WURFfcMvSPLxfNUF4fZbvPfoAMGah7nmTJ5A7,metadata,Elizabeth,Ann Ahoy,
QmQ6tMhZchn38UAhpqpkAQMoRHrQXnHYcqPan9jQ2fXz6W,asset,Elizabeth,Ann Ahoy,image/gif
QmQNVmposL7G7BJe32obBeL3Sqqquj3pABeioDPQq2eSpD,metadata,“I been tryna call”,Boreal,
QmXS4AWHSdGRLeaHANUU9PWu1SY8jajiNb7zfKpWeRqZeR,asset,“I been tryna call”,Boreal,image/jpeg
QmaxLVZw2GbsKpan8CfNx2E6JDRjD8Tv1YeuBGz9VWjVPz,metadata,Masked - by Okin,Okin,
QmXc3LHkgPT9geHwjoYadWrUnjsUqCYKeC5TiN5is1yprs,asset,Masked - by Okin,Okin,video/mp4
QmVTWETdZHhZtqNtzjRCVeWXRPqWH3BH7XJaYY78Cttu2N,asset,Masked - by Okin,Okin,video/mp4
QmXnzy4WBqj2NQyPFe4H6DZKvqu7Z5tQyauC4VZLeVHGJH,metadata,The Last Drink,MAIKEUL,
QmURunQFbE7NTV2HjxxF8ULcBAPLCn4rKm53PR75JVvQTw,asset,The Last Drink,MAIKEUL,video/mp4
QmPKd62zzbC8YnsXGSA22AzS5pPKiEDSvF7rm3oYM7pq4w,asset,The Last Drink,MAIKEUL,video/mp4
QmSGb8LPEsMeN2XvtGkqRNQqzLJKEVckAxxBDEsxLCYMWp,metadata,Fly Juice,WizardX,
QmZsRy2qz8BsZcaUY9AoSR2Q8tJ2nSRx8bavNVQHZVMPW8,asset,Fly Juice,WizardX,model/gltf-binary
QmZKnFqizCJXAZEs4kgE8pua6TwMgm1LoB65SKypgzWAfs,asset,Fly Juice,WizardX,model/gltf-binary
QmZ8M87F1rHSSv3QfqnfAYGmGYMSVqSnVHoFw8tyFFmWma,metadata,She's a Maniac,Foreigner,
QmZqHfBpLQjkvLLfe38TygPxxKmr3UPTDGToHQzasGCzF2,asset,She's a Maniac,Foreigner,image/jpeg
QmZASyxMKZJyQu28TSWuECbRbQaEbca6vtZTkmexk4pYNh,metadata,Preparing : SymbiotyCoin.,Jwawi,
Qmd4DN8WjM38HjHtAXvQZZPCpFjSRBkLwWiWejezmFh89R,asset,Preparing : SymbiotyCoin.,Jwawi,image/gif
QmdmDmpqGVY1tW3SN7L4XvtKcCV14MogtfSbkmreap2fhe,metadata,She's the Boss,Lucho,
QmWUWUneQ1bY6QMhRCycpFjgjxK1Q6VHmEAjWBSYUwY1Y5,asset,She's the Boss,Lucho,image/jpeg
QmeD8VNGtyNcqbi92fKvevqh7NDg35oCvN1etW5Y9edh4m,metadata,Having,hendricahyana,
Qmaj7mZzzvzVJjEG4ckTSqCs2XYu79LRYxfQNzTTb76fWq,asset,Having,hendricahyana,image/png
Qmbzh9LGbELYg1o7bndPXhMK3uynbpZb937AVXJTNVVaWp,metadata,OLDE ETHEREUM,obxium,
QmUWzZXEZp6wYmepkJkYtWaG28RfYwUxY6L9zsuq165kzG,asset,OLDE ETHEREUM,obxium,image/png
QmVphmGAGxcAedZ3PQmSWmtCwsCayDsJgynPjBJtGCaJ3m,metadata,Natural artifact 🌳,idflood,
QmSqR5vUhuSysasSLzC9d5zLGUUXv86FL8Tk7CsP2HB47E,asset,Natural artifact 🌳,idflood,image/jpeg
QmWrzHSinrK9GALJ39Uxiy2yE51DwC4JTWGo64QFCJ27H3,metadata,Model Machine,ROBNESS,
QmdCgJgozcMekCJp6hqpySJxz1kHzguRSci6FoUj6yEB7L,asset,Model Machine,ROBNESS,image/png
QmPFQdLf7dw7ULmtryAHqUdftrKWSK6VPSeQaURrAeGedK,metadata,Witches,Kozachok,
QmVsmK5BZHpwaVdJhC7y5cyLhrMndsyXhH5LTjos6MGmHY,asset,Witches,Kozachok,image/png
QmbBaGVGu8sZGwGYo75jPoJynnawdMwJfJk9ZBiSL2acgg,metadata,Typographic Data City: Manchester,brendandawes,
QmUNDi8s22aqTnrD8FUcxb698M1zmvt2fykcen7j57Z2VM,asset,Typographic Data City: Manchester,brendandawes,image/jpeg
QmbUjk3z9hyM936bJiQMkj4Dh5RotKUbgmsdGXvEomdfTs,metadata,Ouroboros,thisgiddyfuture,
QmcMpvJZR8NuvGfFxnCQM2pVxL6Q1sreBxT751C2gZhLpj,asset,Ouroboros,thisgiddyfuture,video/mp4
QmS1PuVBNJ8ZzrVf25rprBaocHZBaNRSAZFhQMUNtPTkf3,asset,Ouroboros,thisgiddyfuture,video/mp4
QmZ4jttoxyEh1QTDwBNPD85H1zgmxR3wSf7nLHADLiiiKS,metadata,_ children of the grave,abysms,
QmfDxF57DBDoFe9VzPdqaAA4CGNmpsDKhNyyrHU8ufaF6m,asset,_ children of the grave,abysms,image/png
QmQNKjnYzaLy6HFxJkQp8qZphDk66pEy3spbJ6EZAwcgXt,metadata,Reluctant Allies,craigers,
Qmdt47XTrvBdge6nAfVASXp4ee83jEWNQTB1AEee7M4xmx,asset,Reluctant Allies,craigers,image/jpeg
QmdY4gaKTPoAYBdpQTUqmn5nPcrra8fXw9RSE9Fy9Mp1qs,metadata,Barely Felt,cechk,
QmUxWms5rnyGJd6FJMj4E6uk6SAshwmYP7RHRtH5MfJUyq,asset,Barely Felt,cechk,video/mp4
QmNQXyajyEHe7NPXHJNnQdh1GMYMRMLVcvVhEz2fp6STic,asset,Barely Felt,cechk,video/mp4
QmXBtwf78DyPBL3fEo6QAQAU5bLyghhF3j42PWx4nnVMCT,metadata,/ I´m falling for your eyes /,GALA MIRISSA,
QmbdCfskNHV78E1xsa8fKbHu4kuP1KWd2Rbgyc5AgAeZ9E,asset,/ I´m falling for your eyes /,GALA MIRISSA,image/jpeg
QmPmcHoDcKhv7uLZp4XFcqSkcLGTodrQj4LHkWkYbr7Kaw,metadata,AWAKENING OF INSECTS,LeJit,
QmS6KRjtcnFgGbtaUhniFVCLZzaA1EexTV8M2hk2N4QUPt,asset,AWAKENING OF INSECTS,LeJit,video/mp4
QmRRaDSMNW7SD9zZJCH1o4v3vup3Vy1wukJFVot1PY7Yya,asset,AWAKENING OF INSECTS,LeJit,video/mp4
Qmc3K65XBPweMjnV8ZRai1GphjNorkGXCLLN43noWVxDhK,metadata,4$HLΞY{on}MY.30:W/∞L!GHT,Max Osiris,
QmNzC4n5xDphEjR5d7Dz3BSZrC3D916b1GuQpJV1NqmGjc,asset,4$HLΞY{on}MY.30:W/∞L!GHT,Max Osiris,image/jpeg
QmZRrPcn7SQRnze2x5eP7nyM7w8h1pu2ia5KQ5FbGk1LGD,metadata,.rest,memorydevice,
QmWMU2RiLHz7Kb22KZp28TCo2b4vJYPsRgmqMHTDoP5Cay,asset,.rest,memorydevice,image/gif
QmVQHn8tt3ViU6aKJCQkvcfGwsM6Sow9V18mcGZ7YA2HCT,metadata,Shades,karan4d,
Qmcz57Fq3aJUNEA3RcPqMJDCPpPNy3pZ2QfeUnCZd5mWKq,asset,Shades,karan4d,image/png
QmZFRQHNunmLM78mRSR3dJpAsR2qC29ajNyRwEDFFRVSh4,metadata,Crypto - IX : litecoin,Jwawi,
QmYMrPT7Gp7MRGtX2NEHFcsVefwtmwKaEqYCYTEXdbE1Dh,asset,Crypto - IX : litecoin,Jwawi,image/png
QmYr9EHT9pTpcmjkDd7yYC9kDBqEYJPiHVEQFe5HzwUQXN,metadata,Judgement,Stu Ballinger,
QmaUVWaoffACcCLmdpzXFiVV5BjaQj7AcAm8gYovBnSsNZ,asset,Judgement,Stu Ballinger,image/jpeg
QmTWfV148wvCbJWJSXVh2AG2bXnPkj2NtqBwye2oFQ6KxB,metadata,orb19,radarboy3000,
QmbEUB99fCqpSrfZLFBNs1A4Sxr6d1b58kDZhNYCSD8Soo,asset,orb19,radarboy3000,video/mp4
QmX49ajE2unhGSntYwLcQ5BcN8KZeea6vt9dZ9Uh5uZHoF,asset,orb19,radarboy3000,video/mp4
QmTxHELNHGnkua7D1zk6i1JstesmcKD2oW52qDCTsntVTz,metadata,t31e059ce1b,CIVIT,
QmazAnUAHeaY6aLo4oq8zJ1mAs3hoZjRaTjGHRYXA5UCAn,asset,t31e059ce1b,CIVIT,video/mp4
QmXcDBzTTizqNzsfu2diom8kGGLRpPzhbArq564i6eXQnK,asset,t31e059ce1b,CIVIT,video/mp4
QmdLcarhd4RhEC28EdQeGdCXUwirSEwS1cMaMwgnLVdmdx,metadata,Four More Years,xBruceTheGoose,
QmQBpPPnbPrrvfe4Nfcs5n4QmsvtYcfbB7ffSygQJzVCJj,asset,Four More Years,xBruceTheGoose,image/jpeg
