CID,Type,Token Name,Artist,Asset Type
QmR58LYsE6JRBnCoBrxWpxLk6wcVrmnYA9Tqf6qfF8YLsb,metadata,DEEP - OUTFIT 05,The Fabricant,
QmV7AjFaVwgdc4bZaNceK1FzBuasyzDxRN7KGuuoFa2A1q,asset,DEEP - OUTFIT 05,The Fabricant,video/webm
QmXrr6BKPQmgs2wPWjcUP2aqttMYn2oNz5zh9wo99fC1QR,metadata,Clod 319 - Summer time,Fabiano,
QmddkKw9EqT4FAbtSdQDdvXGgBcgmsQrZ8XWe5R5pu85Xm,asset,Clod 319 - Summer time,Fabiano,image/gif
QmbAf1PfkTmLrnD9aP1n8fEGW2nf2ZGCDqFGm9yoCi2Cyb,metadata,Glitch Subatomic Structure,taharazavi,
QmYt9C3B1CyLqPFT4YmMNLhyEiagQw3cjwJ2ypPVHhWgPS,asset,Glitch Subatomic Structure,taharazavi,image/gif
QmdRMm8NKGBq2ZqH7Gi8C78dxa292xxmwRyXe6HCBr1P6K,metadata,VoltiTowers Garage advertising poster,Alotta Money,
QmSyvnUXdzB7HiGM1uPvKJB2n2xNihDdFNBazz1KRKC4cw,asset,VoltiTowers Garage advertising poster,Alotta Money,image/jpeg
QmNc69KGSwL3WFgqBJTa3FwD1mB4N5DZ1PXuf5TSpdmz9e,metadata,|-| | [a],HeyHazmus,
QmUGRF4BgKqoKqu4JzDaBh9G8UyYPqqax3zHmi9FTAtK2W,asset,|-| | [a],HeyHazmus,image/jpeg
QmRYAzwJpQjW5yrLQZSdY6k5k1D9993Du49h73euKe5bZP,metadata,Self alteration #2,Artonymousartifakt,
QmVYyJ7HKsxVKMRpTxmHkNE7ECw8673Gczx5pzR3DFEg8M,asset,Self alteration #2,Artonymousartifakt,image/gif
QmaTVsr8cctsydPJcPmGBZWtMD3QzPbUFjK5gYmujeibZ5,metadata,the_slow_brain_melt,yrdgz,
QmYZowWicWthoT3Kr11M3dH7P9xJokzpYJh6TVxZmPt3WE,asset,the_slow_brain_melt,yrdgz,image/gif
QmSnNU7MHXPozLXy8LX3NRzdc9hnQL2ZHUSizWuMuL3B6K,metadata,Merkavah Activation / Shot N°02,Natural Warp,
QmXpfpht7Fb83Ynqvf5D9L5DKppjYpq2t6G1zXsj631K1d,asset,Merkavah Activation / Shot N°02,Natural Warp,image/jpeg
QmQfGTKVePGr131m9jV7sa22UKKt84MjwkziLB5NGsgNjU,metadata,The lines of the whole,SoulineArt,
QmVuJTqKyVArs8FNEVW8vMmxkjmo4HLUTGnygM627R4e53,asset,The lines of the whole,SoulineArt,image/jpeg
QmbkYFHNGKGjU6HJMTycgrLDfjRvVQUwB8z9tkCx6fLbxk,metadata,Abstract art, violet rush.,Alex Shell
QmcSJXbJo1tE84vfWSZuA7gjoox2UbuXTCJNeyQ3pKrrDa,asset,Abstract art, violet rush.,Alex Shell
QmatpunqzDPWpBhjR7dy6QusQZYr1CrgasgNHzPjrFQ7cu,metadata,The Spotlight,AlekseyYalovega,
QmbTS3Exo4B7BfeR3AXAuwBPJ1uxKPwtewB762pGCVrvN9,asset,The Spotlight,AlekseyYalovega,image/png
QmR6ELJd1jwUXwvBAeZrCn3ZRAGa6r9mEinWLRfVsq84Av,metadata,Keep On Sailing,hngeb,
QmWCdpt14fRCTKnt1myaWGRwjTvG99K7cgpBLYKYps7y5Y,asset,Keep On Sailing,hngeb,image/gif
QmV4Bga2XoM2cStbs1M1zXTA7j93d4h4mrHKPAdFqRsfJT,metadata,El Diablo,VXN,
Qma7sjzxPF9DGvdtkP3rKmDAhp8Sf5JrBt1V4Z25MW4xaE,asset,El Diablo,VXN,image/jpeg
QmY12EXCrJdLGYNVpfVQN2VE1hGGiUMAJmqbkAzHu6mTfn,metadata,Phoenix,taharazavi,
QmfMHgh4CRTarF3RXrMrYhvC7iWhifbZz2cPRujPMjvXbc,asset,Phoenix,taharazavi,image/jpeg
QmfFspUKwVWRMqtZQXyG8tLDGgsRVRiXXei9r42d99YLkB,metadata,Doriphoros,CIVIT,
QmUfsWsh7WMTkeiH5ZvLsxjdPoLZKTdk9Xhe5ntZgRBZp5,asset,Doriphoros,CIVIT,image/gif
QmYKGky83UC29mqbwMj71BM3xmBqE5Uu7V2XSiVGiFBC8d,metadata,The Matrix,Kozachok,
Qma6vPeb5dJXj4S2ahe9BPSaZAKUyG6Wj5DR76Rkrj27cC,asset,The Matrix,Kozachok,image/png
QmYsoZwXURh49X9NBV3A5rb9WVc2Wi8ENSzJ3nb8XxQ6WC,metadata,🄲🅁🅈🄿🅃🄾🄱🄰🄿🅃🄸🅂🄼,prokopevone,
QmeVcgv5hzviRBZ21Ro4dow6wFMAHRyKcQrp2xPHu2qBmm,asset,🄲🅁🅈🄿🅃🄾🄱🄰🄿🅃🄸🅂🄼,prokopevone,image/png
QmVVrt7msoB3ZcDcWxBub86NaQu77FQwx7zQXNET5sQBYz,metadata,Merkavah Activation / Shot N°03,Natural Warp,
QmbF6xtbirnaLaGwuxKRjGfmcCtNUkZA4oHS7tLyEbRJzS,asset,Merkavah Activation / Shot N°03,Natural Warp,image/jpeg
QmdJKxkoF2CUjqUoWverAuKuXxg16xpEax1TvVgLmg9nPu,metadata,Coffee in the Morning,Voke,
QmQiR9s9F73Qud5PkZDAyJ1LaP3iNbmFgGeUMt3fmVkpbY,asset,Coffee in the Morning,Voke,image/jpeg
QmU9VFVemafNaMRtbDLG7nKSxndXhUhCuPQXosXeDFopRq,metadata,Abstract art, pleasant colors to relax and enjoy.,Alex Shell
QmXbwd3dvKwFd5V55zmH3KQrNRw6nQaUCGo59oLXt68UKE,asset,Abstract art, pleasant colors to relax and enjoy.,Alex Shell
Qme7yBsqDAJPfBJc3Jtd4rs6sDULxrXKfEvKFV1Zcaf2wB,metadata,0:48'_wrm01 [Triggered],neurocolor,
QmVD8tuvAQgVhxygyrPDWvDNXtqg6wym3P1sGcjpEUTnaY,asset,0:48'_wrm01 [Triggered],neurocolor,video/webm
QmSYDsTGSKM2AG2uwET4o6KpM9idGfdzJHKptjS4aXsEXg,metadata,Zankapfel,Beckermatic,
QmQtv9UixeQRm91BJXiBAveyXrQNFSWngVRLAisaraPBaN,asset,Zankapfel,Beckermatic,image/jpeg
QmWG2KRzDhHb56CSSgEZLCYNRfysMqb9dFCtpXgnGV5Xoj,metadata,DAFTOUCAN,obxium,
QmZhG2iZJLa2wTMASRAiasKKBVXq3zLBnSRYcBASjhQ2Sw,asset,DAFTOUCAN,obxium,image/png
Qme6zd1vNQibixYD2baebsreRPYFczJd9UwJkHjmcgRapm,metadata,You May Be Experiencing Poor Perception,Unrealcity,
Qma6ppHifYPG7Nxz5P848a2kxUa873jH2z4Zzk7GUfRejj,asset,You May Be Experiencing Poor Perception,Unrealcity,image/gif
QmRNBXG5nqYYnFjAP1Bjvf8Pt94WfEhdskjFDQ9DnQcuDP,metadata,|-| |||,HeyHazmus,
QmTyi2WgCrtLZ4GztQPmvoeFBhwWHDQdvCKLw8h1dBAvFG,asset,|-| |||,HeyHazmus,image/gif
QmNttsR9k1Rb4GEJDUaUM8PCksAqMbgXYy9bv6fXEoFS4f,metadata,wīrd blo͞o,Animatttic,
QmRFrJkYU6yiokY6n3aNWkrVaJEVdqEkFE7oJYzUoqbGu3,asset,wīrd blo͞o,Animatttic,image/jpeg
QmQdAjchHH89LVkH3b7EAfg4dBb3yz693K7823sZk2a25C,metadata,XD,Gary Cartlidge,
QmW2aCk5SmVgc7S4khbkjVNXRNqTsk4oMzToYUkhsZ4Xgq,asset,XD,Gary Cartlidge,image/png
QmTzcoxBFigQW5w83wVC9DfAXurkuWeWByZnAAgvzTjp15,metadata,Shinjuku shA.Ipe,KBO,
QmUTQCkw9EcQopjuprbFRQo13epB5SBkgonds2M9VgV65F,asset,Shinjuku shA.Ipe,KBO,image/gif
QmX4vG5GKNzBpDRVWE4RiDyfY3AiHEyBrhB7JT5pTC4VRo,metadata,Infinite Motion,Bit Errror,
QmNThCnPXDrnRf8gaGKX92PmAupPVz7BXrRGMzNYySvE1P,asset,Infinite Motion,Bit Errror,image/gif
QmXFRb8UHTy9cQZuPAZ3LyEBLMPHufFD9JVHM6rsewjg6m,metadata,𝐄𝐭𝐡𝐞𝐫𝐞𝐮𝐦 𝐃𝐢𝐜𝐭𝐚𝐭𝐨𝐫𝐬𝐡𝐢𝐩 1/3,prokopevone,
QmSaJV3baMXuAwoF9MKo6a6D8WFbZsE1mop7Vz6q7CCnaf,asset,𝐄𝐭𝐡𝐞𝐫𝐞𝐮𝐦 𝐃𝐢𝐜𝐭𝐚𝐭𝐨𝐫𝐬𝐡𝐢𝐩 1/3,prokopevone,image/png
QmRcV9Lw1aE3i4u471mdHqZQxzcpH3EVcnKNef5LS2NQFY,metadata,Digital Mandala,taharazavi,
QmRwT6VTA1WTbvo4Fe87rSSPA2BDqdRogjZA3KnQXVaEjV,asset,Digital Mandala,taharazavi,image/jpeg
Qmby1HcnmLg1sW6gLrevpGrXRPG3JcZ3HrZfpUaXwa3gEZ,metadata,Saint,Mugen,
QmZYoTAb18NdrgU3XDspYArnrHV9W8orwqwZqG9etX1Dsg,asset,Saint,Mugen,image/jpeg
QmWXZm3wNnNFWkknsbVrxxGeNdSFytwGVgLR4zRKDTjCrV,metadata,DEEP - OUTFIT 01,The Fabricant,
QmdALzZ2QDySGPwRrx4nLgWgfdLMzm69JPYDGwwY6eWVvE,asset,DEEP - OUTFIT 01,The Fabricant,video/webm
QmYuVUsZnQzH5rXG7QR2bQ9PQJD1QUCryxXgEb1vfHqD7v,metadata,Make me beautiful,Lucidhouse,
QmZ8d2y5Wsnj8NChaxYGyUNY2s9jwoWQLGPa63E6DiLuV5,asset,Make me beautiful,Lucidhouse,image/jpeg
Qmb5M4tQfkQbScEgEk8Vc36XjD2YQUesp9RP76P3CbLrgg,metadata,Sisi Eko,Voke,
QmUaJx5Qzq8BywP4G5YMuq7XtWj43P55RsPwTJPtXRbjD1,asset,Sisi Eko,Voke,image/png
QmPXS8CXwYMfdfcaLEXtBiYYwn8fNYXdWhdQ35v6tE9yET,metadata,Green bleach /occurrence of the unexpected,jonaskasperjensen,
QmXSUTRMgFHNvuBZPVynDyZK5Ris5oyRRDXYMYn8mszF3R,asset,Green bleach /occurrence of the unexpected,jonaskasperjensen,image/gif
QmNRCH1AtW3vhc3sbQXeKfkJHbVVPChn45qGjZUZWxmq97,metadata,Deep breath on groundwater,SoulineArt,
QmbizQMmJwPnort9Wu5asBxFNjU9aK8QhU2MXK5iriki11,asset,Deep breath on groundwater,SoulineArt,image/jpeg
QmWBPAsTKZ7gjeSwNyjNppCoosvbNaNwQG1P3B2ALgSFpJ,metadata,₵ⱤɎ₱₮Ø ₲ØĐ ₦Ø₳Ⱨ 1/2,prokopevone,
QmPmyTrT9jiRNBUxNYQmR8n5qNV8mYuF5VJtW6wi7fxFY7,asset,₵ⱤɎ₱₮Ø ₲ØĐ ₦Ø₳Ⱨ 1/2,prokopevone,image/png
QmaGHKbJgdqGpZ9dEaSah9yyYPJVgsfaSycgMFGPSvvvue,metadata,Heads,Frenetik Void,
QmWQZaAVMw7oUDkdFZoAtcuADAdoK4BwxTYomWrUR5orQh,asset,Heads,Frenetik Void,image/jpeg
QmfScg7y3tJU5w5BhwGitAoyXxs8wE5NYV1dURB9xW6b4V,metadata,Line Art,kloop,
QmS7xfM36CUKZKiDkiq7qmFpcggHKhhyxQoHGXyamCxFoG,asset,Line Art,kloop,image/png
QmPt6o9xxDHwdMSrWmJNhJ1uy8kbaFNKPDMYuwPhbS8m69,metadata,Bubblefuck,An0nym0us Nobody,
QmSu7fXWNXJ5uT6DCYaXMMgHRF1NHEqwbe3zgptzpSJDGa,asset,Bubblefuck,An0nym0us Nobody,image/gif
QmVPbvfDD4whgxxAVoscw9Vzppe2nvBmJ2MRGL7YPpJzUo,metadata,Deer Love,Lucidhouse,
QmSMoSLSfztscCQFWV3gKbtPyGH3USSMbtBdJN918ou7TY,asset,Deer Love,Lucidhouse,image/gif
Qmf8zVynGH4vzTpbgCdZVbPqNdfTGyi7mscBiUDn7cdTqN,metadata,Merkavah Activation / Shot N°04,Natural Warp,
QmQPXcVWizK7F9UVcBL2vnnTgU2LUtEEN6tQFSga4pRMqN,asset,Merkavah Activation / Shot N°04,Natural Warp,image/jpeg
Qmc3u97KAVGy81Eqf3cchS6X7yamQuFnqUum65FKiggs8r,metadata,|-| ||| [a],HeyHazmus,
QmNQ6676HXRru4ohcVmzy21rLynGqhr1VmYF5TGhxXdEop,asset,|-| ||| [a],HeyHazmus,image/png
QmaSQZ2VewjZYixYhxFoY59kVkrSq4b8XZKWKTU2rTKgUn,metadata,klo͞o,Animatttic,
QmUXsL7KHb1UUp8yC6yS5beHU96S26AKwNPRrRmoP6yARj,asset,klo͞o,Animatttic,image/gif
QmRykpLi3vhRuB9p1kS9t5xgKHX892HFqqjdKVgAEgpYVm,metadata,DISCONNECT,obxium,
QmZjtYooAyhLGPXM4d6ZP8VnW7QeFFo3t61xr1j4h7bVY2,asset,DISCONNECT,obxium,image/png
QmW9Zt8M6HhJy7XcxJRkwtPyNRauGETcdPm7ba7ZJ3tABM,metadata,The Crypto Spectrum,mr-monk,
QmdqbQdp7UCY6YvKJJ7N8JVAd1YcpQtx3WCvVNYF8Z4tVZ,asset,The Crypto Spectrum,mr-monk,image/gif
QmPCfBxdrckgC2SuT3c5ihQciewU9TK6Gd4rhL9DE1NdTh,metadata,My Internal Scream,RobnessCyberpop,
QmPYGhM6skp3tnJyZoEpmjvWBQhNPVFqso9VBkfzvaeXws,asset,My Internal Scream,RobnessCyberpop,image/png
QmNw5LUYGRtnFzpn63fHt7gA5eKgLMVwMqCMHcHx857KqC,metadata,The Meteorite,Cihan Yenici,
QmSEfEMxMjShRaLYeFLgPWayHwGKwq3K9py2UXunEADJvZ,asset,The Meteorite,Cihan Yenici,image/gif
Qmaomsnijxk9R9Btsa6co4mdcrWS9vxKN1vYERVje9dymS,metadata,Pizza day,Moxarra Gonzalez,
QmYV2GA7VpRWCgBirfSAzpgxMfNaVEEn3cexzKopzVqXEm,asset,Pizza day,Moxarra Gonzalez,image/gif
QmYYqUXo2UNnTJ6Xefqx8Ep4PFYs6xmUP9n9BTD2sLDt1t,metadata,Afterlife 2007,CryptoPope,
QmbEawwvwJuaUiWL3rB1A5FLpRKF19CM56MJwxJYLoDSyY,asset,Afterlife 2007,CryptoPope,video/webm
QmUxBXArpN43YT9jQjM41znxUWvE8s8XCGWJYvRzWgtVWQ,metadata,Sunshine,Paola Castillo,
QmbZmGXXSFSsByiQNkW7wXxoMyb9pumBgepuBN5p9yKuQT,asset,Sunshine,Paola Castillo,image/png
QmaNeH5kknZVvhgFRNWBh4vH1dtP9Rmd16eTGACBn9q2z9,metadata,Emoji Drop,GISEL X FLOREZ,
QmWSXeTKiGk5B8zFQYYfGctvrTKRex6fzrkakhJVVCsTQd,asset,Emoji Drop,GISEL X FLOREZ,image/jpeg
QmUsRbDfBHkpsz6YBKYYt5Dxq6akMDrqzvrcQGpkDoAFWT,metadata,₵ⱤɎ₱₮Ø ₲ØĐ ₦Ø₳Ⱨ 2/2,prokopevone,
QmNdvAPDQ5UcFnMHGHLpSw2mD62NRA6sn6PUZriFmVR1RT,asset,₵ⱤɎ₱₮Ø ₲ØĐ ₦Ø₳Ⱨ 2/2,prokopevone,image/png
QmUeQaFR1YTmyes4gTVTx8ALqmBauJEpCXWjMEQDQCcNFu,metadata,Happy Bitcoin Pizza Day,Miwa,
QmSJDYwSMxfic7TeKaxiSKUZZ1DCynFLQnCgXj6wQgcd5g,asset,Happy Bitcoin Pizza Day,Miwa,image/jpeg
QmY56yH97U5GbpTMtg6Ni1QgG3PGYZx9asxEG8TK1H6e3D,metadata,Tomorrowland,taharazavi,
QmcBFEN28wFEwtErxA9MhuGQkRydWe8ys79NfZtKS7afTu,asset,Tomorrowland,taharazavi,image/jpeg
QmevGSWryZhdPLpqvoz1gHu5NJBN5bq8wrkXDGLzcj7LdG,metadata,ia collage 1,dottartist,
QmVMAWR6TZ8Sv5KjogY15PW8MDqpzfYf9MwFcnWDCfBePc,asset,ia collage 1,dottartist,image/jpeg
QmSi56hbGhLqnTH5Hiz89HrTPn6wHVifAnZGEMbgbWD3ef,metadata,|-| ||| [b],HeyHazmus,
Qmbcq6G2xYWfnsFyHNGonR35SkSZZKEsVhxc2ttTWgPJaa,asset,|-| ||| [b],HeyHazmus,image/png
QmetGBduAXovvxD5sepCn7MRAKGCuBgbzc3aTNTFpbMcsD,metadata,Your Hate,CIVIT,
QmZV6oa7yqKJyDkvTUWj2xExwxBsUQto2QFY478TvnTjjK,asset,Your Hate,CIVIT,image/jpeg
QmW8en8vYsjQ8zTjULKUVGATXbDPEWo5xwiHYevG9wiTnA,metadata,Cherry - Chasing After You,Voke,
QmeNhcWXihscABCbiGxRzFgc6V5T6zVaua9nZCQt4XPgYj,asset,Cherry - Chasing After You,Voke,image/png
QmeQo8rXWnKbwJ8aUngJgN6hiRaB72fY3bzKLEkUKSBS3G,metadata,Full Bloom,CryptoSpectr,
QmVgTM6t7JKRDJLvSoBNijCdNAsCdbVz3QJMEZ31SWy8zV,asset,Full Bloom,CryptoSpectr,video/webm
QmZCnHKLKbobYKQatns3jdzzAuRcczhYGnjdnZU2L75Q7E,metadata,CK 2020,Unrealcity,
QmbQFMhqty4KyxSGLaQQ4oXshRpx3r1ePBXwj5nxaWRjzd,asset,CK 2020,Unrealcity,image/gif
QmeNLPRM1h3knEr1XgG31UH3VttCaoeeyLnWkCDHrCdPb5,metadata,NFT PIZZA,JayDelay,
QmVY3xaiULTHRYzazJ5MpR9MvuuP7c7KRtMPnVuxssjBYE,asset,NFT PIZZA,JayDelay,image/gif
QmRZiS3ZX3kPW5Qw9RAfhsfAYhfCJ2C5yA2hx7PSF4poig,metadata,DandyLion on DandeLion,Miwa,
QmSuJyinMvfVcYUEPYCpJ5LKwNro1t1EQwuUwbTsk2bAj7,asset,DandyLion on DandeLion,Miwa,image/jpeg
QmUZv6HyvNfV6Nm8S98awSinJ3j3VXqcV92ZiYKs9wuyjZ,metadata,RoadKill 13,Lucidhouse,
QmdxD4S3GZppvRZhZJBc1P8Q9fvdvuuDhhL2mvLTF3hWz5,asset,RoadKill 13,Lucidhouse,image/gif
QmfGKEBNeK29LrRhLxKUspxeMonmCV8NaW46RitoiXnmnD,metadata,Nyctophobia,Shortcut,
QmX62BbeGpwaL9WfuXLyyjP1TLFstWz5tRsB3uSXdse1it,asset,Nyctophobia,Shortcut,image/png
QmNzCkn6J6uWQy8PvGgJoMAWk8MA9NZTumoEWt8y9amjEJ,metadata,Ethereum ETH-KO-09,Tom Badley,
Qmdcs5Tc27KPt377tsJGCx4KPXfT1XijWaBEd18ScVc8d7,asset,Ethereum ETH-KO-09,Tom Badley,image/png
QmU7a1bBNzhf392G458Kar7fdbuoR3aDoHJukqggmcrn4E,metadata,ARS-1-000 Red,Mattia Cuttini,
QmX3ukuejdYHrgBnU7PFYkrhUeoqHFFpkbQFAnH9JBZD6H,asset,ARS-1-000 Red,Mattia Cuttini,image/jpeg
Qmd5nS1eSnm5o1uJmzBNKyoUqVsvKA3ZmMuwhxgyfwDW91,metadata,Oath of the Jewel Box / Shot N°05,Natural Warp,
QmeMDyBCdhH4gZA5TeorwW9H3p3Q1o8EbpRaDDVhhG2Sem,asset,Oath of the Jewel Box / Shot N°05,Natural Warp,image/jpeg
Qmaw7sGoWmqUJ4Z6nKwKLTfveDXWBhDa5MmR6Sg9TXqp5J,metadata,My Strawberry,An0nym0us Nobody,
Qma8cSTxqLNEAGb4dTCNC6vfEHCYMGxHrWcCy5Czxgipgo,asset,My Strawberry,An0nym0us Nobody,image/gif
QmWtMMZ7Rm1DMzq2i9CEN87QA86evfHwJ7rZQLWHdPrqA4,metadata,ʟօʋɛ ɛʟɛʍɛռȶ 1/3,prokopevone,
QmTs9YWiu1pkTwa8b4aJYsUjYUXbLtRrueMCGcLSRvNJzn,asset,ʟօʋɛ ɛʟɛʍɛռȶ 1/3,prokopevone,image/png
QmS897zcMnPtQr2uXbwWa6U9rvUZfFduCVy5Fz5irgxBMq,metadata,B o X,yusaymon,
QmeS4tTDS4xkDsK7cxV8voUYGZgLBVXTT5yMfUjqU6nh86,asset,B o X,yusaymon,image/gif
QmSYTcUSuGjsumCodq9BLJCCbfgMzaLbBfaddkAwHsVEQQ,metadata,Digital city jungle.,Alex Shell,
QmefhJFCUhykNKdgQRb4KkLreLsYiJ19EUiaG6r5o4fR5J,asset,Digital city jungle.,Alex Shell,image/jpeg
QmSpoDBsCYWFbjXJ4mD8KsKhMRwV4kDh1vXGFohitCrVN4,metadata,Corrupted Justice,Kozachok,
QmayemTg9Dyy6V8oaqgxgetwczrAyopfuwiBuSHGEXdH5m,asset,Corrupted Justice,Kozachok,image/png
QmYJ4ygNYmng9KfziGDjGgNfZqbCQNGkjM9V9JUP7xaYgX,metadata,Cy-Girrl,CIVIT,
QmYpBRmsMZ26KLX68xsm1ZAczqF3xhtdzx76NRCaRSRHdE,asset,Cy-Girrl,CIVIT,image/jpeg
Qmbqex45TczVNeUvX5Rtn2U5yTG8TjJtGdjcmiXyP9Vi5T,metadata,GOT LOVE?,mlibty,
QmUCAVopsXK29GvRT5kTn8dUyR4khh1Cs4MuaL4AZps9WS,asset,GOT LOVE?,mlibty,image/gif
QmX12Q5NfHqZ6DoQmqRe8pfZM63rmAew9MyENNaEE8ERhv,metadata,Helios,Voke,
QmVGtTzwHQtajbCyUjpt9LWM95LUmpjEvjuKF643fTcX6M,asset,Helios,Voke,image/gif
QmXqUMatxZEVhaULyioDvmRvVagVK1NgnM1UQWWzDync19,metadata,IGNIS AVRVM PROBAT,Beckermatic,
QmYxGXHcdgvNC2qTooT3dx5bHmnKy3j3vFMrHaEu2CXmN2,asset,IGNIS AVRVM PROBAT,Beckermatic,image/gif
QmUFiWQcUXa4bChvPyVGPY1dFQ8U15qjjG3jyxKiA1FMFB,metadata,The SquidWizard Liquid Diet,An0nym0us Nobody,
QmTcgpnp8MsCuBpFhsLmc9Spsva3ay7SaG9fr1DXsH42Yf,asset,The SquidWizard Liquid Diet,An0nym0us Nobody,image/gif
QmU3M6r5DrZR2YBBVP8vQyhiLA5L4zDtHNZRvttVRDCN4F,metadata,I exist,SoulineArt,
QmNRS3Rv1tYs5SDmq9F9rTHHiXg7x1Mhgq5C7mJEC8EUtu,asset,I exist,SoulineArt,image/jpeg
QmZQaDdp7FXQgcMmfFkSLKhJhEEC1F1TvmbhVq5tF8GfT3,metadata,xxLOUxx,yrdgz,
QmcwrKhUfKs7mRw22KsfUf5VbEbhhZ7hTzkNz8C1ZbK25u,asset,xxLOUxx,yrdgz,image/gif
QmQZDr2BYimkYbNoCdmiUGGYG6C6Gkibx73NcqSjJp85L7,metadata,Lost in the forest.,Alex Shell,
QmdhSLeNs2NtbEBwQPvDDdWJYN3PdqXJE9HmzfwRNJEa5E,asset,Lost in the forest.,Alex Shell,image/jpeg
QmWvXdi8YWyvsSVWSYGDx9thk8V9wEBiviyUqeah3b9uj5,metadata,Bewitching cosmic maggot,AlekseyYalovega,
QmfPqkAgxNEEbKt9faZ5SJbeSoz4XcUcBQcJ1j7jkZTdyU,asset,Bewitching cosmic maggot,AlekseyYalovega,image/gif
Qmci2iLJNCKKAeBvZcBTPfL53WHEazdN71ZV2f5QVaQE5h,metadata,T-55 Hans,Hans,
QmXRkXbMAhNFa7FAvx37Bfh2yQsw5g5XuTBRQkwGaEMCpz,asset,T-55 Hans,Hans,image/gif
QmX9mjgjsMxEBjf6eDBfSDmkBwPDqSoeXsUEsnK7sUdgiC,metadata,Respiració Assistida,CIVIT,
QmPieEFM5wifz3xP9DyHZUYXnmYY69BjdsUKDyBnBr4aLj,asset,Respiració Assistida,CIVIT,image/jpeg
QmPE2YSbfncgZuNHJYHrYTaGSpK8FFTkt4ciRWhF78Tiwj,metadata,Ethereum ETH-KO-10,Tom Badley,
QmYooydXbsA1FnqpaRmQSL7TrutYobiPdUWbX4yBmCwRrb,asset,Ethereum ETH-KO-10,Tom Badley,image/png
QmUFNUuDv2nMRZao6VbHPjookvpJVQ7sFtD26vzKb7cNXn,metadata,Digital Totem,taharazavi,
QmYLTTrrGEb436KEMkSKv2udTWtpttDV8DMpGd6bK8LZ5B,asset,Digital Totem,taharazavi,image/jpeg
QmUVzVXqmLhjkKscsqitWvuwch8aNpaJGKyeAXnErdC3XS,metadata,The Journey of the Magi,Barabeke,
QmU6SXwqAJLwQFMJ4n19YXYko4LYeTTEr2oEdGJfPVKgUw,asset,The Journey of the Magi,Barabeke,video/webm
QmeqQ3TadwiShJGZ7acAcbjDDoCPESAdAnxuG9TQ5yUyRh,metadata,Osmósu,Spaced Painter,
QmbVYnTqapsgPiuB32zZQ9UpAeTSYnVMyCigj6i83shsKP,asset,Osmósu,Spaced Painter,video/webm
QmWAUcYXNDjG7KY5vXwtetGrUPz6jvXgyAZKsy3p6QyW78,metadata,The Man from Nowhere,_MNK,
QmTpyrov1CfJq5rmymUvJNy6jYD42B8iP2GX6ajnHst82V,asset,The Man from Nowhere,_MNK,image/png
QmechT6mC2WJAQS4qa7nDiD8rw4tMkpNibDYzToecZkNqv,metadata,COA - Original Works - Koala for Christen,Franky Aguilar,
QmYw1d5kStREG8e64Y5Rp7sDr1DZfFpim77PPtYYmmLVa1,asset,COA - Original Works - Koala for Christen,Franky Aguilar,image/jpeg
QmaBwTPuHVQGM2QWZeXbNzscWqaQXBRYwY6kKrW8ftc92W,metadata,The dreamer,CIVIT,
QmaqmjFWDcBJthHu3rAWbbFPTDQuGTTeZyA5WP8SjeYf51,asset,The dreamer,CIVIT,image/jpeg
QmcAuZDm45b2KpRzESWxmPgBfgMY4DJTWcGKr5X8QUtAyS,metadata,Lady Orange,kloop,
QmdXXjxib2sgoEDZr7nJ1YcFC1P3VRDEwgGCUQY6r4Gd57,asset,Lady Orange,kloop,image/png
QmcVyuYA5TYgXSFTiAuZrFrp26RwcXETssAoKdvcXXtbtA,metadata,Thrust,An0nym0us Nobody,
QmaWJCr8d6cq5smbDtgGqrJEqGnheMWaD1pDEb1RMGdS95,asset,Thrust,An0nym0us Nobody,image/gif
QmZ3Vu1Y8ntGkxpZWxVvCEvDKYYUDu2ec9hyVKBsRcAVmA,metadata,Early to Bed; Early to FOMO,WizardX,
QmcgEkRxKaPZ8o3pnvV8VLPfxoRNEv8PGSZQiPxz33DASF,asset,Early to Bed; Early to FOMO,WizardX,image/jpeg
QmbqqSd6ciUZ6EURoP5K9tHMuUmbrCZwqHg8j7uSRtzad3,metadata,Flowers #1,Spontaneart,
QmcHmBw9yde6ZARuih51AhEXQUfa8EdYciDz1fXMPan2CJ,asset,Flowers #1,Spontaneart,image/jpeg
Qmd8rtkbdAgowrTjPazGdPwBo1rKw8ZPPGKg23LxyXmeK2,metadata,The beauty and the Death,Monfa,
QmSaUMwphut7j63o7HVm6b7763hUa5mRfi7ceYR9f2r2Ba,asset,The beauty and the Death,Monfa,image/jpeg
QmPQo9YvvG7wsqBR39GVeeyuGKD7rvrMUEmkJjXPGJGQcf,metadata,Make up,Paola Castillo,
QmaYipitaNhindCQZaWSB5X2dEcubrv2wCHbCovvLBpRTD,asset,Make up,Paola Castillo,image/jpeg
QmfMu1cTcr2q9HzjKLf6KadvwFQYNbbJTUrbFW5qLbBm41,metadata,ʟօʋɛ ɛʟɛʍɛռȶ 3/3,prokopevone,
QmdApXC8L96uFnJb3Ez5gnLgLB1ZxhqegeLMPGKnsjYM2g,asset,ʟօʋɛ ɛʟɛʍɛռȶ 3/3,prokopevone,image/png
QmbbLKVWb2bSnAR2h7RcA3zyDj7mCjs4MEfmjQtENxykBR,metadata,Voxelboard 2.0.00,An0nym0us Nobody,
QmcL221ToGBWj4DCjggQYHRasmVyz1JGBFsyNQ5a5hcezi,asset,Voxelboard 2.0.00,An0nym0us Nobody,image/jpeg
QmWqC9W1LWBTUwtw2zzQfq16eRQJh76exGN1x9sEUsrzZa,metadata,DEEP - OUTFIT 02,The Fabricant,
QmZuizCGt8MGrqxYP2FrRUjcsNhpp3Ft73upJT9eqocp9P,asset,DEEP - OUTFIT 02,The Fabricant,video/webm
QmfHJZk4Js1pQqjW5fi2p8QWVmFYZYREGfuXJBQbziNfxf,metadata,The Sailboat Keep On Sailing,hngeb,
QmPAcQ5jxaMmQRFSJ6xpaiVKYZZYgmQNAUFSVoNVw6Qwby,asset,The Sailboat Keep On Sailing,hngeb,image/gif
QmSbNfMSn3vs7nwgUfh9k62MiQNxWdfbKD8upW39krGqDj,metadata,TWN7,Marco Rodriguez,
QmaSWSA2mG4DvHKRGP86CX5S3aQapTMhwBNPUx68T8dAqg,asset,TWN7,Marco Rodriguez,image/png
QmTmoLt3vNvFv1cBg8VGEedgCDnhsPFjh5PRdL38gRX2sY,metadata,System Failure,Glitch in the mARTix,
QmXeXncx6MaA3mmC7JkrHqkUeLEwJXGWWe9nqbYoANJqnh,asset,System Failure,Glitch in the mARTix,image/gif
QmXhxUvG7cGWHy8xfVakdizifH3etFigi4xKzNRiVyFUN4,metadata,The Rise of Autumn / Shot N°06,Natural Warp,
QmeYBZVSGMYNSaiMdZUNWQbh1KL5weuzPGv6aYvpsByNgU,asset,The Rise of Autumn / Shot N°06,Natural Warp,image/jpeg
QmZ3rqr5HZk35b2oQk12XJZe1TavpLGpZZzu2okcLWjuy5,metadata,Love.,Alex Shell,
QmTHcMbcsPEqBN115vSwPb8Rc5kzQVgTrCAozPJtSq85qM,asset,Love.,Alex Shell,image/jpeg
QmVGk5GzaPhGCLTTvK9cJPyCaxni2nRW7Xezjge7Ahb6PD,metadata,Madonna Ethereum ポイント: Nyuromancyr,yusaymon,
QmaH359PyzKNDb61NjfUPamGf3AY7QGXAmyPWh43LV3qQn,asset,Madonna Ethereum ポイント: Nyuromancyr,yusaymon,image/gif
QmUDePo2rkPCnUYGppJsxAp6zAL9CAVf1AYKkBD7HkMdh3,metadata,Golden Power,Lucidhouse,
QmWw5ZVyCKyyVQiyhqtzMqawfJ9ASyHWH46a62B4FFwxVE,asset,Golden Power,Lucidhouse,image/jpeg
QmdcyahL3Vt38xtrhJBy1n5r3Jv3eb41rvNjNhBgmFUYjM,metadata,SpongeBob & Patrick,Kozachok,
QmV3nZBp2cadMG2ZgQ78kK96S7z7Hd88NTVSWbAokmhZe8,asset,SpongeBob & Patrick,Kozachok,image/png
QmaSVfF9hiJPnHDdUu6Ajr3uijwcAYFTq7q2oQMSuJZsda,metadata,Sunset,taharazavi,
QmfRWZ3hxP7dne3qKaVru5hwti5nC367tScyCumAjG7eHV,asset,Sunset,taharazavi,image/jpeg
QmWZSVeF53EFYADaLbowmwoBzAmsLKcWsaxBhwwWmaJmgF,metadata,Border Patrol Stray - The Pentland Experiment,Norman Harman,
QmQ59ocrX2JxDQZpavN2aoXHfwVYrv4FdLpAQ46cpE2hMg,asset,Border Patrol Stray - The Pentland Experiment,Norman Harman,image/jpeg
QmbzXS1UEruTZe6nGgxtPDaDg6ZkaYx2Q3vV78v84khmWt,metadata,D2vin3r.,CIVIT,
QmdZC5UJM6vugS1EHNiFYcyBSHJMPiV35EpjJ6eTgiHT4a,asset,D2vin3r.,CIVIT,image/jpeg
QmSXvDeN961A5BfcYEfkypjqM8WNPCzzD9ZLmw64GTabW1,metadata,Oceans Eleventy,obxium,
QmST1gubcF8pXyeMoP1wzqABNx6CmaX4CFpBiLTP1ASk8Y,asset,Oceans Eleventy,obxium,image/png
QmU1Bs9VgouYPkVTiqRKc5Xv1tEuE5ZX5uG8q7Z5zkMniK,metadata,Just Passing Through,An0nym0us Nobody,
QmXWqMmr8S2ZFhhNexN1gnNjTvYcosmExgCzFseZKoGWvy,asset,Just Passing Through,An0nym0us Nobody,image/gif
QmWhKr1HZ1vZNT4wMQPznguwhhvrAzN4pp9C9CgGDmA6XQ,metadata,ànemos,donnoh,
QmWnxabSSdEwBQRxwjTy4kYAKikH6SQxuV7hx9rUWQ2Mmk,asset,ànemos,donnoh,image/svg+xml
QmQYFBYfRMpcnPEVot5bztWfX24Xw5Kttu2sLF427qk2UL,metadata,Spaced Out,PacoLimited,
QmbrynH5XDUwtriQphhZPKV6sY8dL7Bsko3dfYFd6QR8N3,asset,Spaced Out,PacoLimited,image/gif
QmYa4Xax38fKS693q9cHiYhV77tJQd3KKxVA8TRDEsKhaq,metadata,Feeling American,Gary Cartlidge,
QmV9RoomvfxwWo2Tkpvnbbt6mskWwkbTCDDjWUcUAxsH51,asset,Feeling American,Gary Cartlidge,image/gif
QmUJHzyeREhwef3d4KjEbNAVXEQZPDsiLhGzpWCQPzXWUA,metadata,Rushing souls.,Alex Shell,
QmbgUTTWQakNTpv4q7NLACZtr54njaRrvJ1YjcayeZVjBw,asset,Rushing souls.,Alex Shell,image/jpeg
QmeCzc4isfmwZcixEU4RdBUmcrbbuxStK7f7Mf1JfRjLrA,metadata,Rainbeau,David Espinosa-Russell,
QmWCd9mmp16Xcw1Rjp8r75U7NGKFHUcZUtvdgAuiRKu4GR,asset,Rainbeau,David Espinosa-Russell,image/gif
QmedkHVSLqESHgKGkmmk86zu5WySrvAze19Z45wXbK5FsY,metadata,Alicia, Barnaby & The Ferryman Toast Marshmallows Till Dawn,Unrealcity
QmZn2SQeFJi9o4XtQu4ZFVLwUick2x51Rn5p54x1vpjfEn,asset,Alicia, Barnaby & The Ferryman Toast Marshmallows Till Dawn,Unrealcity
QmUqPzreYWN6yVSwcTcXiLST4pAyrvbMcPZDpD9YNt7bZY,metadata,Digital Ocean,taharazavi,
QmPkWLh8RHM89Wocgs4yw9ek6FUKNeeQahY9T8wd3Dqt1C,asset,Digital Ocean,taharazavi,image/jpeg
QmfSK74bHtQck3FWZJ6R6rPMrQvoRSkfAkLVmmPoSZG8vS,metadata,DEEP - OUTFIT 04 Wind,The Fabricant,
QmZSHgGWcxi7z7mRXMDgVLWYeyPQAEegmXSA1Qw8rhj2uu,asset,DEEP - OUTFIT 04 Wind,The Fabricant,video/webm
Qmc9hHqwpwXcg7qXfRi4YbubnnvfZEHAEmfEudfGvH1RDc,metadata,Kali,Kozachok,
QmdE8a663Qp93t5b1yv2dhPfNJpugZp7VyhTNgtMXPeFuU,asset,Kali,Kozachok,image/png
QmWW2K3MntorjnekRXJCG5dcRtDfHG8AQRRksV3YfsCcHZ,metadata,Mimicry,MiltonSanz,
QmTvidfREn8vMWjcnYctTRiTLwfptujN5st19VPerfc7PP,asset,Mimicry,MiltonSanz,image/png
QmTLXM7M8QrfFXmfM9TeV46uDoqJE9RzriiU6P2hYnxtyg,metadata,Conversaciones a ciegas,Rarezo,
QmcBEchqiSXkR9A6pS8kuT2CrxG925snJpSbdCBvcRgJqh,asset,Conversaciones a ciegas,Rarezo,image/png
QmV62asKsc176k1QRFuMp2rdvhTSPUFj9QKi7fDVFCbC93,metadata,COA - Original Works - Tiger Kitty NERRRF,Franky Aguilar,
QmbDQoMFQE72pDCS4J8CmhMLZ1bt5qAzdmHmpq9YeoM1LZ,asset,COA - Original Works - Tiger Kitty NERRRF,Franky Aguilar,image/jpeg
Qme5MdV35bjRYjUtunr6zaJq4FxP6xBTVYDY7NWTwnwvWz,metadata,Green Bleach // the decay of a complex system,jonaskasperjensen,
QmPDZRruLPSAuPxtKD2C1BFvrbdEJ2rsX1sKUUShELScuE,asset,Green Bleach // the decay of a complex system,jonaskasperjensen,image/gif
QmTfa3Tn9PnUdgLj3tmWA8FgNxPB5J2tYcd3aKhcV1jcFB,metadata,The Soul Leaves The Body Torn And Bruised,Unrealcity,
Qmam26BpqJpA7q1oRzxMarF2MdFX8gzp1SXUgETydoKUTX,asset,The Soul Leaves The Body Torn And Bruised,Unrealcity,image/gif
QmXv9zrfJtgLpgBsns5C2FSZEj3a68mFBZFXToTbkkZoa9,metadata,TATTOO DANCER,miss al simpson,
QmSVTRkVupDfrqZ7wG3J6KvEuB33hkdRdMFskrKtSU25Tz,asset,TATTOO DANCER,miss al simpson,image/jpeg
QmbCsATCqpFCxdEon1cxafBvQq7hx2KnpFZJTVead9n6Nd,metadata,Digital Monolith 975,Fabiano,
QmT6DC254S5fE48m5caN3qKk8Bj5KzcZ3hK1iBBacd3PHj,asset,Digital Monolith 975,Fabiano,image/gif
QmbpapoU2pAa54nyby9Lfv3hQkeF7o9aPpehap6w5Frt6J,metadata,Wild West,taharazavi,
QmWK5YRAgrPcscbHECTxFkJPWLDyAUNr5Sy7RJUmbvdDWe,asset,Wild West,taharazavi,image/jpeg
QmbaAg9Pwj9LbFqZtyfa3AXs1jCWQgojhQXmkKNCTWQatk,metadata,Abstractionism of 21st century.,Alex Shell,
QmXhKd8yjgcDVQpezLFhpxSJcpQfCejBMPz3JUxzagAnEZ,asset,Abstractionism of 21st century.,Alex Shell,image/jpeg
QmYTXdJzKajw1b1WA19ez8h5S51aqb32H6emzYJckXQNS4,metadata,Jugando pelota,Rarezo,
QmZr33mx86MBbnp4TVRY2toBzexKeTga9JfyDVbakHuM8v,asset,Jugando pelota,Rarezo,image/jpeg
Qme84rMuHDi8wfMqpaVmx5ns9ezYDqRu1iXQ1D5fsZF3Ja,metadata,Devious Intoxication,cristofiam,
QmdiYe6K8Pqhw2ZGZUWv9vbL6XsD6YoGs8vXXDkw2ejRjA,asset,Devious Intoxication,cristofiam,image/gif
QmYZ4bZ3fUum9MuDFaRkiH16LVdFxAsZq53D25Coa58QpL,metadata,Play Date with Frisbee,Miwa,
QmfB7AykC3ZMgiX9VWmHgq8qimU3yUYzZrTcCq3Xu9NRnB,asset,Play Date with Frisbee,Miwa,image/jpeg
QmbNPNYH8WjNpjKHc2Qks8mZUy11iUW9iCWaNdXXCCG9b2,metadata,P4KVM4N,CryptoPope,
QmWYJc2w3e76fFMfhWp2SDUcCNPgnQgMS8w2zLk4Dco55v,asset,P4KVM4N,CryptoPope,video/webm
Qmc5BHuhiT1rcX84B8kB7DustUTCuYBJyiHTXuGp1XF7QX,metadata,Drifting boat,GrayMask,
QmbsH2GzWVJVozmrBpGj8xcjmbcmgZDrpPpgntTKp5hFS8,asset,Drifting boat,GrayMask,video/webm
QmcWtzGzHnjMoexVb9qZHFqkcCcaHiJJ6adBfK2AJt6cDe,metadata,Skin Colours,cristofiam,
QmNYGtTiqBSTJhgNi3FrQVYn8FdPr4kfVxpP5hd5L8xF89,asset,Skin Colours,cristofiam,image/gif
Qmb98d658XXyqbWJT12YfkMfL6cujDg4YLaWGRAzPytWTe,metadata,Composition In Eight Shades Of Theft,Unrealcity,
QmdUg4Hfig9kU2BNE1EGxdH3mEGEgz5CLrfAFuWzYESCwC,asset,Composition In Eight Shades Of Theft,Unrealcity,image/gif
QmZcrVuPozApwKHWakYGofX15vP2WyGRmLUFxVTsttoCQs,metadata,Brothers,CIVIT,
QmPdg1kUL61WEg9WsNqi39sA7bzduuiVawfnvd21xNWHDd,asset,Brothers,CIVIT,image/jpeg
QmPdjKGRkKmEeFFmgCKNHih3Du9NSKSAXXnq9sMNugoJUv,metadata,Moonie,Moxarra Gonzalez,
QmRdM62JokBVoZKWuKzV3PvqgpTK53Hbp9DtYWoHCtPB1w,asset,Moonie,Moxarra Gonzalez,image/gif
QmcpXufJAatLvjLWt1UwjpQxkivndZKt69QcBt65p2Ljuq,metadata,The Ghost of Abigail & The Two Witnesses,An0nym0us Nobody,
Qmah7UunPuxuQfdTbB5smJdhgstrK8dzBacuRsnq7LXeyP,asset,The Ghost of Abigail & The Two Witnesses,An0nym0us Nobody,image/gif
QmVNUv132v46wuvBo7qQc7wYnRYzwgPRARNrzixmHupJBo,metadata,Big Boy,Lucidhouse,
QmcNxUxzn9AG41Zg49CvmNuAfa7gg43bzjzGKGxXChMYmT,asset,Big Boy,Lucidhouse,image/jpeg
QmcvaMANAzakjcJMXFzFRcx46WgbSkPPxDk4fd87YrvAkQ,metadata,Happy Hour,Voke,
QmZVnNSrAEpfYnwToBtuqGrLCk1vsLNSX5RGd5XGdknBrh,asset,Happy Hour,Voke,image/png
Qme2rrLsw2dGt1hAS7A1iih61QbMaZ1AQah1ZzCVaPef5Q,metadata,Lynxerberus,neurocolor,
QmXTzBcT7ZrozPkZhAX1bbbDQYT7LVqdi9wAiTXGjhH7op,asset,Lynxerberus,neurocolor,image/gif
QmQswTciYhkEyarvYikMuBN3X2aUw5HiWaJXNQjA1oHAdV,metadata,LOTUS ONI REZ - GOLD,leeaux,
QmQrzN5r2A1arVWUuma59WZs34bRDCKErBZS7oHdkXdXM7,asset,LOTUS ONI REZ - GOLD,leeaux,image/gif
QmaWbaWdruMgusNZJuhXWL9njngRDpLXK2v4AfMbJ3MfxU,metadata,The Doinfine Brothers,cristofiam,
QmUWnuSg9ENUoqcDA5ZJGYLzDRMZCaDZZh2w3HGPUNGyyn,asset,The Doinfine Brothers,cristofiam,image/gif
QmesmNShrev1ny6RomUHNhUMcfTD69NEGXh5y2E6f2SLjA,metadata,Moonless nights,SoulineArt,
QmaMd2b73286oQiYMGfqKjbgmqUQSKmpMi189mFLPRqoio,asset,Moonless nights,SoulineArt,image/jpeg
QmQrZcfowBrdp3GnFVH8CTPSHSQSXqB5EtCmxUai3WAUDu,metadata,[SKVD-1-01] VRDNT_DESNT,Pixelscud,
QmfWmbiyZuPRt3jJPXzkEDismfENwfH7jgwHrH3V1HsvqY,asset,[SKVD-1-01] VRDNT_DESNT,Pixelscud,image/jpeg
QmQpJh6amE16okBHbRt5VtcFRb3HWoweRnqMzHqRHb7eQc,metadata,Molten,seclude,
QmTJbaPBC7tMsp8KAF1MCteiKb3Eih2ADLXrnz3U14Loek,asset,Molten,seclude,image/jpeg
QmetnjasKPUV2ExaJatYm416eHozoFmgyEyFZEepbfirHf,metadata,Flying over the Earth. [tribute to Elon Musk],Alex Shell,
Qmbk4jDHE2GeapSRUmGXX98dkMK67ZRa2w2TEDYiPM31Eg,asset,Flying over the Earth. [tribute to Elon Musk],Alex Shell,image/png
QmWpucVoV9sQ7KkuRePuMks5VN4bTYbwFcEA3uEQmCu59f,metadata,One Of A Kind,Paola Castillo,
QmSMurf7XKeSSCBTSKPhJGaQUeP8GLK15Trb68XPozpqLm,asset,One Of A Kind,Paola Castillo,image/svg+xml
Qme4yEivj2iMHi82svLsiRzLgNRTP2uhJRhTuYphYVmn18,metadata,Breaking News!,An0nym0us Nobody,
QmSZjWdDtPSatWFK8NQnRcesRsbN3jDrX3unP6ZDMg9vAN,asset,Breaking News!,An0nym0us Nobody,image/gif
QmeBh2Wi5uBpTQFfAdc6npAE1yvYEwe9ss8MngT4fjYfYR,metadata,THE SKELETRON COMETH,CryptoSpectr,
QmWN8b5UJPWnHmpQhCqtT7wNhdwQdQK8JnBJXccXtBc3Qk,asset,THE SKELETRON COMETH,CryptoSpectr,image/png
Qmcvqy3np8hBezPbntLVKYZKjDyQJPxCvgEgrLCsDfUWC5,metadata,shA.Ipe Portal,KBO,
QmdApoSWoe4eAefs72Vk4eV37QtvpB2N96yBrJCPZ2D58C,asset,shA.Ipe Portal,KBO,video/webm
QmQ48UzAPmabp3n7p12FZgn7RF6Ui8vNeMPWWoLdjCLvG3,metadata,Al.love.eEvtina222SOL,Alexandr_bazhkila,
QmNpWVgQWPjBT8aVYXN47EkCChcAdXub5MYp9dWqkXMwou,asset,Al.love.eEvtina222SOL,Alexandr_bazhkila,image/jpeg
QmNx7cbwjbmZdMFRBs5AWY2mk6onJNoJBuPwxp43kqLuEW,metadata,Golden ball,GrayMask,
QmWAxCbZ3qdo7twNjD22ZAoPEC5ENaJrGhYyspUT7sjLCU,asset,Golden ball,GrayMask,video/webm
QmUsVzeW7sLAXodbhMb58WTdP3qwdnEKH8rVkDyCMV7pZV,metadata,tex_gen0,gcrll,
QmaaLgveoBuc2AX4Y34VKqjycC4mKf3o7HwDhDS9RCa3X1,asset,tex_gen0,gcrll,image/jpeg
QmZPQZjNWTwUYkQSHsh3wZCBLejMLLLfPT7z5HsxDfEvb9,metadata,The Theorist,cristofiam,
QmTpqAEdq7Zmbz4krDSnUUuFCNuEiVUyFoo3fCnXczfaGn,asset,The Theorist,cristofiam,image/gif
QmPyMK99yj1bu23CwsbwwBVCmAP7ckUvHirYmnrejoWL2i,metadata,BioElectric Pulse 2020,GISEL X FLOREZ,
QmX4dNQiWVHtayRFEuKNWEB9GfEKjdCxuFQjFu7RBWM5Ts,asset,BioElectric Pulse 2020,GISEL X FLOREZ,image/gif
QmTF1bWK1WwFYksrkiyQmVNQRXwQ1eDDSpvUHWPoyA2tZy,metadata,Fiat Apocalypse,BnoiitC,
Qma8iWCn4KvvsdSHdffFF8CHQMTK6e8rBrCdSVhpiFRyeW,asset,Fiat Apocalypse,BnoiitC,image/gif
Qme9LgzSHM6K8veSd4omg5K8UifV6TFTLaqY4Wj65P9tRX,metadata,Surf's Up PotatoChips Cat,Miwa,
Qmakxum2uVy4SLwnEPxGCEMmsGwJ38vYN2HY4wtB2Uqt4C,asset,Surf's Up PotatoChips Cat,Miwa,image/gif
QmPcML884xYqAhe1GdwvsyzW5DQFvM2bEdune1KfL7fQVQ,metadata,make it beautiful 00006,ilan katin,
QmTPpzUuDPkDPGzGx466n3sH7pgfShosnUQ2KYan4WaZAr,asset,make it beautiful 00006,ilan katin,image/jpeg
QmYNGA2PLzzBTG1ZD8jc1qWMoCjG6FEf5amcsRgPb3oiH1,metadata,Hot Air,Lucidhouse,
QmWXSi7YksR8FjmGDh4TATfmThv6j1dFJ3iTQMwNjL27py,asset,Hot Air,Lucidhouse,image/jpeg
QmTaeoMkGDsUJ1F6hVdhbUdtvMW8VpxFSzETYsJBrbfLpA,metadata,The Ghost Of Electricity Howls In The Bones Of Her Face,Unrealcity,
QmWhsdZasZSmpZD8CWzDkptGUhae2sKX3ngQ15PCPnYry1,asset,The Ghost Of Electricity Howls In The Bones Of Her Face,Unrealcity,image/gif
QmYhkJ3rwyWVBwYTDN6K6TSqcYjvMSGUDTyWSS4VoytJiB,metadata,THE MYTH OF ELECTRICITY,taharazavi,
QmPjq9KpMXLPkUSAc2Ph3WeGrfeVEmc2MjcVNqVbaBJfBD,asset,THE MYTH OF ELECTRICITY,taharazavi,image/jpeg
Qmc2s98oFVq3SnQcQFtaSwqmfwrFXRKQXvjLFUCxtEsHM6,metadata,[̲̅$̲̅(̲̅  An0nym0us Sabotage of the WizardX Gallery Opening )̲̅$̲̅],WizardX,
QmcCLi7KjJncDh3ZwSuV6i1amooBDKTAJBqiTYQSXfVrRN,asset,[̲̅$̲̅(̲̅  An0nym0us Sabotage of the WizardX Gallery Opening )̲̅$̲̅],WizardX,image/gif
QmYqF6utq13XX3PfMLPUuLEhwmb9RvFAJstGVnzwhGTsvJ,metadata,Tanglement,oculardelusion,
Qmf9hPzAcDkXepaChEgbpnXvCd9Ffy1wg5eFgZLH7Zn2oL,asset,Tanglement,oculardelusion,image/gif
QmQKxyNSTaimkdJ3AyjFSPGSfTqTwHdkxzPXUubUaTWVbS,metadata,AlToday222,Alexandr_bazhkila,
QmRri6tbCBrycGP9gYcqbufzKdGCe6ra6qki3H4hqFuzSp,asset,AlToday222,Alexandr_bazhkila,image/jpeg
QmQwJm1skKwQ3cBg9VqXQ24Ee8VYp9Pz8WFwdrLQYLe4RF,metadata,Chaos At The WizardX Gallery,An0nym0us Nobody,
QmS6GznD5iqxQM9PBCZsintJxwaS7MBU8FnJhTL2XgycyE,asset,Chaos At The WizardX Gallery,An0nym0us Nobody,image/gif
QmbuNJ6M5x5PN7bLhW7nay43jDAVhvXXg1CVAJnA3kPAj9,metadata,Calm,_MNK,
QmcdKbCpupPf1tAENSDEwoxew6RvTjXpPFatMqBbTbXkgD,asset,Calm,_MNK,image/png
QmR2mfhsYsxDh5CSfWG1G6grzDDj6tWNoumXVqAMPZ7TWF,metadata,EVERYONE SHOULD GO TO A VIRTUAL FESTIVAL,miss al simpson,
QmQQbA1cb7zeb76QsKsWzPzyjsDJCtv4QwS7yhRz8JE3YJ,asset,EVERYONE SHOULD GO TO A VIRTUAL FESTIVAL,miss al simpson,image/jpeg
QmPvmPYT9Jakd9burPhHf9FhhzwAVjUCQdW92pgh5e2aow,metadata,Don´t Panic,freakjesus,
QmQShovUQMgiwXJDbKx66JwxBxAEZm2j9BMpPTmyQtq2GD,asset,Don´t Panic,freakjesus,image/png
QmfKq5yAsFkhTt3am433FzRGGGMNEMR5mF354zUd2G14T3,metadata,The Metaverse Fiend,KBO,
QmemtPmBTmZAb3e7TPrjR5KGB3H4xSnmzYYCtGKZRbTLR7,asset,The Metaverse Fiend,KBO,video/webm
QmXREh8wxq27vzMX62GLgAHr51JYCJEbiGSbNrV5WDdYHP,metadata,The Ghøst,CIVIT,
QmdZ2XBq6MSSHDd6irZen7VHTdQskRLjk9cAiDwuwrZHEU,asset,The Ghøst,CIVIT,image/gif
QmcnieRrVMHMkZcffCghVr8ANGyhWtTggn7vPtC4qFftCW,metadata,THE MYTH OF ELECTRICITY,taharazavi,
QmWUafdSf9Y3xrbDSQaFWAY6ujjsQmEP2ZRhmiEMrM5k7y,asset,THE MYTH OF ELECTRICITY,taharazavi,image/jpeg
QmUmRzwb5rjuSkfPkf4dJtqBSwcortrwkPJxWkWkBfVj2k,metadata,Biolo,Rarezo,
QmNSPGBi9goZwJX29iSG63zFiPBhypboeMfUV8cZ6Ukrax,asset,Biolo,Rarezo,image/jpeg
QmYARKZz8P2dVjmZRtkYNeNhG7xZy28tDomKdC79kTFw1y,metadata,Live Fractal Matter,BnoiitC,
QmQZeofMyT6PrwtYt31BhyoUhCf5HYM21T8bYCY2TALBdR,asset,Live Fractal Matter,BnoiitC,image/gif
QmXdzA1CXAzY66LcBs2RnXA5ThfAEJWYVpcsRZVeQJYkEC,metadata,Intersections,ARES,
QmebxPZTNJFs2q5ARKD74RoT64qz2hdnXD8otAjYVUnLEc,asset,Intersections,ARES,image/png
QmYpXGfiQvYLAW22TAA18gdEfAdfohNzhNsZeiGr8mNM99,metadata,Flammarion,Kozachok,
QmeUiqMTC2b5UNNkfFBhN3Fd3dAyp89zp6Sity75cSH7WD,asset,Flammarion,Kozachok,image/png
QmWRupfHXggHpeHCVSANXjGwTEjMohGJMc3mgiGdDRtw3U,metadata,Green Bleach // Pulse Domain,jonaskasperjensen,
QmYHydTEiP67NvLjxseiieEBdKdnHXCXcyicrGMKFm7qY3,asset,Green Bleach // Pulse Domain,jonaskasperjensen,image/gif
QmRoB2LiYFnbWrt998wGp5nc1d89yGGcqEBRJKEvbNVHjQ,metadata,Driving to Mars,Glitch in the mARTix,
QmZnZbTjxfwkvDWyUAJsd9jBfNUkC3rmwkCTiRmKZw69Sk,asset,Driving to Mars,Glitch in the mARTix,image/gif
QmT3s4ihtmoZAeqWMyopMDn3t91MnzTEYHSqYSWa7d3HVc,metadata,The Tsar.,Alex Shell,
QmZ6jAougR9XChxM67WA7sNh4WhQS8Goo29f9QZxJWu3GJ,asset,The Tsar.,Alex Shell,image/png
QmPHHnPMpdS7QwoWfd1x2zAhQBTgbYH9vhjRczFVcqBrUu,metadata,Once in winter,AlekseyYalovega,
QmaA5HSbyZfcNbDcCr3PDqwYCPKyuCCEriKUHaPbWo5jyD,asset,Once in winter,AlekseyYalovega,image/gif
Qmcw39Y4TFQ1bnTvYEDLL1pQuW1k5uRkyUuFURZ8sm16Qr,metadata,U.F.O. (1),BnoiitC,
QmdvfEVrioWozgxZ7coMohhM4Bb2nT8syyGpAVCXMk1umB,asset,U.F.O. (1),BnoiitC,image/png
QmeAkBSPh1nA8qhiMUiG4tW7h2F7Qmszg6znYUAP8AEBt8,metadata,Spase.Artium.to.222_cCollection,Alexandr_bazhkila,
QmULJ2nfz85pmnktbA3Jr2o2S5DKGYJWmQ1tULZoUcjSCr,asset,Spase.Artium.to.222_cCollection,Alexandr_bazhkila,image/jpeg
QmSkiJqQvYM2RGtCziosAj5K5AP9HAiD7Mbp2X2ZidVv5m,metadata,Dreams on the Neptune,Alina Loseva,
QmcWdoDMVSMqcMNZ4sr2qVqCunRPQPNqDoW5RxMv8mDaQD,asset,Dreams on the Neptune,Alina Loseva,image/jpeg
QmeKb66NrqrXFSDvZm2Fxdgv2zhgLN7CvR9pG5bGoNWxtY,metadata,Wi-Fi RiOT,skygolpe,
Qmdh7N8gMK2EPnDocBF2gsTXNwKz9us7Fku5m6Y5KNshjb,asset,Wi-Fi RiOT,skygolpe,image/gif
Qmc98Lpb4NMwprp676yeAA7AEYmZv8XU49iyYeyf7avXsZ,metadata,D e b u g - デバッグ,neurocolor,
QmVKpT76pn1mciF291cZsnMUYMkA73xZEFAn8kJT5LN4xY,asset,D e b u g - デバッグ,neurocolor,image/gif
QmPaRNfSLaiLQ2VZimM2rqhoJkZZEd5i3MwSyiRh7om5zS,metadata,DDF-BP1,obxium,
QmbUNr8ZdSG9m2CxS36BnEFE3Jt7mXCp7YkEtGwiDRBatc,asset,DDF-BP1,obxium,image/png
QmTd3UaS8aL6R4CXpRpdLFWfcbzdiAR77a4LXfr8BavGDy,metadata,The Death Of Time,An0nym0us Nobody,
QmUdTh6KxzveX7qX1iVc3cxZuVhnj6RuwJEndNKp3VUcne,asset,The Death Of Time,An0nym0us Nobody,image/gif
QmQu6vnobrC3DGjH3fhBjLSH4KgbSqKC6h9ELoLCVCEa7N,metadata,Glitchy Richie,Moxarra Gonzalez,
QmPSyCKLit7BnaWfYMjWH5K2EamT9BBxDMyS9qsBu8G1JL,asset,Glitchy Richie,Moxarra Gonzalez,image/gif
QmdokannDw9vVQ6XpF1y59BLyWeSB2AceNyittmvqyzfbH,metadata,As if there were no misfortunes - 2018,Frenetik Void,
Qmdyfjhdv3M9Mxkhnwfvjkz1x7psT1kX75L2KWfj99Wtbu,asset,As if there were no misfortunes - 2018,Frenetik Void,image/jpeg
QmbWWPjr6TjPpv5qjGcYTRvnpA18NEYNVKByuTkoPRcZXq,metadata,[SKVD-1-01] EMBR_DRFT,Pixelscud,
QmU3jX1cBbktMtaDSsragnL9DcPcMH1QNT2RqyMNkZkWjg,asset,[SKVD-1-01] EMBR_DRFT,Pixelscud,image/jpeg
QmYXmgtCPvQ6ibBMFZPXiVxjiihGjF2GyYSsNB7qsF7N4o,metadata,Beach Shapes,freakjesus,
QmYxCvLSwZ3xnnGwBhbMnjH27qSJE23hpUKpPeKHAhUkpF,asset,Beach Shapes,freakjesus,image/png
QmSoYF7wnUux5zgFkAWGB8c1nhRG4g6t7qjDrCYwrfMzCv,metadata,Turkish Dreams,Verdaccio Donatello,
QmW3w1Pva7UYuzEcJH44Pv1uUoqTPdamY8VfFzq4SrE2Tn,asset,Turkish Dreams,Verdaccio Donatello,image/png
QmPyjRwJSc4VYvZjd9sxmsn3JxMD3SEzJ1Fxi2SgNJuFww,metadata,THE MYTH OF ELECTRICITY,taharazavi,
QmS2DEogoVftHcPxfSmEeUL2CaDmDRXLRCfAaXkhj3UwAs,asset,THE MYTH OF ELECTRICITY,taharazavi,image/jpeg
QmQsvr2gHwSxVZeZWmNSktPU2v6oArRTM2aJX1qEyWox8G,metadata,Vampyre,CIVIT,
QmUWahXdAMbQz1RZ33fjLkZMq5atCh4RzwnufjMC25v4et,asset,Vampyre,CIVIT,image/jpeg
QmUx7352X6WxXpxLWtmJDFFBMsGEB3ymz1r2KHopLG9Ctk,metadata,Timeless,Monfa,
QmeztpTnqAro9JLNEBjyxHWEvgyUEFoC9fL2cgApgXn5cQ,asset,Timeless,Monfa,image/jpeg
QmXeSF3jEqYwrM3mfGzNSzVpeyVSHZK8DhiQTfWavQkKqu,metadata,Psyche Dreamt She Was Awake,Unrealcity,
QmTnMLorue1HVK86e1JLZ4LXRa7trCgbSK51LqmD4AQyZP,asset,Psyche Dreamt She Was Awake,Unrealcity,image/gif
QmQxx8bfodoEeWApnSfsZRJiQurQuRm2xW3wfzjZXBa72m,metadata,Default Options,Stan Ragets,
Qmdy4DPA5WAhPLaJX4Jv7TbzKcHEB4wJmXQ3hb3rj1f3ET,asset,Default Options,Stan Ragets,image/jpeg
QmZKiC4AADyN5uepccmRcbzTMpqqbrUCjRhTS8q2Vqsib9,metadata,bBest.dDay.Ever.222,Alexandr_bazhkila,
QmTgcf8vTDQoRbmTq7JBAg95X5hCXniK4KnXaoqe3UV2kL,asset,bBest.dDay.Ever.222,Alexandr_bazhkila,image/jpeg
QmSp7TEWCvd7LeN1GUT3cg3RdzTEELncfGnUFehLM4Kndm,metadata,Transmissions of Light - SEEING RED.,GISEL X FLOREZ,
QmWEyg5DZDE8UtDgzAViTqrj8FV3zACd7SUWLp1LXWdDsg,asset,Transmissions of Light - SEEING RED.,GISEL X FLOREZ,image/jpeg
QmZwgXWr14Vjmgvyt1TqYfrckWb4vg6X66r82aEEptFrJZ,metadata,TWILITE DOODLE - 混沌涂鸦 いたずら書き,leeaux,
QmeiromPxsvYxPFnz82ezXwX9uwZDEM6tNLvoQ92rktgBP,asset,TWILITE DOODLE - 混沌涂鸦 いたずら書き,leeaux,image/gif
QmXgtFBGzCAT8rgyFpXNWgwuJt1MsEieC7EZ7XK11c3BZs,metadata,A Lucky Charm,godfreymeyer,
QmSqgUyaqrzyTne3bnSbEHc5tSKgqDHQ3n9dGQLvtrq2yn,asset,A Lucky Charm,godfreymeyer,image/jpeg
QmVThZXpuXDJ9c1rRTRPHTDAtdjWk2trUDsyfzmCjKoBba,metadata,Organic,Lucidhouse,
Qmc9bizg1u8DWj5U5WpPBbEerWiwFSwthGUvqYYnYBiMhh,asset,Organic,Lucidhouse,image/jpeg
Qma7uDbkTVUv24131rej9ncMpEbQCuEANC1CkzLo9YMuqN,metadata,Touch the sky,Spontaneart,
QmcLfyMRUZ3Pdznj9TQkAh6ntWKGZcchRfi2j6tF19BpHE,asset,Touch the sky,Spontaneart,image/png
QmWjGHuspmpUAsXZZxkhZ2xhdmCzB93kJoriJaqnnA7kHb,metadata,I Am Not Welcome Here,UrBen,
QmRfQcB4JvAiTtV6qR7NucAzNkUe1GSpuHLp4AJ28rJbsn,asset,I Am Not Welcome Here,UrBen,video/webm
QmUR8fDhyitWtTSGdfwMhYxsWME42dr7VTRgvAiUNVG3ju,metadata,Anastasia Romanov,Verdaccio Donatello,
QmNYHPrSMJCRYF9Br3tu1fzRHfEYkazdoMiQTkwv5WiYYD,asset,Anastasia Romanov,Verdaccio Donatello,image/png
QmcuGjkTUMAMayXaD9XKypj2iWKsGMmkM6bCszF6qqmC4g,metadata,Horizontal love.,Alex Shell,
QmUDtH69yhVQkKr5NGyNMY3F1WqUWi5P4ghxiEAJNRnUUg,asset,Horizontal love.,Alex Shell,image/png
QmXF3BmXevKn4mMFgQsRDemyZFaLZDgAiaaGgm4FAtPgiZ,metadata,Wavy Duck,hngeb,
QmNPEwtZdM2oKD3eV3r9Sf8RdBT1v1fYo1NcbTErjnc3RW,asset,Wavy Duck,hngeb,image/gif
Qmcd6ZAdyQs3aZaQDyYWaYMPyZacbE4fgKdi386zwBMfHP,metadata,Structural Integrity,AlekseyYalovega,
QmaoGoEV4zQkWQdYPxhXtHMob9zNBHiTWRTPtgFB2LXiJG,asset,Structural Integrity,AlekseyYalovega,image/gif
QmPMbbi3wp7KYFPEH34ed2dPtLD9NRRCpCrg5c7H6CTgVc,metadata,DEEP - OUTFIT 04,The Fabricant,
QmZGAPDQd4Vzh6pzVhUP9ozAAiLsEdHdFVb29eXzSMDUF9,asset,DEEP - OUTFIT 04,The Fabricant,video/webm
QmcmxXBRiphk9dB3FmaAu5TuVvKYfFbd98iUMRzf72Lh2P,metadata,Doughnut RABDO,Miwa,
QmP1V5zA9kc9NSFgsDAtbWJsPefM6KSgtYFuPdkM7E5dfY,asset,Doughnut RABDO,Miwa,image/jpeg
QmQQcincCLJvk51hsFmzszhh9nBE6KymV3mcmfBLxHMreJ,metadata,ֆӄʊʟʟɮօʀռɛ ֆɦǟɖօա,prokopevone,
QmR9LeNnh4DUT6bzuQRSbrhhMvutNwuwaLQeJY8sMWwRwi,asset,ֆӄʊʟʟɮօʀռɛ ֆɦǟɖօա,prokopevone,image/png
QmbeKxbTarnNk3Hjek8YqqNb6nBXXM4RBxMkRpW195ykZh,metadata,Light Magicka & The Momentary Inversion Of The Crystal Pharaoh’s Obsidian Spacecraft,An0nym0us Nobody,
Qmet1YirhVRUqNq4FodFZFshnxEzUsJFYTbAjysa2Csfkd,asset,Light Magicka & The Momentary Inversion Of The Crystal Pharaoh’s Obsidian Spacecraft,An0nym0us Nobody,image/gif
QmYrVDo68Q7LBRxjtoHYhbVFXv1GvDCJx6wzE4nT2NFwoh,metadata,Aristocrat's Daughter,Kozachok,
QmTQz3Xtu2Cqguy42LTGgjhFbgbZhXvNmN47dJYhegV6fJ,asset,Aristocrat's Daughter,Kozachok,image/png
QmRTxXbUtLpUqEev6zfCNjkM4wmQDkpxyBA1K2rqowS11n,metadata,Loot | Common,alexstanlake,
QmccmCfSF5ZZAcH6Dh2koAJnba4EnhkUXMrcktVxPASfd2,asset,Loot | Common,defiantsquid,image/jpeg
QmX3syL3bF5gUEeaPctyTiQ1fS4SL8reHeLtuSN4n767uR,metadata,Extintion,WhiteDada,
QmV3LiLUzszUxCt7ukR8LQvziih3zrvJ5xFhGbShEZnkRo,asset,Extintion,WhiteDada,image/gif
QmNWChxpCr8PgMYTGLSBhb9MjDNAKFYDWJdpfrgtjheEP6,metadata,Freedom,les dore,
QmXLmPZspMhXH1TdGRCqFHxgU9jm9qYQpy9sa155fu7kZU,asset,Freedom,les dore,image/gif
QmTedcxuFtis9QAbHbcbR3eW76mHkXhw83bqLqaAE16Sjx,metadata,Fencing Masters,freakjesus,
QmRWqdcWcu6YYvSKaqQ5NsAGaUHBDD9DS91vpZ7CHRZPUk,asset,Fencing Masters,freakjesus,image/gif
QmUKoxTcfr8eAaqFT6afHku5bAHsXhpbA5nhFj3ucit6vF,metadata,tex_gen1,gcrll,
QmPuXemhf7xUVb8g22h2oDUe5uNLTXWUthoM73r6ADyq2e,asset,tex_gen1,gcrll,image/jpeg
QmfCFH2Akmkjvcg4h5rU91riFBFjB86YLeyoN7xUKsMQy1,metadata,Red-eyed Frog,Voke,
QmYL37BQ2wkMDbdEEU8JofSyhVzJfJRoDWsinCw5TEqYDJ,asset,Red-eyed Frog,Voke,image/png
QmTX7EACuUaBXDjreVXSA9Wjska5CXesY5A9G9hjPiodFt,metadata,Sea blues,GrayMask,
QmQozTfuyJqbQ6Vr141tmnxN2f1SvBn3xFXi83wMeW5yTe,asset,Sea blues,GrayMask,video/webm
QmWYGx1jUC46afqhTQRNyHp69iKYjhzAq1Dbxw1msZMS56,metadata,Light Dance,Sparrow,
QmY17Ub2Y1E4emFmd59kZWBygZpNUkNqzB6Wy2eBqT4Mr1,asset,Light Dance,Sparrow,image/gif
QmeUUMLEWGexKgw53SoZ1BQEWsg8dFnrhsgVobKS4gkucN,metadata,Futura,Jahleel Dowdy,
QmNjn6EshEEVC12P9H5pGeuw3SWTdJ243N4aZdnsyU5vF6,asset,Futura,Jahleel Dowdy,image/png
QmYZn3vchrEyeh8sq6cdag5ZHVh1QFiAwGbVHxERa7eYt8,metadata,High Tech Beauty,Verdaccio Donatello,
QmQeDMPs5n6BjfKDASp5AVkjfLn4X3JpQP1mMG3nBr2cyQ,asset,High Tech Beauty,Verdaccio Donatello,image/png
QmdaaFJKTcxgWzzDXAvnhNy7VbM1taXmVs8fheacdRMzKH,metadata,Running for success.,Alex Shell,
QmeqR19fCoDFw81hn1zYLmM82HqV8w5hFw2kBRnSoVjsBt,asset,Running for success.,Alex Shell,image/png
QmaQ8xTCHreiDeEWA66oC4EtQ2nK4LgWKcDG6Wj47ERVHg,metadata,Cat on White,Miwa,
QmSeEN7Dt2LVZerCNHNRZ75ZUbiuKbp79VarGmf1Bv3RX4,asset,Cat on White,Miwa,image/jpeg
QmTZgPzdDoyiK1KdcTWVzL8EprzxJHrwPcHhVuZpfUrXVn,metadata,|-| ||||,HeyHazmus,
Qmc6kpWa1WuzMshDZBdNNQdJRc1ZUwg9bYYkMP7n7ZPM95,asset,|-| ||||,HeyHazmus,image/png
QmW86jK1y5z5s5QhawNBKgh8zXZMrbGSxWukZrDRChVgPW,metadata,TERRONAUT,Mugen,
Qmf1EerKkb25xqEQD3F7BvjfY6BwaDoWRmiGy14dfsv4uY,asset,TERRONAUT,Mugen,image/jpeg
Qmc1ePY79LyBGgYWjPnqvSUABECD5FbvdUG6Qa1yzT2MF7,metadata,_ untitled, 2020,abysms
QmWbNJ19MYF6w95HQyBHZQhGFi84NWgfsJyuyJDZUqsTYm,asset,_ untitled, 2020,abysms
QmNRQx4WRC6JNZHg5SBEfTWvNhvCA5KUMP7ZdUz5gL7Xdv,metadata,VAPING MOMMA,JayDelay,
QmYBuXbgU2wi5yAe2KEqcDGAjnmrfvNuiq9gzvbvq4yCaj,asset,VAPING MOMMA,JayDelay,image/gif
QmWGtjAvwQgao7jKos7Js8QQjM5VWTPJHtyknvvZRQxqW1,metadata,THE MASK MANIFESTO - TOKEN 1,miss al simpson,
QmUaxKHW3zCb9W5TtPEknkRqirEiRgb6mC8675Z4zgsRmd,asset,THE MASK MANIFESTO - TOKEN 1,miss al simpson,image/jpeg
QmU9j1qeavoP4hWBk3qNVavFRzWmsx8Kstk2AHvzYjXEno,metadata,RoadKill 10,Lucidhouse,
QmWAnXqw3WEt5b6JBUgtABN8FgfQKnUjKbzBNvdMKjSny1,asset,RoadKill 10,Lucidhouse,image/gif
QmeC5PC47cGhMdFqeghKZESFkLsUVZA83aCNtU9LYwFPLQ,metadata,Pool,Rarezo,
QmYLAoMEmEdUdDtKkCo6R816mNQYgnwPyEYskThx4r4PGi,asset,Pool,Rarezo,image/png
QmZcJvHVFjnZqobLgFzRvygUpYrmwYCWib5M4WJyxX6Qrh,metadata,BLOND LOVE,GALA MIRISSA,
QmVGquzG7E3hZbE36MTHZbnNXxvnN3rdXrKrzHmehQmDrP,asset,BLOND LOVE,GALA MIRISSA,image/gif
QmcuyBNHXCp5ZAbzpZJetgHQzvfYkdXgYEx2LGtChGBd2D,metadata,Jurassic,MiltonSanz,
QmQgeR9g4xgJaapnuonTUKGL3xVQbDKHig5Fkbj3wTge4L,asset,Jurassic,MiltonSanz,image/png
QmPMXmHisUjbSppjBr8UH1FyxCdRxwyMzEjoAXen5kJvtS,metadata,Green Bleach // Grown,jonaskasperjensen,
QmNh1t4cgoQQzwG9MgyHX9DtLhJRj2KL1tKupMNgNGCt64,asset,Green Bleach // Grown,jonaskasperjensen,image/gif
QmY7Kuf5BhMuKUQK2ydAfWZEqALg4fGW3aJmNEtjNM8bw6,metadata,1:06'_wrm02 [Sonja],_wrms,
QmeyGH6jZA9r49tcqNpHZ5F5HUcYPRacZvUJWsX5NCd5Mc,asset,1:06'_wrm02 [Sonja],_wrms,video/webm
QmUaibfkAs1iCr3A2FNJsEqCToiFhFW8HnCmJNegmQrNby,metadata,Beach Time DDF,obxium,
QmcqVt5JFBBkmtwzrqhzhYQ3a7Ve4rV8v7HcC8GVBQ6o1t,asset,Beach Time DDF,obxium,image/gif
QmbyWwiGStrZFz92SqNkRAJSiKNuTFjpzd1Vy57kwUYpsP,metadata,Bird Series - Parrot,JamesSW,
QmZtd7h2hzBUFUsdmgDqh45UGHDJNDN6L3DQd7szno9PRP,asset,Bird Series - Parrot,JamesSW,image/gif
QmeocrSvJ7Xezo39sJNwpRv5zTbLrybemZroD1AhXW3nKe,metadata,₦Ɇ₩ ⱤɆⱠł₲łØ₦,prokopevone,
QmSMgEzJNpPvJH5s8YZvRjDeQ2NTA7SFPETu1TtF9vdwJU,asset,₦Ɇ₩ ⱤɆⱠł₲łØ₦,prokopevone,image/png
QmaWS55aLBCw7DuLML4xpRjPAodzXCdcEwjjx2QQzNVrws,metadata,A Collection of Masks,cristofiam,
QmZPagsLgpQxvCoEYZUjnMejswUV8gAv5gupTJaXuW64Zp,asset,A Collection of Masks,cristofiam,image/gif
QmSS9PiD29xVuofWjq9pthZWuk6T1Z4JoUwRpmhDSCiDVy,metadata,Rush,GrayMask,
QmWTqto7ggTAUPjyLfX47q73ZSdtbcjai8VmkHzVuPmWXP,asset,Rush,GrayMask,video/webm
QmVmV5BbZGAdKqBgCkAixcbhj6QCV1yqmgDdwWsj6Hqnc2,metadata,George Floyd.  Black Lives Matter.,Alex Shell,
QmYDGhk9PAvCKc3Cjuq7zG9CcV4NchwZ5A6ZG5VmhGKy5X,asset,George Floyd.  Black Lives Matter.,Alex Shell,image/gif
QmVZ7JR5LRwVKd799XgzoC14bYahxbUjx9guAZhqB97BzS,metadata,Say No to Shit you Hate!,Shortcut,
QmdVcdUyvZXGM7PhpqzticWkn5JQiFTwzhjXxMWBep8DGP,asset,Say No to Shit you Hate!,Shortcut,image/gif
QmW5jPtyFr6QwgN8e3mevmHVzP57mkgzJ2SSwLGJ4977tp,metadata,McAfee Campaign 2020 - I Am Here Poster,Alotta Money,
QmUKBz8Rc8xhkUHNYcEdJwxrEmCktTGyFRgVuGfvYiVv9d,asset,McAfee Campaign 2020 - I Am Here Poster,Alotta Money,image/jpeg
QmRXjAN8GUYAp12fZnuu3yeY6kCNzBriCrZCw1qrgsAQ6M,metadata,A Pac-man Story: Quantum Internet,0xPironatof,
QmU9ib7ThCenvZDEi6rk86tQwRDMiukb2r8tb3cA9r1Vqe,asset,A Pac-man Story: Quantum Internet,0xPironatof,image/png
QmTuknJi3RuLUbQCTwnFtgEPxDjtLse1T6tTPEmzgXMTv6,metadata,Proposed New Public Statuary For Bristol,Unrealcity,
QmdeFdVt2UWicmpYAWcdoPc8ZKjvdu6NZnrknZ9LhNunbQ,asset,Proposed New Public Statuary For Bristol,Unrealcity,image/gif
QmTMTbwEP57BnmSouMSmqvNero9CaxQ4EMPxvHL7FQA4mS,metadata,Gr4c3,CIVIT,
QmYTu374tKp2M6bQMhy5HkfGjEMLrD9zYEyXKViBh3N1Z3,asset,Gr4c3,CIVIT,image/jpeg
QmUC65RjdjCuX1NjJ2iRuVM3Ax1cn9pXmDrPzoexnXc6wJ,metadata,Under the Sea,Miwa,
QmfVQcVSnrjZRrThaWG8LZfAqhgHmhfVYZSft2LP4EWR9a,asset,Under the Sea,Miwa,image/jpeg
QmV2xLXMdziAgBjKqbsshQqkU7fehCxVLPzX1rQ8WEnzeQ,metadata,Undeniable,Frenetik Void,
QmVg5nZwb8dfTjM7oB9K4oMLkEVVYTpUiT64xiZEa7ZgYE,asset,Undeniable,Frenetik Void,image/jpeg
QmVbwhbR1uqDYSnAN658SvMtmpee9MYbxBSmZ3zp9nkX7a,metadata,The Rise of Autumn / Shot N°07,Natural Warp,
QmfU8Tk1V6cdsqa66GjWCk4Txz2Etf7iV3L3qGujAN5tDb,asset,The Rise of Autumn / Shot N°07,Natural Warp,image/jpeg
Qmeu235y7m5Z2XvNubi5UQU5h84rhiNLobiMe4uvD8onSs,metadata,One-Eyed Sakura,Verdaccio Donatello,
QmaK8z3WfRMox4F8LkzZ35n4q7A4mgg8zrZCrvFdJDMKVR,asset,One-Eyed Sakura,Verdaccio Donatello,image/png
QmbbHMdhSP4YrW9oiuUJa185s7B6rQszLuGi8evRx5gEPt,metadata,Tango.,Alex Shell,
QmYHbFpR6ZcNMGvAUdoEU3kAgw6YEjbm7hba24FAYrQtjG,asset,Tango.,Alex Shell,image/png
QmXJ9L81SQjRJLDd2kX9prPdjVqnvoSHfzoh6wSM2nz4TL,metadata,[SKVD-1-01] RVST_R41N,Pixelscud,
QmWH18SgWgSHJdqXWYsyJ5g7VWxqrreb5ApEZvjLLucSaj,asset,[SKVD-1-01] RVST_R41N,Pixelscud,image/jpeg
QmS7HfwN8uJ2AE87tYoYzA4M9bYGFyrT8iobHGB4LVhZtG,metadata,Jim has a Slug,CIVIT,
QmbFhWdyYNZ5bK9RxoNh6SGBfAp2cdjSPC6WfHt1vhHDSq,asset,Jim has a Slug,CIVIT,image/jpeg
QmR2orp4tEVo8cBuS1g6AwrF4sgR4NVRYxnqRNbw4zLceZ,metadata,Golden Goose,hngeb,
QmfQWht63BLkbi4h9K3X8fQDJU36TC4AXcJok4tmgwxvbh,asset,Golden Goose,hngeb,image/jpeg
QmWxwHpeJ4dBRa3nRYtQJY5tviWeoRBoo4tm4vSdYRus6r,metadata,¢µrrêñ¢¥ ßåþr†ï§m,prokopevone,
QmcArPsxBkeNPXjPKwPUBKpyXLSNcRBWbot2WmojGd8paa,asset,¢µrrêñ¢¥ ßåþr†ï§m,prokopevone,image/png
QmTbsHmjiN3Vo1tAW3tsaMgDLFipLDVamCWzgxuiEifFdA,metadata,Abstract Triangle,freakjesus,
QmcZ7W42kj1uZ8qPxyVYk1x4dBvT93cvwyR1UbLag4xic4,asset,Abstract Triangle,freakjesus,image/gif
QmW1RgUiEsPG6EuWQJfUoTQ2S6PUB9321QZ6s8JU7hUWGy,metadata,While I Draw,Kozachok,
QmQwPtPiPkskdJU5hMMqBqbuVZTAYm1wZR1cyBo7LzJRk9,asset,While I Draw,Kozachok,image/png
QmXtPDuFWggfn4AZ2BigC8XjgdfBcYn9rSDGrxs7F6m3Ka,metadata,Pattern nº1,T3S74,
QmbUq8ZdfTMJdNKk8tLcBWrbFb2TJYy3VPZo6grG1Jhn3v,asset,Pattern nº1,T3S74,image/png
QmbR3BNtk8xeGZWe1FeSXFFtbysK9Ewd6G9vpqkYq6Syqp,metadata,Tribalism,Vansdesign,
Qmdo3Y7AkWt97mRLeXb9LnjAuYQubiph6asNhVpMahc7aH,asset,Tribalism,Vansdesign,image/gif
QmaUGfQyPAb6fe8fR18K8gjNcd3Hzxkd7NtBc4quss7uRz,metadata,Dog Series - Whippet,JamesSW,
QmacHCjd7Q5xDLAusz8pEXcK1HujtQ7A67eRXZ8oVkuBpv,asset,Dog Series - Whippet,JamesSW,image/gif
QmcL2omFLZ4b4XCrdKxUzBcBjKYm1Z6r1oY2U1zbfrv6hD,metadata,Lying on the sunny beach.,Alex Shell,
QmauscJ9HmA5dw97MDPDZgzMeLippLqSovk3mFikYtUekn,asset,Lying on the sunny beach.,Alex Shell,image/png
QmRZQKv3artdjnNoHwrefpi3t36Q8atRBwiwckDsFPAhuJ,metadata,Transmissions of Light - Galvanized Current,GISEL X FLOREZ,
QmVxabbLM4TS2md31TwwAMnEQnrke6KDeULhNUJHj7EUye,asset,Transmissions of Light - Galvanized Current,GISEL X FLOREZ,image/jpeg
QmZpcfLs91A6hswab6UsgnACLDZFxMgRFhhshrHqDaTmPC,metadata,Synthetic Squid Presents: The Mint Condition Collection,An0nym0us Nobody,
QmT1cDs5vD6VRuDaDmDkSQyMnz5uDwsh9ZwShMnKHJZaTd,asset,Synthetic Squid Presents: The Mint Condition Collection,An0nym0us Nobody,image/gif
Qme9oj9nbUg6c53RmXrcM3Dm91JVjah7ViiDpaVaaZxYwf,metadata,Rider,Mugen,
QmNmTT6hbuqeAAV28RMHWKUUJV2YWN3u2YvLAqPLsR4vWZ,asset,Rider,Mugen,image/jpeg
QmZCfqTHr9TVd8ptjcPeFwGreWwHkVQuMJn64WV6zyVmUP,metadata,#13,Mattia Cuttini,
QmXQuuqGKRa1qjzzdNTh2wZo7J1CW5dEWY1qZ8q1QJZttQ,asset,#13,Mattia Cuttini,image/jpeg
QmWJ3oEGmaPDTPfKo8DcgagNbs8sn54Jd6P2jTnGecx2aF,metadata,Memories from Switzerland: Heidi,Verdaccio Donatello,
QmSk8agWXnLMRA7uxMVMyeM1JiS9WB5KkePMwTTZiEdTcg,asset,Memories from Switzerland: Heidi,Verdaccio Donatello,image/png
QmZaLUsLiZJzxhfwbXTHfdVMyFumWqciGyvVP992TNjRUB,metadata,Waterfall Pool,freakjesus,
QmNgCQB6hsAr2N3TLTYYN6pfmc1tmDi8V2SLaYWi7HYiCN,asset,Waterfall Pool,freakjesus,image/gif
QmQcNHS2REaJDEW5ifuVS5Lt2Ho8NfT62FPPfaxaGLtWYY,metadata,The Guiding Hand - #5 - Dumpster Fire Internationale,Kerb,
QmPncJwLRVMESXsHXRAQV8D9iqMk8zTyc9LQXTXGsdeJYr,asset,The Guiding Hand - #5 - Dumpster Fire Internationale,Kerb,image/png
QmTg9YvUg8zkm8ZtJzUendL5CV7T8rPT7VaVyybzsG9UGA,metadata,Falling Drown Down Drwon,yusaymon,
QmXAJEJjoUoYgK2eCy8C45Yb6v8gtyTtDue46oAMbPPmLg,asset,Falling Drown Down Drwon,yusaymon,image/gif
QmUBB9GMTuHmEDsREcokQUUVRkVfLMPuGwjzqm1Ez9CqhY,metadata,ZAP!,An0nym0us Nobody,
QmSbLTwCJJ5xu3gdTRygrSFwpXQ2t6czHEhCK6sqUGkMRy,asset,ZAP!,An0nym0us Nobody,image/gif
QmbtN9CZksAYJB2tbnqTNvrYvRQ9NZbg36ukyX1MzpDsyx,metadata,DUCk n EGGs,hngeb,
QmZaXciL63StwFipMfZw9cmw1S9ZX2hPWA9vEQbXq1A9Az,asset,DUCk n EGGs,hngeb,image/gif
QmbAnKrwynhHqNPbS3keVicMxyathvvqqUvVE6RWDq7jNJ,metadata,Desert Aquarium,Freakjesus,
QmZqw2cDJNL7VWxAugL3wVmARaUYLTfEAFuvXDKZufv3AU,asset,Desert Aquarium,Freakjesus,image/png
QmWJy3d9AJzypyGha57UJKrXCB5bPQwPg6KUWdkbTb5JAf,metadata,DEEP - OUTFIT 07,The Fabricant,
QmbbYozrjyKv9Qosq2RdUTL5VwcJJ6rNTMSWKMZaR7ZT4h,asset,DEEP - OUTFIT 07,The Fabricant,video/webm
QmXw2jjspBnTKgoHSbUCBaMBbtym33Kpy4ZYXJ3Nw4Sdr8,metadata,Tomcat Monastery Crypto,Hans,
QmPEKoJeYtJSCG2rSPqzbjbpcxKEBHBD4rCBVXtKKv61vt,asset,Tomcat Monastery Crypto,Hans,image/gif
QmeRx9vfnWnEJkh7xhKrmd9Se5AckmsayRGsjJXzFffF2n,metadata,Search and Destroy,Bit Errror,
QmZkFUNpNUXokf5joukSkZs7rswEiEVpV8h12R3d6yG15R,asset,Search and Destroy,Bit Errror,image/gif
QmXzebGNFiG3EqyUyxm4ohQe2n4mWoBwmVfJfS4LpVvwnb,metadata,Abstract Art, composition of 18 June 2020.,Alex Shell
QmWqEGEMLoUTgV6v9wKLpTaNn7crEvyxaLhuQhapdUVgas,asset,Abstract Art, composition of 18 June 2020.,Alex Shell
QmV3H5kGBmqAJTtniqP3SztBVbhWxgg34fJNYhMax8qVJC,metadata,Geyser Garland,Daim Aggott-Honsch,
QmV9veVgZGhdAJq9FMjBU1CNoWqCxV3T8sT4a1KFQYT9M3,asset,Geyser Garland,Daim Aggott-Honsch,image/png
QmQR7R3oHeiXXb4wxaLowFnp8TVJqaRHfQDMYJcbkLTEYz,metadata,Concerning Sunset,Monfa,
QmSNLZYF55oP3P9JqMeQNXBn56JjXi6WUxweNHyUfkTgPN,asset,Concerning Sunset,Monfa,image/jpeg
QmcjZERrchS8VL1vqs5AsM4N24Uo3oFiL6RyJh865HdjLS,metadata,L0V3 534T,neurocolor,
QmQhPs9jKh5xrdcPCLEiAA29L5QQjYCGNLDXqe4qg74qo8,asset,L0V3 534T,neurocolor,image/gif
QmVa2Hcttg3PBBauNqKJTSdbEGqyZiSLt4N47cwBeDMFP1,metadata,When Everything Loses Meaning,JayDelay,
QmPPo8bVdVgWgho6hqcwUgcsdUc17xjzVZPWxqs5RUBRzL,asset,When Everything Loses Meaning,JayDelay,image/jpeg
QmfFdkGZhmtk6wtApt5xPWwLqb5GUiDunVZf9Xnpn5vUM5,metadata,Big Lub (Variant #1),Lucho Poletti,
QmQKB6Q8c98rerPRVpRQQDRtUkduyCfYkDDsfT6MZftbR3,asset,Big Lub (Variant #1),Lucho Poletti,image/png
QmeNdnvBq4ocNZXVBjisGtndP5aJj2KgUuFkU3ZRjjf8mA,metadata,Musing Otherself,twistedsisterio,
QmcWiigWiiG59144K1C8ouG8PEDoFnP69iqYh4eFunY6Es,asset,Musing Otherself,twistedsisterio,video/webm
Qmaqn1q4CDy4gY7YcQGnccfQuYLYddbuXFXMnKZnfsvepb,metadata,Joseph Ratzinger,CryptoPope,
QmSXK8E1QrUfkwRcFASu9zm8pZoVrXhBjsVezVcMJG85Ug,asset,Joseph Ratzinger,CryptoPope,image/png
QmUeKkMKpiWvE6N1sa7x7dTrjoe7YX2fKGW795g5rwPoh5,metadata,Illuminum,Yura Miron,
QmR4fdzQi4dVcQvqH9G13GzWaN4BUczNbx9z3nPvoMZjjf,asset,Illuminum,Yura Miron,image/gif
QmbEjsvoQ559kncL2jn2pcFCYh8nDWd4T9XnxZ49TeV3Wp,metadata,Planet,Vansdesign,
QmVLZGaPsFo594vPwdeQwmmTsQUKaEcrCiQs47rhMuqpui,asset,Planet,Vansdesign,image/gif
QmeFLfwHojvPWttcfFPDpsrGorweWTP8E5vwn26vZpxhxa,metadata,Beach Geometric Mirror,Freakjesus,
QmWTLSh9ABTBxv6mCUutSd1BNG6P6uRk7MgpBV3bj6EKg1,asset,Beach Geometric Mirror,Freakjesus,image/png
QmVW9sP6zX1LcXkwKQnzvfh2WCJUyoW9Wwt2BKPCCmTtpY,metadata,The Claw,Miwa,
QmS53NEsjPiaPdABSiba1C4ZXK9Jb4rGVCLHGPUKkweR85,asset,The Claw,Miwa,image/gif
QmTHaz8eEiVCn5wzER65Qc8x1U7Wyx3zzKaEWthzNX2bkP,metadata,NEWBORN,Mugen,
QmdZucSPXagVLkD2mvpEYUid8V7czsNdDS3jp9Fjf53byb,asset,NEWBORN,Mugen,image/jpeg
QmfQe6ptvw1Zah6NyCUbQuKm3tCx1z9okAELVckxSxrANW,metadata,Smear,Sparrow,
QmYdMjJeunbuZQtH4SNA2eMXUiS2d9nLJeyRJoorXuAiG5,asset,Smear,Sparrow,image/jpeg
QmcLK7PGLJiuJvxMLxjBtcgGo9rAFPfyAqFqCoipfAwNN6,metadata,_  the relativity of perception,abysms,
Qmckmj8DJc5KWaQdCgFGVn8PgqPdX1zUTAMXJp6ritaGVL,asset,_  the relativity of perception,abysms,image/png
QmeCviqbSR9QaUpeqNaGkdYrcSKFbnhbAgaynBF8KQCvCu,metadata,Brood Mother,CryptoSpectr,
QmeDjeEQk9SxAy9jr9WkSthXeTSWojgyuX3EXdVH6aJGqy,asset,Brood Mother,CryptoSpectr,video/webm
QmRQkG9PiQZXtkEgift6qHC5CjkbFG7zPemW8fMQ57xq7X,metadata,stop racism,buzzlightning,
QmbMNpXZyoS3rvKQKSbNrrvggDx8yKNjajFaHsbXBq6xqJ,asset,stop racism,buzzlightning,image/gif
QmVf54HTXBxDvnf1RZE1GDByz1mDVycke42y1VvM8rdQnS,metadata,Black Dress Fire Grotto,oculardelusion,
QmeT14MeN18Mx9v5PoV5FK7eVS7AuEt1kGfRoEkYuNvnrA,asset,Black Dress Fire Grotto,oculardelusion,video/webm
QmZqbhECxqeXhrrd67MBVQAoTz3hbpSfyYqgVgjLiVFJLN,metadata,The Keeper Of The Lunar Oracle,Spaced Painter,
QmXYsKvgCqpjRPtmkEdJu2z9uVrUas6V8WttTaQ3ZeL2A8,asset,The Keeper Of The Lunar Oracle,Spaced Painter,video/webm
QmcUwW3TaUsW9NAofu2D6As9EDCTe6S2K4du2kihxcNEiw,metadata,Satoshi's Parallel Dimension,Lucho Poletti,
QmWoReWUNFqTjnBDiHJH8kcJ31Btsr7LE5iGhnACUnwJgv,asset,Satoshi's Parallel Dimension,Lucho Poletti,image/jpeg
QmcVT3jeB5EbAGkZbQReQ76Dfc76mgWth1F1g9T8sm3wfK,metadata,Bearish Indifference,Voke,
QmeLLHYw7m24kHcgDbLQS2Rgc2kg9wfjLVrVFRmGisFwgC,asset,Bearish Indifference,Voke,image/png
QmWZK6KtfrbkU2232Sbj96x8zzq3Y6Y1L1rkaKRSoY6s7d,metadata,Digital Interconnected Perception,neurocolor,
QmaKLmwVTbzWEHRzMDt2FSvEEe2tKgQHEFP1NAqKKctRL1,asset,Digital Interconnected Perception,neurocolor,image/gif
QmbYck3w6PxhqWavMPuhzrKrDUvZrgJ8XpEJsj9kpUytYE,metadata,Lying, smoking, dreaming man.
QmeNJcJJcbgVdrrBrqSuNmHKn8QCDFEernbtREZnmCmWgk,asset,Lying, smoking, dreaming man.
QmYyLTzosrpEC8HqQ9Uw26BAqB3tH9atMd65ZaEMtAkKjh,metadata,Faceless Woman Dream,Freakjesus,
QmXRXSMuMQeWc1BAdFSiUnKb7za9kcaajPtBR2rNh8tKdM,asset,Faceless Woman Dream,Freakjesus,image/png
QmcnVTBAg9gEEcqweJERHrfNaCrNtBQgHRyjf7gRxnwugn,metadata,Father,JamesSW,
QmPfGJBqL3KcraJcuVtC9C6gXkEUMYkUy1BsUcnrCxRZGR,asset,Father,JamesSW,image/gif
QmUjizx6ocosgNjSS1z2LjaTUcz33VCf8V9x7JpL2ZRzKp,metadata,the birds on the Alhambra,SoulineArt,
QmT5ALMhbyq1FcfMM8Qh8yXKoPYe5UwMKsWwf39Q2Qp8hF,asset,the birds on the Alhambra,SoulineArt,image/jpeg
QmPAggqwcSn7vEjtE4s1opcfxQjrUpz5nHVorWH32LgAev,metadata,Popcolors,kloop,
QmPLJFGgsTtktmE6pZpto8DtkaW1A1k7rmABoeFskHzWF2,asset,Popcolors,kloop,image/png
QmdWgmg2fX5dpShqy76dbttpQ9UdvJNke2JaWzT86neH1t,metadata,Vapor Dave,Moxarra Gonzalez,
QmeXvMHyUF4bemru2hkng4DjFD7RrCeAvfhvFdCFFboGMY,asset,Vapor Dave,Moxarra Gonzalez,image/gif
QmfWg3ZB5YWi8XbeeRjr7v5N7y5ykyzctzPQJJzyWG6z56,metadata,The Guiding Hand - #4 - Heil To The Chicken (and his miracle economy),Kerb,
QmaXRF9q3PJBekciGiLZc9hAXg3i4G111ugNhKoHnA3kDQ,asset,The Guiding Hand - #4 - Heil To The Chicken (and his miracle economy),Kerb,image/png
QmUVb6ZjsyefyGfPhgY283TwY79EBv1ox5NMUFDoNwFa65,metadata,ΞΞΞ Graces,twistedsisterio,
QmUsFz2wg1RRqqQxgChsNvczRpRkWkYG2xhnXknuGiYawM,asset,ΞΞΞ Graces,twistedsisterio,video/webm
QmcGjuTqjwHiSP6od25m5qWgCd44nDX5SzWBT3NZvWenPh,metadata,Transitory state,AlekseyYalovega,
QmY96jcAu1amKUB5X6rk5oPEkquSF7LVkS1HpkW9pAtRnj,asset,Transitory state,AlekseyYalovega,image/gif
QmbmcLjxMzMknnVu9Tjot9ZxHbKRT8RJs34eJMAEqHcp3K,metadata,Ego Dissolution (Toon Mashup 01),Mugen,
QmZqqGdGhmZCqkKtmnFkqfc2KMwLUGw4w9mbsDnzxGWBQU,asset,Ego Dissolution (Toon Mashup 01),Mugen,image/gif
QmTmbqUFp2GDgwRzMGKhDowi3aZFfeeffFyAsyf5MtX4CC,metadata,Gloria,CIVIT,
QmaUTjaKDbTvz7562MzRA8TEyZWcmGGLSjRDUvz7kRPYj3,asset,Gloria,CIVIT,image/jpeg
QmbAPqqquuRTBTpr3QAzV9NnyVrzFusVFqFPx7pJc4sL1X,metadata,Wait for dinner,Freakjesus,
QmTR5LJZRxHttZZrDe1aVWGUu1h7siUjb6EyNmchCzvN8W,asset,Wait for dinner,Freakjesus,image/gif
QmTaQkT1f8XPuKx9fPS9ftnAZRMfMWRR2KjyusapZRPCBC,metadata,_ the restoration of the state,abysms,
Qmb5yu3XMFmbNzzuZkS9WEeiNorLpS8BLaHJFHpvJ37Dom,asset,_ the restoration of the state,abysms,image/png
QmQih5XJsHe9FXJv9moo7yKfh1FjmCCYgxkBRz1XayJ77u,metadata,DEEP - OUTFIT 06,The Fabricant,
QmYrjc4MJzXGt6rLGiEgodXuYipLTaJgbXTwH9cYNLcxHn,asset,DEEP - OUTFIT 06,The Fabricant,video/webm
QmZ7BLAJd9PxEQ1nX3WU7Bqz2PyMsHBMMAijVYNAG3s7mE,metadata,Border Patrol Stray II - The Pentland Experiment,Norman Harman,
QmbmEeMnDKW12f1wQFh9uQFa3XuAcZGPSBdpLN7jEpCLFE,asset,Border Patrol Stray II - The Pentland Experiment,Norman Harman,image/jpeg
QmQkyvUDfHhA6MartLzUzBRnU7rCLUstifVt6vEytEEvP5,metadata,Castle of Solipsism,Beckermatic,
QmPnC4sXbnn8EZe4MGyYxhAfSratiuPLh6gUw9JbShQXxY,asset,Castle of Solipsism,Beckermatic,image/png
QmNmN8MHLF7wmUSjU9tRv6tWizR2Fg6xRDJHguj2SG1pf1,metadata,Exploration of colour #3,aktiv protesk,
QmNZvDXajLqxT6HfThL1bkMs1vtCS317zghUnWkFnLR1HP,asset,Exploration of colour #3,aktiv protesk,image/jpeg
QmcEp1zUBzzgnjJfiWAsXuFTxxQt6Kn4UiG9eCZmRVzZvc,metadata,Let the Light In,Sparrow,
QmNqR5EwwM6e2TE3oPxR6xDptsjqC3GhkhjMkDBaf8ZshT,asset,Let the Light In,Sparrow,image/gif
QmQqLbPywRu2MbP3S6h83qVmTzkbURUt6vxi59UA6SuJxG,metadata,Simultaneous Stimuli,neurocolor,
QmcVvhsnj8gdEjkVSJWiFw8U1rrgh9WuAJyMX2W6JsTsbN,asset,Simultaneous Stimuli,neurocolor,image/gif
QmedSZ2JzAb7qb8tHFDGhj4VB8duVR2T45dcvMCnu1RjHk,metadata,Boris,kazwes,
QmNbsd4HQf3Q8xi3Hrji7p7mMovNPYSqwAF3CrToi92ppi,asset,Boris,kazwes,image/png
QmX5iX28iiw1KpaXincNtZUFdx11WapiLpsGE9tAq7ETZA,metadata,Spirals,mr-monk,
QmYRHmLHBRdTNStB8ZvF3e4GUtiQ5kL44nFcazox5tcmox,asset,Spirals,mr-monk,image/gif
QmUJt4YQGKRUeowdTxUyiYPpLStymb6yYLg6WvjPDJ1TD6,metadata,_ the ideal of beauty itself,abysms,
QmZYd3CzZLYHhdmBQ4EKBb5HZ13q9vZVx7U2qUGHt2WtqB,asset,_ the ideal of beauty itself,abysms,image/png
QmbQtj3GKz3i68rvqtFQ5fHC9U3cuxYvD5a6pg4CMtHFGy,metadata,Water and Lava,Freakjesus,
QmRqxcZgiRhHNvBR7H39Ai8DkHuaqZNzxuEee2Bkgc8Jpe,asset,Water and Lava,Freakjesus,image/png
QmXuREoRWjPtC4zgArNPzUXHzGyq4QuVLZwdJS8NCAkCV6,metadata,Russian Mountain,javierdeazkue,
QmarPSmk1rqKqgowzX4kKY3Vk5fAAK8rnByYo8XG7MKHcU,asset,Russian Mountain,javierdeazkue,image/gif
QmdWwmekkXdaaH9PJjoEUMKoTaCx8BnusP24Tvp38NEvgy,metadata,As I turn to face you, I turn to dust.,HeyHazmus
QmQLpgGdK3i3qUd7JzUYCPwxqnQVDHn4qU9cut3jZdNdXd,asset,As I turn to face you, I turn to dust.,HeyHazmus
Qma89cayBcsDuZWeg5KKJKHsmTKv4NuhXw2EEeq8r3BQnN,metadata,Wrath,squirterer,
QmWANTABwdgexPvSmzyqQAtTuzvytRmxrDUhutnzhpeFdx,asset,Wrath,squirterer,image/gif
QmXEgjy5WMdyZZ6XmCKFkCSAJPaiSzrUokqra8hkNR59xZ,metadata,Strike A Pose No.1,twistedsisterio,
QmVGLS79W4dcDv6bjnZca8eMpZEzA1QK6iNMHevADaziX7,asset,Strike A Pose No.1,twistedsisterio,video/webm
QmSAnNa9WDzsLMQdjmP6Ca7BXG9eaULLq2zVuxp2o564bf,metadata,Blockracers PROTOTYPE ART #1,Art for machine,
QmbXHK78YyPUG3VgqghNg2z6PsGqqiV4gGnzqReX8EZAeW,asset,Blockracers PROTOTYPE ART #1,Art for machine,image/png
QmbW2aP55AgRfBiscV5ExWbfLX6Zngo36q3owNsys1mV6e,metadata,The Fruit Killer,Kozachok,
QmbiHshN8YHK47q6JHJC6WiBgugjmUhxi28Xnsh4n86mZF,asset,The Fruit Killer,Kozachok,image/png
QmRmBduu3L5FVnR6VDkadMK14d8YaN1RHwEU77ff1bcMzr,metadata,Restless Spirit,Lucidhouse,
QmfZ3W8S4H51TXGtKRmCP9HiAw8yjghWUA8JNQaf611Ym2,asset,Restless Spirit,Lucidhouse,image/jpeg
QmQuhsdmE7MdqWK7Eqsbd7g2BqXRAPuJH5saRqEYuEfzx9,metadata,Summer Ecstasy,Verdaccio Donatello,
QmNv8YED7KW1xWcMX5bi5n6tHEMGge9dng8dwS9vPDND5L,asset,Summer Ecstasy,Verdaccio Donatello,image/png
QmYFbtgDn6y2zPQWdFxF48KQkWHxjbM59pAUL7QPJoFqCZ,metadata,-Flowerfield-,Lewistagart,
QmQ12EQvfVyRvTjHb56wTDwotPZpEc5SwKQA26jDBvk3kB,asset,-Flowerfield-,Lewistagart,image/png
QmVZLAubMtmxhZSEDuJAmwskA8BMbitXYhYjJH13dTHgni,metadata,Number one man, arrogant.,Alex Shell
QmQRbZRGgdcFMmA4EswdYpVcvGRA6TdruqgfretnXjBxX3,asset,Number one man, arrogant.,Alex Shell
QmRokLhVJQWCZGNSbVdmGxkLHHCiPecBJB9w5w9CTvaWND,metadata,TechGnosis (Cartoon Mashup 02),Mugen,
QmPSEMzz3eQDr4iTdWaHBYoviYVKUb8zXnmekZdqdp5YQf,asset,TechGnosis (Cartoon Mashup 02),Mugen,image/jpeg
QmaWDUbgZU5vGPWGL4sum7tEhbDDRWDCp4NFDFeXu85Ndx,metadata,Symiosis,Stan Ragets,
QmYEbWx11mpXHA2gv5RFCcDRgMM8LDyVGQzD852FLCFdXs,asset,Symiosis,Stan Ragets,image/png
Qmdo64mw3qdGLU9KCH6NZa1osVw3kvpJJBJboHbnHE6zNu,metadata,Feeling Good,mr-monk,
QmWfnqEnnfnG9c6hKwR3hkbTAmVYiC9RwgMbQNRB2WFzGT,asset,Feeling Good,mr-monk,image/gif
QmWKj8aUBdR2KP6NnEk86tC2evZmim3QoJBVbEjFGZMewX,metadata,The Lost Morning,Freakjesus,
QmQw9jL9zmvseKZjd9o9LhzXvwM4T9TmCQdmb7a66q2iPx,asset,The Lost Morning,Freakjesus,image/png
QmS8ikFp4R8HLA8Kt7yGCLEJ1sfnb9y32kdmax9698dGqh,metadata,Strike A Pose No.2,twistedsisterio,
QmYQkjrkabi51BrJqcMAWngEW4ULX3VoxsHnMJrqvXXdkJ,asset,Strike A Pose No.2,twistedsisterio,video/webm
QmSRfLU5LfEmFaMwhZJDnXs27dELKy2YeuWX7ToLsBHWAv,metadata,Transmission: Love,An0nym0us Nobody,
QmdsqyR9ZuPjxFt74A3QYwocJqj1vitMYZi9xKsouqv8er,asset,Transmission: Love,An0nym0us Nobody,image/gif
QmbKfXanYB17BF22WiMCGy7c2cX5X1z31Q5HDS8YGUuwUX,metadata,errr No,Gary Cartlidge,
QmSTtF3GeonZRrfrH7ZfGcSGssMu1Pkcc4dKtYoVzD7JHc,asset,errr No,Gary Cartlidge,image/png
QmU4BubuiQ2NHasR27xUaNMjuLbeQEbMouNq2SREKxWrYB,metadata,TERROR,XCOPY,
QmZp6aVbay2SmxgkamxEXwk7sjPeiuWuhaMbXs9d2BXTph,asset,TERROR,XCOPY,image/gif
QmZo5RTBC4YrLE8xHoDQTH5H5ZzzARFgYTkpAM4p8cG17b,metadata,DEEP - OUTFIT 03,The Fabricant,
QmV7biKGb5EEtR68bgXu7Sss53kmUxAfiEc93gUTpTXHNv,asset,DEEP - OUTFIT 03,The Fabricant,video/webm
QmW3stZGhufuRpydMFKJPs4aJgbYn8VPjusUUfzfFf1vvx,metadata,No3m Mir15 4ixí,CIVIT,
QmdoZ1GEBGTTGaC9dSi3yusvAepL9wnJMQRDNjA5TNnkPL,asset,No3m Mir15 4ixí,CIVIT,image/jpeg
QmcBiUzT2QNhz1dm91G17mYHs2eA3CALCJcXkCnVETbTx2,metadata,SCATTER,VXN,
QmTyXpMuLCoWBQL1BHHukmKR3WRTUu6C1TpkY6tT75r4y2,asset,SCATTER,VXN,image/jpeg
QmUXTTqnSMd6tzRBAwfyNrSg8PtjzNjDdo4NWYyBQVkDSx,metadata,Big Doge Hits Little Tokyo,CryptoKaiju,
QmcHY9deZWjHsf3oEugJg7mMXn96mx5Q4gf7wSZiohwCU7,asset,Big Doge Hits Little Tokyo,CryptoKaiju,image/png
Qmcdj8qdS9VfnRLVGvK3YbKUL5ffi64AhvjYLTgZCXYd4Z,metadata,Blockracers PROTOTYPE ART #2,Art for machine,
QmbxzFgffzfT3pDghcXKDPyW5hSrquA8kSj4nHRCyLNNEw,asset,Blockracers PROTOTYPE ART #2,Art for machine,image/png
QmZmHjmZVz5JqmJEoSzY279Bc4Uvd6obzK1tRUk2EDksv1,metadata,Neuken sunset,Daira,
QmbTeMCWoExGyUKPUFAeLpCcBQDUa1tkFwvvZjhYWPtYuL,asset,Neuken sunset,Daira,image/png
QmRZa1MoP8meyMj9cm1XwV8rBR1KkcGd387jhVjPNt8tUi,metadata,Snorting cocaine.,Alex Shell,
Qme2Jb5RoD9icyvqDn5mk1bSgRwStegWkdTH915LVwDx9o,asset,Snorting cocaine.,Alex Shell,image/png
QmTGEsAePS3tJLQC5ea73SmWkdEz3a3uN2f7UWUh1n3DWU,metadata,H Dust,HeyHazmus,
QmZP3azFXFaQNFqEbCffghL7hZC44gpUVnMXoxLU77vLJz,asset,H Dust,HeyHazmus,image/png
QmZqFn8Hg167ASEXNM6VJGyPGELmepwYzsHe339JFQrkwN,metadata,Sylvia,kazwes,
QmRxnJKPBaeZasN3NvgfNeopvCmQUC3MPAS65VZ5yFrcZz,asset,Sylvia,kazwes,image/png
QmS1XFSUcdGsYyc47gpMwjp4ujngYb3apVx6cUeHXY8P7T,metadata,Neuro Bomb,javierdeazkue,
QmeWkRt5VbnmJgJTzAFRMEUJkPxqS352Wcxw2jxpGp2Qva,asset,Neuro Bomb,javierdeazkue,image/png
Qmafn6JyNqSDC1v598xZkyQZrXhkevzNHV5MXzZeCmEtho,metadata,Strike A Pose No.3,twistedsisterio,
QmVChZrw9SGPkC6SZD4qR2zqTMZWYgHBe31AP28WQUJhWt,asset,Strike A Pose No.3,twistedsisterio,video/webm
QmTuUMuvVqRGyR4onqYyzKZ9NzDDgXvChpFY2FAYJD1qMM,metadata,Fear of heights.,Freakjesus,
QmUgdEVi4WqngoJDbvFDgSAy421335ZFzQpVwGN6u39BqM,asset,Fear of heights.,Freakjesus,image/png
QmWGA6GkjnrcvbMLxwT21JeiAiNFkJr1Kr68iccLH13Xgj,metadata,ԋιʂ ԃαɾƙ ɱσɱҽɳƚυɱ,prokopevone,
QmeaosAUUjRhLxt5SKu1pQdNq1QYvdyk9sYZ6MqH8F5UEZ,asset,ԋιʂ ԃαɾƙ ɱσɱҽɳƚυɱ,prokopevone,image/png
QmVz9taVX6XmD8Z42iU1Qyf1432fqh1ANHiRUAgJEcB7fR,metadata,The Voxel Gypsy,An0nym0us Nobody,
QmSaj7mrPXU8yQbudgxnkrCNGdsndTfUQ2AK9vjXcj4NMT,asset,The Voxel Gypsy,An0nym0us Nobody,image/gif
QmPGzxQMzDgHagcGDFXTpchJqJ81f3sChqFddUBsYW3WrE,metadata,_ untitled,abysms,
QmYpoYhXCC2EGguEBHpkNnNPsXnotX1QSwomd7RxihpSsa,asset,_ untitled,abysms,image/gif
QmTPtWnL2j814pCUg8apfVyDiShoZda2gZuA5A7VskmocH,metadata,POST PANDEMIA,miss al simpson,
QmcBh8EPTVazphzFzW6M6nHbANvQ3nE4Xp6B5wvEGwFkjP,asset,POST PANDEMIA,miss al simpson,image/jpeg
QmboiTFTjnDxsE14SuhVKeGDcB9kJzNbnxoYgNb4ycX5mS,metadata,¿Dónde estábas?,tierrararas,
QmUmEjJqUsvucAD1MbjTmPWvWU1b1RTudycth7JFcoaDmn,asset,¿Dónde estábas?,tierrararas,image/png
QmaJbPUgTGLrzbGXgY12687xJeXpFYaegMFgKJx43wnczk,metadata,Blockracers PROTOTYPE ART #4,Art for machine,
QmdTU9c5RnKM7nt5vnUyWKCWZvW96RZALsLLxRbSoCamuR,asset,Blockracers PROTOTYPE ART #4,Art for machine,image/png
QmcckgFYVyyec2tsNcFSFw91fDEfVZiovvHWJcQfcR8Emu,metadata,|-| \/ |,HeyHazmus,
QmXvvnwUh3NndG91Q9o7qqzoS3x2eWqt49ojVHXLarG1cF,asset,|-| \/ |,HeyHazmus,video/webm
QmVBazxbVqCxyawNrXDSsGUmqQhqzC4RS1jA5VyuRPZZ8d,metadata,Ask your thoughts,Ann Ahoy,
Qma4EGR4A9CLYN4Xarti5WpqyJ183MFbi9yFA5NnnHv9u1,asset,Ask your thoughts,Ann Ahoy,image/jpeg
QmTSkYFmU4ocg3xiTiUk8XhrMa64eu6JrC82k8qYWRLic2,metadata,STAR,kloop,
QmWzTQnFbX5ifxpdXgp1AL3rH21zRrj3Nhr1W6QNhedJrF,asset,STAR,kloop,image/png
QmVE7PNexCWwihMTTWfnBRMQRXiwbTNZtc3zLgZ1NGMNS5,metadata,CryptoArt,neurocolor,
QmS5BdJL59LzzDJCLHHxNfyco5umpxLoJsNw6rUqqZLi3x,asset,CryptoArt,neurocolor,image/gif
QmRFVUcW3VpvJcA3E3esbQYVNV8oNVmUW8yZubY68cr67q,metadata,Bitcoin Babes In Outer Space! (Pr),Lawrence Lee,
QmedSNAPC9BVPQZbTp4EH6y2HbxUj95Ws9hUm1LFDgjUYU,asset,Bitcoin Babes In Outer Space! (Pr),Lawrence Lee,image/jpeg
QmTzFgH3nmgah5P9QkxdH7NPdHaZZ8Kv1918UNYdSnuUry,metadata,Musing Otherself Redux,twistedsisterio,
Qmbpah9tkCxnoh1yLGXSNrk4pR7QxxaUpe7Zkhxm7U8Zun,asset,Musing Otherself Redux,twistedsisterio,video/webm
QmR8tniwevVcfyoqnortRk4TsHqAxxzFAWjmyjP9Cp2tQw,metadata,Gorje 1,kazwes,
QmVVEcxoo8bvHgJdnw56VyRooyQUor4kYNbVDGHWYKQ5gQ,asset,Gorje 1,kazwes,image/png
QmXyNt9Zn1uQG4bo98Ub54k1jTUKTHqYfTCrHJwPAsfFNN,metadata,Artificial Artist (Deep Fake Max),Bard Ionson,
QmYcvSUHJugRDFBeKWHndYgqegcmsaxXtXCjGZkGxu6c5h,asset,Artificial Artist (Deep Fake Max),Bard Ionson,video/webm
QmWFAv9xGYTfmVra8kfhykrdJGqBd1fioTgSTzvkS57G2h,metadata,Oculus Veil,Gary Cartlidge,
QmdLqDiLcFPRLJwmAJsVchKvSnd7dsi4AeiiEaDYy922w7,asset,Oculus Veil,Gary Cartlidge,image/png
QmbU4VnReriQKhtW4ixhZ1FgY7ZGCRxavY67aEXmp31EjC,metadata,Sudden Landscapes,javierdeazkue,
QmUHQfy3a6UWeSq4YsXm3EKZe32K4viuBvqGfYTuNSyPBh,asset,Sudden Landscapes,javierdeazkue,image/gif
QmZ858r6V3EEoa4f2xVCZWriYFfbeXuP49moGHxzYABcjg,metadata,Sexy Side of the Moon,Freakjesus,
QmNUCyJXDknpVSvGDBvpFnUeHW7TqXpjY7svJZXzwD9da6,asset,Sexy Side of the Moon,Freakjesus,image/png
QmXpUuECtfAGkQgcyQfUgPFufWTb4qHEptHD75gyfGrbiC,metadata,Under the Rug,AlekseyYalovega,
Qmaiy8j3Ai9mvmW2QEoUk5ZMcHDBapJvEiaMgxhmCWVdJC,asset,Under the Rug,AlekseyYalovega,image/gif
Qmcg8fykBAibntgdCbPZbbC7X86r9iiDiUUtZ2JcjGeBto,metadata,FUCK!,An0nym0us Nobody,
QmW2d1J4132SVt6oghpLVkB8kxN3f7PG5mioxMe3F8gQto,asset,FUCK!,An0nym0us Nobody,image/gif
QmVdoh5Kb8vaeFVyjbhQABFGpTy8zwSWR3R4X8qxc3uodz,metadata,H2R27062020F,H2Random,
QmQhhSjfA7VQr4wXTPDg5Ss7Yv9ECixEbhHtMncboeaBvY,asset,H2R27062020F,H2Random,image/gif
QmeSBxMyvGSThqF1nGMvYZjQNUbVZW5b13Mrb3b8P1Fg8X,metadata,Gorje 2,kazwes,
QmSD1uURAG1powr4aKJ5pmZVDEywom1ha95BwUkrDNDji6,asset,Gorje 2,kazwes,image/png
QmYX4HLjtsAp26DbhUdW7yRpVdgK5mE9QECobbp6eh3GNq,metadata,Moonlight games,GrayMask,
QmVYDFY6RCVoNRuz3L8J8WLUqcxmjzDw1N27vVzHxbbX6q,asset,Moonlight games,GrayMask,video/webm
QmbSif6UaMWUDiqVtCuh8aNuzY7ZMPQrkFkrtfzhd6Zy68,metadata,Mephixto Punk,Moxarra Gonzalez,
QmQ24PMbobyghU8C1kqL775GkYk77y2PBJqURVRawMNsyj,asset,Mephixto Punk,Moxarra Gonzalez,image/gif
QmaMt9dfAfAGbfWkpSNdzof4vMVA9VnmsaTFkSBiLSaqxY,metadata,Without Permission,Unrealcity,
QmS5Lx3FzTXXkrTMjWq46NghxuFtWbRcTaQmp2A9Ww2K1o,asset,Without Permission,Unrealcity,image/gif
QmTSBrXmSBjQaefJpbWysLNaSCq4HCWDoBYxCwxZAJLvoy,metadata,Ｃ♢ＤΞ░ＩＳ░ＬΛＷ░／░ＬΛＷ░ＩＳ░Ｃ♢ＤΣ　（引スサスーブ翁）,PromETHeusX,
QmbxH6nYS7HcrfeNw4yyauw5xiDzGufaqbU1gTF6eSm1om,asset,Ｃ♢ＤΞ░ＩＳ░ＬΛＷ░／░ＬΛＷ░ＩＳ░Ｃ♢ＤΣ　（引スサスーブ翁）,PromETHeusX,image/gif
QmPyDtG4Z18NfVPbUfNmHucsUne9MhAytmC169fRHz6Aef,metadata,Gas Station,Freakjesus,
QmZBBHiptMNMgifQdooDkYcgCcmGyvjMpvkditNTWDSLZX,asset,Gas Station,Freakjesus,image/gif
QmbFFeEBVUykEtRkLP3Pw3y1AiPANzUAiKb435XRVR6qXs,metadata,Feeling Good,les dore,
QmUhqm9wxBdXe2Xy3xx5xusv3cK95dmkxHaHhg75icLHN7,asset,Feeling Good,les dore,image/svg+xml
QmQbUM2hTS7Epg4cbFvS1WZW8A7RMCgZosnczze4dtUdLb,metadata,Collision White Ed.,T3S74,
QmdJkM7YC2FPujLqHWb6oggNwCYkZEWGd5ZkXNB78fC19Q,asset,Collision White Ed.,T3S74,image/png
QmSzUNNAjcL2c97PaZU5Jw3ELpbv6TEYfcPCi2GDM5Zurh,metadata,Enhanced Interrogation,superwolff,
QmR8RFDH3xxv1YKuV9ouPj57UVnHqM51NeTu99Zt2xE2NA,asset,Enhanced Interrogation,superwolff,image/png
QmaQ1MSaiRo5hxxmMzwJ4MEBe3okCaBKmkDSVLsTh63hNz,metadata,D-stress,cristofiam,
QmZFTzK2QQ5nQz3AEG8RrEomPyjq913N5to7rbpfL32Sxu,asset,D-stress,cristofiam,image/gif
QmNdnKQhDu9Hgy1sxTckPPmBCPbAhM9Cx7zqgVNWZyK65v,metadata,The Journey,tierrararas,
QmVsXc5hXZ4EScuPiMJXoVygzTPVcesMf97njxxPDYRFaz,asset,The Journey,tierrararas,video/webm
QmVY17mcJd87J7DfULkbcHr5Kc5sA6dQfwVvT1mYgtSQ3t,metadata,Θūʇ ŵΪʇĥ ʇĥȅ ΘĿĐ, Ϊň ŵΪʇĥ ʇĥȅ Ňȅŵ,CultBitz
QmPSwVjh3NMHZNdN7H2hTza29gp3SWQPMYY4f6W394NAyB,asset,Θūʇ ŵΪʇĥ ʇĥȅ ΘĿĐ, Ϊň ŵΪʇĥ ʇĥȅ Ňȅŵ,CultBitz
QmaAbNzxETSiFaas9wDo8UgeAu7zXLNzuZ6hz6v2i2QhEP,metadata,Teardrop,Luflorio,
QmPjyDVb8dHdd3FVoaZgX3SzAu46hjPQSzi2SBP9Ds5YMA,asset,Teardrop,Luflorio,image/jpeg
Qmaj5oD9gR24LXEqqxbtp27gzDpJV3vUDw11a7bMzz34pQ,metadata,Rainbow Ice Cream,Miwa,
QmTDe2t4GXtBRTW8ZEMixfuuwBdJsxgU9bWGyAq79Rxa7p,asset,Rainbow Ice Cream,Miwa,image/jpeg
Qma4npoN6Cg5VEsFk9xqp7nd1uNGavSKRCDEFAbjW8P9U6,metadata,The Last Flood,Jivinci,
QmPEXb367ttY9F7gv5CrofSaxNpDH3MEAQ1q7h6dHLKEdv,asset,The Last Flood,Jivinci,image/png
QmdVmqTGFb5aGsrBxWy3gPF6ERgYK3scVzCWQv2QJHcxPx,metadata,The Spiritual Masters: Vesper,0xPironatof,
QmY34PYDCLbpb4AF4dzbRpNKBAXzQFzSEjEfpUFHYgTMAp,asset,The Spiritual Masters: Vesper,0xPironatof,image/png
QmPDhYZUv3Dcg6QFW2bjHJ5MhRYAcbsgYRin7EG1K5eUWg,metadata,Pinup stairs.,Freakjesus,
QmU2Lg49pwsWTGemkt7hb6zcVpqhndx8zbaDt1KbUG5TiH,asset,Pinup stairs.,Freakjesus,image/png
QmWeuZ7CLNvWbdizUGFLwoPFNr2iiqZ6HmZFCVyJijQyuQ,metadata,Ocean,hngeb,
QmPH8YYeSTGMji6VNEJUHQdx4oL4eTuwnsshZUkBgwQa3h,asset,Ocean,hngeb,image/gif
QmPMLTaPv2Lam9dTtaewdcaszXiEL6TvuswESvdwHdj8Jw,metadata,No Ca$h Allowed,cristofiam,
QmNpsWM67mYb2LGEt3Jb2buAVfSYfnCkFwvHoLYBpWjS45,asset,No Ca$h Allowed,cristofiam,image/gif
QmR2oAovqdjDQMAFkqN2FGUsKB36HhXucQNS7eH77b6KJQ,metadata,Generated Dominance,Mattia Cuttini,
QmSHmCuKWNpgcF1359nrPdtMVXSDKy3SL6akqSBeDYK65i,asset,Generated Dominance,Mattia Cuttini,image/gif
QmaTJ7y39rA7gp9WoidDABtAckRy7kdfELukX5VnxggFXN,metadata,Tough life.,Alex Shell,
Qmc23tZcm7TtsgNFDtgGXdRPt57bhwMuiFKRfpFxQ6ez9c,asset,Tough life.,Alex Shell,image/png
QmbY5XfQkyhDqarbKvXrY8Wa5SCkZjxywZaCjPJGnWXYx1,metadata,Dither Island,javierdeazkue,
QmSCjqe5phCH2NDs1KjmZuQqAPQyb9z1WWviyWGPXVVEev,asset,Dither Island,javierdeazkue,image/gif
QmbZPR9ZWF18srrRVWDgXrxySPqt119fd6pB5APSP4dk5s,metadata,FVCTUP,prokopevone,
Qmf5R58JAxL8VaKFcyUdUwkoX7fseT2yUoWTAjMdQPqcNL,asset,FVCTUP,prokopevone,image/png
QmYT8QDpG35AJKo2gFojPYV6oYT6X4m5bzmrGuxRabxKSK,metadata,Red land$er$,Hans,
QmbH2uV5z2LQGoMX62EM3trSDuUerfEdBXC4oE7BFVNs9t,asset,Red land$er$,Hans,image/png
QmUveKsQCHLt4qi7hjCKRUMtVX9QgsDoKGqpiKnA32btGq,metadata,Oh My God!,Freakjesus,
QmSHmExW5xbC7NgGNgbciBjre4NdRGeecY6gkFY2pkUW7k,asset,Oh My God!,Freakjesus,image/png
QmdSBPmathNMvq1HvWgj1shmLJiFgAogYJKMTUBhKjMYK4,metadata,Gnam,aBlu,
QmYJUzeormqeuYHLePw9Bqh2aXJ3DhcPNUAmiVqeJzs4BR,asset,Gnam,aBlu,image/jpeg
Qmbs48B97FNJWucxYWhDeCkEh4HNA8y3Pbu4Wvw563c6rd,metadata,The Awakening / Shot N°08,Natural Warp,
QmaLsMaWbChLX6LqcgFGdBXRHJFAXp62pg4gVagDunu66m,asset,The Awakening / Shot N°08,Natural Warp,image/jpeg
QmNhUyKBMxR2PAPgYM5NDDuH4dwux3FckFx5RptgV9fFRM,metadata,Prisma,CIVIT,
QmZmpqyHEAeToFhKTD1eXAgJbWGj3GTKdJy25i3qUdD5Yn,asset,Prisma,CIVIT,image/gif
QmRdGJrCevRCcxpqwLNwgt58gPnZL3r4MqqX1v7cVMeDbe,metadata,Collectors,LuluCollages,
QmYTkFuiyHt8rKafNfrf7QJoeuQGde6qKzZSATWnmjqcGj,asset,Collectors,LuluCollages,video/webm
QmQFEBZrSHqc3tvhpqyZxoBcYjYRPaEsFeNaWKizZ9iUpY,metadata,I am Here,Voke,
QmPrZeWdVdDKNp6Qsq26ub7GZzHqChk5M2Zk9CMXx6KSYa,asset,I am Here,Voke,image/png
QmSXLMd8eeREQWdZUHtxtSs4VUEH6ibSsUtXgiVrcsV7ZK,metadata,You Have Mail.,Freakjesus,
QmS51j1zZ2xW4VmAZpxokPt78dmzF9iRa6aZShA7xjJcT9,asset,You Have Mail.,Freakjesus,image/png
QmV89M53gwUp9yMGKTff2b2GN8vbhYNr84Rads45vPWndn,metadata,Tentacles 01,Brad Damico,
QmRDmuEbohxwBiNzAFxd4ZAJBzsPHxdGYy23pUptDnmH67,asset,Tentacles 01,Brad Damico,image/png
QmRB4TXbdqWH6CYEsfD3cJ4w1LwN98tjbb7veYkrKUP6XZ,metadata,01P0L1,CryptoPope,
QmYUp8xHtq1pB1ziJaRi9gHk3CxNQvswqskoUr5RGAoJ71,asset,01P0L1,CryptoPope,video/webm
QmbvdXSXrMRZQic3QWHM4mp8FrYFmDXRAVe8yGuPD9GhwE,metadata,Alchemy of the Maelstrom / Shot N°09,Natural Warp,
QmYQVHDiJszoDPj2tL2ESTpiTzGcf9p6ZxMriNdaB9ZYg4,asset,Alchemy of the Maelstrom / Shot N°09,Natural Warp,image/jpeg
QmPntuG93iL4Wof1g66Qqnyb7gUnBdNxQrM9LuUxEZXLrg,metadata,DS001,Jsf,
QmdanUuBxpZjoWfu7JmjVkHj23uBrChT56kHP4ZH7tTm6Z,asset,DS001,Jsf,image/png
QmXRx56NkxeTfYVHp4U8S1sP2U5U8CRnLrQes7rVb1VT12,metadata,Gedankenstrich,Ann Ahoy,
QmU4NUzTn1jygU6J2cB5uPX2cYALtvJPDFpfND1Si4mYpb,asset,Gedankenstrich,Ann Ahoy,image/jpeg
QmPnLa8n23rqjnJ16JbZh2udAcDCji31y2dZ7ifqhA3zxG,metadata,Sunset Girl,An0nym0us Nobody,
QmbW9aoeECKe8Vav6G1Dse6ANg2oU7vqfFU8MX3tME6FMr,asset,Sunset Girl,An0nym0us Nobody,image/gif
QmVggqe3ytxitTRuroUS98TfzsyWVeDR7vqttGtAP2agoL,metadata,Loot | Uncommon,alexstanlake,
QmcG8Pti1sPRkh4Hhvk694U9SiL3sphptSqkRxhiNBSvsX,asset,Loot | Uncommon,alexstanlake,image/jpeg
QmUoq9yu2ogwpE3k2j3BLDKxDmtRHjbKeuPSk9SBPvpkik,metadata,Broken Direction,Gary Cartlidge,
QmSRyqf1Zr8v4fLxi8qeX8FC9vjNrBAxT6fRCcBeXf3CZv,asset,Broken Direction,Gary Cartlidge,image/gif
QmTYnNLZ6EesDA6nBggbdGr2RxUQ7aKJ9akoa4ky42vrLw,metadata,Happiness destroyed.,Freakjesus,
QmewZ7j3DvFKetafimwZZiH5UfQSpSgjZq17kPmWM8pa8z,asset,Happiness destroyed.,Freakjesus,image/png
QmWN1ZwkoPjogsapyJYT7W4Y9EdkeXpZZEVr8Pct2aCRm6,metadata,2007 OQ01,Brad Damico,
QmdWtv9pLcrg9rT3UUMQGaPFgTsy51q7PATbANbXi3d2SN,asset,2007 OQ01,Brad Damico,image/png
Qmc2xShzc22PmWDH6t8X3f3JygtjCgk6g7JCyt95B448gP,metadata,What all this bullshit is all about?,Alex Shell,
QmVcXha5e5t8US6j82yvoEHinbaoV7AEKyKFP4KY6rMdSV,asset,What all this bullshit is all about?,Alex Shell,image/png
QmQhpvdfDLHAivnMcscYdR9yqGzT6fvBKF6fXar8JJDK59,metadata,attraction,donnoh,
QmY4k93dXA5RNWvZsCNWAqVQ5gQuN6QowMDp51WNeGwsX4,asset,attraction,donnoh,image/gif
QmbKyk3aJqrB8FpbSVDLU2AvG9D3mQSh61WvopPBAaF1aE,metadata,A.R.Penck's dream,Hans,
QmcyVSWEY6ewxXtYkMndwgL9dzdKJcq1KfaKrt5LXP3jK6,asset,A.R.Penck's dream,Hans,image/gif
QmahtNak3BQsMnqSEAMJtL3jt5fpf1yPsQAUj6hAxta4z9,metadata,DS002,Jsf,
QmQqSeJhmNb6ZDM7C2T9hVLHBReWcb8snuqmb3rFbWdnPp,asset,DS002,Jsf,image/png
QmaMgTbJZVnPuPnEMNEXr51P5h1wNT9o2sLtzhn7RXiDtr,metadata,Aurora,kazwes,
QmcsZxU2PFxPDVQpfGreZRrTz6ZSUSaR68fpc3cEZ3UZU2,asset,Aurora,kazwes,image/png
Qmc1dhsJx1YtcExnhp3cSwbwUFA9u1T55tSFYjyV88xVDe,metadata,Conception and Death of the Soul,Beckermatic,
QmaPvysGhP2Ni1Wod8FaQDQqaqpkgxEqHnhQZRFXTEeWdh,asset,Conception and Death of the Soul,Beckermatic,image/png
QmPBsKScv5RdGinvyKP14MoiaNA1evqXkaw8RsWmCKpnw7,metadata,Death comes in all Shapes and Colors,Mugen,
QmPg7qamAKy8meh7faSqvMLipk5nXdq4FHLtTTHvcf3tdL,asset,Death comes in all Shapes and Colors,Mugen,image/jpeg
QmdoQDR1QXc5fuz7qj7ZzgjFuwz5UE5eA1fqoXkkGQ4zsZ,metadata,Dimensionalism,Vansdesign,
QmYGZBoU2KvFvBMWkZhzjSAPzVUbyiNhwzGmiq4fRB6bQa,asset,Dimensionalism,Vansdesign,image/svg+xml
QmbahXtjvkErAx7RQdzhDwWHbTjxLyyu9Er1xyLAEBa8eM,metadata,Living on the edge.,Freakjesus,
QmeBNVC5zcyCKU8LuxivRh9MPtDQ8kGLMNwmcf7z1YYKDp,asset,Living on the edge.,Freakjesus,image/png
QmZCSZ6zPGEr6opYhMJM5fhjzcBcwmw7exaGfw2AJMNj6z,metadata,Loot | Rare,alexstanlake,
QmeeVAGgwtbW3oFuo6KskZDWc4DcNTqapTvY7xqijR4Rms,asset,Loot | Rare,alexstanlake,image/jpeg
Qmf62opfqc3hgDhQKSikTteyD2nfep4nBrvyz8y6tMgAV6,metadata,Hylda,kazwes,
QmNWfv3oJHi2cMLLYea75eKwKki9aRaTBQ7SV5jRkVTpr2,asset,Hylda,kazwes,image/png
Qma1CjVc1VcVhawrPGbueeD84bshi8kdxbJnBMubEMJrGW,metadata,2007 OR01,Brad Damico,
QmSXDLsYK2aWmWPqzxhWusVtSLAS52q1ube5a2LMBKntKX,asset,2007 OR01,Brad Damico,image/png
QmcuUEbZQ2KVa9raXaFU3sezPWzKyEUscfRPMjdeWPLzap,metadata,neon,CIVIT,
QmTsu8TpRpbypQeErvgjXts7xs4DMZAvNCVt3x13ohXAfH,asset,neon,CIVIT,image/jpeg
QmUCHtc6QfprNe99Tz8AV2QDA57aMT1Zj9PpXSg7hhoqZN,metadata,Mirror,Freakjesus,
QmZTwq4yHio6qufQ1Nx8v2xUFi4XVVhnBvrzbAv4bEHTcX,asset,Mirror,Freakjesus,image/png
QmQSao4RJLsSKcT59WVhqSeHsovGCPxWX5vptSMx47RtsN,metadata,Loot | Epic,alexstanlake,
QmeiUeEJxGhuTJWKcqecmcuXu3BDeT5gNyGe9GXopL9s2x,asset,Loot | Epic,alexstanlake,image/jpeg
Qmb1qHQUconHEaVxdfgGqi38AT65EPerrCHEws1M1CvLRD,metadata,Mindcage,cristofiam,
QmPxn9obDXw9ZM1gGWF1xFgwMDX9k8mcanbKBVmJGTDKqC,asset,Mindcage,cristofiam,image/gif
QmUWnXuFbXhkXZ8maNna5BwNmmdaLK38VrKHM8LEUEtWxp,metadata,EXPLOSIVE BLOSSOM,GALA MIRISSA,
QmTtvSeFsk2EyWLm8km51N1Nj5BAjVko1gHehmajjPZxx8,asset,EXPLOSIVE BLOSSOM,GALA MIRISSA,image/gif
QmWBRxHJBuA4pDzwz3nofZss8A1DaEVTV3o9KQ6RmZGRDR,metadata,Alice in Wonderland,Kozachok,
QmRDKt31aUouVEqMV6C69T8V6zbr9UPaNnY1LnZJaRgU6K,asset,Alice in Wonderland,Kozachok,image/png
QmRUnfx65kMVjYkGPUjtPmmipLHbfDuJ1xggNgMkQR953t,metadata,Thunder Warrior,One For All,
QmVMvjCFytwxMVghWbZJ91CkkN642ETXLvRsiZ6Uptn188,asset,Thunder Warrior,One For All,image/png
QmctVyGHsXEjBjboU47NYDc7S7Fgq1Gw7XbshrDuDoUXCV,metadata,Geko,kazwes,
QmZDStqTQWTAhaiLL8qSSbXD9d38gGHEuH3QD3hWd7a6Uc,asset,Geko,kazwes,image/png
QmVEEfnvSdGgKyMLBsnmNzEVucFpDm4KWUAq9BB3e5HoQm,metadata,Victor Gan Goth,Moxarra Gonzalez,
QmUotBwnYvBKXVkDuu58oDzV7UZMDeLaMPUec3uGKr1bMk,asset,Victor Gan Goth,Moxarra Gonzalez,image/gif
QmXVaQmWmxZB5ET4RgmD3Yez9u5gZbWMwg7jUcWYPgNxhe,metadata,Wait too long,Freakjesus,
QmVX4J8bZQKkWkTpGePxxoN6cJfeWsfrteDLxjy9Sz7N8o,asset,Wait too long,Freakjesus,image/png
Qmbd9KQj5xn7nNxW1cPAW9Yu1AngpCSb9qeukSCm6E114G,metadata,Retro Game Time,JamesSW,
QmeBWMpNRT9pbb5WeFqPVPcW4BGf32yAj8M5Kd36r3M8rD,asset,Retro Game Time,JamesSW,image/gif
QmPjr83sBHv92sBLmT1Ut5f6apLuoDcfW8WMCon1iCRAvQ,metadata,Pastel Torture,juliakponsford,
Qmf1UNKAQsrB74sDSbkuDYNVk2dMXMP5TZjR33txPWwu98,asset,Pastel Torture,juliakponsford,image/gif
QmeGmiuLrHM5Zi1SE3atH4Eq1wvcGTPzabhtYSLCpwuQzr,metadata,A very special tree,javierdeazkue,
Qmaovs3PnErKoCbY2EiAqM97CTR8eLWSX1BihkBw22y8KB,asset,A very special tree,javierdeazkue,image/gif
QmfLggPh1DKV5u6mEAgQHCjr2yXqy5FdhFHCQHhzidB888,metadata,Loot | Legendary,alexstanlake,
QmQqyEGZhftHqfYzH4DaMg1yPsfrTuLTqWB668rAXUHv4F,asset,Loot | Legendary,alexstanlake,image/jpeg
QmZbazr9rUZsEE11RjcW8NrFRc3JFXG7KpehxiA2Hz75nM,metadata,CATHEDRAL NEMESIS,prokopevone,
Qmf4eZo4297CCGTc8DhLrc1DuAQUDeCf2U5xA4VhTUHDjB,asset,CATHEDRAL NEMESIS,prokopevone,image/png
QmP11B5gbGZtdTVj9zkhSkucykkPFUZUDsZwUAECrjmTKC,metadata,When Worlds Collide / Shot N°10,Natural Warp,
QmW5jZT6UfVQc8dAKqu15sVoAfexcamRhN8XscgTEN2kcp,asset,When Worlds Collide / Shot N°10,Natural Warp,image/jpeg
QmTVSfcx3wXdcK51RPJCczhvrmHZwJtbCLcXDPiE4x1bjt,metadata,Omni Planet Fingerprint,GISEL X FLOREZ,
QmYbGKcjYtv1LxUd8vL39SBXQrT8z5suzbh8ufTtz6NAeh,asset,Omni Planet Fingerprint,GISEL X FLOREZ,image/png
QmRduuxhM2LN7HaujsVoJemSzwwdiqr9xSL8m58iNVxcvc,metadata,Autumn Colors in a Forest,David Espinosa-Russell,
QmWeEdp2CybsRa518Ltf51jGo4qhfGsScWTiZHpTkZnqwe,asset,Autumn Colors in a Forest,David Espinosa-Russell,image/jpeg
QmXmUwLUN4ZKCJ9suUKEExJ4P4gzL7Kzh9SViF67vLTYE9,metadata,Cradlesong,AlekseyYalovega,
QmaZfneZNiHV44N3Xh5XAytVwnXotYLW4GETqY5qoVAmZQ,asset,Cradlesong,AlekseyYalovega,video/webm
QmYapBs1juXQk7fDGtJsmNQysDGm6RGTa9MHhvdfVJ7TA9,metadata,Geko,kazwes,
QmYwPXSp8c814eN6QycGTuM4ZWWkakTyyDF2GERMazdfdS,asset,Geko,kazwes,image/png
QmPUVTY3RCZxj4yNJC266LJmfeo1BvGbhZ2sWi2WWWX5zp,metadata,French Onion Dip,Stan Ragets,
QmUMyQ9AftfQ5zRfwf8Jp3p8K9W1zBtyaJjrEhMYcL44de,asset,French Onion Dip,Stan Ragets,image/webp
QmXVPEQkfrtzdXa2jFvQVU3ic3twDpnLUan5YxvN5nKzWF,metadata,I Wear Glasses,Voke,
QmfH1nFKW5fMxCgxoNChswDzRtzf7XMVkhGoRUA8xuiwMH,asset,I Wear Glasses,Voke,image/png
QmcokgTeUieuxAoAAznnxbV2Li9XATgcE95pVBNnrEJgP5,metadata,ULTRARARE : EDEN,yusaymon,
QmW2AWiPeHPvDSkiJ296xEzd8CVYvHDhADyK1VS4jukUx6,asset,ULTRARARE : EDEN,yusaymon,video/mp4
QmXahBYpxE4dgtsskRHoBYzedUzp1YapoNYRdEAfNbTycH,asset,ULTRARARE : EDEN,yusaymon,video/mp4
QmZUGPM1vunjCFpVq9bhEiEytZEV54Y42tFuyYur4Qekmf,metadata,Loot | Unique,alexstanlake,
QmPVh2J1gcRvx3NLqh8K5guyTG5KprU6AvYDrMGacf2r49,asset,Loot | Unique,alexstanlake,image/jpeg
QmfS7VpcAiL6bqRKmp8BU35HRjqPPeRJDDBhrovW6ZAu1s,metadata,[̲̅$̲̅(̲̅ Afraid of the World)̲̅$̲̅],WizardX,
QmXKicYN6MZDGKXJqzSHoCBJNQeagrCGxeWihx9g9TWTyS,asset,[̲̅$̲̅(̲̅ Afraid of the World)̲̅$̲̅],WizardX,image/png
QmPt97w78m6rBCiY2UhjZLdbz1bLzvBVCcVFUigqNTTtXx,metadata,Melt the ice,Freakjesus,
QmW4oUFmYWFdhrdWN8DHzzH7tjyyxkfufQ6R1tEac6eXzn,asset,Melt the ice,Freakjesus,image/png
QmR4tE3q1rMvAJWdevcU1BvvKhZ32qLD7YuRmCCvsYfyrm,metadata,FLUID-02,The Fabricant,
QmU15uq9j3H7jiTvAVyRdQpTuezCzHF9j46XqXVkrub85W,asset,FLUID-02,The Fabricant,video/webm
QmVjrzpsHadMQopvpSbrW59Es7EWe4CEdt2o7iWT8ojFRX,metadata,Geko,kazwes,
QmcmM2kcK1VdyeF4GH5zFkHVt58SFLJZx7pk6B6dduovse,asset,Geko,kazwes,image/png
QmQ8tLeDiH28zmrdm29VTihFqXUTyFLPTEjuFwfmhri8Ko,metadata,Odyssey,Monfa,
QmSQMg6KvMg8ou5rjBnoaQcPrtd8fdNWZ7wNFKNpkeUziQ,asset,Odyssey,Monfa,image/jpeg
QmUrzLrG9jFxpjqeKUYrpf8DTwJNGfnEX4Y4H77VGMo6bE,metadata,A s h t r a y - 灰皿,neurocolor,
QmbzEiajfxpTJRByTrGYhXi93iGVPdEVRjdC5aajbU7wwE,asset,A s h t r a y - 灰皿,neurocolor,image/png
QmVkwaCLKAUGSqsERpGB7T3ConV2fYWHvtttvP3nzsTi18,metadata,Portrait of the Sleep-Deprived Artist,lipsmak,
QmSxnv4odpELFuYBaBUp4oAzsHpHgRFJYQPJ3DbYCj3tML,asset,Portrait of the Sleep-Deprived Artist,lipsmak,image/png
QmRv48t3uK3MkQaXA3mZqkPgqPhMzwXoKEiBphfk2fNqrW,metadata,1ØFF:preDIMEN$ioN4L nonL4NGu4g3,Max Osiris,
QmW2zSniQ15FB9RrLMpFYJZU8eZJdix12teYaRzJqXo5gv,asset,1ØFF:preDIMEN$ioN4L nonL4NGu4g3,Max Osiris,image/jpeg
QmRzeJt4m7ZkJsBxyP23kERV1ci4boFvTyW8w875EAyhWw,metadata,abstract GANude_6 (v.3 of 3),yrdgz,
QmbDo1wybukkJ1g4Pitx4q3GNgns6RDLvWPsnt9TbrnFPP,asset,abstract GANude_6 (v.3 of 3),yrdgz,image/gif
QmNtNgNFhapBrsrg8bBmXGVEecv3oYx2RnMSk9ckKTujFT,metadata,Spectrophobia,Freakjesus,
QmdpAyG1WsWBNQftj6cFM8LU3oEq1xXiNZaHs5LYbHctZS,asset,Spectrophobia,Freakjesus,image/png
QmYWSUCoRd3n7zSQJ54kWPWFtTripn6bU5kbXEjYVKy3iE,metadata,Grandma's Corner,Kozachok,
Qmd42ASCijzkTREMvN8hrNbvFBf6zHKHzGZFN8WXjAbnWQ,asset,Grandma's Corner,Kozachok,image/png
QmXUmzivtvqkxxGjnkN3PaTkdaxDJpvnvq8XysSHAV5tMa,metadata,UNMASKED,miss al simpson,
QmbbiACSs7wvuBTitZQSEc6UHyn8HGoibXzY2WocETJ5Fi,asset,UNMASKED,miss al simpson,image/jpeg
QmZvHXkHnAWRghHn6WVaGk91TmMsAMJ3zK8MFUnC4qNspz,metadata,Cats and Dogs Have all the Luck,CryptoKaiju,
QmU2xDCgzBcvDoXxpsLxZ4edk2d9X4TGh6Wdx8aYYimJG8,asset,Cats and Dogs Have all the Luck,CryptoKaiju,image/png
Qmf7NkrcjwVt1AMtpECJe9UY6f9Wqu8CEsZ6iqpNJCe8HA,metadata,Roses 3.0,Undeadlu,
QmYfcNqYknG2wAy7En4bc2xxY9Bxqz5XroddUaVcsvYXTa,asset,Roses 3.0,Undeadlu,image/png
QmSyfZtuG4fCej9KeZG1eQTihm6i67YHauWjyJGrL7s7AN,metadata,The Taste Of Petrichor,Kitty Bast,
QmP6UByyouzBrAe5u5gU6CcUtBrZ7HQPC5KnGF7Lfgk8CZ,asset,The Taste Of Petrichor,Kitty Bast,image/png
QmaeVyayVhdwqde83L72tUKNWnuctawFW2onpJ2wBXYQhk,metadata,Sleep Paralysis,tierrasraras,
QmYebLVkNHZa1zSt2GSPSs4b421QEzE1tWdRiNNpDKW5DG,asset,Sleep Paralysis,tierrasraras,image/png
Qmchf69P6fBj6YMsLAKD2ysURKqgGQustRbzvTs4Z18rMd,metadata,『🅟Øs₮*P₳₦ĐєMЇC҉ *ʙᴏʏ』,One For All,
QmabZ5R1r2g1sJwy6u23SfMYjdUK1FdLoFKyk2ayxJUnoK,asset,『🅟Øs₮*P₳₦ĐєMЇC҉ *ʙᴏʏ』,One For All,image/png
QmTLbb1vkftcNQ1Gb6zuirDQY8HDURsiDNcMk1HoUVm4Lv,metadata,Geko,kazwes,
Qmetdn9N2UteHbAnMcdcJLaUNXa3LppSyyRXRwD3Uf6f44,asset,Geko,kazwes,image/png
QmYiKfv9XGPKh7kJFEZQLY2w8CkSuihQqoDr3mqTwXVd3N,metadata,Plainskeeper,javierdeazkue,
QmXnGtToA1wyaNx6Kr5snVLafs3FkjY1NBLhdZm2M534F3,asset,Plainskeeper,javierdeazkue,image/gif
QmUmNm2bbHE7FMebR41dKJKbTt6xe17TGmHYszJhredDdS,metadata,“WHAT’S WRONG WITH TED?”,JayDelay,
QmQpg93paWmE53u66N7q29qrk47m1xDkb5MqX9Lrg5cUfD,asset,“WHAT’S WRONG WITH TED?”,JayDelay,image/jpeg
Qma2GEt8KV8NHuj23AMBH4eUYixZV9T5A3MjE2EFcGxPwc,metadata,Cat,Freakjesus,
QmXZc2WHKJiWjyBejvFiwCzA1MSQHC6RFwQXfS8ay49gFJ,asset,Cat,Freakjesus,image/png
QmWxrF4axJsh3ghikyNRXVpbbdnz4n847gbGhciwpGN8fw,metadata,Black Lives Matter,superwolff,
QmNc6MmG1i3GFCbHaCpXvj71fNSu5N7sXAmghPLwH7LzN2,asset,Black Lives Matter,superwolff,image/png
QmTqM7iJLXfDrmakozGNSKvdLsGzDw3DaPybzWjXwByUSb,metadata,ONE GIANT LEAP,CryptoSpectr,
QmSy1zFCAViDUCLLhvbQWoQpM5vQPnJczezU5fnmuYWLZt,asset,ONE GIANT LEAP,CryptoSpectr,video/webm
QmSzjczgu91FntkaCU8ukFdaQ2VbvZviiZwo5G2FzdjtsT,metadata,Colliding worlds,Vansdesign,
QmQog2UGp82sRPuwiFb39U7erf76dAGFwrt4qaUH8f4q5V,asset,Colliding worlds,Vansdesign,video/mp4
QmRE6AGoErLYfTGbD6R1p6FAx167fkDUQgM2tH3f8MLoAk,metadata,Unknown Shepherd Star,Hans,
QmcZUDyRDV1Pi4P9eCZfSHSdJUJxEofbK8N4o5evJv6Mju,asset,Unknown Shepherd Star,Hans,image/jpeg
QmQdzV3xpaQH4vhwdQBW94aip6UGfkmqNGYK3nLv565roC,metadata,Circa Death,Gary Cartlidge,
QmXj2e1ZQyCAGNtW7mu3wP7txP7As3nDECX6fA7gZUycmt,asset,Circa Death,Gary Cartlidge,image/png
QmWeVL3oZi84ZWWWAmNK7hRYMDrQZoGWAaRKh4pcbk2DvU,metadata,I hear music.,Alex Shell,
Qmcn4kLFVreasXiVqk9XzEGWSicFbgqWjmgcmy62QMssn3,asset,I hear music.,Alex Shell,image/png
QmcT8S1Xg7nWaxFjGG3TUbRRqeV8fWLNbvyk73QbBpCqrw,metadata,Jamie Demon v2 (Buy Bitcoin),Lucho Poletti,
QmRWsnXrsVrGmxcLgiA6Fq2ooHfmgQMB45poaSHzo9WmF9,asset,Jamie Demon v2 (Buy Bitcoin),Lucho Poletti,image/png
QmQWjtZPqYP1rTmvgHMn6Z3KkWsdsHtSPEdn7RKYE2TZP9,metadata,Geko,kazwes,
QmQZnuLMKaVUrMWgCoEmqetyC9ufmAaGrVvfCqPre2hYLn,asset,Geko,kazwes,image/png
Qmdv4eryCSLWcj263kjZTJKqUuU6694LWHaQeFwM1VjfsU,metadata,Spore Studies,javierdeazkue,
QmRSQvHN6QKeagaAUtUpz1USicbxwGbT6qkxQz5v8x59bF,asset,Spore Studies,javierdeazkue,image/gif
QmRJHDTBUaKwYixZDbV3XTLo1pRqtEXUKeKqenJASZfnA8,metadata,STYLE,kloop,
Qma36tBEAEwE9YFkCzqVcCzFsh9ihYMvuNCTSNX9NCM1FK,asset,STYLE,kloop,image/png
QmWJ8iqefjSf8VWe6EBs5C8qYmSBxDWcsq4tXxRvmKLwwa,metadata,Fishing in the Flood,Miwa,
QmdVi1wz2hHsTenhbh1fDeYKP3dmPy2Cdghj5dMBix6RNQ,asset,Fishing in the Flood,Miwa,image/jpeg
QmPxLL8Uye995b3Tj3hNXfLpTJMNTgkQ8VSU4A2z2puGJN,metadata,Left to die,Freakjesus,
QmPrPohJBMjJ761nvUYvs2mjpMSVYs7U6tAXoyN842RHHo,asset,Left to die,Freakjesus,image/png
QmdBPtG7QZmvepDWYnBnD82uqPtErrdSAVhkKC2Nudfnqa,metadata,The Call,Sparrow,
QmfLTrM29g2RWBaa62d6CyoTrcHpWW1edZciZbmA3saD2A,asset,The Call,Sparrow,image/jpeg
QmQfQjBnhm9p43UkR3DVGMWHVX8vk1LYJHFvk334LDsoav,metadata,Ë℟℟Ǿ℟,CultBitz,
QmZwrChWdAekksLchTPYggdkdzW1Fts9zRHuYYoMxZwXG4,asset,Ë℟℟Ǿ℟,CultBitz,image/gif
QmYNvR5g7ztJABFMSuWpyWH1YbMJCdy1NqaWd2mWKhvMiN,metadata,Life on Earth,oculardelusion,
QmdnUgq8UcyvwzA8WMw99YHhK3FzgGycV92Ks6RaM7JjJW,asset,Life on Earth,oculardelusion,image/jpeg
Qmf4yemPJFVmdj9AAjednPuxzE9SxMGXP7jt7WGe5x3hGE,metadata,The Forest Dungeon,kristyglas,
QmUyqQtavZNVhRzajikjQc1rYsv5Tut5KDEmeaRgvAe148,asset,The Forest Dungeon,kristyglas,image/jpeg
QmQN6NiP3FprU7xZ1pZ2XX8rQy2DUSM6Rng7yBnMioyQnx,metadata,Elektromechanischer Totenkopf,Beckermatic,
QmbhcqJHEkAHPMrQbaRojhHf6AtX8sQrGoaYBnBuaYZDmQ,asset,Elektromechanischer Totenkopf,Beckermatic,image/png
QmcoD5WkdQK3tgav3ttySw5W4Z9zMpyw3uSoc2oPUUhYhA,metadata,A Long Journey,Akkrin,
QmNdmZMiYrBqnGWeqR591pgQr8pvURCtfmCyUxzJ4FF63K,asset,A Long Journey,Akkrin,image/jpeg
QmbgfgYHK4EqVq9tQaJyz4FswDCYPdR7g7eGdsL1D61pRQ,metadata,RitualDance (Toon Mashup 03),Mugen,
QmPdChqaNWhkXgeTApTK6CYKM6VDZVYwNYYJMKS4G4zkMC,asset,RitualDance (Toon Mashup 03),Mugen,image/png
QmQBdPD7x7SmMAaEVq7Y8cmoxN3se6kuqYis9GYsN1hgeq,metadata,Room of Fractal,iamshivanshsr,
QmSsr1NWigERg2ZWA1fsZiKeV7HwpHP21pCdxzLVZm842B,asset,Room of Fractal,iamshivanshsr,image/png
QmZtT9kmesWbLpHez6CE28Fq3ensNUrqni5HrNFKj47Bsk,metadata,Minimal Paradise,Paola Castillo,
QmdQX2EtHvFMBcKfteXDKa1FeZW38oUQMqAMCLhxLZ4jsH,asset,Minimal Paradise,Paola Castillo,image/svg+xml
QmNiZCCy61CtkXAA6GFX3g3iqgbbWoNXi5qDE6zKoF9gbj,metadata,Foiled Dreams,Geryco,
QmYf9niDvKtsvviwwKwmPdXZyRjptqJbFg8NapN7rirqDJ,asset,Foiled Dreams,Geryco,image/gif
QmeeYLJ4M6LwmKqFSgXcoHdufB5DnzchvGbj2Ls8ZCvfqF,metadata,mit beiden Beinen,Ann Ahoy,
QmbXzGpdYU8iGorhJ3cH7FUupzFFKswqBvmmKq8W4Eh4M9,asset,mit beiden Beinen,Ann Ahoy,image/jpeg
QmQa7UbDA6qRzcjLaV3Cur1wDAK4xQqqo8FJfJhsWwdnTn,metadata,Hot river,Freakjesus,
QmUjJsFFhf4shmcvc4eaiTfPcgpaa7vLzDirbVV7RDpbuH,asset,Hot river,Freakjesus,image/png
QmQ3o6WRpbbiccbZbRm7uiHVwKSNFaHNmdpuxGJCZqUKL2,metadata,Fractal_Ornament///001,Sami,
Qmebbq8iNvxhRcpJU5AyF9nzzbJCxXT422aRcn4REgHw5o,asset,Fractal_Ornament///001,Sami,video/webm
QmVyTEvMRJdhLcJrCGgN2yecCyVW7bF8JLBNaxyDDzXFMs,asset,Fractal_Ornament///001,Sami,video/webm
QmdPWiX6wQ1zzGWHLXM7AJ1aG152sCvSNfJwX1CzGSEws9,metadata,Pl43,CIVIT,
Qmdhe612UAfcRhk3nRvwUgpZWyhaG8eT7vcQxwbhrvS8A5,asset,Pl43,CIVIT,image/gif
QmQykS6p9ajpvjnuXNrsdyDavv666uYwUxWH84KM559Dyi,metadata,green feeling,fabiello,
QmW2V3msi9EPfVcEdEwHLyQxmq3dFkBLyh4mYdXmJdCU1S,asset,green feeling,fabiello,image/png
QmVL2t1nYJvFdDzCmpqFQNd1jerNNmrsQxX7w2deJqW4Mr,metadata,make it beautiful 00007,ilan katin,
QmXiM33avqFsxuyN6XDrnL6xtaE5wfJaiFx1MBNPXV1Xq5,asset,make it beautiful 00007,ilan katin,image/jpeg
QmeUXHcLmS9vt1D27EQwRSB7JTk74kYkcegVikEYQeh8xe,metadata,MEMORY FRAGMENTS,miss al simpson,
QmbCQ15AbrVT67uBqPp4qwQXCtx2kgENDBAuncCGsv9gDu,asset,MEMORY FRAGMENTS,miss al simpson,image/jpeg
QmSwdZGJWmRHJV5qRfGLGFN9guKkHMoHXtkF4apG2cGQ81,metadata,Auspicium melioris ævi?,Unrealcity,
Qmeta6xgagNhrg6FZVgy8tX6CQUurw1XS7GAm9bY6Qb3Xu,asset,Auspicium melioris ævi?,Unrealcity,image/gif
Qmd5UFLB9xvuxZHQVHgLRUzVofdFodp8c21Z9H4CXDrCuM,metadata,|-| V | [a],HeyHazmus,
QmV4v4ecWviHMBmjFj9BCJgVL6e6h2s4AYm1nEqh6TBthw,asset,|-| V | [a],HeyHazmus,image/png
QmXiqmntXrvmCn7TnctwEFPaBZLXTEJwNzhv4t89ZS2sXR,metadata,Unemployed cousin of Nicolas Cage as The Joker cosplay,Kozachok,
QmdBimNare4AVGZLwBTvnRs1ceFkXYRxbU4CGasJHybEZb,asset,Unemployed cousin of Nicolas Cage as The Joker cosplay,Kozachok,image/png
Qmd4mPH93Cb8VP3bq6KPbySdGWaokSbESVCcGoQYj9Knoi,metadata,Curfew,Freakjesus,
QmNYYoa5fUJWW3mDY4EiRG748yoMYNC1BVmPqWXRff5JGy,asset,Curfew,Freakjesus,image/png
QmcoJw9qyqiWLftg8WSyb2dg8hZRHfMaTwMmu8n7P4Xd8V,metadata,Resting on the Bench,kristyglas,
Qmb9s7oM9Ym9Z2LmEfLNyUScacskQxcDyzwKKh9fzBgubk,asset,Resting on the Bench,kristyglas,image/jpeg
QmZoN1HkSsshfos3GKja6Ea8ugUvs5ZxTVzjHQNzCosVdK,metadata,_ untitled,abysms,
QmNN7tAnXXTLHCVJkfoLeiRnah2BSk4fQKzZjQvVAMs6EX,asset,_ untitled,abysms,image/gif
QmWeN8Z8pwzgDxMjjSGH1QaqySYZbWCYr1iBcosQ1HPNuX,metadata,Geko,kazwes,
QmUVVBCkHVJiXFVtbgNwBerDUoc33GqAm9YZLnkfspBksf,asset,Geko,kazwes,image/png
QmZ2miaYijFB46DrgmeqjgEroAyNWSeyFMUwJfgSMjXN2m,metadata,Life Cycle,Akkrin,
QmYtox9iFmSegJWv3dWmLXXzDuMq9E9jRZSrUd7HVhHQc5,asset,Life Cycle,Akkrin,image/jpeg
QmXQ8X5gi1W7QMwaNsfDrrpC219db91oqzv2EasMCUSj1N,metadata,Built From Scratch,An0nym0us Nobody,
QmTJScX7yDU3y4R9gHxrzfgR5qk6oTYUJJGCmRSPg5aaAy,asset,Built From Scratch,An0nym0us Nobody,image/gif
QmceLDHnqtyjwfX9qMjBuH8pmua8tLza8r1R2bF7vv5FL5,metadata,A Magical Psychedelic Forest,iamshivanshsr,
QmShJNY2hXGxtJZPD4QBFPjH42uNtSV6fw1qoNQDxAhGhX,asset,A Magical Psychedelic Forest,iamshivanshsr,image/png
Qma3tAFXj1AVdjWrpfaU24VzVveYSowNWiBFjxiTQ4P8tE,metadata,Red Pleasure,Voke,
QmXVHMyEv99VRBFmCVjqbtxmjV74ZsfnpwiCyMeBPv3DyY,asset,Red Pleasure,Voke,image/png
QmQoqPoZKNC39ccWCFj65gjQ1KcAdWfCGj9ovoihe4bKr1,metadata,/ CORONAFRIDA /,GALA MIRISSA,
QmS6E2hX4mhft16aEyLbDCvDxaP2fAxCa27zZrfyEQyYFe,asset,/ CORONAFRIDA /,GALA MIRISSA,image/gif
QmYBFXDLeDAx3Jmho981vHSGSodSuvWS6xqxXD11k3f9Pn,metadata,Geko,kazwes,
QmRnYrXikCvcaRg2JRjJBiAoJEPtMRBJRzvjtmRqoWpAbG,asset,Geko,kazwes,image/png
QmU8WMNKMcooQ9uabEfn2Etz1cmDJuLX8k6jmC7SmwgGDQ,metadata,Sudden Landscapes II,javierdeazkue,
QmSXTQ1SPDVb5v2ESLmPC5R8kXgqhvSWXQmmoc1YHyfVsd,asset,Sudden Landscapes II,javierdeazkue,video/mp4
QmXMTzZEEFy6D7VTmtYHHv35sSP8gksaSy7mUhaRGYMJmt,asset,Sudden Landscapes II,javierdeazkue,video/mp4
QmWt4zj3uQGCCFPeu1D7HwaWAS6gC9J7nMoQ8BujfuSGpM,metadata,Awakening,cristofiam,
QmRTfee5ePx81AdgFh1BHJBtituxBHgzWUMpJwE1saeoLp,asset,Awakening,cristofiam,image/jpeg
QmRYWmP3NN6jQduw8b2qzbEVVCFqF7P8BPWJQMnmWzimfg,metadata,Øβ€¥ ΔŇĐ ŘỮŁ€,prokopevone,
Qmep1vtjLhzA8gx5iLbbF3c23a4iZ65D5DVcAUgumFQ3n4,asset,Øβ€¥ ΔŇĐ ŘỮŁ€,prokopevone,image/png
QmPUYjiQ8aL31BHwsAKhBZyxrumcJ7fgyR56zKD7vUHrdj,metadata,FLUID-02-still,The Fabricant,
QmZ4Yzvjhb94ZfdwGJSVdJW6NYDmVGuH35EnP4gKKGszGj,asset,FLUID-02-still,The Fabricant,image/jpeg
QmQfaNrgdcg2RQHaMbvfgcVRK8YPk8D3mTZjd9FEWVdTqY,metadata,Industrial City Skyline,Monfa,
QmW4XWAuX9PnxkdSLkxM9Xm3WrRh4QfNjHyz18aLzQSWjN,asset,Industrial City Skyline,Monfa,image/gif
QmTGhKAHxhcA2nQti1RMdbCAHu8SyEN4FkWkabP7JcMfp8,metadata,Bag of Coins,kristyglas,
QmPJpbo4SvchsBVVspgNhc1p7mW4fNX4eiwzuZV5Sp9MZJ,asset,Bag of Coins,kristyglas,image/jpeg
QmU8Qap9Knp8w6rZQZKNjX1WrKXgi53cUjUyiygRi36Jgc,metadata,Geko,kazwes,
QmdNraRx9P5Z7UkgnEe68mqoY56PHfz8oiNxoRUBa5d9BZ,asset,Geko,kazwes,image/png
QmYd9FA2RTx3nU8RuCR99fULKkkErpoZPZQubFQWxowyzh,metadata,Alien signals II,javierdeazkue,
QmbKrzqMKMaKDrVdQMxiJkxQ2qKX3CTgdy8pYuwMYxK7iF,asset,Alien signals II,javierdeazkue,image/gif
QmPW59e6HpqZi7gQE6eR7UQw498TXZracUYmHuhCKtqRQh,metadata,ঔৣ --DOUG--ঔৣ,One For All,
QmNM918kYLaPkhVTynLSN723PZVeCx3x58UtBVHj4FH9BH,asset,ঔৣ --DOUG--ঔৣ,One For All,image/png
QmaAztzW9Uo8Mm4DKN2Tp1cDbbUTUtB9Uk2mxSs74ZqGD4,metadata,L1ghT froM a D1$t4nt SuN,Max Osiris,
QmaWgxTC484Fsr3pm9Ps6WdMgfC259SgqxcuH4SA3t7s2P,asset,L1ghT froM a D1$t4nt SuN,Max Osiris,image/jpeg
Qmayrvxzoyo9LgmyvdKx2FUUDKwYh9vs5W6YtW2Gbd5TFM,metadata,Wait for my time,Freakjesus,
Qme4Fiw6RjiLzi8MbXabyGQoo59rXvqti9MUcs5gfnhJnp,asset,Wait for my time,Freakjesus,image/png
QmY2JWoZCWiQhHQg2nf7t8WSAmHF1wqohu7ZEcG5FYKS5p,metadata,PINKY SKULL,Skeenee,
QmU5ycsLbWJpTqQJ57dHFvt6HLkzBZuZoxMMLjeb88BPak,asset,PINKY SKULL,Skeenee,image/png
QmVsmLs7WKKmbd4ZcD9iLiQFaajb4j5QPyX7xZfoFbCg6X,metadata,DEFINE REALITY_CHECK BEGIN,Yura Miron,
QmcEtb7gyUEewFsfD5hAMJ1fsCVLynd4c2e6EggDMiG31w,asset,DEFINE REALITY_CHECK BEGIN,Yura Miron,video/mp4
QmR7bVsZLBrcyAmjs3USVJAUyoXsXh5F6ZAw1YSyAXUfHP,asset,DEFINE REALITY_CHECK BEGIN,Yura Miron,video/mp4
QmfJmRNnxCNpbDoeKnBCW31MyH82qhHUuNXM33ggC1pA7K,metadata,Desert Majesty,An0nym0us Nobody,
QmcGjacu56ihbhaxSVUW7koXPyTtG86Bp3TuLNJ6AzCH9G,asset,Desert Majesty,An0nym0us Nobody,image/gif
QmQkpSDYb6Hza9JGQ42fgPiuC2DxRtshMx4h9So9GRGsHZ,metadata,Block Jane,Moxarra Gonzalez,
QmYE1ru42NFzcV6SSVoorhYs6Fa4ZkphDaLcjoUbyYmN7d,asset,Block Jane,Moxarra Gonzalez,image/gif
QmTyNWqGM61AaBWEwbUrVjmkwWLw7soiYFAwG5XaVPdHro,metadata,VITA MODERNA,Zedko Sobranie,
QmXqsDxKSHQRENeXm5DRxPkTSv4vzEFyiEpY2j3wJFy3SB,asset,VITA MODERNA,Zedko Sobranie,image/gif
QmSYtV1UQfa1atdtgMpkUKjk1W2qG7ZTb8B8GUaSKyzJrF,metadata,Allegory of the Universe,Akkrin,
Qmc44vxTGLV178wADzz5AnZD8XxAHr3pxsS6atiG1bXkxm,asset,Allegory of the Universe,Akkrin,image/jpeg
QmUNfvJbhp4mhF3jabAt5XVbwm2AYuok9koP1Wc7tgfHo4,metadata,Cypher Mist,BnoiitC,
QmYW2UQv3nd3U6TE5PBEyWsucgnVAeKPCjnK1gU3XPMRa9,asset,Cypher Mist,BnoiitC,image/jpeg
QmVrm5uX97DPSFxoy5fjRTKKqQuPu5PADf3KAWzyJVFToN,metadata,工夫,Frenetik Void,
QmPqJrjSXLdSt7MvQAMMAdvQhUexyuSUvnfEnKYgA2hPWk,asset,工夫,Frenetik Void,image/jpeg
QmaeCNcRDVGSQe1eZ6FXng27wDYWFfnDsAcnQBWcXhrSNe,metadata,Exported horse,Hans,
QmPP1kktBj7RPLAkNxi753bWnStc6cs343kFapdpKmQpaN,asset,Exported horse,Hans,image/png
QmULYDurqBF2Fx9xdj5VcETyRNr5cdhJRXUv78UCqKXKSj,metadata,CRi CRi,aBlu,
QmePC5XJPojL3Pf7T6P8USpgz1uLLW7JFLwJ8DyCspBfhP,asset,CRi CRi,aBlu,image/jpeg
QmZhsytJgmHHLHWULpxssGkSftsLTNhxcbQU3aTfNiXaES,metadata,dreamer's voyage N°1,okytomo,
QmRapf1N57RCksccpxcLnFAvWRvspFFfXLe4khBeBn5wKD,asset,dreamer's voyage N°1,okytomo,video/mp4
QmNbgtzxcQ7Dw5fA341kCGcxCwCtxH1nLsRBphBCq1F5Wx,asset,dreamer's voyage N°1,okytomo,video/mp4
QmQKht2aGxv2gN8fAienTUykERujkjX9Wy1PdiiNiv3M8H,metadata,Old Bones,kristyglas,
QmTf5ZZa7U4FC7We2EVXtUMrUUtsC4FR3j2Z8GWfTvhjyC,asset,Old Bones,kristyglas,image/jpeg
QmYsZkFMcivNuBQfJtfRE5ZcH6DKKRijsmM54pfQdjGdZS,metadata,Abstract Art, composition of 18 Ju 2020.,Alex Shell
QmegVMGuoVHjiKFRSf69oNLD3b49ADuRq2LMjkNUpbD7dC,asset,Abstract Art, composition of 18 Ju 2020.,Alex Shell
QmerCbrXht8gKMUiMhpMiFtqsya6aMLeSVMg8r6CYTmJi4,metadata,Alchemy,Akkrin,
QmSirRPUsYYww5jRxctEmWyeTw4BaiiecRhUsADJCx4242,asset,Alchemy,Akkrin,image/jpeg
Qma8uB5HCSJV2AGUaDSiXVn9MeZGrYQcsPKMbnx2D7fuaG,metadata,Butterfly Hunter,Miwa,
QmQRLKDvwaragNgEK1eG189MCbW1po6Q9azukr8yRgB4fH,asset,Butterfly Hunter,Miwa,image/jpeg
QmbHLz7mYv5kbMsZVhYtsVFYveEdgJWr7zCFkBGhwPSEdZ,metadata,Talking Just to Breathe,lipsmak,
QmYkmPZUnTdFzh2MfHRdJDhLJiCV3Qeonm6Nu1ggzstJ3M,asset,Talking Just to Breathe,lipsmak,image/png
QmSkeAGQQq1RpnpeT8NqReGUwmB9DABRwtMrNbmhDBrf1s,metadata,TOTER COFFIN,BnoiitC,
QmcWj2C25Vz3EN5r5QhBSAtHXDmiKvbaEypCaAZjgm8taa,asset,TOTER COFFIN,BnoiitC,image/jpeg
QmRfy3kfyHPVigVX8ayQ5UXMvQd76TrmYA6cESuuh82NBG,metadata,Farmer Thanos,Kozachok,
QmZBWwTqYVqyFE2tiCGxJHduLUhkxJhQzDM3hAALW6Bfbp,asset,Farmer Thanos,Kozachok,image/png
QmRK3kBNtQFV6mAwML2iAqFg357hjhgJrqy9yL6VatmdE7,metadata,Getting close,Freakjesus,
QmfUALhdKtkds9gnigWZKsJ8gu5qoXjr726HeLVz3TU3Lf,asset,Getting close,Freakjesus,image/png
QmUpYquzrDZQaxauQVmxPVWjSvyYqZxDt8Ls8PERp8oaie,metadata,Actualisation,HeyHazmus,
QmRfvdzwwLDGyuq7YRNGs6woXrrLdSQydGdSrvUxDayvSn,asset,Actualisation,HeyHazmus,video/mp4
QmY3N9KbTjYQmm2qyXaN1BaMAgSNm2GF9j18qtBFGbcJT6,asset,Actualisation,HeyHazmus,video/mp4
QmbEKzhZggN2ReKo9zkZxh73upErThbYUQrE7Bw9aWmdUU,metadata,Mon Amour,Verdaccio Donatello,
QmP2AJNkXHkyXJsX4bq5tJ1up6ogadPDFVFma7Ud4z9Gic,asset,Mon Amour,Verdaccio Donatello,image/png
QmZBRwQkmpiYTfhkkNzVgBMVCMNVLsvWcrATEgViQ2BkkR,metadata,Kitchen,oculardelusion,
QmRJAJzs5xKDxVenRE3kBcNH3PD1RWhVnN31a5kuT4EvBs,asset,Kitchen,oculardelusion,image/jpeg
QmTSUghLKDWE99GWhGaL6YY2xTwJzxkEdnxyDHyTHLMAA7,metadata,Digital Altar,WizardX,
QmScVXB4hCHF8VzFziPPrzhFgSw7K7Qxof5Td6HodXvPA4,asset,Digital Altar,WizardX,video/mp4
QmbYCJf8i5ySpBVr1F8atLB4jkQYwgBVFVPX2zh2YycavD,asset,Digital Altar,WizardX,video/mp4
QmbNrLN4pgZ9a9f2FMZv3BjxYfvP9aey7gDEA5Vw35MhEq,metadata,Fractal_Ornament///002,Sami,
QmTCucJExXRmGniyxXAo9oQ9CCMVHaKoV3ptKjPzYxn2CK,asset,Fractal_Ornament///002,Sami,image/jpeg
QmXkVu2SiQt9StQJbh6pPr4iyNJCfsTVfPtw4JjzV9bhCJ,metadata,Adult Geko,kazwes,
QmVnBZ7XLTedZNXUXzhapWdGLGsz19py9Fk8Twa2djzE5Q,asset,Adult Geko,kazwes,image/png
QmfDuKP8mDjGv7RMehnuEeuaexaeyUeAtPrVbfjpjbUcWf,metadata,A Russian Mountain,javierdeazkue,
QmPgHGQkyX4NTvNrqY1QZu9w6WfdeYAkZ2FZmNx2u18ktx,asset,A Russian Mountain,javierdeazkue,image/jpeg
QmZu4bJTLrSEi53tJGeie6j6eBdACfXjKZaZ8RdqEhK7qn,metadata,Santa Cruz patch,Daira,
Qmf2CYfsr8wTFR28idxLQsDn5vPtFmdHueTWvLL9Ek5aig,asset,Santa Cruz patch,Daira,image/png
QmQRQKC1svZzjuJGxSHtKSugn4udhwo1DNDNPLtMbWdmuS,metadata,cяyρтσgяαρнy яєłıgıση,prokopevone,
QmTMQuRSPKVTLsaQ38qwGyv6Xmye8ZpDXEYnQnwNgfWhsS,asset,cяyρтσgяαρнy яєłıgıση,prokopevone,image/png
QmYge1e7J54NsjGrsjz3iGca3J1T4vYTR15iKAZRcPoApD,metadata,FΔKЄ,cristofiam,
QmagF6n1SZBfe7rycAeHWug6YtVeuB9JPrdSvDdVcd8Tmh,asset,FΔKЄ,cristofiam,image/gif
QmWNq714Acvcesiou7PJFHsJgEF81KAcZVRSA1bMjn8DZm,metadata,Ethereal Substance,Akkrin,
Qmf8zjKdpMdEbRxBCKY1ahxAAUbr4aEMAksbNMqeAnMwbT,asset,Ethereal Substance,Akkrin,image/jpeg
QmQYshKqA7sW9jhRce5eHm2QyzS5jLSXY46DXnPNu3XYXk,metadata,Fishing In The Beautiful Ozark Region (3D Version),Bard Ionson,
QmXqUvbr9eMerSjMyYMoF4aVXy8Qda2RLQ5qCPQ5kvfjtC,asset,Fishing In The Beautiful Ozark Region (3D Version),Bard Ionson,video/mp4
QmPykaeqj4ZnBUZAp8oh21QSwb3vJnWdA7CVi4ipR5UFoS,asset,Fishing In The Beautiful Ozark Region (3D Version),Bard Ionson,video/mp4
QmQAdn7E4dwhVnEPBUx7z2M5KVfaFsgNYgb67QMFdazsqi,metadata,I Never Asked To Be Born!,squirterer,
QmZUAvzuB4exTCqhrLzpqULFTFM51Bmsp35ghKJiPCUmVA,asset,I Never Asked To Be Born!,squirterer,image/jpeg
QmUHrmMPHjLjwgsWe77T2SRU1StJnuyt8BozzGPtry2oNG,metadata,Hidden Fortress,kazwes,
QmQwqKSNnD8t1TrtDX8MJJWGzCwgsqqGozgWeECVawto3R,asset,Hidden Fortress,kazwes,image/jpeg
QmYDoCExYAGSwqQcTQdBH5DnYsrChRubFyehSMskxvNwvy,metadata,Synthetic Zombie Squid,An0nym0us Nobody,
QmV1jZzRrRdk6EbMHv2NnA4SFgw78vBhNsEEsgwttwJGgF,asset,Synthetic Zombie Squid,An0nym0us Nobody,image/gif
QmYt1c2HyyuZYymMb29KyJQZG79HcJQoBAZ6h64SQsy2zx,metadata,ELECTRIC GORGON,miss al simpson,
QmPhjAHFS3j7Lbhgdb6Hqj53LpyRcEDgzKCDJLuU6QMpnj,asset,ELECTRIC GORGON,miss al simpson,image/jpeg
QmeGpEPvjGWWSW6A1iEemMruKuWQfLnurpGFsRt7xduJH2,metadata,GAN Sculpture #00,mantoniazzi,
QmV98vwFCGGzPMXK4BeMkTeHkdhQWquADVYbZmpcyCiTG6,asset,GAN Sculpture #00,mantoniazzi,video/mp4
QmTL9dh7uEX7awyoYyVePw4pt1nKDm1YLtWNmq68VF6vsK,metadata,luluxXX .,lulu xXX,
QmTyV2dkWnCUSBncgpbnPA6cnNmFEYeBcNz8yoFJwwViEt,asset,luluxXX .,lulu xXX,image/gif
QmZa4nG7eAAkchHj7FFLLaXEraPawC5TSwaZVLb2quMmEA,metadata,Hype Death - Final Pass, 2018,Franky Aguilar
QmUAiQmGDMMBvj2VzbzXzwah8jKrw5tibyvtbdfnNQzj4J,asset,Hype Death - Final Pass, 2018,Franky Aguilar
QmWr18V4Gsqfm18HM6QKZnoCqiqk3cpkhAzwhAx7mYuBST,metadata,Dreamer's Voyage N°2,okytomo,
QmQKVvxK3eXF2fGdAaiSBhn5P9REXqTKPzkjY16JsgaEae,asset,Dreamer's Voyage N°2,okytomo,video/mp4
QmPRmXk9cuApBsVkfwrLkdttHMAAQ7yH49C2LPCG2D6QVc,asset,Dreamer's Voyage N°2,okytomo,video/mp4
QmZFRQmEZjc7aDV1RyJCfAeiEoCrmeLuHCSnrnYk91aYME,metadata,Abstract In The Field Of Architecture And The Art Of Design 1/2,hngeb,
QmWPAHkERkYduqU95rzTpCpXe3LC1oag2zjVAGt7BPYg1W,asset,Abstract In The Field Of Architecture And The Art Of Design 1/2,hngeb,image/jpeg
QmTDX7FNboCXm8HxTccSbs2Hc35wf428VGfQwGP1W6X3zb,metadata,Electrocranium,Beckermatic,
QmQ7T5NJJ3iaybDeG9uPfg1eAREpH6Pun2xf6GCWYuTqru,asset,Electrocranium,Beckermatic,image/png
QmTEzW61cAy7buMRha3Fquz8nVqHdKt3vThdFxJHCEDA22,metadata,Neon Youth,Anonymous Nobody,
QmcqFUdmmSPEJMeTuNGeNSj1jUjKsrBGkqWBiGPzyF2eGV,asset,Neon Youth,Anonymous Nobody,image/gif
QmNcjCT1xcXaUAY9z4sduRy6KnuUepuKp4jWXmRwMuMiFF,metadata,Visiting Dominican Republic,Kozachok,
QmSQwsBgEFmW82Dukm5jeyauN1JVYcYkFdixGthR61kg7f,asset,Visiting Dominican Republic,Kozachok,image/png
QmY52aQvmwrMt4U1dEVTmsGuxXFDYsgUsUZWtHHAFGQzPE,metadata,Cosmic Unsanitorium / Shot N°11,Natural Warp,
QmR6emxuv7rBKBLXiMJoCsfTxFDmnynWjx6AnkG7JmcNzi,asset,Cosmic Unsanitorium / Shot N°11,Natural Warp,image/jpeg
QmZadTxH2fuXbTuhgx8PyMU8HD5KUYkbT6Wk6tpoVDJjMc,metadata,Origins,Jahleel Dowdy,
QmZoxgggiCvm1amQNUJYAQi9i8f5uNUp4niGFB43ZhgVam,asset,Origins,Jahleel Dowdy,image/png
QmNgN2WGMeu5Cxw1wMHXtPM7HyTHsv4RK5BfB2oDDqAnha,metadata,Digital Acid Sheet 1 - Panther Poison,Franky Aguilar,
QmQezAJGTaeiuwRn7jVVFEuySwH4j6w2HX6FmC3f184xsC,asset,Digital Acid Sheet 1 - Panther Poison,Franky Aguilar,image/png
QmbLNucKhzUn5DFyvukYbonDjNKr3ZwHPztFyK9jGwBFbH,metadata,230720 · Embrace,T3S74,
QmeU7xeQLkFkWtCa79mv9wAAieHyRdf2bo4ST34GpePka9,asset,230720 · Embrace,T3S74,image/png
QmQi9CBbNUk4ZUtLxfPNyd1nBAqwV4XjzNokgGbRHBtav1,metadata,The Guiding Hand #4 - Heil To The Chicken (and his miracle economy) - Original Animated Key Visual,Kerb,
QmT38o8guUxLEZxbcm29gBgRsd712H77mRG3PupKfUuaFs,asset,The Guiding Hand #4 - Heil To The Chicken (and his miracle economy) - Original Animated Key Visual,Kerb,image/gif
QmVNMAB5DPEzen2TRBZknaJGpf21apTLHSyJ5gGiVfqGkV,metadata,Break Out,kazwes,
QmScd32t9pGxymjLnKCkZ5wvnAcA6wfjAs9bZUAE3XjtYz,asset,Break Out,kazwes,image/jpeg
QmQpsKwjsrvPbgJ9Fts1gdehBYmpGNEM7xswDL7ddqpDPf,metadata,The Power Cube,defiantsquid,
QmP4vEzZUpotUYpxBDKTXe5rVfmH8nFbH87SpZR2rxTwc4,asset,The Power Cube,defiantsquid,video/mp4
Qmcv8FYCvfzqWCXdZgA3cmCrdNN99Uiov4XxELsHjDRhFd,asset,The Power Cube,defiantsquid,video/mp4
QmNTbPEkjSoQjrzQqtiwC2ich384zpdkvctTfhXPnGmjsT,metadata,Frame of Mind,WizardX,
QmcMTjSxYuf9jweCKtcWWaWzNTSzaUXapYyAfhsKhQq9QR,asset,Frame of Mind,WizardX,image/png
QmRit6fpP8urB4kwPiikaUqzr9gpUMkvkEBLDgc1juSe3z,metadata,WAR’S SONG - Volume 2,Hackatao,
QmWAPXEV8KWLb18AZHi5usGd5z31yDgpnob36mkjjBDC3d,asset,WAR’S SONG - Volume 2,Hackatao,video/mp4
QmQTKeiiaZcV91JDXV3p1CwbewZveG9ATitetgdxHTHY7q,asset,WAR’S SONG - Volume 2,Hackatao,video/mp4
QmZfvZw4mos29QMwQyn2BYZovSXsMvx7xh1cTgNSk65UhW,metadata,Abstract In The Field Of Architecture And The Art Of Design 2/2,hngeb,
QmTBjVkUzdB9CHRVzd6JvxFmsFE3vhZgWVzTriMbHCaEuJ,asset,Abstract In The Field Of Architecture And The Art Of Design 2/2,hngeb,image/jpeg
QmUHNBCTtNxz7Muh2x8H9SfXxbtpei7u1AwSnbcMingHB2,metadata,Scorpion Girl of Earth Prime,SneakrCred,
QmSFAKUXf39J4DGZSCsQAtASP4sYQApFPp24PbKhreoRwd,asset,Scorpion Girl of Earth Prime,SneakrCred,image/jpeg
QmZo4dntib9rqQSRPTvDKHYrih96uAUCpRYg25Tzx9cZdA,metadata,The Barber,Stan Ragets,
QmeXuMHAvVMAKHFmA5x77EtFtyTi2uzDifQYaJ9KriJfAx,asset,The Barber,Stan Ragets,image/jpeg
QmXpm4fQy1eUsZJcKkao51E2eKRPq8zq4qv59pP3XFr7KS,metadata,Back Against the Wall and Feet on My Mirror,lipsmak,
QmVwWGujtRrERUnG8EkgjbGjuhiGKnZQLnk1Sgg4qX5uR9,asset,Back Against the Wall and Feet on My Mirror,lipsmak,image/png
QmYZPgpC7xD3haE8qsDoJcnC49ubXBxmqPyw131NjMMctf,metadata,Lilith,kloop,
QmNMgiYKdqic3Cr9joYFX85WYJnoaub8eNxH521ketKoXx,asset,Lilith,kloop,image/png
QmSEfT5igkk4yaodr3y1z93sBNy6J9jDmtBfq8qCUBkHBp,metadata,Color Waves,hngeb,
QmPVAdjqc4JaExzckSFC1sk39uXciqvXPKw8bNnyeVnA81,asset,Color Waves,hngeb,image/gif
QmdwE6KzdejMKFguKnZ18TxASUe26K6GKcGYiYinZsLjpK,metadata,Resting the Jungle,kristyglas,
QmdJGFj7zJjoXL4WgKQi1G33vGWytC58wAusZfrFdNt4bK,asset,Resting the Jungle,kristyglas,image/jpeg
QmZRgP6vC1BzqH1BH8teu6j471XRq3wotn9Q1Vy4RvUtMy,metadata,Fume Runner,kazwes,
QmfVu4fgmedAQuJyiMGbBniHFaxVua4jVrY5awgpX9bS49,asset,Fume Runner,kazwes,image/gif
QmXFyksRQd51ZF1w2tZQuJK3rbxA7YkkMtmgNqkf3Lv1rb,metadata,Naturalist,JamesSW,
QmYKLyifLz5ALJQS1492ShiZZyinurDj8rgaqDSDVjiDP9,asset,Naturalist,JamesSW,image/jpeg
QmQjiEkEXPNkSXodXkwNiMeBkyaznoc7APPdsxhj6yakQF,metadata,T h e  U n c a n n y  - 不気味,neurocolor,
QmfHSnEid35ekEjG3MamSqWY7c98yVfWpRJojUkqg4YPHf,asset,T h e  U n c a n n y  - 不気味,neurocolor,image/gif
QmTEULvCGLDQxQNauN6cskS6RrMPUxADPp9fz9QiHP5Y7Q,metadata,The Joy (Toon Mashup 04),Mugen,
QmUhtGi5ywbheBvcySeSsYtvBTfD7wTkyn4jdbwnTL5ucC,asset,The Joy (Toon Mashup 04),Mugen,image/png
QmVBzHgGgfCyE39SG8YoRjvKNk86FGnhkAnxSV56VQmLMu,metadata,Lim Hedra,Pak,
QmWmH8hp1APrfFF5REQj9msLwTQAmZZUGfH6bR6ZBMZbZy,asset,Lim Hedra,Pak,image/png
QmR7kFac4wA4wZ4Fs5cRoFc8ycjDgjb1dBQ6d3qdhnUYEA,metadata,Soul Grinder,CryptoSpectr,
QmUj5BnFvfg7LruA9bprLmS91jgDBZt6uZdxMb6McGDfzi,asset,Soul Grinder,CryptoSpectr,video/webm
QmZPhGz5g43tdQWoCsZidvEGFe6gZY6pYxvmriy3CPrGMU,asset,Soul Grinder,CryptoSpectr,video/webm
QmVUYL1pre7QJM3UxGjFatbyiKcb289tp9c6LhhqZYsPVm,metadata,L'origine du monde (2020),BnoiitC,
QmT3jrhiL6zFCKASGfqhKVtD564NtupUNjqg539JX5PyUH,asset,L'origine du monde (2020),BnoiitC,image/gif
QmYsS5ACR8UcKpQEmukC34VdjKfk8zGGP2c7R5EAC5jNie,metadata,Visiting Ireland,Kozachok,
QmQiiEWk6or6dPgGQ9SWUG6FuZGYbMnNi34wd4uHWjSdmv,asset,Visiting Ireland,Kozachok,image/png
QmUraWHRxfY4fLfuFhVQx4E4QUVTcZHDCGNixy1aJgDWrA,metadata,Cosmic Cthulhu,kristyglas,
QmcGrH8F68vG4pge3ss2Ad7aS1Sz9LDEmoSAMpmBMoZy6i,asset,Cosmic Cthulhu,kristyglas,image/gif
QmaeTRWQBQSG9J6mManMz8GGMU1cvSDSHWx4256t4Y8CWd,metadata,Rare Planets: Zoom,javierdeazkue,
QmWAtk1rb9S2Q9JDBT8ygMyaKhWxfjy9zvj4jUG6WR4gPW,asset,Rare Planets: Zoom,javierdeazkue,image/gif
QmbGGs2c6YKXerBPeW7rFq8wkqSzDjYvYLZpossrxNpZe3,metadata,The Hotdog Alignment,Ann Ahoy,
QmahNbZyMfPzg99NieXapC1MkHTtLoyfsriRGFV1XeQEmd,asset,The Hotdog Alignment,Ann Ahoy,image/jpeg
QmYDVAheCLJaZ91yxWFRyah9VeNh1TxbHNpEWnNC96AKiQ,metadata,The Surrogate Dove,Anonymous Nobody,
QmTc66CmBkjLptgrDegaFg6vnyk9d6RMMsGsfVHxLpk8aA,asset,The Surrogate Dove,Anonymous Nobody,image/gif
QmcBYy7aqVKbVYGr1pMtLKggYgTN7qyp6n1wXFhgQb1EN8,metadata,One More Turn II,defiantsquid,
QmUHcC5AnJ6pfE59AEec9yf5VbXruLGojq8bMdfAXhwhbT,asset,One More Turn II,defiantsquid,image/jpeg
QmVaAuTT5RfHkyoYV9NwNrVneAQLksMsyWccSAnFx7uv4g,metadata,Battle in Heaven,Akkrin,
QmNkqvfkfLSdVD8itrs6TzErEeSC94b4VQyBvUKH4NaU8b,asset,Battle in Heaven,Akkrin,image/jpeg
QmTpqv9WCtZMh73Y9WYgHpQNY8rH2cTkUDPZX7kEz5GHeJ,metadata,ĐIGIŦΔŁ PŘØĆŁIVIŦΔŞ,prokopevone,
QmP3bPUp4onmra7BifWpnaqCrw35RagnuHLa8j2EURjGXW,asset,ĐIGIŦΔŁ PŘØĆŁIVIŦΔŞ,prokopevone,image/png
QmV9Q42czcVwY1rrPfqaVdS6JcjVPeoBNmjYpXL5hQctXF,metadata,Oxford Street Is Full Of Rat Things,Unrealcity,
QmU51ExrPfTk3ycbbaTYfVV7nf3AhBWpf9z28SKyc8RY4X,asset,Oxford Street Is Full Of Rat Things,Unrealcity,image/gif
QmbrTE6HzdFoDgUBHpLGMMuQjXWCqSB5TdSF4RTh2xbckg,metadata,Fume Roller,kazwes,
Qmc5koDjPYNrybLfaynCMyu2oaRXzKAmWitSTV2yB3QpR4,asset,Fume Roller,kazwes,image/gif
QmYvNswVBxsxGcoCSAaExeCWneJ4tkb5SLWY7TpogLrw4b,metadata,Not this, another one,mlibty
QmdJ4mJEv6YPvRAr4ChvRqhZSbsxk6BqHWbhpoYj5ZAfHZ,asset,Not this, another one,mlibty
QmRra22RWMsZfM1fNNBbu9cmnoRYZoN5zS9EGkoLrDT1ZQ,metadata,Fair Wind,ArtByVesa,
QmQXB1K7ZTz174CNP6CM2w3wgoFUPCP5rb4YDGzSXBkt1g,asset,Fair Wind,ArtByVesa,video/mp4
QmUSLjLQF2BD6FQMAhkQ38S6cdFLio3T1byACzfD2BcHQP,asset,Fair Wind,ArtByVesa,video/mp4
QmcZ24HtVz6hk3E2CcvoBaNLLezY9hJCGyvhBiQTkUiZA8,metadata,Lara // Explorer,defiantsquid,
QmPaxWXmZgxd8u98PXW4Kbcf1UWs6oouohhLpa4C5FaJN4,asset,Lara // Explorer,defiantsquid,image/jpeg
QmQLb2D5FCV4DdeZU6DdGJGhC2p9FET2APBjiwcTEY2p3Z,metadata,Faces of Satoshi AI study,Lucho Poletti,
QmZDXkNXhb4jUUt9Qk9jQe9nrpdgwgeKTbJ75JtBiLjCV4,asset,Faces of Satoshi AI study,Lucho Poletti,video/mp4
QmUZJs5j8x9Xurwan9idZQa1oxMEen3RAiFW27MWGC4LZm,asset,Faces of Satoshi AI study,Lucho Poletti,video/mp4
QmcnSsAwjSiPBVuacH7Y48PwjTFqNb9DLighLGbqAPkY6q,metadata,2007 OU01,artplusbrad,
QmPMcCd1fi4DYT7Nsxvsowtz1X22U8AKXbsruReGQ1EfKW,asset,2007 OU01,artplusbrad,image/png
QmR2p7y5SH7YcyG9oKTthQCoFbgPVXUgZ1s4q9iYhpFnPw,metadata,Caleta Olivia portal,Daira,
QmUisabt1RtTLh3RNiH2JQtj3CjiJX6kgaHKZcpmPRiHE5,asset,Caleta Olivia portal,Daira,image/png
QmZrpcEMbEsshHsDcgGSa2ZzzWUr76HskgQgdMtLoU5zar,metadata,Entering the Spiders' Lair,kristyglas,
QmWJJVzawxmVVFhxQm3YecdQHpVNb2VaVSsqrH2grv6TaT,asset,Entering the Spiders' Lair,kristyglas,image/jpeg
QmWhx44gdBGVb2GD2EgfaMDGNSBwiwfdVDMofDv61Nttq7,metadata,Coming home,Paola Castillo,
QmdCNmPRPDc3CYXAD7jVR8h1z8x6yjhLkExqErHnHV2dgv,asset,Coming home,Paola Castillo,image/svg+xml
QmNNhegE1ip2S2xzAH2YQAYi1QR6svWLwirFtMtLpv84zE,metadata,Fume Land,kazwes,
QmPmNHKYBmfqVmnWD32npeTfGkSXoSUk4dmAQpEUqKXNis,asset,Fume Land,kazwes,image/gif
QmT4VSqq7QC4ZZuUWraUU5nfCCwGjV6A4VGyFuVkZ1eHFV,metadata,Past, Present, Future
QmbWBjzEcGY4P8ZYSQSkjnJMSBPBWaWCrz3MrAYtijtYjs,asset,Past, Present, Future
QmdSfUihSPvDqhVdVkmuA4LHAmjY8SbWwXn9KFv2CrH7pg,metadata,The Keeper Of The Catacombs,Anonymous Nobody,
QmNXT9dnU7cCz3ToLWhbnGeg7URW8DMYhP1wA7SbcbfYgq,asset,The Keeper Of The Catacombs,Anonymous Nobody,image/gif
QmQowBrtrDNZarYpT2CYtFDyZkuDgU9DYNaaV1XVhNtbJ8,metadata,|-| V | [b],HeyHazmus,
QmQ9ExcHeMPLscU3pgX3zrfbomeRX5p6EpeBVw7i2TQWAB,asset,|-| V | [b],HeyHazmus,image/jpeg
QmNsweuHsKZFZ6QbkhVNpuGzzApnoC5udhxmgSSvH2qhp3,metadata,Black Mamba's Revenge (Part 1),brendandawes,
QmcT4hpojEaZTH8gVmuBz7v4z3d9YgyerwCthH54oRCF1K,asset,Black Mamba's Revenge (Part 1),brendandawes,image/png
QmYNZgA5rRDKKxewqjFJcGjGuiinqWduszEe6wfyw2Bf9e,metadata,BUŘ₦ł₦G ₣λłŦҤ,prokopevone,
QmZ9LvcHAD8cxmBf5y1o9fhxzQwX35oJm1Q5ejhRjFowFY,asset,BUŘ₦ł₦G ₣λłŦҤ,prokopevone,image/png
QmU7fTJdLudGpW5s1RtqfcNpABhaGzZhDL3KxHYTyjysHc,metadata,GAN Sculpture #01,mantoniazzi,
QmZzSYmyi7NBZqD8LNKzyuv2C2eZ9UFJgtvFpRMBt6fzbV,asset,GAN Sculpture #01,mantoniazzi,video/mp4
QmXTkY7MQPpfMCzGybMHRQuxVR2ibNFhvHaWcak5M6t7us,metadata,Storyworld,Marc O Matic,
QmPvMwXr6TngkTLL2unSxFubyALYVHzTuPjQuynCyGYFoo,asset,Storyworld,Marc O Matic,video/mp4
QmUKmuYqZgHzgEpB1ooYtvUq8mxv55JjX5uweruhdCwkcB,asset,Storyworld,Marc O Matic,video/mp4
QmU3QozN2gWK55VBW1thC5jyJdLbXqdMovHSLTwjQKNJ9Y,metadata,Dreamer's Voyage N°3,okytomo,
QmQfrxGKj36ryGTqJ5bZMDzAgf3qr8uPJaPGPwTZL5cghV,asset,Dreamer's Voyage N°3,okytomo,video/mp4
QmdER8Y7g3noCDr1x13FySeZjHu6XDbQHcdtQUKU2DQerV,asset,Dreamer's Voyage N°3,okytomo,video/mp4
Qmf5642S8B47nDsd8oAwtWcSKrFHxcGNNkxEebgmhqHxGU,metadata,Caste Ioan,Unrealcity,
QmQ4q6rHkQE366v1enquVrj4kM3QHEYzJT2ZQfmAZxB7aD,asset,Caste Ioan,Unrealcity,image/gif
QmUdmyk1dMXkZEUAdvjfk7ZN1KJGqhPFp4kKgutx2wGQhh,metadata,Crash // Tornado,defiantsquid,
QmSWHVi53RDdJnHHkp77dFcRKpPJgGsApNdx7zFsR8tRFH,asset,Crash // Tornado,defiantsquid,image/jpeg
Qmdcxsjqdn2Aic6KCGqgFgfDh5UaHjR1GXsLwSQtfjtstd,metadata,Live and Let Die,mr-monk,
QmSxmphySQx5LynbBFGvy1RKChY26AnwXAravVuJFLqURt,asset,Live and Let Die,mr-monk,image/gif
QmP7o8YNKvLL8vkTTMyqQM19RAwQzRNzESCJeGkiQkL9FL,metadata,Pending Gerbil,Hackatao,
QmW4GMZLfcetL46ozVZZ5JSkLXtYNDRC9JbUJP4d9T4ZLp,asset,Pending Gerbil,Hackatao,image/gif
QmPQWA1ENefbYNk7WoqzJKY2G8J5J5G9St76QH45j4u3X1,metadata,Spring Equinox,Stina Jones,
Qmd4kFoke3AUaeYZZBQwNAFxWRJUXwwJbs32nkKpR9gD7D,asset,Spring Equinox,Stina Jones,image/jpeg
QmYFfCkJkbuAGnxDNae1CcxFWyPaU9Bppc3yG3xciPDq6E,metadata,_ waves,abysms,
QmaMuAEBMSGbotvedkv4Gdx5fLW1aeYEs8YxpWmTRDuMqz,asset,_ waves,abysms,image/gif
QmRZ3aL97ez4NCnLrtVw7T3fdij5GMSuDsmAjZXX2bYiZ8,metadata,Kindergarden of delights,clarupan,
QmbB658SJhFVgMva4ZKSGv6BskojPub3tWPxroAJgxXfyk,asset,Kindergarden of delights,clarupan,image/jpeg
QmPrHgC3oTFTWQcVmLvCnnCWdZ2F8xuSkW6TKCDkAD5Fx2,metadata,SummerScan,neurocolor,
QmX8Sb5AMj8etD76o6qZT2FErKYuKD5XiREn3MKakCEDzd,asset,SummerScan,neurocolor,image/jpeg
QmeYLWq5A36iBXk8DSbbKgZ7YSGV4oeBrNXCmxharwL9t9,metadata,Fume's Castle,kazwes,
QmT4DU3oE4yFai54qUTUsyinV2w1VC1Gdr3UZxrfjTGQQi,asset,Fume's Castle,kazwes,image/gif
QmNo52BVuvmKQdtK2ZeQX3BEwPCoJ5qdT9415qb8tpJWMU,metadata,Talisman,Mugen,
QmYkZQAvL8droWACd2hGoXD8RrDJbzHuFRZ6k7YnBM5LzN,asset,Talisman,Mugen,image/jpeg
QmakMc1ni7GhA7Q14GT16EioVX93g6gmhrUUVYviaf5Yv4,metadata,Gas prices are killing me,Shortcut,
QmYZnK6zSsWL3UBmM5pyMTnFUZidpTKKfpPCoRRbPngezq,asset,Gas prices are killing me,Shortcut,image/png
QmR52GQVa8VMNiQXuMfjjWNbjBaszrDBRiXtK9t33YQTcX,metadata,ωαłkıηg ωıтн ∂єѵıł,prokopevone,
QmcsNPebSzCCVYGKJXcgE1j7JvonoAdfUAbsNGEK8X179g,asset,ωαłkıηg ωıтн ∂єѵıł,prokopevone,image/png
QmXzkno9L5cz45c1mS9Bsf4ao7eVQMNDvFvkA15fapTi2A,metadata,blood moon,donnoh,
QmXXNt5V65KGy21FMxTmrkPbxhpNJeAsJdi4SnbUarUqSz,asset,blood moon,donnoh,image/gif
QmXGhLeG9QPRXKHRmYqAr6jKbrB6piSg9msSFGAvMXmgqk,metadata,Clod 715: first voxel clod,Fabiano,
QmWRnB7vGJJRVZ6TfKKgoFRkySR11axHeuWSYV12DzwEce,asset,Clod 715: first voxel clod,Fabiano,image/gif
QmaMTrn3yKGXn9FZ9VcGEqKdzesJBCerxzjf2eRJ73VBqC,metadata,Snake // Commando,defiantsquid,
QmQLMDjNUtGfRuTcSra19XQoZoDVZrgXngyu9aTrAU6Qtj,asset,Snake // Commando,defiantsquid,image/jpeg
QmP5MW1YsAjhqJt9wrqTgtkfZZLmQCS2y1Dsig8tH22Mg6,metadata,Feels Like Decentralization,Kitty Bast,
Qmf8qrLEkL4fTjdRFjqmqeYnv2AWUsGqBrkvN2czbEh5Td,asset,Feels Like Decentralization,Kitty Bast,image/png
QmSomPCdKy8mXUSYcDcP1xuBKEnXnQhrjSzH8GEWk2Zm5Z,metadata,|-|7,HeyHazmus,
QmW2eNx1RDv5xqxU27mydNMY3VdgsJXgCRokPTuPp6FG4H,asset,|-|7,HeyHazmus,image/jpeg
QmTLdxVXtT1QhzJ5tW2cPkt6PQkZK1t1vsrTpCz8j1M4h6,metadata,Rare Planets: Impact,javierdeazkue,
QmbrBgcjq2dnG1k1oMf3aieFzaWA9JtgkHL9Py12syUrY3,asset,Rare Planets: Impact,javierdeazkue,image/gif
QmaJe3AABhKSjVeUrvRVkrubHkTCfT3YWS2a7KXkzyAH2c,metadata,Cookie Crush,Franky Aguilar,
QmNacYjexZLCY58bBc4oYWw3rhGxy5MtiACBg7WpFUan46,asset,Cookie Crush,Franky Aguilar,image/png
QmWmXpa8s8jU4WRZ1TPnqD5EqX6UL41SugdrBmUKVG2i5a,metadata,The Wizard's Tower,kristyglas,
QmQTGJaQSaqVUG5vYk6JH6JauTH5Hkzu3A6JMoNZggfWtM,asset,The Wizard's Tower,kristyglas,image/jpeg
QmTVveviQtgbJ3KJzX7ecXaCHJe1wJgNBa73XcWro7myxZ,metadata,Red Dot Test,cloudwhite,
Qmcvc5wYyd7ypDwyU5qbw76ETwEBwnS3VgGMZStZKL9eJV,asset,Red Dot Test,cloudwhite,video/mp4
QmcWa5Jf9iUcWKEGDQ7cF2WVFHDgcihnMASPpMwev36ufA,metadata,Lovely Lux,Franky Aguilar,
QmRYf2LLwCeTKvzqDC2CFVe1fk9EfRET7j1GcuFmvikXx8,asset,Lovely Lux,Franky Aguilar,image/png
QmXP1a1gudHayDLH7q6fSnU7LJ8a7awCMTwTE7N6TakdzC,metadata,Shattered, But Not Broken,Anonymous Nobody
QmPpt7joheJiKq2GxHZe9QroExE6fRQ27rZRYLQTSxaGQe,asset,Shattered, But Not Broken,Anonymous Nobody
QmRNwP5qbjQZbDgfZVqwP1Nb84NBcbWKkqbkLnKwVAo1we,metadata,Tifa // Fighter,defiantsquid,
QmR8bXDFpTTNTekmSUoCqmcR37KV4DkuTynxxjqenLfhA6,asset,Tifa // Fighter,defiantsquid,image/jpeg
QmRzJdzbvDkmYStNFFk7L5h6sPbojciS1pg1HJ8o28K2dC,metadata,More Pixels For The Pot,colourservice,
QmUZqEpWog4sfwQjTysF2iCHdkFA5uu7nRCWakEQRtYQEm,asset,More Pixels For The Pot,colourservice,image/jpeg
QmUmPTyokUeWptQ5URdUZsmaW5L3ZuJzKFCEe3CE6Hppf8,metadata,Black,Mattia Cuttini,
QmdHYF27SWikQcXCsEJdBuFY2DjHTnDe155crFPAAmVtHm,asset,Black,Mattia Cuttini,image/jpeg
QmXgBMEE34MGjLjtM4sgFktiZEzY7848RF2ttwz5cFrsAm,metadata,Visiting Russia,Kozachok,
QmVqMsHi8BTTGYQyj2TMYLUA2uBbPBmangFXNPWiWEXaFa,asset,Visiting Russia,Kozachok,image/png
QmeE5zMh7dYXXn23tzBhzLqSstLXYEUe61sjmXmQXgLiRw,metadata,They Recycle Souls, Don't They?,mlibty
QmV2WzVJ7oLbUqwk5atWob2cirRnTP3L7Z3X53mZZkqBbM,asset,They Recycle Souls, Don't They?,mlibty
QmYTZXSq47hy8VQgkaMGV5rrxWAngGHB7TwTBQit5rmoJt,metadata,Crow And The Hive Of Souls,Unrealcity,
QmWt9ZE6z9vUch877SVUnnx3qbrPHzgZkUQiV78VRkfCWi,asset,Crow And The Hive Of Souls,Unrealcity,image/gif
QmRf5dLSyQdBMYZraRceGaK8BFWCsGqAeQpSm2311HbW6q,metadata,DuroSuave,Daira,
Qmao2ERruHTW4EG9t4S1qitv6bTRX9jXUUdwdDKH8BqbzH,asset,DuroSuave,Daira,image/png
QmboM933zXLCf5kMbRfYji9tQRzjtbNRtMAYtyzLdNLnAE,metadata,Spiritual Chaos,kristyglas,
QmZdewjC26uDSregzqD91EimsAUTtgo7bXRcGanG8tTHsA,asset,Spiritual Chaos,kristyglas,image/gif
QmWKDE8K5HE2CLUXsJr2xeiBqH82UPuHgVz1RUb3Qi85qA,metadata,Nara Ford,Franky Aguilar,
Qmdv2EECpE9rVqfUwfezAtsFU1zLqcVUtTrvrGqUJWJssK,asset,Nara Ford,Franky Aguilar,image/png
QmefHgjpeHa9yXjK4QQ2YgWN1m9YKtNtCjUxAQF8RX8xzs,metadata,Lying Down on the Dock,Miwa,
QmPm41VaMvRkFXfxjUneh5feJp1UWjVXD5orwfcpyYUh69,asset,Lying Down on the Dock,Miwa,image/jpeg
Qmc8jfR1a3DD3KALCJzbEFA5ZX6C3YzFrUNoaFwvA87sNh,metadata,Timestamp,Moxarra Gonzalez,
QmSDH577w22VcizCyMFJ3ZH7oAom3ZxGeG9xHwbzyZrDK1,asset,Timestamp,Moxarra Gonzalez,image/gif
QmTwHM9HeLV2xpLgWr9heCDXTRwwSWjYwWCyStdpzFAbJ3,metadata,Orange Dot Test,cloudwhite,
QmZYqwuj5t8npJTHMPSzTyoGQuYAFg3iwpj92Wmdo4KS2n,asset,Orange Dot Test,cloudwhite,video/mp4
QmbyKzS4R1kEBiMvK4Muor9x1fJBsLTFhUE88WvdPNZNvv,metadata,Rayman // Guardian,defiantsquid,
QmeKA9qHfz2umTzaE1WfAen3Zw6DGRTVDBfn2FCKxdNUyz,asset,Rayman // Guardian,defiantsquid,image/jpeg
QmU9YrYm8qZzhn6aTBkUwNvQMMuQrGBCPn2LGA3CPbLwUe,metadata,Airebrut,CIVIT,
QmbHHEpWkrNu9qv32z9oUvupx9gm3hstabrVpLFid7TmQX,asset,Airebrut,CIVIT,image/jpeg
QmaP5NEtfdfnBf5EhTwSXY1x4BgDS3FANLpeswMaxEL87m,metadata,The Curiosity Shop,kristyglas,
QmRZpHBe9rogZQe6v2CkT5G3Q6eQGm1m6WooHrzAuptAEi,asset,The Curiosity Shop,kristyglas,image/jpeg
QmWtftmJt4fnsSx6z1RW7ReX7hidnUbXx7B2n6YdRsM62p,metadata,Shattered Dreams,Voke,
QmSfATwtULYLcrDzqEH8KusmfyvXXJmM3Y6W3QUpvyWphG,asset,Shattered Dreams,Voke,video/mp4
QmV6Mj3jARXf7SYLCtAMQtugVTPao7GVawRfeDPsbfUqa6,asset,Shattered Dreams,Voke,video/mp4
QmeuZbkXXt1SMNQ26y2DfRUCAbSUVLjgDQ1M69YMxLnXy8,metadata,Indefectible,Akkrin,
QmTKTpkRmzD6Ft8vkPyDLW6H5jfiSvb3ySNUBhV4xtSumE,asset,Indefectible,Akkrin,image/jpeg
QmajmCuwaohEbp5ACiEiwvDVExrFiTG3J96ovAiFCeTmfx,metadata,The Camcorder Playful,Anonymous Nobody,
Qmf2ix2auoJDL9QoDYSwBNUMHkW8ug3ez2dTuEy83TJWms,asset,The Camcorder Playful,Anonymous Nobody,image/gif
QmSzhZrYKGT6JbkDewiLTkiHpxSNZVpT8yuiJ2YLZZi8Z5,metadata,Yellow Dot Test,cloudwhite,
Qmez7NNFbnPJVjfGsnYvVgsJGeUrfPBHV1exmD2fNMs88c,asset,Yellow Dot Test,cloudwhite,video/mp4
Qmcug9dkrKnZfgakZ6Nw7PCP68JxTqiXTDbznq4vzFhcep,metadata,Turpy day,clarupan,
QmNea6ET7Pfr3E9WDXYyoXnGijqqZ2dJZL7XCsYcp8A61n,asset,Turpy day,clarupan,video/mp4
QmPCdCSP8fHgDhonkwME4QDfk88i2N4qVcF8dpFTakT4U1,asset,Turpy day,clarupan,video/mp4
Qmcpqaza4Rac9Rf9jSdtYt1DbghrmgwgaGvXMYRWiDSCFp,metadata,A very special monochromatic tree,javierdeazkue,
QmdKiQJGMrWhVRvJSx8foMcY1X8sNTcQDdH9bbDULYinrs,asset,A very special monochromatic tree,javierdeazkue,image/gif
QmRMfjMmqzREPPC7DYVBDnQWgGLUkwbxYsmmn1Gwib9ND5,metadata,¡ ധคภт т๏ รεε,prokopevone,
Qmf3FVYUp7kTNG1nhFc34VZo8QVtCt4UE5PzsVeZLVPCEK,asset,¡ ധคภт т๏ รεε,prokopevone,image/png
QmRvBSCqqQ2YAtY3Jafv93p52PcLqHbcviSWfeWz9tLiq3,metadata,Rethrato 02,Geryco,
QmVNJ3kge1Rjr1cNMh8pLaAD2BnvuNfn2sGkkhtyZE6N7X,asset,Rethrato 02,Geryco,image/gif
QmXEogfqmVcMju2bbSG6jkyWGpRPLZKycj5ZhnZPGpGQ4M,metadata,Pixie Dream,oculardelusion,
QmZTgZrHp14F5DVaxSyR48zWEApT1kDMhYe79sMyqLe8yy,asset,Pixie Dream,oculardelusion,image/png
QmPFPhnbkEwy3DpYkLTeYMH4J4mqattajPb8LurUb49Bzg,metadata,Rabbit's Bento,Miwa,
QmcceGDR1keRsiQJWTwtXnZDK83MLSK7T4iejREVxW4pey,asset,Rabbit's Bento,Miwa,image/jpeg
QmPaZVJGoB33uxSjSpFsCKaMfp25mcDfsiQTuDZm2o58dn,metadata,Falls In Love,Anonymous Nobody,
QmbYsXtRUQce411sauHbiHW3YTaTsLBnq6n8EQz5zxUSV2,asset,Falls In Love,Anonymous Nobody,image/gif
Qmb5N4kuF6LzX3SaGY3KZgrff2TuDVgoygTHqwowUMFq8D,metadata,Green Dot Test,cloudwhite,
QmaJV92d6djVQFtW1xZVj7fvivijGnCKL1Q7jZ9rs5vfyL,asset,Green Dot Test,cloudwhite,video/mp4
QmfW51bFsyUrt7PqZ5iYFwBZ2vB2rBab7CPBU3giLSyRcY,metadata,Ambient Principle,defiantsquid,
QmbUkQba4PNgpSvD6punvoZBrV4qTMxiF7mTimZch25CF7,asset,Ambient Principle,defiantsquid,video/mp4
QmZMvBsLJMHYsJT3fQszqM4FFKZRBLwhYLBZbfYxdyYMs9,asset,Ambient Principle,defiantsquid,video/mp4
QmPpWExwxucR3QsH43JjctDFpuEjwSjnqLbH6dWxbBSMdf,metadata,Embrace the Stranger in You!,Shortcut,
QmeFvd46N63RRxhQoQ4wdXSkpN7PBiRuGVaMRrvRMWXAYb,asset,Embrace the Stranger in You!,Shortcut,image/png
QmQGjdbbX2XQrP9oyHZSsNpG1jebSjg3VVXtdoWtd3EUjW,metadata,Fume,kazwes,
QmPRfCtmkws7Sx3Qw575aXodKcCKbFEo2D9xbiqfMbkMpr,asset,Fume,kazwes,image/gif
QmS6smTgdYWxsLijgRPN3EpEGBK9Rbj7C9hS8qHzaNJyWt,metadata,Mono Fish,javierdeazkue,
QmWCfaQUMeiNqTtQy4mSZUZ7UMKTfv9EDpbSbXe3DCCuxR,asset,Mono Fish,javierdeazkue,image/gif
QmbSVPBnHgiUYHZeM2wEHeBrtjQyBRctBw2FxhBGrTsnyn,metadata,Morgana,kloop,
QmdLjPJiwuW3rWNxU5bihVzAAaCuhrQw2kaJZ58bRkuuDN,asset,Morgana,kloop,image/png
Qmf5zRRWoy3wQ7bMxSGuWKXA1w7q4NdnrstksphrQC3qDy,metadata,Us,squirterer,
QmYtjUFgw739ZppAzrqruQS7xeWnfpLVuJqCXDHj63KE5J,asset,Us,squirterer,image/gif
QmdYxHETKF8Z2eCupCQz4AcTDzVqUwkHLCMuLgAjyexr4s,metadata,Kraken Frozen Pixels,Anonymous Nobody,
QmcLnTg1tiqQr2WkhSEp1snQ8EBsfwTfJheidANNuKn4ux,asset,Kraken Frozen Pixels,Anonymous Nobody,image/gif
QmUdJF4oXL8ZjKcT1MZ1RKYt6Av5CXSEPPKWjn2dbvLrer,metadata,GENESIS,ghostcode,
QmcjRZ7wmN1ko3EY5YakeeGSpTxJGsEdeZytrsDtGEdE97,asset,GENESIS,ghostcode,image/jpeg
Qmakz7tySxhgTQs3BpmE2eERwTynfRwQg6VwjGSmFVFejK,metadata,All Kinds of Scrambled Thoughts,brendandawes,
QmRbRnn6ghYPtvTtbJhZ32zPPM1ean3L4bcRyocU7jwm6q,asset,All Kinds of Scrambled Thoughts,brendandawes,video/mp4
QmaRUapTnDrVs1Q6uFrY2PAZt2mDhZSHhV37tXPDyARkWY,asset,All Kinds of Scrambled Thoughts,brendandawes,video/mp4
QmVDVxQ4fz3XtygttSYvBodz7RgEACk7xcip4SzvodLy3r,metadata,Mischievous Masks,Lucidhouse,
QmRCXvrD9tM2swWNDrzrJvsFzPxy2fhge94pF7mvHaqmkV,asset,Mischievous Masks,Lucidhouse,image/gif
QmXVKowSYpBeQCtWLaLRXwpU55XVRKwK1XMFh9KmMeY9Ys,metadata,Followed,CultBitz,
QmcjhSB1V3HUfQYo5BbYpLS9ir62f4WhvbUFMgEpWL4QHG,asset,Followed,CultBitz,video/mp4
QmYi2jHMLVpVN5wmxCm71xUBTddu3hXvJcGaSQPSV7by4o,asset,Followed,CultBitz,video/mp4
QmbDh15Ssdrvrgvq3PsgLK3oY7PFhjSMNwCgkeVMCmKJHT,metadata,Blue Dot Test,cloudwhite,
QmagkfwP1ZZ22LCgHuPethbkfFnTBq9Gj7vwYSmUTU7n5e,asset,Blue Dot Test,cloudwhite,video/mp4
QmW9fGbqfzScmuZx5X8peucsuUQ51HpZrcfMqEnt13UX4n,metadata,The Midnight Fog,kristyglas,
QmWVz75o84ofAhRxH587aok2vxM2rhy5MeteMrr6Mk6X1t,asset,The Midnight Fog,kristyglas,image/jpeg
QmcDT2UKHDD9wbbmWr4m1SQ5w9AJ61oNDXMSvemFP9juSE,metadata,The Bouncing Ball,defiantsquid,
Qma4NGqtyLabu2kXYVBT5ievQbK2Rb2zVMgDV7fv94kFh8,asset,The Bouncing Ball,defiantsquid,video/mp4
QmXX94Zy3Pkr2bsqhVsHeWaeNWiMDNpdPkgcfg4JF37D6R,asset,The Bouncing Ball,defiantsquid,video/mp4
QmdAv2XeDPHJKK3tLs4zzdxgKd14tYPEumChCAZ5xwSpQw,metadata,Dos luces,Daira,
QmPasz3S4R4SwH2cdb9TR12PRtFdZhsg6quXCiRnZUcEb8,asset,Dos luces,Daira,image/png
QmYhD9SWebeUV9hW9Tx4PX44MaHhYEtuhr4uHisYQFbBiq,metadata,reverse-dilettante one.point.oh,Max Osiris,
QmeZTPh4xqz9BVeujmMZmLBgcRTCj9k9fbomSaCWfra72C,asset,reverse-dilettante one.point.oh,Max Osiris,image/jpeg
QmVawTFqttLVcJT4bc5L5R7FsEn7oGKWD4aSzEWXi9p2CF,metadata,Empty house,SoulineArt,
QmZs1fnSakgUsDmCMRGeywFrHUKJ8habS6HdicwCPRqxxY,asset,Empty house,SoulineArt,image/jpeg
QmXVYXCDyfJrrfZvwo6PphrcaABJ8SN1FuGqSk8VuZ7rZU,metadata,City Sunset,JamesSW,
QmTgysDJJutUMY9jn9bvLXjLgfeQEPQN67GrU8itZ2y8aU,asset,City Sunset,JamesSW,video/mp4
QmZe6of23F9PxXh6SujwXjcMgnMBAXp3RXJXuACJNutDpF,asset,City Sunset,JamesSW,video/mp4
QmWqkoQBWfrtfcqTjTUaxYa7onCwLU9xmfN6hZhxSYCMdA,metadata,Purple Dot Test,cloudwhite,
QmNp5Zg3CSPaRsUZQsCbSEoMDPa8ff4kXDqL5oMX6LRNHd,asset,Purple Dot Test,cloudwhite,video/mp4
QmVTUBL9MK3fVCoXy5P9PVPg5wigk3YL2MTWHX67qz4apz,metadata,sETH portrait (2020),defiantsquid,
QmPHpnmbEjiR57wtJbUnpiQgSxokV5rjWaZAVeWZLKaKPu,asset,sETH portrait (2020),defiantsquid,video/mp4
QmdzMGLKGyDqpyDFYptMbfv8wXDGtkcoE2sAXwEgsStbLM,asset,sETH portrait (2020),defiantsquid,video/mp4
QmWwnV8CX2HXaThuHb3XCeGArbmzEh8GuULMoPYFtqE5SH,metadata,Behind The Scenes,Anonymous Nobody,
Qma52Cb1ntPJo9Er4U35y3uEesuZfaRcARtJjR9fyZzpjv,asset,Behind The Scenes,Anonymous Nobody,image/gif
QmZY9K9PRPKjTwQTsZJZUpK4TeMghizsa24qr2z8iNFLMu,metadata,Der Vogel,Ann Ahoy,
Qmb919uJohzUnfFMnbWk38eJMmvsAHXF7MAPNkr3GFRAJL,asset,Der Vogel,Ann Ahoy,image/jpeg
QmaQ1jMtqYyDL2c5wDahH5AMQvi73ZZNeqskQgf97LjHEf,metadata,Serenity (ethereality 2.0),neurocolor,
QmXos7ooSfrxhKttk68hG9b5ZeaBvrAeLmwam9aeVszNYH,asset,Serenity (ethereality 2.0),neurocolor,image/gif
QmUxA4ENKH9e2pHWM8Du6tdGNL9S4nrUs4cxNN9Kk1LTfK,metadata,Posing,Freakjesus,
QmVtwBhnHtk22Yxsc2fYSmrRfjPAZQ7UAv6nC29Q4vrvJE,asset,Posing,Freakjesus,image/jpeg
Qme1HxoWLnfSnsDsJKn7vjvn1eiXV4g9qGAZhUz2t3YYe6,metadata,Compinchas,tierrasraras,
QmZLQXfmfN2hbtLApGPMavZPGNKiDdAnh3wT5H5D2jQhNu,asset,Compinchas,tierrasraras,image/png
QmdHxyT9RjchVU8FXv8ZNwdiRQ7nJ6nWfpwLPhk39xbwBi,metadata,Mono Island,javierdeazkue,
QmWW45DBrgb8z5gWJsHAuxZVAvfhRmjBaKbtRAasjGCxBP,asset,Mono Island,javierdeazkue,image/gif
QmYfQFEgVwEVbDUfs1fKAdL5PVjFpPhDsSzNdPxP96xLpT,metadata,Symbiote Genesis,arjitkapoor,
QmWEJau6umjACjcYaji5cVa33Z7krWsjQPaG6oXkLD53Jq,asset,Symbiote Genesis,arjitkapoor,image/jpeg
QmafC6Xu3J8oE8E2zK5gqsSxxtM7bq1ofwighxD4uvzzNb,metadata,Over the hillside,kazwes,
QmSmD4LyPcwadMNTMMurbprPmymHewEv2gJwSX4iicQpgb,asset,Over the hillside,kazwes,image/jpeg
QmUj15h6ZzJtJrbYhLWgrR1fcCcUHcVuRnsypDq5VJnp3y,metadata,Today I want another skin,kamiljauregui,
QmNiqxRhHxgntAhU4kH8fgN3nHYrKk4UuhZFTVpNVBVATs,asset,Today I want another skin,kamiljauregui,image/jpeg
QmehoaPid9obrmPgvckru6LshZvFxkvHHHWyai34oKUQMB,metadata,Isolation,clarupan,
QmdL9vNyx5QkpbVKnsYScXSaurRhNC2Xm9gUcXiNHrc6rB,asset,Isolation,clarupan,image/jpeg
QmWX7cXfcEuo5X3xkUJUufTQvve2AJFjiwDk3iXKfpyd5F,metadata,Time passed,Nissla,
QmUSGoBMpE7g5cUaMG2b1fzbbzHkM3vifWB7fBwyTe1RSC,asset,Time passed,Nissla,image/jpeg
QmVAtMhvLevCDp15VHSoiRY9u5toF8tsKGF8yBA94dK6KD,metadata,łα∂y łαsт вяєαтн,prokopevone,
QmVwuySTvLfF7NdETfJNgWHFUn2C2qVWrw6vt9tXFotFoy,asset,łα∂y łαsт вяєαтн,prokopevone,image/png
QmUroNdtDEsLMPVGZadTYZhadKRPGfmJSSMZrBpMZRfZnT,metadata,Vitalik’s Magical Elevator Ride,Anonymous Nobody,
QmaFtCgsfbAGgv1AqXBaUoTvXufnRRvRfZVgZAmvHSGy94,asset,Vitalik’s Magical Elevator Ride,Anonymous Nobody,image/gif
QmZ6LMwxtXkTNeVYexY6bkoyUS4E5oqK7RSHZLCFdzUvDF,metadata,Afraid To See,Kitty Bast,
QmfYygxvzZYoQEv4FyRKNc4t2NXrYYwkQbdQL8jetuUYzi,asset,Afraid To See,Kitty Bast,video/mp4
QmNNT1qkA5yjndwErb2wWtt9hXS4sgy2kFdQkUW1yBU3Vg,asset,Afraid To See,Kitty Bast,video/mp4
QmeQmKDXhEsotwmV3QV2xHN39XJThYVX7U9sCY9nK3nKXB,metadata,A Russian Mountain,javierdeazkue,
QmY5c8rW2W4M8qUCiG4RSymprHvMPxhDfhRLUc2u5YMDJN,asset,A Russian Mountain,javierdeazkue,video/mp4
QmS9wh5PNSHnP2UbgJg25Zn6imKEXtyMHxZ6FyF2iZDKMj,metadata,The Watcher,Anonymous Nobody,
QmXdXPNgqYEvtNeZY5bPZWLBrxN5sSYgGnYbmrqNoSNg4P,asset,The Watcher,Anonymous Nobody,image/gif
QmSeHAkTFUyVd9jxoytNTKAQsyRzJvhviUCcdnm3Zgq4K5,metadata,Broken mirror,Freakjesus,
QmYSxRQA8QRdNHNQAfQkrQ1mFSmD72SLCdKpVEo4fi5FZu,asset,Broken mirror,Freakjesus,image/jpeg
QmSyB5grM88UEebBDfqASkq8q6Sx58EZpCtHM4z8XRuk6w,metadata,Xiaoyu // Student,defiantsquid,
QmYA3H9kPENAQnrsaou7Rvog1byjAsgPzL154d2zLSFfTm,asset,Xiaoyu // Student,defiantsquid,image/jpeg
QmTKRDD18qSzV9amqYqS8P8QBWAKiW3AN1432KWkuSQLfw,metadata,yrdgz ~...~ luluxXX,lulu xXX,
Qmboz8DgLDKkh1G3FUPLQqJZEPu7bNWHejxjmYypYiHzf8,asset,yrdgz ~...~ luluxXX,lulu xXX,image/gif
QmNSvhGjzzLVu6iqwFL69rAbX6KM7nB6oWGVbwU9QQ6dAa,metadata,The Boy Is Like a Bomb,lipsmak,
Qmazc9SmMsFWL2xFSNQfNtV4Ty2ivujM9HAcN6FEDsKHqR,asset,The Boy Is Like a Bomb,lipsmak,image/png
QmYZmKVYb5J62wXQ5wanQ3GJi3KC2jNvDvQ16ayZtrNKqG,metadata,Alpha Red Ted,Moxarra Gonzalez,
QmfGfdHCV4k5KweRsZkFuPNi4DQsnXsovTzojPbn8dxfWw,asset,Alpha Red Ted,Moxarra Gonzalez,image/png
QmQ8nnEeLrzNWupkJY6UNmbXJ7BAwwVaLLZ5BsyRPQAWL9,metadata,Accidente,Daira,
QmV9F5ifn7jnW8S8ytcut9T1oubTSaD6EMw77pKWMZtdp8,asset,Accidente,Daira,image/png
QmTaLb6g7ZN1kyhJuqdnRZj1EXKmtN4oDFaiF3iowrkB7t,metadata,Succubus,Mugen,
QmbuUuzjFo4YViLj3Crv5VxuFJKqMew8whMiSS7Py4u2it,asset,Succubus,Mugen,image/jpeg
QmcUdayuohM37JgSJndiHHiXeCnxmqoDgyvWgVWJKi3sDX,metadata,Happy Hopping Rabbit,Miwa,
QmUXRnpUt6hdDEvgNKPgufhNN8fbQFjfmQG1ejbDpQPpSu,asset,Happy Hopping Rabbit,Miwa,image/gif
QmdLtTG3FJ4ZgCniLqFsEcPnfZdVjV4hjUweJHRcTSnnU9,metadata,Emergence,oculardelusion,
Qmae5fLwFdCaQncpLegQtkKGDwCQcM2FviXR63jFzmFu6A,asset,Emergence,oculardelusion,image/png
QmRG7fki94YR6oDw6nx6Jg2qRjMGaU7J28NmrrzHE5Z2gS,metadata,Mono Lake,javierdeazkue,
QmQzMERgMfTmkTE4wsHNeNsQM454C4NBgpcnN2V1MKaDh3,asset,Mono Lake,javierdeazkue,image/gif
QmZq3sUEYsz7tGKQYjBobzDenACHrE9n1TkUzgY2XL4B18,metadata,Entanglement,neurocolor,
QmTXijCv7KZNA8bC7pRawpodcVtqMfzSwCAwDxiVvLdVuG,asset,Entanglement,neurocolor,image/gif
QmbxYoNRdQKP3vpnBqPEsNgZNFQAZVE2AqaG52uj6FVtFg,metadata,! BEWARE OF SPRING !,clarupan,
QmZwuAcENX8hGDRhfTTYTDqMH8QyAde56vaXGD4dtBH5d1,asset,! BEWARE OF SPRING !,clarupan,image/jpeg
QmSvWph8WyN8xAakUEwho8EjWARVmJ79mJqYB5jfdamc78,metadata,知識,Frenetik Void,
QmQnfoAAt6HmiKgCBrZRQ3PivJmfQMrbiKGNFsC2WSfDbD,asset,知識,Frenetik Void,image/jpeg
QmSw16Jouac1w64hc9HQAFxLDj2DNQs1vUobeZkio9BExx,metadata,Autumn Stroll,kristyglas,
QmUWuRqHLsqXU4GnV1LQDhbhspJpcCbUjEQWofvktmeo3d,asset,Autumn Stroll,kristyglas,image/jpeg
QmShPLrxJeRoq6bSpwuLBrZMLbmsF4bNNzsDqTxSxBQL1t,metadata,Summer of Crypto,lulu xXX,
QmUdTJZGzhp1B4gJ9yNA757m5DRpXWipmuoCyyVh5EHFeb,asset,Summer of Crypto,lulu xXX,image/png
QmeJrnwnhypinUfpjMpVsVJ2DtcWyrNj9EnWG5GEExH8dT,metadata,RED AI INTELLIGENCE,GALA MIRISSA,
QmdEfgMuNydGf6mDiNVJgSoGdA411tEXAqqKjyj6cBkLaD,asset,RED AI INTELLIGENCE,GALA MIRISSA,image/gif
Qmd4XEoFmFkvZmhGTzZ3VYet8LqhZj9dX7Tr6BxuQZsZJj,metadata,Black Mamba's Revenge Part 2,brendandawes,
QmfCaV2DMdfa1egRfF3MuwYc4ARJPC9pzD2zvondw7bBvV,asset,Black Mamba's Revenge Part 2,brendandawes,image/png
QmaEFN9n1VU8jgWK3xgc7BVhNxPzghfhH3MAFgonaPxXJK,metadata,Stevie the TV,okytomo,
QmSybHk1qVBdoQRomqn1bcCJNcwq67czQtFe2JikcwgWJJ,asset,Stevie the TV,okytomo,video/mp4
QmVzvYdzgNE1uQvAAwoHR3sxWjQnJYJhfRRqgXJUykEY7R,metadata,Visiting USA,Kozachok,
QmRWJDeGZW9FQjg8ZtLDULF4G6UwVXjJEw77GWW3hwqyMb,asset,Visiting USA,Kozachok,image/png
QmYfiEZaAcAAZcDVNATU5byYkH2jZYnrup6A2CfBaw4QxQ,metadata,Sir Daniel // Knight,defiantsquid,
QmcTeJn8AiZmrvvaDQmbjpoZDSjUP1aHXe79rZN95iBkDr,asset,Sir Daniel // Knight,defiantsquid,image/jpeg
QmX4LteZHXJdQnvBfdzQLgLNepKS7FQqazQQf7MgJStPGE,metadata,jelčak,Animatttic,
Qma5SQA97KChVbisxRDE8wrucWaDD892L3USkdesez2P7L,asset,jelčak,Animatttic,image/png
QmWAWZ8RHfkAQQr1fy1nRgWEB2mYdTHnEmAtjsRpLWEe5u,metadata,A Cloudy Sunset,kristyglas,
QmezkkSSKWVFrDfoZirdsW76AD6Lc44v2VqX7yjNy7ZvxX,asset,A Cloudy Sunset,kristyglas,image/jpeg
QmZDK13WwUNT4BUSEPJTYbKixGnCjwcG9AwYncnTubMK2P,metadata,BUY NOW,Max Osiris,
QmfPLxbuCD3565ArCMuApqpWxweEAeKB51UueyJ2nzuMw6,asset,BUY NOW,Max Osiris,image/gif
QmS25oWoAppfNWAN49xnZrnzUTJmdDW5SJUj4RmrWdtcRC,metadata,Bitskamo - Rare Version,Rare Designer,
QmfUbJ6tvG4u5vHeNArB2vj6uuQxPYxWPUqZN9GxotycNB,asset,Bitskamo - Rare Version,Rare Designer,image/gif
QmW7NW4kaDSJvbT1br7TZQQgfTYgdBkwS3mEnrpTDYcfxT,metadata,なくなった,Frenetik Void,
QmXUApbzWWsfoMqxMTEav2xo19FaX622geYwuYXCLPtHRo,asset,なくなった,Frenetik Void,image/jpeg
Qmbb7UYH2LLacyZ9c7sP8yLDT2jhF7wAiro4esGQ7vkZz5,metadata,Untitled,Jon Lowenstein,
QmR7Pth1gkZuUBUEEv4wRZf8M84h3T7mPmr9nQj9yMbZCF,asset,Untitled,Jon Lowenstein,image/jpeg
Qmdg19nYDuDbSm4nYDeojmPiLZKB88EoKTr6Ly9G4mPs8f,metadata,Love Chaos,kloop,
QmVkTUptkpfdeNcGooD8eEiDEx47dvThL4CbtcamMwv5iN,asset,Love Chaos,kloop,image/png
QmTpKL5L1DgUJyUjTiNRtkYa6Pj3LXp6cfYFpTeeohmGJr,metadata,G055AM3R No. G5D3B6,Art for machine,
QmXFWYg2pDg7nA8sZwRvQLU3xEoUFUWtfqthwpmurWCuXR,asset,G055AM3R No. G5D3B6,Art for machine,image/gif
QmdiVU8bcBctyKtQep1eMdHBvP89yv9F3B4HCm5NyQu34w,metadata,Out of my mind,legendary,
QmbHbMYujGaw6j7j7iVtdfYTVeCnj1jLETsnSdVEL5y9jK,asset,Out of my mind,legendary,video/mp4
QmRKW18ypWgsCZdZFmfBHcfXETHEeRjNkdV3r115b2172E,asset,Out of my mind,legendary,video/mp4
QmUa7qEMWx4jyJoE6Y2teKmgcCWZxn9QJrg1F4uFju9nLU,metadata,Light Memories,Sparrow,
QmPtt22pykYnLGkfGMvdBcu1GiJjytSwshF4cDo1boM86i,asset,Light Memories,Sparrow,image/jpeg
QmWTzUbdu9pv3C7yv6uC21Vk1xpVYZquCJd4wBD6JffCHN,metadata,Remapping Man 1,Lawrence Lee,
QmP6KB5CPSsCw2Szg2t5r588QQpSG7SrJpEw86ssH9qsZx,asset,Remapping Man 1,Lawrence Lee,image/jpeg
QmR12zJdhUTCkfJnWa5r3cC1kgnrm2nwvgNBXJBVxMgsiR,metadata,NFT´s killed the Instagram star,Geryco,
QmcWJnLEmNQoFBVkLxytUVnA3ooM9W1WZ7FBMrBMS5TdF7,asset,NFT´s killed the Instagram star,Geryco,image/gif
QmYZHrXNLxNf8RXT5qtwtuzp3ZKajd8m5zhRNr2D2mHcxC,metadata,/ DALI /,GALA MIRISSA,
QmRpoqvSuFRytttai9qcCN9QCV34tMZaoRUQYQDrv1wCT1,asset,/ DALI /,GALA MIRISSA,image/gif
QmermY7nmKj2YCwcPkqqL2k87o8F1mtZPVCBu2fNf5fNYY,metadata,łα∂y łαsт нσρє,prokopevone,
QmZGXEhfW2WxvBYtcpwC9NXpo84ECCN4dSxgJGTtLHN2Fq,asset,łα∂y łαsт нσρє,prokopevone,image/png
QmbTUasfnMjwJmoyB7kJke69UM4T3LVHVNJWtCaKwiskGo,metadata,Enter the Metamorph,javierdeazkue,
QmaWu6gvEU4HodTCJsyCkLZztTtiqbqLyZAfkNdnMtd2iT,asset,Enter the Metamorph,javierdeazkue,video/mp4
QmQUoSiJB1X13EnNK4hUu8WCkACc1zQYCktjBjNcVazfH2,asset,Enter the Metamorph,javierdeazkue,video/mp4
Qma7UBwp3wMjenrM6WmKp4oCMToTVXBabgVL8aY3Qsco3R,metadata,Speaker For The Dead,Lawrence Lee,
QmUJWR39xkPkrytP8TebUE1sNwq8NXARHz6UtXF2DTBYvj,asset,Speaker For The Dead,Lawrence Lee,image/jpeg
QmPDDiBHVHLw8q98syBvkd93Wd5Lttv5ExpG94yt3BdKmc,metadata,A Blue Wave, Make It Double!,glagolista
QmbwfkPx9buGgYVFn57XGrqiaZAXCYkSZC12uLtiXvpkHg,asset,A Blue Wave, Make It Double!,glagolista
QmNkvsz8kiXTazTsLkQsk8n99hKmDh7LSFTUV2QeejxiSH,metadata,Alternifty Rat,Kitty Bast,
QmUfQDdbyX6ayKrHE1FGQYg1AiVs8QpwTFT2b3pR8NviaW,asset,Alternifty Rat,Kitty Bast,image/png
QmYEo44bS7UdkehU59FY2sz6wUPx5r7K4rC4up7n8gmXxp,metadata,Untitled,Jon Lowenstein,
QmXVw3CC7wMt8arKjqyZeiwS3svWdNmiRR27TikjKaRkEV,asset,Untitled,Jon Lowenstein,image/jpeg
QmPHuv1BQHbNexvDb5rogcFu6XQyHw5UWZHGJ9dnAiYPpK,metadata,northern flowers,SoulineArt,
QmQ5GifhDaoaavKuSbhfdmC5wfw3agPtBZwAgaD5LrLuxE,asset,northern flowers,SoulineArt,image/jpeg
QmZBhoaoadkAvTERgLCc5K5UPPHX5Rs9LuaFMwbsD2sPNq,metadata,Puppet Show,Johnny Dollar,
QmT5Tp2ZXtJwe1hmB6zxxrUnGEmmLgEfzMV4G2vW7Gch1Y,asset,Puppet Show,Johnny Dollar,video/mp4
QmaCbuw2acUEHFrUJ7PdMw7GTCnVvksTE6cP6hcK5bwLSB,asset,Puppet Show,Johnny Dollar,video/mp4
QmVsrumLENHSjpx3aJv1UiNXvRLYH5AQzd7bpBkofgubbi,metadata,Sunrise is Coming,kristyglas,
QmaHpnwecG1prLnpo5GHAReHk5uJK5jw76NED1U2Y1gYyP,asset,Sunrise is Coming,kristyglas,image/jpeg
QmQqdCKwytca942QJr27RXeMbBzGVPT85FBc2mpQPmfy72,metadata,TST1,kazwes,
QmZRqfkwivcbbzBujPc31m8gXfGfDztnyYSCr3KEUBMkDB,asset,TST1,kazwes,image/png
QmcKSqjJ3gxNgbnUeMAXEQ8aJ6T54QGmuozHDE7vjbutLL,metadata,/ DESINTEGRATION /,GALA MIRISSA,
QmVNHmfxcDbYpiDiAojeS2i5sUb1NcZS7CaqWc7RfKgsoC,asset,/ DESINTEGRATION /,GALA MIRISSA,video/mp4
QmYNc9hjpypEFrthFXub2JpbGVGrMvcNi77QK8MoRK5Ayv,asset,/ DESINTEGRATION /,GALA MIRISSA,video/mp4
QmfQisoj1pXY6wcEGeBTbCQQyo9HZ7GyBaXfNVxPj61GRq,metadata,GAN Sculpture #02,mantoniazzi,
QmT6xgHNF7ASEiA7bhtmeYcevBGRwx691c4xqex5k4jJk9,asset,GAN Sculpture #02,mantoniazzi,video/mp4
QmQM5mFYZYFepJbu9WjBoyvKDxWvkFCmfasYDUsNBUZRxN,metadata,Heresiarchs of Ukbar,Beckermatic,
Qme4sA4ATEYKpuXMpFCp2cxZfwFUj8NGvULLcM25s6zyHg,asset,Heresiarchs of Ukbar,Beckermatic,image/png
QmbhLLzzupK7pQiPaqUeq8NPh8sgN4Kvf3gp445rJrVJ3o,metadata,Shells,javierdeazkue,
QmZiqGA7v4iRvJqRvdu15qnUYmB3RuKqT3hmN9218Xum8c,asset,Shells,javierdeazkue,video/mp4
QmcPGc7fxedvg6Y8U1kNu2abT2EZCx5eAwjufoVdApgdnu,asset,Shells,javierdeazkue,video/mp4
QmPSBy7YCkPLaWBJbna51Dbc4ybShFHc8CQE4X18sQTiys,metadata,The Green Wire,mr-monk,
QmVFw6ZAX4AD31Lt4tW5G8unNKebg4cZSGKUfJgFqoX5dR,asset,The Green Wire,mr-monk,image/gif
QmNoCh3rDx5TYDGioqcrsP39kW33SPqW7mSmo7nsA6Gkmw,metadata,Parable of the Glum,Lipsmak,
QmQouTtJmf7xNN9XvjHSZvQBfo9ZvyF65M3TRHgKiejYLu,asset,Parable of the Glum,Lipsmak,image/png
Qmf7JbwXfbLQUgGvM37XxTyRbtuXEgwWMcJLNRMRzPU2mG,metadata,𝓢𝓸𝓶𝓮𝔀𝓱𝓮𝓻𝓮 𝓲𝓷 𝓽𝓱𝓮 𝓻𝓪𝓲𝓷𝓫𝓸𝔀,vivipoeminha,
QmX961gpD1JVr5L5Z4uTw4puRbEZJfnjdHmvxYg7mRfWzS,asset,𝓢𝓸𝓶𝓮𝔀𝓱𝓮𝓻𝓮 𝓲𝓷 𝓽𝓱𝓮 𝓻𝓪𝓲𝓷𝓫𝓸𝔀,vivipoeminha,image/jpeg
QmTbcEGZ89p7YidZmoSrAweQeGF4iMd8CTja6CyfuiwbKP,metadata,potato,Max Osiris,
QmTj3jeRk59XC7xsExUHpzUbjMKoHfcXn2zaM47NNGfYyi,asset,potato,Max Osiris,image/gif
QmRgg6iM44Jhc7UVYfBLqv6MxNkdaz9qDntatoNTkGiAxk,metadata,Naivety,lenny,
QmeVFeiFTotHcGtK4apiBAjkFShpjzCLXWE8Fw77Debiyi,asset,Naivety,lenny,image/jpeg
Qme6VeVjwtjNGRQgekLdyrkYuXcXtBgC7yhWaSsgbaVH36,metadata,Dream in Process,MightyMoose,
QmcZ1iP3nKEhKnEHSyjYxGA5FKgpP6BxCMbhfiBzPQ6pgR,asset,Dream in Process,MightyMoose,video/webm
QmPMPStcLjZ8p6szdTDdEuvuQMK4xVsxbKvP1HMPC8kWNu,asset,Dream in Process,MightyMoose,video/webm
QmYmCbJCH5Bv9Tz8HaCho77m3uXBmiD89vvbxqVpNaKCcX,metadata,Hybrid,ArtByVesa,
QmRoWWJZkLqdGnyHS6m5Dahd2m3NFEqHKH4SqFTuPsBk9K,asset,Hybrid,ArtByVesa,video/mp4
QmYp8SDSRuuqDq4ZJ5RcAB5UEEiwVTnzC7rqUKzBtL7g8W,asset,Hybrid,ArtByVesa,video/mp4
QmZUq1wgrjZG62Y5J1s7cpN4mcC2SDmqMkktaK481zp7mh,metadata,Special NFT Reward,cloudwhite,
QmXxVYzmLYDDRyxrxD2ntB19c6fUGYKGHVNnZXMqamDkfR,asset,Special NFT Reward,cloudwhite,video/mp4
QmP41hXSs4iryQjLVhq1KLvuNS8yzhvubF2ZjgBsQT2Zat,metadata,E N D L E S S   S U M M E R  #1,thisgiddyfuture,
QmdGNwP1DpwZv8qdumu2bQmR8tUUT9vHuCweAnzXpDDfGg,asset,E N D L E S S   S U M M E R  #1,thisgiddyfuture,image/png
QmbSVyFqaNstoezTsSvhUEjPTnH2EpSiihGGV1ZSK5Lkoq,metadata,Let Them Train GAN,glagolista,
QmbKRLZ2ZW9FPUXxzS9iDQD48uZaQASnkbbJ62PWJDHhaD,asset,Let Them Train GAN,glagolista,image/png
QmZqUS5dES5c7EwdSttch8JPmws676qz4wvzEgJiPX2xgZ,metadata,Mitosis,javierdeazkue,
QmZxfLNQiGMokHw3aZeJYadrLMYQibWPCrj2WDRXxxndU2,asset,Mitosis,javierdeazkue,video/mp4
QmUiZpSTxCcYgc9dzaqR8bFu8H1AQr9hBQBumdx5DcKtdM,asset,Mitosis,javierdeazkue,video/mp4
QmTwxRZ18JDiwVFnxt6GW7R2kanHCvfXHCPo12JrKpbneE,metadata,We Live in a Society BTC edition,neurocolor,
QmaKpvkR9F9hHm2qQA8iHKASifWXRaTdZaTF4YoGnLqiuf,asset,We Live in a Society BTC edition,neurocolor,image/gif
QmWGHkDwMqTuXRFz5Cp4MFCLgdgPbiJ66XXEoq1Wp1AZND,metadata,frog championship belt,mera takeru,
QmWxwQcsQR1KMbL2JedDEeHh1kJ6KTWvtNwXaUD3t62YLS,asset,frog championship belt,mera takeru,video/mp4
QmcyuAD5q5jgktN1HgF2pdDZzcht9tfSPe2qAimJc3oeFW,asset,frog championship belt,mera takeru,video/mp4
Qmd3Rs9ZbfGdMsvAMSz6uTUhUzYcA6HdUb7GtCmkMG3xDJ,metadata,Visiting China,Kozachok,
Qmd81vHiUGASryfGcVR4AqZ6KgVeKDeX6Go45j4Sbbju6W,asset,Visiting China,Kozachok,image/png
QmcuqcXFLUTFB7RZMvGZmdLY8Rktwiyd9c43B4kVioQLcs,metadata,The Spot,CultBitz,
QmNumo54YAUEZ6Bxm59gEYN7D6EkMN6FXQsCPVFZHoFdJq,asset,The Spot,CultBitz,video/mp4
QmWRsxEA9ZEr4TeSGxsYf6YraanGQ2EcGpFKoMkhNRiJdM,asset,The Spot,CultBitz,video/mp4
QmP2Qt3DzEhj553MgcdfE9ndU5TE2YmSNcUbcqH5aKiT7m,metadata,The Black Ermine,arjitkapoor,
QmNr1T49Pf6cvJq8Vt6e1CoZbvbCaYX7yS64tqqyGAoqU1,asset,The Black Ermine,arjitkapoor,image/gif
QmbFJwDA2H1pYPfQAbhU3pakb5cu3HZu7cxyn9muw2T8kK,metadata,More Than This,colourservice,
QmPqTG8yvcEwJu4wHzXoRpDTmgBRizgp235sVh2bYPBM7y,asset,More Than This,colourservice,image/jpeg
QmVXc6H6h5sivB54SAwdzt7DQ8Z6Sysm53SnpMB3hMT8Sb,metadata,Untitled,Jon Lowenstein,
QmPZTWmQTvuDHcDQm4NzLt1h5crADFJq9LPhEArbaDCnTf,asset,Untitled,Jon Lowenstein,image/jpeg
QmZxmZTv8EdYeUz2c5GepHQmTHJHDdpmXtT6mgaR4k362N,metadata,Tension,Shinji Akhirah,
Qme1JXXh4DN3JAeuFGBYSBAZUL8N5VLqEgjh3ap8H3DmJy,asset,Tension,Shinji Akhirah,image/png
QmbJT1KSfznmtwmuiSRFiDFRK9t4JX6CAwNKLEg5J6djDY,metadata,Engraved Obelisks,kristyglas,
QmRtzEK2TNEBnZRvDfVLCtYYvFoYCMPP6Eb3yURw9Y7CWt,asset,Engraved Obelisks,kristyglas,image/jpeg
QmeJ4Kgyik7Maoi4WnRow82JFM9cYn8BBYnpMCUdEaz8Sy,metadata,Recollections of a Dance,brendandawes,
Qmdwe1fHFmZQk8pkgZWv9C3nbkqQsv2npQvcbki2mYcB1R,asset,Recollections of a Dance,brendandawes,image/png
QmS1Kjikz2Su5xZiqrLKKTf2X2SV1gvDJQqkbPPxo6xMQb,metadata,Tulips, a Perfocard from Manifold,glagolista
QmRRo1khEZqgMqPohVyGGgJps7uuFkQ4boK8u9hCp9eQJ5,asset,Tulips, a Perfocard from Manifold,glagolista
QmZPSx6mfPdwGjm1q4cHyfixwL8trmDyEwBfZXqzzjh4Pe,metadata,Low Key Freak Out,HeyHazmus,
QmbZvHFKWvDzYa3GyC9mpH7osh6jX4LzaLrxxnTpXE265h,asset,Low Key Freak Out,HeyHazmus,video/mp4
QmZKfDVwp8phdx9C3rPzmoz3rD9k5aoa4VcrTZ8Ps45j8T,asset,Low Key Freak Out,HeyHazmus,video/mp4
QmdLwr1kFvmc8G4SMGb7WrCYN8pXjnaKAcSptp5oJCwkEG,metadata,Escape to a Decentralized Planet,WizardX,
QmWFa7tHB13Xe6WPj7s5xncAMWMhPeCffkGSgE2RKnGaiR,asset,Escape to a Decentralized Planet,WizardX,image/png
QmVrNtDqL9b42WFuKRxLvyu89T3uUMHfm6GM8mHEygvzjy,metadata,Cryptochromicon Man,Lawrence Lee,
QmZ4vSyGgJeEyNmB9JZY9djPdjAZMRn4yPHcJTUDuvEoEP,asset,Cryptochromicon Man,Lawrence Lee,image/jpeg
Qmb4h26S33qV7n2vTNs3VFHaeb63BJNMy7DChh2QLwkRnT,metadata,Spyro // Firebreather,defiantsquid,
QmZezCrTiDGU58iMta4qUHduPUr9xjp7Acg2J8BBrV6MF9,asset,Spyro // Firebreather,defiantsquid,image/jpeg
QmZ1nNPCjT8rngMPQXPwfVNAjSE5A2Zz5Y9s9voLKBJiyT,metadata,She Who Treads On The Sea Dragon,Unrealcity,
QmVWdcZGv7yr2vJtAWi8gosFVxqiiFd6dGfwRbTxAyDpMM,asset,She Who Treads On The Sea Dragon,Unrealcity,image/gif
Qmb8se7qxaHqKAXmC3AW3NYmVww2ZSRtqEJWLXoF31okd9,metadata,Untitled,Jon Lowenstein,
Qmd2qExHQoVrNJxJrdZZdadV16FRVYfaUvEgTGDnaPM5AH,asset,Untitled,Jon Lowenstein,image/jpeg
QmNSCLTqweJcZHPseQUeDNiV6kkEXnGCzRNw2YbHMc8R8x,metadata,burrito,Max Osiris,
QmfAvtJTcj1iUnDgrWk37yZqJMHJiSS4GsLqUbsPihXwcN,asset,burrito,Max Osiris,image/gif
Qma2Y8ZqGSaBhxavSFSqQsXeZiQbdNThouZhA8QjPBkfwa,metadata,ˈflou(ə)r,Animatttic,
QmRu28i8T2xv4bLnvu9rXgBVit6enRTGJgy8JNzDTiKRuM,asset,ˈflou(ə)r,Animatttic,image/jpeg
QmTdzoGPd4pjrn9kgVvV7fHPGQkNg3iL8MyhmuBD5ce8k2,metadata,The Forest Guardian,kristyglas,
Qmc5VCcyFkcUGRWNe7E8KpJTiHftYkghmBbS13vpFcwSB6,asset,The Forest Guardian,kristyglas,image/jpeg
QmRApwKXjhNbpL1mj8mQ76xx59qfykUbdnwDvouNGrnGXf,metadata,Trash Pill Centauri,Anonymous Nobody,
QmQBdPgPPdhfdGXrM21g5TTWthVaEG1McQocrXNQTCQvYj,asset,Trash Pill Centauri,Anonymous Nobody,image/gif
QmVgGFweebfbxP7oEoVY3kfm14pbkezJHioRUyUy5djRGG,metadata,мy łυcı∂ ∂яєαмs,prokopevone,
QmbcCJZq3Kjsa9QuUaVb4o3YF7U1nRoAGPe9kZqDxBCcZd,asset,мy łυcı∂ ∂яєαмs,prokopevone,image/png
QmSn6odoiQ5n8wcQxEj4Vze8uWYoaUqrpRMLshXvi34Hzu,metadata,SIKE DEMON,clarupan,
QmYoNYYkQpfbxdcP7yQDDeiuQj3vYFUkvCs2Ep79Y72efc,asset,SIKE DEMON,clarupan,image/gif
QmXhXnTmyDnHpVGagkMXmcfhR6mT6Vj11RRbpdXYrwoWRt,metadata,NFT GO-GO!,AlekseyYalovega,
QmRtMaHNXMTXW27CdovQ4zMhYEfKu5oGjvP9B1Ksw7KqGL,asset,NFT GO-GO!,AlekseyYalovega,image/gif
QmegLF8syhakwsdHvi6eKLmZdFF77xMLHN8pioNESk9uVu,metadata,Ape // Fugitive,defiantsquid,
QmTvTJLQNGRgEdcfnAqKLNfqjLpkMmryUSTb8povokQ2vh,asset,Ape // Fugitive,defiantsquid,image/jpeg
QmZpauNBZX37EjPTv2iJwsQTAWj8zidBpnvp5uFNjL4DRP,metadata,Whale Spotting,HeyHazmus,
QmYP2fzvTnAAribjdmfTxMnueaJTSDz3yZTeUSV4coJbE9,asset,Whale Spotting,HeyHazmus,image/gif
QmQbSepTzSwuZuR4QmYxAoPqy7KLffE8CmPFK77YroapqK,metadata,City Coming to Life,kristyglas,
QmcGh2vJv9UGLViKZiH7m73d8uD58QotgsQ9XwYsLGShDU,asset,City Coming to Life,kristyglas,image/gif
QmR4o3HBqHL1UvfRJwP19uMQbXBaPzhQn8R9GM2WyCToVx,metadata,Wish Upon a Star,Miwa,
QmQxjRSePPEHyduqxUh6VKTPW7jE9Zxpv2MndzDvhm5ca7,asset,Wish Upon a Star,Miwa,image/gif
QmaEk1fTLyy1skg6cXcPW1QRAPJ6q6uRomem8EkJZcYLix,metadata,Our nomination is...,MightyMoose,
QmQmeRUVk71APMC7enaj9nXTPsFvaFwnMpPSgjkdexXqzy,asset,Our nomination is...,MightyMoose,image/gif
QmQfxjuYUKpNgmwVhCcQ9fpzaeLX5YcVCPKXGa4g8mMHxA,metadata,Digital Relics 01,kazwes,
QmZaWahvLi3jM5nEG7Wk2XdXVpZs8QbuxDPP8UjcpWRATv,asset,Digital Relics 01,kazwes,image/png
QmbKdAjVpKBNQT4WjY8Td8qY8oqwXJA2v23Dvx1dRWAggo,metadata,Suicide Art,Anonymous Nobody,
QmRxY4NvudoEUHDeLzBQpDarHycsmUhfTii7aDmGQCiTwP,asset,Suicide Art,Anonymous Nobody,image/gif
QmbmFZH1DqsQJZmiMUN946kwzWf8f2DhyfiMLJQpu1auq2,metadata,Origin01,Jivinci,
QmQRDRFq9TBsTUwP4XFko39uEM2n1WvZBtjsMZCEXbo4ca,asset,Origin01,Jivinci,image/png
QmVhyS5Ad7hsJznVQ7e6EEMBG27NRtgL22s2bje6GvGmDp,metadata,galaxy,donnoh,
QmZJi6FfUiwzqx5ZvZXZ29bHX5wR2ty1Fd6FrrKrb4Sj3k,asset,galaxy,donnoh,image/gif
QmWiHuj2ErdT4XGYT7MRKF4dHj5syyqy61g1JxAmamCQ3B,metadata,EYE-ROLLA,XCOPY,
QmVqc6gwt6aCByZ87rqykw8wksogfkE9JKAe3aDPW8gZu1,asset,EYE-ROLLA,XCOPY,image/gif
QmdCwKjuQoLxHXDLq9nbWdjbccccoemFeyxPPyZM5Akmne,metadata,Untitled,Jon Lowenstein,
QmYeDAiD9dwkozw6b3ZthrFNRuj7c8352TS7PmuuYyBvXq,asset,Untitled,Jon Lowenstein,image/jpeg
QmdkGNRXntBevPjbf2DaCSECnZ5j7zVr51j1mDSQKteRNw,metadata,E N D L E S S   S U M M E R  #5,thisgiddyfuture,
QmVVtkrAUS9b2Ub2oaXQp23EhgHhqrg2mkWyXiCiGyj78f,asset,E N D L E S S   S U M M E R  #5,thisgiddyfuture,image/png
QmdbZAD1FKwbbf3SeMJPeADxFNex5tG4STVVwwVUH28F6X,metadata,Can't Go Back,char,
QmVBqpBnJqMAkuxGRXxQZ8SYguLnLXxGeoX97CqqLxNnsP,asset,Can't Go Back,char,video/mp4
QmP1WkBpoXuHM64byHuDwdGFSSJitCJ2UtCSEdmAT3gyJq,asset,Can't Go Back,char,video/mp4
QmUZX8i6wgNZSbLMEsHKNsu2vGhoL4GkmYmb6ArDDRa5x9,metadata,Carina's Pass,Zach Murray,
QmV2TWWRwzfDxXrhrApEXXheyKi3nrhfMXqdHVSfHiW7ED,asset,Carina's Pass,Zach Murray,image/jpeg
QmZ9wu28vSfYwS8qwE14ZFvGh5EfdQX5LU69sAZfFDKuNM,metadata,The Bleeding Edge,Anonymous Nobody,
Qme5WWCbmSg9YNK6NBSmcD2Q9DSgEwBpEbE7K7e4F9Wsbm,asset,The Bleeding Edge,Anonymous Nobody,image/gif
QmR7ZHm6NPrGtkX6c7uEyiz9p1k5aY1rKgnn3dSNRHsvq5,metadata,dichᛜᛠᛜmy,AlekseyYalovega,
QmQ5kJ6dztXaQGuHh69TLU8sqTEhFVeYycwzdgZAxWiyfc,asset,dichᛜᛠᛜmy,AlekseyYalovega,image/gif
QmZjcnZ34ZtdbeayQm8yJXCpDb1urnCATcEaBRFSZs46x6,metadata,The Library Temple,kristyglas,
QmYAJckAzyrL7fsFTrnZ48zm42pCqnfs6FpTJKA6G8M7Hg,asset,The Library Temple,kristyglas,image/jpeg
QmRvx8UoQB188mUxkmi2ZEuKfAc6JvsdmC5UdnTcZTwiqC,metadata,Tomba // Hunter,defiantsquid,
QmNRFg7zroPqitnESenJWJiWf1GHnc7YnqDY9Af2KSFBMp,asset,Tomba // Hunter,defiantsquid,image/jpeg
QmWRBvdRohebQJPq2LTSAWgRD2PW2fsXL8kLGWiNHjjzur,metadata,An Evening In Skin City,Anonymous Nobody,
QmRQDCCsozGhdu9zNEHtrozACURYhWVZSumtDWC9tVLwpM,asset,An Evening In Skin City,Anonymous Nobody,image/gif
QmULfrNnv368Gav1Nh7rP2HReNF2Rm2RpPqhgKteXyHaER,metadata,Visiting Japan,Kozachok,
QmP5rRxsWgj3iq2Vbxqt9udUV949qKK1ExC7tdvYBxjqus,asset,Visiting Japan,Kozachok,image/png
QmU8hnRXucZnD8wB2hyjces5rcXDBPprZbip64NxYi2jE3,metadata,Untitled,Jon Lowenstein,
QmbRuTH786SYtjF4PdDMqktG4rNyPjsMZkE1EgFY2sqh7W,asset,Untitled,Jon Lowenstein,image/jpeg
QmTbmetQcPNWTrZZax5rSg7rGCARm2bJEnvETAnewDJttq,metadata,Micketh Fauls,Moxarra Gonzalez,
QmXvkEVKY5RrnJMGBWNiZs4MWdcNVQg2kRiEhic5wDSfBU,asset,Micketh Fauls,Moxarra Gonzalez,image/jpeg
QmPv4PdXreG7WAYb5dn5QZhmRwKNWA5mGgU5P7yvhmpEq8,metadata,Technomancer,Mugen,
QmfX3K1wBjf6TNhitpui9MXgjDpjedDsQisp81578KzW1U,asset,Technomancer,Mugen,image/jpeg
QmNjGi74kgQWQmfHG7yjdBFdBSwv1RYenHq5x9REcVd8oF,metadata,I Have My God, You Have Yours,Anonymous Nobody
QmcfUKgqYznw3ngB1yZCwxnpwbtW3dK8FQm3d2nkR39io5,asset,I Have My God, You Have Yours,Anonymous Nobody
QmQdixg9cULYTfxdAPiS2zE4xMpFrfd2NutK6B4d9HmiSK,metadata,FLUID-03,The Fabricant,
QmbskWZo4UXTTTXbxRwrs3t5wPiQKpi7shRqqNgJHP2u56,asset,FLUID-03,The Fabricant,video/webm
QmYkFfAdQZmDq6ZGwsVU8MoetV8pG4rMPsfM6LvQt1WeQp,metadata,Abnomous,arjitkapoor,
QmWfi2a6sDeNvErhqK3o17KFJx3TDetWSgAJKSx7FikVnG,asset,Abnomous,arjitkapoor,image/png
QmZga3yu4cjiExxTeHdti1tmUmNtWGqekzfaMmqHNnUq4m,metadata,Continued Recollections of Dance,brendandawes,
QmfNGiLBJXZ6Fjic6gtJF5YmandxMwXJjjUwuNTi5jaqS2,asset,Continued Recollections of Dance,brendandawes,image/jpeg
QmdknC7HkxSgHLiFNfXYW73nvzANLk5N5LQj6LUcNkRN4W,metadata,Orion's Belt,Zach Murray,
QmPeu44auSwfmB1JLxoozMaXkYVNPthfEZpVv4SmEdupsD,asset,Orion's Belt,Zach Murray,video/mp4
QmWS3AY5XRUMKBgS3EWDatE3FgA4hWWADpKKJfatjRHrHo,metadata,Celebrating 100,Anonymous Nobody,
QmRC9dSuR4Xt271hcqiRJ1o4HLnWPp5GJyuGYUX5TmcEuX,asset,Celebrating 100,Anonymous Nobody,video/webm
Qmd7dvvEtc24zQFE3BAmLWtpoqKkHRj3A8YkEfiCLkUCqc,asset,Celebrating 100,Anonymous Nobody,video/webm
