CID,Type,Token Name,Artist,Asset Type
QmYooVHGsAoPoM9uWpSYvEA9Hz264eqVyDy53ZwfKvdhFx,metadata,Red,,
QmbtM2yqaNZ65zG7mJpg93aYkvbjdcbQcP4tzqBRFzxeKV,asset,Red,,
QmVuAWunBXXsLQbo5NZyozqbngdRdykuwuwe1DHiCKUfKY,metadata,Blue,,
QmW6YzvhpkbNZJaH1efq8riGfL7YRab1h3iVtCn2K9qTuV,asset,Blue,,
QmdvJxRb2kV9riwzAdoZ1M29AVbda1ktt3waxdcgKUmyXY,metadata,Green,,
QmZ6bCyQysKJHeUWHik7XZPvAT5JZZjUbbrwKMteaF9Jyr,asset,Green,,
QmYC1CHvgaHsit4SrCdM5qBxHFSLBroe7Fuw4rokjRjKK2,metadata,Happy Friday Bird,,
QmWvF9H5ejccr5sVvvdM7Yj34pPP2iZGwkbyqQ2xvCKJka,asset,Happy Friday Bird,,
QmZLwcWfoWprBrwNMHmwdVjusBoChnpdRxXH5ysbDL2HLM,metadata,Spring Morning!,,
QmTenX8zYBzCPy3HPDWiDLMPAAjtvC4muqWDW5A1yp6BeB,asset,Spring Morning!,,
QmZZZYtNL76GybxkyZCLVuzf4wJXDKbks57RAfmWYsMc9W,metadata,Running Riot,,
QmVpFrBK5gupqGZNHCrGH65Ju79SivaeiWcsNkjCQDJLF6,asset,Running Riot,,
QmNvBCKVFAantUX3UG93UJnjtRepCW3Wm7kYBh7epMfgKa,metadata,Emoji #1,,
QmTHshtetAEz6YQBGVHj3FwWRvsrgo1iixxRH3DpL4LmWf,asset,Emoji #1,,
QmQKv7aJucW11XKvmzUc6CddWRF7n6w63dE28TWSjMDwUw,metadata,Treating the Symptoms,,
QmbyCn7o7f3DSrK28TmvbgqW4rH3zYJfyDp3G8TWYYYKbH,asset,Treating the Symptoms,,
QmUYY3LmsqHtruuCWwjTC4EsgbdkkZ7zLEo3gQDvyrgRC6,metadata,Hype Death of the Scotty,,
QmZNZSGmWidnSoDZ6BcTouyehqi8AwmKqHMfxdptBYHi9D,asset,Hype Death of the Scotty,,
QmeLxUi7trfYB2EY6aZ2WfeuiJRSWSdNmdhzi57P7jt3Lq,metadata,Daffy Rain,,
QmRUXoMgq5sbzxWGXUUETCMYW6jQnnzmv6wie5svbGSNKW,asset,Daffy Rain,,
QmaTYHj9DzyQLHmjoDq8K6Uj8GZHioV6irpu5jeBpjxd7z,metadata,Grass Roots,,
QmPqBWBe712KULEamLZkDBst5TLz7kGJRMjpg6BNbpSGT6,asset,Grass Roots,,
QmUkQDkrkxEg5mUQdM1iH1K3F1uJXmDK3ceVPfg8hHS4pz,metadata,Insta Tweety,,
Qmbdf5KBGAkNeGthdZXdqzKM6J2FLvnqv1PRh74ehxo76L,asset,Insta Tweety,,
Qma5erf8N2YU64myn8SBPgEFDDhE4VToAaTYcvVJALRhWM,metadata,Martian Bang,,
QmXpsBob8uD4FxWDjh74qkY3uH4CdEy5eCyStB2YQKu7uK,asset,Martian Bang,,
QmSErLQkxawcBqBfSrtoRZDJzdDxK6pEyLYFLxfHQEXeLt,metadata,Bunny Bags,,
QmZnxsBjuDCMr22na5qjoZFNMytG5xBexTdVC5HPQaLkFT,asset,Bunny Bags,,
QmYmssaNPKZLq5dTQddGTUTA6tas5sSvChZGfrPuoywQEh,metadata,DDF5,,
QmeEwVK34xSB6s3cBJQsvHUwDeKkjvBu2i8b9SnLjhQGQa,asset,DDF5,,
QmbTmXPL5F5pttPUJsMwctG2o9SWUGrAVXGpXZeHenovMZ,metadata,NEOPLA,,
QmUtcC7s2aLN6ExSDRq7NF5YizZRTcKiXBxdfJnzj3cHGx,asset,NEOPLA,,
QmZ64rsedoh7GWCdcD5roG9ceEPKConDMEejnW9S9xxHnS,metadata,Reflection of the forms. Series #01. Art #01,,
QmPbJSNvftbMiTGseCLbZ5JK6i4o8ZtJkT2tjconcLceNA,asset,Reflection of the forms. Series #01. Art #01,,
QmdpsyWiFh8a1Lh5BhnpP4RSkmADU4HQNVLNqC2XcuymCY,metadata,Reflection of the forms. Series #01. Art #02,,
QmTniGDzAi7MUrDzBY3ifPQc6uQTJuhPaxXCezRSef6VtW,asset,Reflection of the forms. Series #01. Art #02,,
QmPyX5uJX19ihncWPwUG5AKFx6uQB2vNb21HCLaCckUirf,metadata,Reflection of the forms. Series #01. Art #03,,
QmRTdEmN8DfSGbY3N7B1Ypf3gD9M7p1co5Vv2ccFkNQBS2,asset,Reflection of the forms. Series #01. Art #03,,
Qme4Uzb7RPLRUJ2Zb31E4ddfqUAtTPnbeTEe5AEdfVUbyb,metadata,Miracle,,
QmVKjY4LsM7hK1FQjmznoGmQwt5hMQQoRzz7tkwu44eHDK,asset,Miracle,,
QmPtcQ6pKYhFWyqsPdzysixZnFzbNnEEgUszuc5ymri5aC,metadata,Apparently Aimless,,
QmTJVFZCcpYAUxs4XPsbYCmmsDpuNHxg7ro3KTmdU5S8bE,asset,Apparently Aimless,,
QmdLRyaCtZCGBWb7V6vBnWFyfz6WQcj65K6Ar2waTRYbMz,metadata,Bitopian,,
QmXzv4bJNZJeBRU8NgQcJYufyNXVp6jF1ew7gQ8iXidFyu,asset,Bitopian,,
QmTFfsWwJDKm8sGcXjmDobtK1hHnsKUfMQ4cfwKKjFpEzo,metadata,Ethereum Inside,,
QmYnJymCbHhwmyXeECMxoc786Qsn47X99kSTb41x1kv4MA,asset,Ethereum Inside,,
QmUzwaJnK9sMfGcNHoge1ScXQmr2vxrc7xr5zK9eHC4qty,metadata,Punkin,Lev Polyakov,
QmWj8RT4MdSdNdNMTgAf19QoBCy1z3KZkBJrPgFx1sMkWJ,asset,Punkin,Lev Polyakov,
Qmc3Ub45c6ksxn8ay61sALkNDUQUMt4L7AHVaAZrmJ4cCE,metadata,Hornsbee,Lev Polyakov,
QmS1rBwt9GHBm6TuRbE2H3AM7owG6RYxq5RtiVHe8WtKjn,asset,Hornsbee,Lev Polyakov,
QmRtGtQB43YiLBKJpub3XYcnRJYRpVBKumiJUHmtCNTfAe,metadata,Pigalow,Lev Polyakov,
QmZuxT5FNWMEhCwsv5NBdRDDTtqiMcL7LMcubKSczWk5vm,asset,Pigalow,Lev Polyakov,
QmRfHAcHU8tuJrwAjAaAKzAddKmQs36sKqbiMT81Akor9S,metadata,Hornsbin,Lev Polyakov,
QmcTZCd4B7SyZobw78AysRB2LmDJET76k5qUexYDRRjTzo,asset,Hornsbin,Lev Polyakov,
QmYpFifMm2LEqpmn4yVopPWVB9cyqtwiWG18jnKvBvTJFG,metadata,Tamed Lines One (Diptych),,
QmfFHLgrmFnABLGcK6gDsDJ9itXtEBMWUxj7FX4VQ7m37f,asset,Tamed Lines One (Diptych),,
QmQSGyF9QnBN8FharuDGVZ9yhsY9iuve3tww5fr2iqAM8U,metadata,Tamed Lines Two (Diptych),,
QmSeC12QZ7HafsE7oktXdcEGncF5dbjo5Kjn6JzDCneTr3,asset,Tamed Lines Two (Diptych),,
Qmf9Cw37xX6M9x8FaCyECc2ZidUvq89LVVQuvL7G8BeLnH,metadata,Trigalow,Lev Polyakov,
QmRvuYzEZxpeWTzCPDDCoK5VaR1SjZEXR6vt84B5cZPtrG,asset,Trigalow,Lev Polyakov,
Qmav393uKBvWXWBBWRCAa3yUNgXxPiEWePdrtpcLUWGNrv,metadata,They Live,hackatao,
QmTbJvdAMQAPuyHiv3i6W4nDKguTQZpqfocn4YJ6Pps7H1,asset,They Live,hackatao,
QmSdS6wUcwDEoiPFBwt1ujSgcZmw5Zwcu56x96pFAx7uSw,metadata,DDF3,obxium,
QmeKY15NvAap5hYyGXQymyQjq5JQ74Lrvmm4MUPYmcPAau,asset,DDF3,obxium,
QmXVVZU7HseWdsDDsarQ6EPo9KSYX9CFy4VrfKYzWDF33v,metadata,DDF2,obxium,
Qmbs3BGdB1HPkjULSHsH9kFBAqpPUX7yzGmRfXnAX6jBHU,asset,DDF2,obxium,
QmQ9BGkKHhJnBag8dRbjFCyJdbtsSfK93yYr1eqGBEDPXy,metadata,B.,stina jones,
QmRMCQeMyxRvxFuzpe388VnYsqaSP2NXLwwRKEPedJE8dE,asset,B.,stina jones,
QmQXaq9kEAN8jGko3p6CTxwHaYDPa2xcuvaCDrWuxVYVw2,metadata,Emerging Shapes One (Triptych),martin lukas ostachowski,
QmaGsWX9aeciTv5myHphr8xgKHRJW3vvgMSgtpQQYB6NJT,asset,Emerging Shapes One (Triptych),martin lukas ostachowski,
QmWYHFrHpyYUUVgR58WVUVnvmLpEhs133XJFKdZCSLXE8d,metadata,Emerging Shapes Two (Triptych),martin lukas ostachowski,
QmTz3QQMAX4JCSFb54qtY3gkpkeeS8fHyaB7VQ5vQWAQGn,asset,Emerging Shapes Two (Triptych),martin lukas ostachowski,
QmQxYJTwjgaXJWqnE3wZmAXNYfFQWydd7jTpqiVP9CSZcc,metadata,Emerging Shapes Three (Triptych),martin lukas ostachowski,
QmfQdEScZiUP7hN8VxN6wukZbFKCuxnNp1mMdWGbyRjRnF,asset,Emerging Shapes Three (Triptych),martin lukas ostachowski,
QmY58293D5ScZxepAQqs3YN73ZmksS14KSSM2gywcGT2PA,metadata,Etherman F,Lev Polyakov,
Qmd5PkQbCbujzAbe2hcUHXh4919ojSMmFVWyeWxW9o8AmJ,asset,Etherman F,Lev Polyakov,
QmborrEQ2etM5smfTLUKANgwTw7U1SZDSmsx2kx5ywdc1F,metadata,Like a Human 1,hackatao,
QmRpqFDQyQHHNzSTHpbMzyFUZkcPzh2tRWpz5qQxwVnuL5,asset,Like a Human 1,hackatao,
QmTu54dUw3Jn2HjiC5HDh31hHPVE1dHBcn3BHHUeps2WTN,metadata,Melt,aktiv protesk,
QmctDZHWLHh87kNp7qvNXJupfj2Pt7GE7UegfkR1ctcnMP,asset,Melt,aktiv protesk,
QmPBDAedauUJUz4Fw9skwuY6ZnF9PtE4VRvjvkwbWWhnru,metadata,Tempo,aktiv protesk,
Qmc1g4ddA9TynUfMKCjr6ZFZtcobm4Bswjq763HFe3QsE9,asset,Tempo,aktiv protesk,
QmfPHJGGq2sSia4d9osWw7T2STJbMw7RJz6x1PLDv8whqL,metadata,CoinZuki,coinjournal,
QmQvcmPP83hnvzeRnuB1oJm9E1iuoTR4VXZpVeDRj66tmK,asset,CoinZuki,coinjournal,
QmcCdppXXyQ4UboiUzse7iV5muMMRFmNrNZ9WVT1QYkW9B,metadata,Cells,oficinas tk,
Qmb5oFEmSJRFBZaiRZxgMqWwiPkqHL4ARq2v1XBgfnawvF,asset,Cells,oficinas tk,
QmWC639z6D9Mo9j8fKSa8gvn4uSHbfPfB3U2fceg1VJSw5,metadata,Devilish run.,drawingly willingly,
QmeL43j1gkKmGkmHcwmZqvevKu69LVhULDkgnsmTLP7TCQ,asset,Devilish run.,drawingly willingly,
QmcESe9H27GKiykJei29og9ubezc3ZA241BikVKk3am3pC,metadata,Nr. 418 - A Crystal Formation,oficinas tk,
QmPjGxiqCvkESUEcJeTqWeiMzBNYQDCTeUCNo4NfQdgeCC,asset,Nr. 418 - A Crystal Formation,oficinas tk,
QmQW8sa7KrpZuTD2TzvjsHLXjeAASiN7kE8ry5sCLYwMTy,metadata,Nonfungible tokens,HEX0x6C,
QmVUStSL15EHDRVarXtAwd8ve2zZPLnyoHM4ERFxx3xSuq,asset,Nonfungible tokens,HEX0x6C,
QmNP9SaMCaYYDGQHREAANDRZRR7KngyLib9sKtskphGxL1,metadata,Emoji Love,Hackatao,
QmVU4iKp1xbqFmfbNumMaEo7C2C9ZJY8wAZVzcwngwpiWX,asset,Emoji Love,Hackatao,
Qme7gmjSTr5Dufecfh7iekf3cjVkeKzXFhDKjVaB2zZE6R,metadata,L1s4 51Mp50N,Franky Aguilar,
QmVnPniLLYSgqUgyu8VTWTaWCKT3KBKRVoy9Xnezn7Ypgp,asset,L1s4 51Mp50N,Franky Aguilar,
QmNxmno11NtmcRdF5iE6ak4Q9DZ19RkKfm79LrWFxo7JXx,metadata,M4R93 s1MpS0N,Franky Aguilar,
QmRZwJh1Pg2AdjUCHDo1Dt9nbzujfZ89ysdSNyNcbcTWCo,asset,M4R93 s1MpS0N,Franky Aguilar,
QmVDyQUu7zQiTf1ArkyDHzUYntp58enT3Tq7qvxS3BhZ24,metadata,m4991e 51mp50n,Franky Aguilar,
QmNz8TSbXUSEKog8ZPZrEcgEgDSZRPCUZRHJAFPGLteD2t,asset,m4991e 51mp50n,Franky Aguilar,
QmboazoQNaYHm3iXx3AvyEhuHUKCUw7F1kHmuVjyJLdk4x,metadata,h0m3R 5Imp50N,Franky Aguilar,
QmNrxfYQZwBVsYDeFqgDsK7ZSeo1XLuKCEWDjuVrzntc7n,asset,h0m3R 5Imp50N,Franky Aguilar,
QmZP4jyXX5opusczig8C91jKw2NNZbNsxdSuyj7wVh46H5,metadata,84R7 S1mPSon,Franky Aguilar,
QmSgiQs2BVb3XBH2e5KeKpF226ZKVDzJupiETv9ptb7MeX,asset,84R7 S1mPSon,Franky Aguilar,
QmePmn3Eufv82jY8vqLeC6ioqPb7Ug1kp24vMbb3Joapmd,metadata,Cicadada,0xBull,
QmVai48ALBnYbUvpceg7cYqEztcZfL8HWJL3FMRMUGcDHb,asset,Cicadada,0xBull,
QmUNm3fQVjMafZi2VNGHEpDxujfcvdmA74YUAHK3XjL6Dv,metadata,Jurassic Park: Chase Scene,JYGRAPHICDESIGN,
QmRdXF3WyqRJ6TuSpvDSUzyR6cm224rqr3LxaXSPfzUmeM,asset,Jurassic Park: Chase Scene,JYGRAPHICDESIGN,
QmZ6YmsD43DLzAawVFE9vHNyx19mPBW4VQF51jZjgcWVf6,metadata,EXPLORE Poster Series: Mountains,JYGRAPHICDESIGN,
QmNnJuLzgYoSENtv8zTviFEYAXFAGTwrwkdw1GLUBhDTT6,asset,EXPLORE Poster Series: Mountains,JYGRAPHICDESIGN,
QmPKT22HCMFHK6VsBSYmiAM5pUe97QNyBcuv2nVGT287jK,metadata,TO:KY:OO LIGHTS #4,Aktiv Protesk,
QmVNA7747CJgfpy6sMAPuhYC3HXZcqozeFysLHzQ1c2yyt,asset,TO:KY:OO LIGHTS #4,Aktiv Protesk,
QmZYtbsGXReMEpEA7C13sZePKbiR4egB8c6exQS4kScjcn,metadata,TO:KY:OO LIGHTS #3,Aktiv Protesk,
QmcV8mZoxJQ549PnoD5t7RmRZAZJvBA4M6m6g1ZrHPSoqm,asset,TO:KY:OO LIGHTS #3,Aktiv Protesk,
QmVtBoHLhWi95jiLkZBLmrYhYzjN11WeQ8ZiPqjmMxKDRb,metadata,TO:KY:OO LIGHTS #2,Aktiv Protesk,
QmQauHywur17kgjy59GtzgvAWT389DQATdPcpnQnHEM4m1,asset,TO:KY:OO LIGHTS #2,Aktiv Protesk,
Qmf47DrqWEf1YhJZVdj7opgKL9gBnvzFbBVG9PJR2e69fu,metadata,TO:KY:OO LIGHTS #1,Aktiv Protesk,
Qmb1MYxVuPbzt7efhCHgCqry4MV9pjMGHdH2TgPMkxBedo,asset,TO:KY:OO LIGHTS #1,Aktiv Protesk,
QmfCXK5LHHkPyu6BetPkXU221fFdohSxKqFpHi571rzQnN,metadata,#93 - The Standing Stone,Oficinas TK,
QmbxQoLAP6u4ofFahr2p3Ead5fykQ9a9CFfLZyDt2WNrB5,asset,#93 - The Standing Stone,Oficinas TK,
QmXRAiBMBqFx1jEyd1s6anfpBStqjogYsDZ4MYhq4jfRHN,metadata,Our life is a loop,Fabiano,
Qmd4rCn63gNeR8eeXutmsSdhf5VN9QuqwPwobiCGdMXoyY,asset,Our life is a loop,Fabiano,
QmY6jVy2J2467XupsyU4EbMA9yYsiethqa8restWRERpJX,metadata,Shockwave,Stan Ragets,
QmUq5tHpdVKGGQAHSNXAhDGkuDz7cYoTWRaRC7mEKTSwjy,asset,Shockwave,Stan Ragets,
QmZzw4yoJLE9LRhWvCcYCsaQkGtnZwBfdgQE1ZZmX79SxN,metadata,Gnarly,Stan Ragets,
QmNisNLskMYHGdjS9qrxs14Kj9qZL9AuHSCEExK51cZzYy,asset,Gnarly,Stan Ragets,
QmdWhwQpvnPaauHTGYiemLonHit3bRcCPPWUBbX6jHGWFN,metadata,Lying Nude,Shortcut,
QmZpdFfq5UobSk9Dd1rBzDdVh7ML74V7raXDDj52AxpxhA,asset,Lying Nude,Shortcut,
Qmajh4GMHtRVU8rwGs8t2Ad8PFgbi7CRbdSidDvfxZkVVo,metadata,Scream,Shortcut,
QmZt92HZ7wbKcTcNV8AYuSc9PUX6Sfservg2UuN5P2hAFW,asset,Scream,Shortcut,
QmY5fDjCFU1HAadTDu7DNuaFiJzrhqFukatTLSaZJX9mx5,metadata,digital self,Shortcut,
QmSsyVRWfaxNYU2DM7eyW9tBunyRCUt7S94QpRc35Uf1rm,asset,digital self,Shortcut,
QmYsaYJhogrtxUbE5q7vxcyCAbqTz5nEZUPoMEQ5cSVeGb,metadata,Basura Volume 2,Mattia Cuttini,
QmT3AVEWS2wjmLRfG7xok4xRnNtPrcrLjcmJ2GzF1kVy9y,asset,Basura Volume 2,Mattia Cuttini,
QmSrty3isWVrfnB46ZbzB7g6gkBoSjMzWuJqeMX8X5mTvJ,metadata,Abraxas - a talisman,Oficinas TK,
QmeWRxRQkYocuF18hv1117uhzzCbd4Htz8dg4yitbyNMzu,asset,Abraxas - a talisman,Oficinas TK,
QmTBrX3zHCvZv7CdsBgf55tXnhatcmjn8fvkuMtGVC4jXW,metadata,Jewel of the Desert,Philotimos,
QmQoqbJeixPTtjt4oz8ec78FHWj7A9rqB6wGPYpta3wQQU,asset,Jewel of the Desert,Philotimos,
QmaCUKMfEbdDveizoG5kbdjHCbZEufLWLrxrCpbq5XBSrq,metadata,Bucephalus Rising,Philotimos,
QmPScq9Bte8ALfTHBA8nzAUzGirsf3JxMd1pjPJ1LTvUot,asset,Bucephalus Rising,Philotimos,
QmPttRzEhWTwtFsUiVdxCfQj9UtpNtWXY7SwkgYFvHiXmK,metadata,Iris Alien,Philotimos,
QmQU5NdCFeT9MTpnGRHLZBUTKY4QygiN5NNvLa5hLrnM3q,asset,Iris Alien,Philotimos,
QmSGpEQUVjKF8hZ5NmHHYudKR8mEc5JVbFoBhZoa4PWhwL,metadata,Nº025,Maarten Corpel,
QmeZniTGgNyd5qtkbW2bCSxpuq8a5eamid3P4pxMQYQJb9,asset,Nº025,Maarten Corpel,
QmXhMwv3Qgm1sHjuUykNsG64j338Ee6GLUK62naZhTu8zS,metadata,Nº019,Maarten Corpel,
QmfWCtgNRQe5Lf8TeLQLYiqaiiTeSAj1BPBVdJRMShpoYX,asset,Nº019,Maarten Corpel,
QmWdqogxXdtm9KB1DcpG85JuRThGJUTJTDekSxyLEpKCjr,metadata,Nº008,Maarten Corpel,
QmPwk3VBY78QyaegHfWN9T4xFeHQsm4cTC9xqypW9fVk1X,asset,Nº008,Maarten Corpel,
QmfCCzFdN8C72AYKdf3asDh3BYCfaUww7r4xktNj4HBkgJ,metadata,Nº007,Maarten Corpel,
QmeNHAoEBgxxUgBU7ZuYdaDXEjUxD7UQEThMzYMzySRzjd,asset,Nº007,Maarten Corpel,
Qmejc2mJ2HyDCSxKFa7dTZ871UYL94qYarmwGEc2cKEwnD,metadata,Curvescape 1,Kjetil Golid,
QmVamrpis3kSWZfanF4mb4ePpq87cbpGirJcMC6m7pufdc,asset,Curvescape 1,Kjetil Golid,
QmRwKs11o3GspMk1TCHBRNsKcc75xB3PHRuyE7XXk39Gz2,metadata,KnownOrigin,Rare Designer,
QmeETbyxfBufYLpk7s16V3EjD6HP43b78T6jncxx489yMi,asset,KnownOrigin,Rare Designer,
QmaZoivq5UBupy5TNjTNHFW7oFcWBr86MmhFRgyZu4HrbM,metadata,AI Huascaq,Max Osiris,
Qme9JVNP7SSCWPwoBEb3Js4nmm5Mz6iQ9ojcAxF7GrEuC3,asset,AI Huascaq,Max Osiris,
QmeHkeRS2aauXW7i2tRJuSmZoiiAJjKwwFk7ArYWVMNZug,metadata,Definitely a Toaster,Max Osiris,
QmPP136q3ePDyT58JPvesKZSXViW8bTd2UGLjHqquQtUHX,asset,Definitely a Toaster,Max Osiris,
Qmdx6zCejfqcSA4ysWCcJsV4537ybHMVNEJ8xbK4hFzxGv,metadata,Philosopher's Stone Extended,Max Osiris,
QmPYcMHMzuBLYXNSm7NLNRiyVWH9cdaKMABfnUSNThEtDk,asset,Philosopher's Stone Extended,Max Osiris,
QmQqH19M7HrLZnmgWdxqEFZ1mPJN8NxGFm53feBURZpxGT,metadata,Nr. 111 - The Pit,Oficinas TK,
QmdkqXoVfY8icbqK9BGS9EdMtJXzpPfR5BWeYC4DTu9EtJ,asset,Nr. 111 - The Pit,Oficinas TK,
QmeiDggfmvqW2akr1JPgtzwcS8tkqJLpnffTyzBX7YKPka,metadata,Genesis Block,HEX0x6C,
QmT44PASZuJRbAwZV8QvdRUV1DSubNUJSmNxGJnVKPSs1m,asset,Genesis Block,HEX0x6C,
QmNi9VXaX4Fxy7LUQS5DaLfwiKAnbytwiwDnPh5WYL48DX,metadata,Warp Speed,Stan Ragets,
QmUGGMarXgcDTGfezcHAoPYREHuVBGPE3xzWJfY712yLpy,asset,Warp Speed,Stan Ragets,
QmXnY7AgLekvvU4PWtkoZMgENmy9sL6oX4MZq5oknwZzWB,metadata,Unbalance,Martin Lukas Ostachowski,
QmVEp7v9KYNBLZbqnRWKN5UEwR3RLr7TfSig6YuYjYWR61,asset,Unbalance,Martin Lukas Ostachowski,
QmR4UoUzLovCSPdVF5ZweXhJ56UAoe7bcxGQtGNZL8rq6g,metadata,100,Aktiv Protesk,
QmaknYZvA15XUqNjjffP9qiytA7b47UdzzTpVEiuSiDduZ,asset,100,Aktiv Protesk,
QmUFXRPof2135qhzFdvQEbBE7WCF1YbJncA3pW8eVoyBEp,metadata,Paul the Prairie bandit,Azbeen,
QmSXFdWzo7BxftcGPoUvdhB3n8iNs9yD1jDV6gJBb5q4NJ,asset,Paul the Prairie bandit,Azbeen,
Qme5e6jQeZZg72QQtzYECDmNKaZZuSVSheQ21DMkLLWbHV,metadata,Rainbow girl,Azbeen,
QmYobbd4FquMKRgM1xPWtHsEDm6LMZEk11gM8eLDyvyWAp,asset,Rainbow girl,Azbeen,
QmYiEJZBtRgDqA1EVLRjHiKutjJMpbF19TS8o97NWSkY7E,metadata,Bitcoin Rising,Divo_Tvurce,
QmNmf2AHdKywZhPLvVCmVSLNRzRzNgh6gdGJtLupZNt77y,asset,Bitcoin Rising,Divo_Tvurce,
QmXn4st1PjSXNaTnCAzsc6h5t3LMhmDv7TQxJVopVrSbhT,metadata,The Doomed,Divo_Tvurce,
QmSD3wWx4tSXsCaDrKMVHU8aGhXzbruLw1jLm4PBUXLdT3,asset,The Doomed,XCOPY,
Qmb4LTJ6SxSK7ebU7fZT3ZLje9xDJ38t7zPdMzC1nu6VNN,metadata,The Doomed,XCOPY,
QmSD3wWx4tSXsCaDrKMVHU8aGhXzbruLw1jLm4PBUXLdT3,asset,The Doomed,XCOPY,
QmNqA75z2M2XxToKCiUMBNo6jNVg5VdJEaHHtQfqHEKRjz,metadata,In Guns We Trust,Scott C. Waring,
QmWxJn9Eo6ZTyhXXVRs3YzCD4UxJ6woUbDvCYeHXussCHp,asset,In Guns We Trust,Scott C. Waring,
QmNSFvGUUSSwX7AupFc4WM3A8oM798ZYDXWBQBBqDfTsk1,metadata,Access Granted,Scott C. Waring,
QmTnP7wnCvgof4F1qYgKH3uXQ8GX72AuSzr3G2jdY8XehU,asset,Access Granted,Scott C. Waring,
QmZ7vyp7GPZxApjsdhDgQYbY2uvM5RX523x7M2wuyKTtHT,metadata,Obey,Scott C. Waring,
QmZxjcMEvyrN7NE6QTUQtsv2tKbSiPtKqBfBjvhttaqykx,asset,Obey,Scott C. Waring,
QmQotN8MDgojXHaS6PiA49vXr62indZwMuhXFLGTMY78BZ,metadata,Orb,Sarah Louise,
QmWSLxHAy7SmAN4kQutS8pz9ynm2hRwzWnrkWHE5tmP2jM,asset,Orb,Sarah Louise,
QmcqXWZqBLAAGfLT7T3Cfv6v9djRVYwqgi6AAENAcdnyAi,metadata,Chemistry,Sarah Louise,
QmZpfrC33ve3nQwXVx8AZjUh5p81fZrZMwkfdDoEzgkpre,asset,Chemistry,Sarah Louise,
QmUujvzRjCTjZYFh6SzofRXTidng2dZsjZZTqL1fwFwgx9,metadata,Rainy Lepidoptera,0xBull,
QmRwmSDut3KjwPn6M4MKVxNToLKEaEYuNNepMCwZs8qe1s,asset,Rainy Lepidoptera,0xBull,
QmQLoGN1jqtfBpGsyWwMzfu8bsSrimm3rARikLyGyjCnA6,metadata,Nr. 350 - The Entrance, a stamp,Oficinas TK
QmYopgur8FvkrD2ewNXRWxJxJ11VDDLVAbnVxw51YsafhE,asset,Nr. 350 - The Entrance, a stamp,Oficinas TK
QmQfekqvArSBwqUZisArmXpsZDb9cqyauHkyJBh141sR8Y,metadata,findethereum,Rare Designer,
QmULaVGrFLts5occ9K23FLFSZxp9B6KYCy3n8FkHrCvvMt,asset,findethereum,Rare Designer,
QmaUiphRv4cxBE7tkTJN1sWVA7Ps9LWnteZQ8pcG7Dx47x,metadata,etherprisma,Rare Designer,
QmPsnUtCPfyKtiDypQNrE47CkHbECX8ZZ3RUfW3b2Yu1Fi,asset,etherprisma,Rare Designer,
QmaUbYo35tZeMHsvZB2JUq3wiDTR3R9qFmaYkn3cs2bgGa,metadata,CryptoKaiju,CoinJournal,
QmYdoGCoNaEJzY5pNrwgpnisach8yQgjejL5zVBZrhfHHg,asset,CryptoKaiju,CoinJournal,
QmUvmRQZP8HvyWEeoCpVUP87QVFzPAQr58gXSs2mC8D6KB,metadata,Moiré,Oficinas TK,
QmP8rRUkJUR1KvAMaDMkt4i6iyS2zey6g1HiLUYwR1gUhj,asset,Moiré,Oficinas TK,
QmZLEccpPnJJDNucmzpqk7cJxkPb5nUTGukQ5xwJW5ihuV,metadata,DevCon Mirror - Take #1,HEX0x6C,
QmVr28zRVDSsVKBMbrk7M18fsNUdAs4uoNLNV4FgLbYQHB,asset,DevCon Mirror - Take #1,HEX0x6C,
QmPF1EfH572jy4oGwq7Dvdvzjz35dCpbUWxGnH1JKvGjxi,metadata,UX18 Award,Martin Lukas Ostachowski,
QmZkriBRKUq76BjMbH22zsWN4ybDoNDQwtZ2jeaStc3Uyb,asset,UX18 Award,Martin Lukas Ostachowski,
QmRPWb3NaDjMoaCxyszLZpiRRUmggP1NujohPyyP4UFB5Y,metadata,DC.IV<3KO,Brandi Kyle,
Qmf48oBxhMuaYAPEQHTiYEMCNX4ovLaczWSiEPe43HyYML,asset,DC.IV<3KO,Brandi Kyle,
QmadQmNz1ekjCwNDvEADpwH25aiPt3NTpZUzJd3eEEaJGp,metadata,ethereum rising,Cryp_to_Art,
QmNdLe7Y7NAdcQ6NchYiwcrUEChF1qodMmV3MGRDLTMFSL,asset,ethereum rising,Cryp_to_Art,
QmTizLNkd7huWVXGN42oj3CuHc7wAcNVBpFwEj7o812QmF,metadata,NFT-DevConIV-PelfSollution,PelfSollution,
QmTmfbghALLMFQ9ZvmaWhhzMchxV338C7PozELoXRNUqwq,asset,NFT-DevConIV-PelfSollution,PelfSollution,
QmcBE5jJTE4fkSg7XFUKkDgZydMJbZuP9SZN9drkPJ1Dfw,metadata,Fluidity Observations #1,Brandi Kyle,
QmNmkQmA2xegt6QyjbcUBcs2qpBu2XtsnFYikLNGhF4Fa1,asset,Fluidity Observations #1,Brandi Kyle,
QmeK37gQxmDZ9727vYUTzXMTpiwSEzAc6LTNSnj8mQGhQ1,metadata,Fluidity Observations #2,Brandi Kyle,
QmQHAXcQyECRunSnckA5HwshVubyVXrHKRDAmdnrqTyQNM,asset,Fluidity Observations #2,Brandi Kyle,
QmdMgnmT3jkYHrCzQFe4n1ipYahbZxxLNAoJCG4APbRjFR,metadata,Illusion I,Cryp_to_Art,
QmTMGSxVx4yBfGSTVahjZgGfuaZMjwovnviFEELkmYWUJT,asset,Illusion I,Cryp_to_Art,
QmasX1CYT8Q5vG8T1aprVUunx98yQkzJiwFccNJK7QUDba,metadata,Curvescape 2 - The Hinterlands,Kjetil Golid,
QmdK1x5nAzR4t9oZcNYhwiVxBLUyHWm759PiCuhrrmhJa3,asset,Curvescape 2 - The Hinterlands,Kjetil Golid,
QmdoWz5ihUuHtuCZZpzn19V1PGFqexZ4oieTauerfhs49R,metadata,Curvescape 3 - A Thousand Lakes,Kjetil Golid,
QmRFF35TEqMVEdbi1ijyRHofwkRC85TccQkt58Bi9YGAiW,asset,Curvescape 3 - A Thousand Lakes,Kjetil Golid,
QmZMSgiZRiPvtbqi2ZvGZsK86NqN4Wi96aerxfJjFtxQF3,metadata,Curvescape 4 - Ocean View,Kjetil Golid,
QmTqUPDDGXCxzjZFLfJHhSuHZPcRF6hwg6GxvSZyMPbqt9,asset,Curvescape 4 - Ocean View,Kjetil Golid,
QmQniw36qJuJmJBniMnZaNPzgYrfTYz42g5na7LiRNZtE3,metadata,#Hashiverses 1,HEX0x6C,
QmdPUTbVUai2xKM3rdGUYhBnZ1iLqBMDkhR77BwmeNpdLp,asset,#Hashiverses 1,HEX0x6C,
QmXrEbASpNUUNGyf2kzhKCaqH2zuioZugnSg2v2TZJNNhM,metadata,#Hashiverses 2,HEX0x6C,
QmXhmkPGqkpHjSNGzA5uzSc1EhzdRLQnF4NGMhgCGnadrg,asset,#Hashiverses 2,HEX0x6C,
QmfTugUMWm4iysG7xAYMCJrwdNRc8fLPwQrNam2Wie5jSY,metadata,#Hashiverses 3,HEX0x6C,
QmT38uQWVQAo3TWA9ZDaLf4R35YomXgXYo9pSyjvSxu4XV,asset,#Hashiverses 3,HEX0x6C,
QmdoX489oH4f7x6MGha4cRCQY1FJ4UgxBJAozzTzB2i9wS,metadata,#Hashiverses 4,HEX0x6C,
QmXMLFoN6vEYq4a56aNJqUD1mwi2bPqWTvdjSwAQ3ZFBoK,asset,#Hashiverses 4,HEX0x6C,
QmcSDpnW1fgjLbZXKxekT9JZJZ2uhsyiZc7ewMiS8VRLyA,metadata,#Hashiverses 5,HEX0x6C,
QmUnSHLVgjrsMzFrdsXcxC9BFVeMSbEfqamdTQHgeB8hw3,asset,#Hashiverses 5,HEX0x6C,
QmcfTd8ApofgX9EFfmcmbsjYimcXauLdq7VTQnKLHAqGtT,metadata,#Hashiverses 6,HEX0x6C,
Qme3QJGrNGFnh3pnw1RekVavgmAXrpWZHU58cqY7xYWCgx,asset,#Hashiverses 6,HEX0x6C,
QmbiEuTmCDyZLWLiL28JKqMhGBhCRHLvrUkem6bbRFcxqz,metadata,#Hashiverses 7,HEX0x6C,
QmcXdC63GCxG3XN7ZZnF8G9924oCvVmsWeCWfDZXufce4B,asset,#Hashiverses 7,HEX0x6C,
QmPD1xXYR8n6xNLuWuqsE6Cy7fV2odFpZG6eR3JKj7sv3v,metadata,#Hashiverses 8,HEX0x6C,
Qmabf7g8wAkEeZpMRB92ShJezzQ9rprVfDwpZj8P88L88y,asset,#Hashiverses 8,HEX0x6C,
QmbmBd8j2DdoRFCTvdjMdW4vH7enLFJV2fS1sxGdCtmgRh,metadata,#Hashiverses 9,HEX0x6C,
QmcPNoLJXygn7W4ZU9Th4rj9nKM1m7Ci2v58pkYM6bjpvp,asset,#Hashiverses 9,HEX0x6C,
QmZVeV3H7RHkXnSHj8Djc91ZiptFL6dhLPc5gTkgmU6tRY,metadata,#Hashiverses 10,HEX0x6C,
QmU6YnHtDw9Wv2M5gnCmGKFWUHwJeRUfVyWALiPskRu3bC,asset,#Hashiverses 10,HEX0x6C,
QmRyyZ8VD6vhzwfDvJ6vnJZceVhmrEfZeTeVwgBAjo4EEF,metadata,Fourteen-segment Dope,Mattia Cuttini,
QmTC9q2diZYusH5W1BNPCnLekLaFxAY3jJxTV5mVeqWM8j,asset,Fourteen-segment Dope,Mattia Cuttini,
QmZoE4fSeLgz2Y4bmEgsAFoGmVeiKJzrZSZcYXFoJFnziR,metadata,Fourteen-segment Fuck,Mattia Cuttini,
QmdeReu2iiQdNC8kaZfNBspsq83ZE4ChtPFCXwLq2pVNPW,asset,Fourteen-segment Fuck,Mattia Cuttini,
QmShiQpg5XmtFPjse7fQZunScHEki7E1P4aSWbc7Prt3Gv,metadata,Fourteen-segment Hope,Mattia Cuttini,
QmP3AnevTyz1vA9UPiFxCv6Ax8TBY8BHHziAbFHj1kG67u,asset,Fourteen-segment Hope,Mattia Cuttini,
QmYvfgLm5qAWELoDpikWdBE32K2A32PiugARQdjWiMiuhf,metadata,Fourteen-segment Beer,Mattia Cuttini,
QmeswqWPK96LTRJ46LbADYsQb9k1Brdhx6qyUfzVAGx8Z9,asset,Fourteen-segment Beer,Mattia Cuttini,
QmVwJcXnTZd94s3f9n53iiv4t42LAM6XZkw1VDLX6Z3w8x,metadata,Fourteen-segment Love,Mattia Cuttini,
QmdhYvHPSo4EBbq4ecV5uv1SwCiRdDEkKDrk9bFHEFqfJs,asset,Fourteen-segment Love,Mattia Cuttini,
QmWq9fZ69DYL69jwSrEuaUjkd996mKsjTjHSY2BcowZid6,metadata,Fourteen-segment Hate,Mattia Cuttini,
QmYmQ2nkuAiWnm2H7yDyqaBzsTqMcHsx6J3V4XuCyZbwTu,asset,Fourteen-segment Hate,Mattia Cuttini,
QmcSS4FpKou22mmiRxj57fh7hyLVrNamqW2uE3dmSSbZF2,metadata,Seed Phrase Words Visualization RGBCSV White Edition,Martin Lukas Ostachowski,
QmT7bgb34aG34kHxvCrMJg1psGq2eF4gBjkkbAhvgKN7b6,asset,Seed Phrase Words Visualization RGBCSV White Edition,Martin Lukas Ostachowski,
QmVyuwBbwSjFas7aRZSF25hZLc9uM27vdNE1EuH1YMADEV,metadata,Seed Phrase Words Visualization RGBSVC White Edition,Martin Lukas Ostachowski,
QmV9cpyKp73pJr53JppdksgWkddpL5cFZ1Yss3svpw2urT,asset,Seed Phrase Words Visualization RGBSVC White Edition,Martin Lukas Ostachowski,
QmW5PDUv9tY6GyFbTvdvLZtT9YrTHNDhyv5vS8zSHGeN9g,metadata,Seed Phrase Words Visualization RGBVCS White Edition,Martin Lukas Ostachowski,
QmW8v2S8SZ5KRsrvHyGe8aL2Dca32RJQs7DDnduEeg2VEv,asset,Seed Phrase Words Visualization RGBVCS White Edition,Martin Lukas Ostachowski,
QmWTaVXVaXnFJY6XPbp3KR4G7JPsLhsKhuoNXamA5LVHr2,metadata,Seed Phrase Words Visualization RGBVSC White Edition,Martin Lukas Ostachowski,
QmaryRDxEaqSsjo93w5M7tHbEgNW6qKfo3b8LuGmrDQsS8,asset,Seed Phrase Words Visualization RGBVSC White Edition,Martin Lukas Ostachowski,
QmUBVvkPQodEr4JSdKtp2PGGDZsVCUekr251CxLF2q2Gb2,metadata,Seed Phrase Words Visualization RGBCVS White Edition,Martin Lukas Ostachowski,
QmPTiKLqXMxmjkPxPaVNqMkYPhvxAPR9JyLSyfzfHXqEqh,asset,Seed Phrase Words Visualization RGBCVS White Edition,Martin Lukas Ostachowski,
QmfK7Ymcydud2E5GnEZKZzSzhyJFoWTMJNRKC4qArNmGsd,metadata,Seed Phrase Words Visualization RGBSCV White Edition,Martin Lukas Ostachowski,
Qmaxa7x8bR1gS6ThDuswopotVHkpE5UX29kUx1CFMh4rST,asset,Seed Phrase Words Visualization RGBSCV White Edition,Martin Lukas Ostachowski,
QmSpL9k6d1nunebVfrhJc1qG5J11Wv2HPsy6vDseNwH2QZ,metadata,A kitten called Bastet,Stina Jones,
QmZoHg5uvskvtCZzztriYWaaiyikZg34yVtbpZLCX4pSkb,asset,A kitten called Bastet,Stina Jones,
QmRNi3Jxo83u3E5evNPBcngecMUDKR7tnVvZScT14kUiPp,metadata,Controlled fire,ilan katin,
QmY2bP5vsnexS29tfvYurkJkjMM8EuRfRxC3Zd9inLbdSH,asset,Controlled fire,ilan katin,
QmaqKiWPvTY1DEWBfvboLBaBthvHpeP8FWugxpptKYhejr,metadata,My name is Ekaterina Kat Iliev,Núria Aguado,
Qmbr6pLpJz1iccN7so3nYae7BtqWYHZ7kHdnY2PAchPEoH,asset,My name is Ekaterina Kat Iliev,Núria Aguado,
QmNQYSVW3GLiaPqgzB4TbbqgzKEr8mC83Zq6nz9fBqJY34,metadata,Disintegration,XCOPY,
QmYhK5RbEY1h8B3cgAhVWQrmawTaXbUKJMkwni1oCXydZS,asset,Disintegration,XCOPY,
QmVFtrf9xbRWMnZbu3hCmp2PfDNG6J3sa39bBzd1ruMZVf,metadata,Neon Kingfisher,0xBull,
QmcDVMBEJY3m6UDhBDZVujVmmWFw6Q2xnsPLRZt8rVQ2oN,asset,Neon Kingfisher,0xBull,
QmPKr2jey4ZAKXSYB1ybRUWmLamAykrawK7Yvc9zvDWk3k,metadata,LOVE IS POSSIBLE,ilan katin,
Qmb85zBX4H9zYJcXy43gQUTDL3kJryNCyUz1Q7xzLhH88d,asset,LOVE IS POSSIBLE,ilan katin,
QmdPKzCTyP7uewvRcgRDL1UFcVxeuGqegBPZADabF7SdFg,metadata,Bitcoin Cash Split Block,HEX0x6C,
QmcAXLagYfEhLiNuMzBnbRfEzgf3rZvTGQPwY4wHtsX352,asset,Bitcoin Cash Split Block,HEX0x6C,
QmQ9gtErC5NJWN8RFwax9rwj74xzAsWJgpvaqMxVwtnKGs,metadata,Nr 13 - A Crude Haiku,Oficinas TK,
QmQedqU9btecFJL5PnKJhgxuixHcB8suYqTwg8L9R4HecR,asset,Nr 13 - A Crude Haiku,Oficinas TK,
QmS2MzELxpfavKeSScam1BRvfb9D6oi3Ey97CphDASydvB,metadata,Curvescape 5 - Mount Perlin,Kjetil Golid,
Qma4M3YsvYnwQFmo9Sfo94H9n9ft77xCV9M2tCqDwKi2Cu,asset,Curvescape 5 - Mount Perlin,Kjetil Golid,
QmUsApvvKUdukfcTM88VvijfTFTEsEN7NdyUi8GCfTCK9U,metadata,The Coral,Philotimos,
QmPqtbAtjfZvduTbVdMY1kpbh4Jqoy5bVYJSy9kYuNeWsW,asset,The Coral,Philotimos,
QmdyUNc6iiXdobaH5pYxGik3tWvSJXem6tPfyCnvLSMbes,metadata,Elephant - Illustrated animals series,Danny Greaves,
QmTfnHk7gKfzxb9v55RmGc1Nf1p9X9nh4e3sD1imttabtC,asset,Elephant - Illustrated animals series,Danny Greaves,
QmTA7EmrK5b7q4drzEXzLYHwVJToYmjohUeSf57ryB5PF7,metadata,Leopard - Illustrated animals series,Danny Greaves,
QmSYtJ5uJhMEmQHZkd58by3kgCc1hy7jzWbNU7g7Q3xKup,asset,Leopard - Illustrated animals series,Danny Greaves,
QmNh2TJL1CzLovB2Y43zKeSg2hKc1jMKi96bDarjjZE9pp,metadata,Sloth - Illustrated animals series,Danny Greaves,
QmbJw1JeM4dPNUawDdFrgBZcykaRsGobmVbG6npAD48qu9,asset,Sloth - Illustrated animals series,Danny Greaves,
QmXgmeG6CYFkvnkSxEtJaDXPJpDmY5udPGJQfMFJJZxzZX,metadata,Gorilla - Illustrated animals series,Danny Greaves,
QmbALYikKcfeVCJ4aZdTGGqwpB8vuxzF7Xna5Y1AuLYJyB,asset,Gorilla - Illustrated animals series,Danny Greaves,
QmSRE3Z4XgJaZu2tR1aisrypYJ49HBi7fWoKqfV848rPva,metadata,Polar Bear - Illustrated animals series,Danny Greaves,
QmUaENQApWwMnDft52ZYa8VAVJdPC8yn2GBCMyJ7xcc37B,asset,Polar Bear - Illustrated animals series,Danny Greaves,
QmWtR4vX5XxGLt76KTjErZcK9g2fxS9ME6CbzabiM3Jucd,metadata,Cat - Illustrated animals series,Danny Greaves,
Qmc45LdMWwXKaRn6ePoKJnUGMoVm1eswDWeYM4c7nJaHcp,asset,Cat - Illustrated animals series,Danny Greaves,
QmQgbFFDRMHV5vnPruGgScorhsuQrSDH4sqbofp92uPhRa,metadata,Ethereum Classic Split Block,HEX0x6C,
QmNVXMAE7E85Ztp9NcCgFtXfRigFNdK4r4Qmdd5qZAJ7qk,asset,Ethereum Classic Split Block,HEX0x6C,
QmP5EpgntBzQudxRRycUyibgPDMkPau7c8rSGQSvCrM2yq,metadata,Pour #5,Brandi Kyle,
QmcYtfH9SYG9oyJ5S9StmmSCXghUBvqXjVR6gv33zfuCQC,asset,Pour #5,Brandi Kyle,
QmYYmwgeDwz7iX85GP8MXjdWyDwUCtQSMy2zWRkKrSuujz,metadata,Pour #2,Brandi Kyle,
QmXmobQ4pbQvTpozqyp8mU2zQuwkvMY9udRMDnugwEur6z,asset,Pour #2,Brandi Kyle,
QmP8PKpjkfed2wDJSwA4MjmYEmQDhhxnM4q1xhDovLsmfD,metadata,Pour #4,Brandi Kyle,
QmRwP5Rd3p5NL4UWkqjBBra5yFABmeraZreKuR2MVYoeYG,asset,Pour #4,Brandi Kyle,
QmZVZarqZpDJp2XzQkTnfkFyRjgnUEWC8ApChcmVeQx4E7,metadata,Litecoin Genesis Block,HEX0x6C,
QmT8PSUAAsK8Xqn1QxsZvsXT9o33gcPquVEmdB615KNx7f,asset,Litecoin Genesis Block,HEX0x6C,
QmaCT7Q1Hnz2gcVg38Ks3Hi5bj2ntUVj69udQV1gay3T4Y,metadata,Nr. 516 - The Transmisson,Oficinas TK,
QmTvSt42c8Wv6uHVubjtsfcrAbUwdLq668Ryi61SWzPAhA,asset,Nr. 516 - The Transmisson,Oficinas TK,
QmcTe3GBLL2UKdTg2NuE1Gy4puZM4dm61CnepqaZGwSGM3,metadata,Fear Conquered,Oficinas TK,
QmNPSBvM5PFt9bLbcwbknXoGBwLjjzWuXh5AaPk1KyhHAC,asset,Fear Conquered,Oficinas TK,
Qmb2LAnyYcEp4Z3EhgEzsVRrW3hKUkt3gkLcHa6ryfK4tx,metadata,The Great Wave off Kanagawa (2018),0xBull,
QmTwugsDwRNMvaT7oHsRjQrZgYuiZnajGMP9cEmRsehTFg,asset,The Great Wave off Kanagawa (2018),0xBull,
QmesY6AoTnGTpx4NnXTvaBxvH3P3NQeemd1C9NbGUckLQX,metadata,Last Selfie,XCOPY,
Qme2BVtkooAXN8F6WsgipWGiBgg7ja9stzXKkGdWef1Us4,asset,Last Selfie,XCOPY,
QmSvLB9xET4hNRw1YKCfZKSyTn4rz2wBEo2N2MRJoM81nC,metadata,Bitcoin Genesis Block,HEX0x6C,
QmZZv4wscNVPcG84V1fATU9W3G5ceQnV7EtHXtv7i83JtP,asset,Bitcoin Genesis Block,HEX0x6C,
QmT4YwDwdHzoFovMq9h9xfNyF6UD3G4dzzr56v8bNhUMCE,metadata,Neural Dream Map,Bard Ionson,
QmTXbna7oLcQrickMPE7D5rQVDxS6KpWxUy7FaRnUJHut9,asset,Neural Dream Map,Bard Ionson,
QmUbVtqqhfpS1jRPc7F8xiN5u2KXoq4zPmVMDbNE24KbVz,metadata,G055AM3R-KO-01,Art for machine,
QmTYVjjMrBMxqF4s3tvpt42JXjgoz9fbCYXnp9DpPjanMj,asset,G055AM3R-KO-01,Art for machine,
QmTrG26Z3u1p8ArMejhSvxMdyH8F1WJyK86exD3FfNyiij,metadata,Sphere 01,Art for machine,
QmSTUVdSAjikJyjS22t3fjExhpKFmGDqgF9cxxHc3nqDE6,asset,Sphere 01,Art for machine,
QmUZLejsVJbtFm3YQ18b8GJdDJYLy5YEbTzwpCbHAKHGRM,metadata,Unicorn Monster,Hackatao,
QmZJwDdyZD2mJXeQQWAY7r1rudw39HSoeGJ9boLoSQd4Tc,asset,Unicorn Monster,Hackatao,
QmU9Sc6yst6qw3Ccr4qRntcqy3vYB3e77PkPdNr6nSZTYz,metadata,Witches,Hackatao,
QmXWkotvpBwNTrSCRUTcbSoKUXvaBSp5uhZsuo8UimWYuh,asset,Witches,Hackatao,
QmUSNPf6PRFe7EEn7sVPBQSCya2hoN5LWBnb6u9ev4Ex2f,metadata,Blockchain ,NIQ,
QmXEW1ovHyQ82QCogVURpe4FqUSQbFCVNQRGQGErkjKKZZ,asset,Blockchain ,NIQ,
QmTH3xN9pKnUz9p3H7Q25ywuJgjuGG7LKYCSyj5VHwexL6,metadata,Triangles,NIQ,
QmdXRFvYcuvpqTsdHzStMZiJ3SrtCfriKQd2Rp7HgsQfy9,asset,Triangles,NIQ,
QmfVFw8ShRG8GpzDkp63Bpwi9yGDSUhqEE2sXxX9STGJcD,metadata,Doorwindow Reflections,0xBull,
QmPLGWpuNfcBBtBSoKPFLPVxoRijYCDs2FF5tGEJmX1tc9,asset,Doorwindow Reflections,0xBull,
QmRCF9jT8anP3VGzTDRrQuuPZmJco2cHKd9aLWvSFuN22W,metadata,Skull,Danny Greaves,
QmS4f18VXuXqqcGyTADsAiGKoppCYsaX8xt2j65xSHHjqQ,asset,Skull,Danny Greaves,
QmQ2c8h7mjTSaCw42CLhiZQGDtgkwvcTVDsMjUxNYXficA,metadata,Skull,Danny Greaves,
Qmd4edie3tTYitPzox1s7ePrzQWqRCcLNbWkiGptBe9By7,asset,Skull,Danny Greaves,
QmerBV1snTSyDkhfvzuCviL53RX4ZbxMJY1UY9732yDMHL,metadata,Bitcoin V.1 [KryptoKodama],creative_crypto,
QmdHfTzg7Rf7tvtCR314p7DzT1YJKmg5HfZc4qDv4PR1Xp,asset,Bitcoin V.1 [KryptoKodama],creative_crypto,
QmQX1APGByh31f9Myq9zaNvnEpnCi4drL18TsfJ8SKZ3Hc,metadata,Ethereum V.1 [KryptoKodama],creative_crypto,
QmQjoWEUahKSF9BVeMH5fEhJq4Nucw2Pu3PtU6EYuzQbG2,asset,Ethereum V.1 [KryptoKodama],creative_crypto,
QmYT8AV98GVbat3edzLh5AY5hw6c6PSwEcetrVmG8j1BaG,metadata,Litecoin V.1 [KryptoKodama],creative_crypto,
QmTMu3B2YeQhwkuUb7yvaSJkv6VydrxtwYBmvohgk9vGtf,asset,Litecoin V.1 [KryptoKodama],creative_crypto,
QmW3ZrQTs9Jcbz3kax6GPMhBL1jAooZC8JC8uRw9NHHMB2,metadata,Ripple V.1 [KryptoKodama],creative_crypto,
QmWrvjnzZbpLFon8LGn8eBMLATWY3GWJLfZrx2JS6Q79yy,asset,Ripple V.1 [KryptoKodama],creative_crypto,
QmauTuKZNgnzPqCb2G8zXD3cDRsERRuKpgCTKdU96tQ1wL,metadata,Steem V.1 [KryptoKodama],creative_crypto,
QmTEoh8L3a9x6TJ5MYDkqXe7VWVZTatnHcH2HTFJjN8qUY,asset,Steem V.1 [KryptoKodama],creative_crypto,
QmcsZRaNxCibh4XoRCrYjHkzbnPzAwx28xeBfhTKgCfTgp,metadata,Stellar V.1 [KryptoKodama],creative_crypto,
QmWDdBtZKnnpQsJp3YXUtvzBEnFrD3Ns3HcGqArxR6yHr3,asset,Stellar V.1 [KryptoKodama],creative_crypto,
QmSesoXYfPMvhtoPVPe58Y66PBb7upSxBUG6kH1WtuWauN,metadata,1712 FE02,Brad Damico,
Qmc9fsMYq68UxPQ5333Z64yrusYmtCGUrobWiSBMSYC7gK,asset,1712 FE02,Brad Damico,
QmPobz6c7HSmKJs4VTL56ENZoacZ1drSEZayy7pR2ECL1r,metadata,1808 QN02,Brad Damico,
QmPmHoqcLkLHkwKPhwWv2GBic8AUbVGKVKZrn8nwV8HT4R,asset,1808 QN02,Brad Damico,
QmeEj51QUNx7tqWigYjdNSm1895F1KNcU2AhqwzEBAVvLo,metadata,1811 ET01,Brad Damico,
QmUngcXsENmb5PRZZY8q4khYXcuYubXTLbBseUpNCU68BB,asset,1811 ET01,Brad Damico,
QmWk4KRFsGdjCPwpLLU62LrEGM8z81Ysk4pJTdYh7nBb9w,metadata,a map is not the territory,ilan katin,
QmSw63nhRDVKbBanZkfN7exrynUWBPGmUHW8y2BUz1gGQ4,asset,a map is not the territory,ilan katin,
QmQb9KdmQdhymUpvrMKZVq8KG7tvb6zyUF3kS2gwcqpPkz,metadata,ORBIT_J25K,Art for machine,
QmU9voBHPHFLu96gkbM8XjuTXMPxKSgT1jmpHZm87EGwwq,asset,ORBIT_J25K,Art for machine,
QmUk7zM3pcbSoMqH2QuurdvAxhxdkc2ayBrPHL7sJEoB9L,metadata,A Cupstone,Oficinas TK,
Qme98VrmU5K6bYwpXaNnuPeZWrToBwVcqZ1oKWFYp82AAa,asset,A Cupstone,Oficinas TK,
QmZVdA6s3ozy49UJ4s9kV8iMRxrwBs2b7NCNGjaCv15jwP,metadata,Strange Shores - a collaborative reconstruction,Oficinas TK,
QmP62EESdDADrVpWAmsXZo97fZmjZvYHzNzHhVwzJLon9J,asset,Strange Shores - a collaborative reconstruction,Oficinas TK,
QmZKZnsATUEgaFbFeQx5En3vcjsydcqtkRejzVk47LiC9N,metadata,Nr. 419 - The Lake,Oficinas TK,
QmUon8NnWoF7eZGzS4mvcPMjkKnKEexpNxZdFGwBiQ2yWY,asset,Nr. 419 - The Lake,Oficinas TK,
QmR8LB9RaRrRokcrQRDcQuZ6eRAwesFJb3vcHdXJz9McEX,metadata,RSF-2-006 Strange Shores,Mattia Cuttini,
QmSd9TrJ7t6PKnGGkoVCLHg5KPbpJezZBL1ScsdkG2fXdL,asset,RSF-2-006 Strange Shores,Mattia Cuttini,
QmYY7XfoXZLCfHRsd9Tai2Q8E7yUjuJUbXkcPzgsS4ua7W,metadata,White Noise Series #23,Andrés Senn,
QmQNfyqZ7hez8GcTpyf9boC7kXHTYsxbZVW8ShRJxgBjCP,asset,White Noise Series #23,Andrés Senn,
QmfTkXfRUvRZzqRyqfuGqt8E6jvXdEyHBocCyXcc85ePoP,metadata,natura morta,WWS,
QmZjz9wZ2i46JVDMJ41npkLXv4ssZLJUoZ4higfDdZLK1R,asset,natura morta,WWS,
QmZbqBWnMt1XLWbcnJwvpcpQtxmjnHZ54yZ8HCcc6dFkWq,metadata,drip-drops,Zakher,
QmPEn25vdkWNJsqMaom9HaPxTes3m37GsZMudbN2KbkX3R,asset,drip-drops,Zakher,
QmdS8vdBX1mQ1S81QC9qcZCRbQpfKxLuBsCTjoGLAqoFUx,metadata,Earth passing by,0xBull,
QmbVoDHcnJnzdVcaw8Xb7d4rXA7YtuWdHE8LiaX7jHSfBj,asset,Earth passing by,0xBull,
QmYb8gZLMzAehNbogKNfdmjTNPoYHtSTndvNikUADM6oLp,metadata,Sixteen-segment Death,XCOPY,
QmXcAqYyaEWscDZ2hNjNpbYFgkG8YnXXjp8sGKDyiop15M,asset,Sixteen-segment Death,XCOPY,
QmNoLBMzKmSSMpkRGVbzsNj18t43YLNiUB6ekDoULsvagy,metadata,Ecosystem,NIQ,
QmWTA9TGEEm7Sogh2HpiaqGe8VomJH7nSXqLU2YUgHf5pF,asset,Ecosystem,NIQ,
QmPSHBitqk2iicBYvy6e4aKiju4b3roRfEqgXVnacUAuJk,metadata,Octagonal life forms,NIQ,
QmQFdv9kyz1Ffysuy8YinnZxobqtUygQvPmzhUmXA2hL1a,asset,Octagonal life forms,NIQ,
QmYCVbGxEN15fwZRHuJdsupt9bcLdray5ksE29j5yTsCWF,metadata,Extraterrestrial alloy,NIQ,
QmeYBkPpkZ6zdutGyinhXhJ5K17117Sc4Xecix4yyhFC8p,asset,Extraterrestrial alloy,NIQ,
QmQu8AH9sPLAgm2J7TbmgYGPod8ax3KUT3UyeC8HdxpC55,metadata,RSF-1-005 Spin and Spin and...,0xBull,
QmbwUXF7rpzty5EDzc6kWJajbYkoXvna2Fcu6iyM1XYFac,asset,RSF-1-005 Spin and Spin and...,0xBull,
QmZRhehyHf8DxTTc2C5eMFjVwdWg9EEnrpRJHVremKqbAe,metadata,White Noise Series #15,Andrés Senn,
QmdRqqwW1qaFm83amyYE44NUv1pGwUHj7SFXPZnJb3L2Sj,asset,White Noise Series #15,Andrés Senn,
QmXULhhy1D4UBt2SXD8aooNs4xJU6CDuSGELMAtdj5t7x9,metadata,White Noise Series #13,Andrés Senn,
QmWzksyy6gdmZqwpjz7bYx7qWoEfpWczSDpTQg3nbUfF1Y,asset,White Noise Series #13,Andrés Senn,
QmSHJK5CrzyjfYKUEeHhvUPipVYrydmUk9rUwQDwDWf4Po,metadata,Storm Breath,ilan katin,
QmfFtjzCLns9YoNB9tyiTLHp5eyajKSG53SARuR7957ZnN,asset,Storm Breath,ilan katin,
Qmear6sZQx2iaswR8pnw6wHB9FQSeyqW2774DUoNu8x2nZ,metadata,Shell Game,Stan Ragets,
QmUmoh6qnKddaUg4Dsh46QzQfsbBAk7XeUQb326Tqe31nR,asset,Shell Game,Stan Ragets,
QmSNNFvB1u2kaoNvpKUYqR37mEMksX72rW84sADVHGxYZL,metadata,Nr. 427 - Inside the caves (a Djinn),Oficinas TK,
QmanrjosQXkvS4Vchuv398UyMCjW8YAe1dabCxmD8h6KgG,asset,Nr. 427 - Inside the caves (a Djinn),Oficinas TK,
QmPEszPzrLnueDVcJEDye5D3rzudFFjqzTxzxma681SVNT,metadata,DEATH' Tarot Card Illustration,Eric Tcce,
QmYAfrcEUHJmeC6E9LBXUy3W13UktfrML3rJBLTeRBsFsW,asset,DEATH' Tarot Card Illustration,Eric Tcce,
QmSfnWg2dQ8BUdrNLgYtcQRjBFkj99KSkKjHXQAHK5p5f3,metadata,Phoenix,Shortcut,
QmZTAusxJQGQjs5G6XfZ2zMeH99JvvTeQyJsZEuJ1XK112,asset,Phoenix,Shortcut,
QmcfZF1Q9KYXYMTSt9tQUa8BWLCRS5ZSnWWwsXFVz6yrXf,metadata,Curvescape 4217716,Kjetil Golid,
QmdC9J2muFHNFcvktxXqLjLbe5a2WRsxhsRGGekWr7wQUM,asset,Curvescape 4217716,Kjetil Golid,
Qmf771qssjj5urXruSj1FGEL4RixnYhboZqPDbGz43uP2f,metadata,Curvescape 1284045,Kjetil Golid,
QmdJVq6znPc2KGPkhVGVieQDoDfv7E21YPYnK6WWXjoDC2,asset,Curvescape 1284045,Kjetil Golid,
QmViSU4VqjSir3HXMSrbkihFHRH1ux9zFyaWw1bCsw4Wc6,metadata,Curvescape 0147749,Kjetil Golid,
QmNZdFDAogc7NZSAkzAmFjJpEmKzpBFfTKFvxH5ajxPoPL,asset,Curvescape 0147749,Kjetil Golid,
QmUeM9kogiZ7xZAYTJSBAA1tXcw5juuJnAzFJ4h6SZYkuk,metadata,EOS V.1 [KryptoKodama],creative_crypto,
QmcSdNbhyTVwypPj7xXiQfTN3TM4xFUa3WdYqYjMEPXbPL,asset,EOS V.1 [KryptoKodama],creative_crypto,
QmXRMvinFnYNrATQTbrJ7NqcZibkdy8Va4z3QBoKW49YH1,metadata,Tron V.1 [KryptoKodama],creative_crypto,
QmPreqLuJvPkegy2fS4ESHmFCUqwuvYww3zUZrqk6xn2fH,asset,Tron V.1 [KryptoKodama],creative_crypto,
QmdR2ikzGoa4YRmptmRznN1jLSGQxQMyHUbE73bCY9bRSp,metadata,Cardano V.1 [KryptoKodama],creative_crypto,
QmToPACiPZQdC5Lof26k2ZKcfQpsvs6Gq2vyHavda86xAj,asset,Cardano V.1 [KryptoKodama],creative_crypto,
QmPURUFZrPamdxXiJHWhdbkrMEozB92vEhtVwpqMomVZuy,metadata,Little HODLer [KryptoKodama],creative_crypto,
QmWk48qzHuwu7gZ4z1pbQ4ErizhyNr21iiWn6kidjKpQeH,asset,Little HODLer [KryptoKodama],creative_crypto,
QmXsSWph8HLa3Meu4dyGuFmnfkPPFN1f6BcRa1FuMyvh61,metadata,Key Finder [KryptoKodama],creative_crypto,
QmaFVau3q7zY4UFBjUdkKxSWFHoLaatN9MAwyNiqWxdnzp,asset,Key Finder [KryptoKodama],creative_crypto,
QmRPCxxkwKQwAX4SAAQZcaAqbzbY1Z8cFvWdQpwNJzAyPM,metadata,Explorer [KryptoKodama],creative_crypto,
QmfKupCJuMaTn7uc1XmhQTF3zyGGsy67nkJwmUcRUZb6fc,asset,Explorer [KryptoKodama],creative_crypto,
QmT658Z5j3ykTg99rFQ1Cd4qNKtAsUWBsH8WT9c7ppwKCc,metadata,Conditions Icefiord Centre I,HEX0x6C,
QmX8GkCw3WdBhEr9SCTBSjnGVDbqy5qg4SaFgDUqjnsc7S,asset,Conditions Icefiord Centre I,HEX0x6C,
QmRjcA8rnCvYPW8TCWbet5Gg9MFxeEv3D6HAVq5ERMSf4S,metadata,Conditions Icefiord Centre II,HEX0x6C,
QmTm3RtTFo7NkmgbNe3xhHzGzPbWDESwDMzoQj2vbyqaLx,asset,Conditions Icefiord Centre II,HEX0x6C,
QmepwdB7guTfihaDCPVGwcP2Dj9Ccyk6AG2tZBh3YuQ8oq,metadata,LGBT indian,Alex Shell,
QmQyoFY6oe4sABgw3Rt1eLPc1gB3y7PCb58fJjFVRtbwxP,asset,LGBT indian,Alex Shell,
QmY7aY2RgNZsoa87nppPPpVGHmfWd8X7A9y3XzYJweqGQD,metadata,HEART,ilan katin,
QmQiSJqbWTik1ECRzyot32FEJ3VrD1AcGaLzHNVaAiWXso,asset,HEART,ilan katin,
QmNSDBy21kUgGNSubAmsCT1KKWtfU5WU5WzKy6j2adztck,metadata,Transmutations evolution #4,Andrés Senn,
QmZoHbyuFDtEFqhHg8Y98uBiCarccE8BsoTpmvsPqETxUS,asset,Transmutations evolution #4,Andrés Senn,
QmVvifBwYD1U9BHZS48iUCBEbU4tvxrUteb73CzC9qf7sK,metadata,Transmutations evolution #2,Andrés Senn,
QmSAKrMg87TqK8a3ScQ3qXC8RRVyxc4mM3JtRPmP8zNBU3,asset,Transmutations evolution #2,Andrés Senn,
QmScifJyvSS4Szpx1pzUyooSpR4TAL9XsJwuCzoB1iFJgm,metadata,G055AM3R_Z3C5H4A8,Art for machine,
QmRshtRnr2MLCL7ucxjdmfF2FAFmqkB8sHH3dHA181t51w,asset,G055AM3R_Z3C5H4A8,Art for machine,
QmdqUJFrpmQ5Mbq6zZ1X5QyJF1PfuwtEyqhtTmC8gQLdn2,metadata,Storm in shadow,ilan katin,
QmTKB39GJLMdSnby5q9xRYkT2RoEBwAb6tLw8PftF7Qyno,asset,Storm in shadow,ilan katin,
QmQYDr8qriYXPSwz6ZYwbiLLnyUZ11Dmzibs6nSArAs5Jh,metadata,Blockchain: Virtual Empowerment,Vicarivs,
QmQNUFA4RS3yXfMm7WvvREa488MmzD8isya4Nco6XV5ZeY,asset,Blockchain: Virtual Empowerment,Vicarivs,
QmZ9pPyNkrpmy74uEwRgN8y2oJaZgTjLs2ibdmTeD9yicD,metadata,1712 FO02,Brad Damico,
QmcAw33v8p2FYRjucRTGBrLhm8E9uNPDjTAQcTyY8dPngt,asset,1712 FO02,Brad Damico,
QmUkBfJ9hdHYCi4WbXSCXQw71LV5V8xrQaHZtSerSqsrcB,metadata,Colorful guests 011,Fabiano,
QmRgULEJFx3rJwE5fMaU7gBi2YHAnF1d2MUJbgB6VmxWEu,asset,Colorful guests 011,Fabiano,
QmaCbgD4Hf4LVpDjZSC5S38TEK5n77t3GVkZ2Sb3HsFNS3,metadata,Colorful guests 013,Fabiano,
QmT1RZ22rJhyWq5FcLXrSf6BhbgKPqdfmYRfELvUp5XFcW,asset,Colorful guests 013,Fabiano,
QmXwaqRxZxDUsuT6wGYg2YSvaRb39fiMKtA4qmDanD8pAB,metadata,Colorful guests 016,Fabiano,
QmWaikT6NwTaRyAfnDxCTkYgefxF2U3Fq8dy3Eb8VRVdEr,asset,Colorful guests 016,Fabiano,
QmRFdvCbkYaierPk4NX5K2ZQxVMpyFmXf8BXw5vi6xxr5a,metadata,#444 - The Fork,Oficinas TK,
QmYDWycdQCDR2Sy1Nyp4riod2Wt4jXLob6fKTLqMM9v6ja,asset,#444 - The Fork,Oficinas TK,
QmT8DAThN9h4JKa23T2PwZ7U6P69buUWMKncQdcbA9fZp6,metadata,A kitten called Bastet [Blue Edition],Stina Jones,
QmYcgcdoB1mB2pnxzduRjUJ4x9jrPVxrkTJirYxsje9vHW,asset,A kitten called Bastet [Blue Edition],Stina Jones,
QmTqxeTWBLiZs9phP9QnLD2YDdhZxNjckt486ecqCbeJqh,metadata,Rare Arts Festival 2 ,Martin Lukas Ostachowski,
QmSSmY7nmbt9A2Uc7ozHDRzKBjC1M26TuJbx77fJZ4SP28,asset,Rare Arts Festival 2 ,Martin Lukas Ostachowski,
QmQ4PEGDsB3PExnz4LkfMG5YHzWfKm8DGcqkLzbWxQe7dC,metadata,Marketcap 2013-2018,Block Designs,
QmSkw2YfBrsVjyi2GSpf2Q4kytoWaX6rVyK3QoBjitpyq3,asset,Marketcap 2013-2018,Block Designs,
QmNqi8eBWkc7BpMqiBYsHFsm87KViSc5Tx58mD7CwWfC2a,metadata,Psycho Delish,Pajaritaflora-Digital,
QmQ4eEVWY2vEJh5CHj9pwhFDkS2hMfmLbwzQtpeRnqbHEs,asset,Psycho Delish,Pajaritaflora-Digital,
QmY21Yitn4tanwywedqSz245Sc1U1qJGwQ3jGKaFACmf7q,metadata,Complanta,Yura Miron,
QmUanLW6pGD2sAs3C7tMp6tVL51LEE68v34wawC7VT2SB5,asset,Complanta,Yura Miron,
Qmf9sKMR7ZSpAENjSfiNXrvqeDr6RebSpnU4gMKGTPPoVr,metadata,Vorfahrt Achten III,Reinhard Schmid,
QmdfkNkrQSSmx4udUXCxdvjofc8go3pUza1CYJrFC429Fi,asset,Vorfahrt Achten III,Reinhard Schmid,
QmXpmdjropRo1X7JwumP47rPhMGcVKFthzppRP3U7PBra2,metadata,1801 IN03,Brad Damico,
Qmbr9kdNsyKrhuQZGMwZNou8vk7ZooXH4Sf6FR65rJmAMg,asset,1801 IN03,Brad Damico,
QmVDhCrbcW66Zt4BWaDTEpK3HdZnGpm74Y4MBWnC4Wf9Ui,metadata,Colorful guest - Lunar friends,Fabiano,
Qmetr9D9W34qqfMFhtKtcByBjf5DPPvTcVtyK4P4kyJfGX,asset,Colorful guest - Lunar friends,Fabiano,
QmQJGAtJKTtpPTsAFnaNMwNgYQzFSA75iS6yiSzXzgV7EU,metadata,Decaisneana,Yura Miron,
QmNxAnJyVgo9sNmzmoCF33KmktKKdbDtw9sYnuDGKMaY8M,asset,Decaisneana,Yura Miron,
QmPyKJRDnsFwZKWz3jBBu2JywFUQgGWYQZHV2LgfCNYRUw,metadata,1712 GJ03,Brad Damico,
QmRj8pJFAXMyT746mka6TcoHeSktNudDCNfjWpY48CosTs,asset,1712 GJ03,Brad Damico,
Qmb6i8hy9AnUXHNLWbQDYi3U2MVATobNgWm3J9fKjPecUN,metadata,1801 GN01,Brad Damico,
Qmc4zSqUi1Cv7Kooq89kuiLQgP4AWskDTfPphs4bzVJAZN,asset,1801 GN01,Brad Damico,
QmctBTZCRbGYe23YrWXj99UXd7YVm1fohyMoYUrNdCmj5w,metadata,RS-2-002 Prime Numbers,Mattia Cuttini,
QmTsaTM1qWbzWX1nve5FN3p1JMPABhAzaGewK7LEVqTTv8,asset,RS-2-002 Prime Numbers,Mattia Cuttini,
QmV4am3QiLDXLcTPJEwKKTjLGAxduuE3zKCB3gF643AUBC,metadata,Happy Cloud,Stina Jones,
QmW5kgvSscMkPLNc6qZNZo8NGqNGtyW5ztnxBCBPHJgvPn,asset,Happy Cloud,Stina Jones,
QmWpjwt5Wwk484GjiAHkyTaYbYw2RtyMBdDYSSSW6trTXB,metadata,Love Birds,Stina Jones,
QmX2RxpAof5BnXsF7iyz8Fow41Y9mU6D6MbGeFSAQ7QRDT,asset,Love Birds,Stina Jones,
QmWuVYSRp6noeNsXeU4oY3A9T9L3jJdyhtRD1qXZQVH1q6,metadata,Biophotonic Phosopene Animated,Bard Ionson,
QmdzYtJkjYZYR6FnY34u3u1ngSqW5LGYmVMvxaUhZvvz6e,asset,Biophotonic Phosopene Animated,Bard Ionson,
QmVdA98kQxpDk1ZND9u7AWammCj4v7gNRcSWabpHDexD5y,metadata,diamonds::loops::1,gcrll,
Qma1fLYttKSnFrNmroCTUSJ5gdGcFZdEdCSctLdqCsHjvQ,asset,diamonds::loops::1,gcrll,
QmRGUGEgP24saNPL7qW49VuhKEhu3BWmhpFFYYojkYYVAU,metadata,Dreaming Big Color Dreams,Bard Ionson,
QmSas9z2iudgDFfZc5fJzpzMYEbv5hy6LyroYQCGLtT9GW,asset,Dreaming Big Color Dreams,Bard Ionson,
QmXRZ11fn1PavaTRNKsKC2s7ngruPUdwPBF9qQTwRmVE2U,metadata,1801 HA01,Brad Damico,
QmQ5NYTia9YQeQDvxh1e9jxiWMadrKevHrUsvVGUkEr5mU,asset,1801 HA01,Brad Damico,
QmSBiwPM9DHfjfyCZfWJHFBpiL29D2tHY1GWHBVoDVdLMu,metadata,1801 HO03,Brad Damico,
QmaWaQPmYpaMNFJXC5PeoxvVrRsD14bbAwhkWsaP5uY7Db,asset,1801 HO03,Brad Damico,
QmSEBxvkAokAJCVF32Sg2nAvYKL2hFCYvbSn1naJTrGH3H,metadata,Claimed,Pajaritaflora-Digital,
QmPemHnVE4ta1KVub9bR6zmhoJn3djvuiYwYHBX8LynfvH,asset,Claimed,Pajaritaflora-Digital,
QmdNRFeu44uxy5hj2q9GQS4XPWX76MxwxxpXTHwLKSmLgP,metadata,Electron Scan,Stan Ragets,
QmQe5zDDKurDgwATtbcXPESy5N6B9W159TdswPGhUgSp8G,asset,Electron Scan,Stan Ragets,
QmaPamK2GYctaMdYE2oTaGSYfTDuVwcXqUWM4g5SB6CAb1,metadata,Double Dose,Stan Ragets,
QmVogBeGBczM9a8N6WdXjMzr5GoggNupeA4jb7tWCxFSqw,asset,Double Dose,Stan Ragets,
Qmb7eusL39LBKaV9TdqArbfHRpLp3ahiK7xTCTifw477T4,metadata,Digital Weave,Invariant Hawk,
QmVF8XDLp4G3ccPFimFsGXwgjbY5Fuet1LpCxeZN28cwoH,asset,Digital Weave,Invariant Hawk,
QmRgPato5EZL2ZeiPuMKJYTeWcEh2vrEjcwnfNQs8jCCVM,metadata,Crypto flower,mfkon,
QmbWLCco5bQ8W3PRbEf7N5pmLTZwxnuT3oL5sYvMa9WwQy,asset,Crypto flower,mfkon,
QmbN3UkeAMAT5zumRENuj1rxgnqXA3sJbcZqq91GLFoNNn,metadata,Densiflora,Yura Miron,
QmVb1ekZZxuzQJQk67PWaurc4atUVvpgt1kXSjMcaqBBfK,asset,Densiflora,Yura Miron,
QmWQgBaatZ7XRm1P54tqm3Wk3aRLUxhaRYkhuYDV92BpBB,metadata,Glitch in Paris,Glitch in the mARTix,
QmSryWkzWcRmUmUZNegV5zPp2S4149LEpKKxUkaiSLWmi1,asset,Glitch in Paris,Glitch in the mARTix,
QmZ2iQwXXLk6fvFpwkEyvvNiXA9yc2uaSQGTJwQ6baY4YE,metadata,1902 HQ01,Brad Damico,
QmfSGnYVBMqH1QiqiLAq84qQzFdzWxso66jy3Srruv3nZB,asset,1902 HQ01,Brad Damico,
QmaHbMTpQqpRs8YeLeGEkLU59ACvD3vCRVAPoN4mkmuLv1,metadata,1902 HP01,Brad Damico,
QmexP1PTe1vt42ETX6eHYs1CuRnt5zHZjiouboRHy2krJ9,asset,1902 HP01,Brad Damico,
Qmcxydxw1zsKM2eaVR7fucpXV8AcxuEZFKPiaVEXfYiBd4,metadata,1712 FM04,Brad Damico,
QmT1DsEiJHABpfdSJ6pE5W3YULhQdbjTsXjMqWUABG3g6h,asset,1712 FM04,Brad Damico,
QmcHJr2nG5ZfY5mSq5ozoMfMECaKBVRmL3pc4y8D1HY5vK,metadata,1801 HB03,Brad Damico,
QmYkias6fxWqdN1AdfiNqaKixsYXutaF8b2ifFCE4PtC7q,asset,1801 HB03,Brad Damico,
QmRtLpG6nkKaCEycUccR9PsQx98MEoZSdb4MNWYdqryXZg,metadata,Full Melt into Gross Persuasions,ClayCal303,
QmbPWer1bv2afthFo8NRaZ5qKrnYBW5FB6ZQcgqBABMqoD,asset,Full Melt into Gross Persuasions,ClayCal303,
QmeAQJ7zmxecUFesKqn99R2Ri4o3Jq83vHtvY8rUL7JHfG,metadata,colorful guest 019,Fabiano,
QmeUbM9K2pRKUFqv7RVe5G8iQwPzYuB91KvdkJ7C5QNiK2,asset,colorful guest 019,Fabiano,
QmWW9qeNSoJcumo3MQRckzf6pZjNkdZcoMuiA1KBFSGAgy,metadata,Vivid dog,Alex Shell,
QmS6vs6MoL8D7rtTH7WhaUYCRL2CxnpGm6Kn6nUEiAdkew,asset,Vivid dog,Alex Shell,
QmdfByp7XtEBPnvoW1vWk7zV3k3wtspouF7dd5t2PKMznG,metadata,Multicolor dog,Alex Shell,
QmfP4m2r1eXfH24iaWwiZ2UvCU4HxY9vYLAvQQMfUNrXL3,asset,Multicolor dog,Alex Shell,
QmeT9UqZfwHG2zPqpYPJbsFeMTXmUHz96uQ1z4zEGFgmkr,metadata,Guess Who,Aaron Nielsen,
QmVtTeAddgWpsjVEkowRDrUoDAUfeYFAeVxfPfkvZ2wgEA,asset,Guess Who,Aaron Nielsen,
QmViYZcR6GWoLjTCMdrecaZfebdwVp8Rg7upBRTUupioPe,metadata,Colorful guest 021 - Beach life,Fabiano,
QmSRinoueATrKW2sqDiLJ3Caz6KWQpQDF7DkUS2kL3CDyn,asset,Colorful guest 021 - Beach life,Fabiano,
QmaFpiByAUpbsT6a16v3NHcyZZCWXGD4ZSRpYx4aRCUzzx,metadata,First Contact,Stina Jones,
QmPVkVeDZocJKXPdZb2eskA5d5s7TwXE1Egu1zMuPP8MhN,asset,First Contact,Stina Jones,
QmctHadJ46vggGmMU9F79k65XqCvA41wLy6iVibbMpqwL7,metadata,Memories Of Landscapes from a Digital Future,Bard Ionson,
Qme6axGBNARCgMUGpWhaqpjaVyasWGUN6rDJmrqqKq9CnC,asset,Memories Of Landscapes from a Digital Future,Bard Ionson,
QmewB715kMYV4K7K8tQ5iD4YoimgqRfpY1pkZUZ5wzQkWs,metadata,Colors #2,Artonymousartifakt,
QmcTEFqhCUqCwitHGa4PMEYzxona5onsAJEnDztdfwuVrJ,asset,Colors #2,Artonymousartifakt,
QmYXjHHQePYcadtUN4tu9P2MixySecADNgAY2huZCmtaF4,metadata,1809 SN01,Brad Damico,
QmZnoTHdLkViTakJShUtNMqBDzzGnh5YRNN53BFB3tMn3a,asset,1809 SN01,Brad Damico,
QmPxEKqd8fy9QSsuMxNDJZK34256oHtXxeZCfHuun8Y7Qw,metadata,Structure of Reality (2kTenCom Auctionity Edition),Barabeke,
QmZyX8Eh7LcmXt1Wmh46AirwM515wpaH2GTi2SnFzMeiqe,asset,Structure of Reality (2kTenCom Auctionity Edition),Barabeke,
QmXKG9rPpieqKdR3BewSgQ6Anwwov9v8VkCLHtwm7kGkxZ,metadata,Call of Cthulhu,Hackatao,
QmWNyYpbEg4m8potacBSyhyCd3R61BAh7smxSceEjYTuU6,asset,Call of Cthulhu,Hackatao,
QmZqKMfqUtzp7urqbQWZ8meXP5MX5brU5LoPnuvEPircXG,metadata,When Moon?,Connie Digital,
QmVZX4nAedots4bRS1C7jQfYfWKGAJw8VVBEocYxdx9Q2U,asset,When Moon?,Connie Digital,
QmeSqiTxV4ijtRd7A2ahYNaUpcvBb5Krscx9WS2fzBg6bm,metadata,Departure,Uly128,
QmZorRqxjapsijvLZ664VBe1pF4MSPdA1SKzXHu6EDhYdo,asset,Departure,Uly128,
QmeBYnPpzYbXGBTZ3Qiwt5vdZEok9i8L4jGuTN9e1o73QY,metadata,Where the Wild Eyes Grow,Ophelia Fu,
QmNZMLVN2z9uM2yXbXtjuMrHCuKDDCtqyNAutsnbfjYDjg,asset,Where the Wild Eyes Grow,Ophelia Fu,
QmZiP1cyZXMLqPoLmJj82trwBqrwu25fxYB2oY7CskacfA,metadata,Hexamelt I,Kjetil Golid,
QmZvUsNHV8tT4xpKkBJR4TVUBaJUcJQseuYfVyLbXSwNB3,asset,Hexamelt I,Kjetil Golid,
QmRtm8WQdxhhnEFDue1DokAHqdXVHogUD98XdoNMk1vzYs,metadata,Hexamelt II,Kjetil Golid,
QmbwhnkdGCUx811zuU8kCoyJnPP6cPYDKHgkXUg2oxVXBU,asset,Hexamelt II,Kjetil Golid,
QmULTGhKuGnzekALxfZGBXJuVRJW1kNHKQBRJ4fyrSoXqz,metadata,Hexamelt III,Kjetil Golid,
QmUkCfBrRK1re148nPuTeU7drEUHmvnrHweXV3N5nb1PVj,asset,Hexamelt III,Kjetil Golid,
QmcdprrzRJRSZd9ELaxcNnv6NzD8t5mJmqCKuWk2pxv2zK,metadata,1903 IB01,Brad Damico,
QmNdwJs4G3znAiuiW8sWxdKeuxHW8oYfx8mu5WtgvkBwLi,asset,1903 IB01,Brad Damico,
Qmdxs2QwJnWAD58VrEfarLEUeqcqvJhty4fWHnnCsWmLEX,metadata,1903 IB02,Brad Damico,
QmV13tgrKsnsQ6ygTwpjbRbGndNJWnqXVmtcMMzu1RV12K,asset,1903 IB02,Brad Damico,
QmVjz453ouoSJTwPdTb9oj6NYcZTc9XL61cizRKqd2Looz,metadata,1903 IC01,Brad Damico,
QmXTs9UiMuT3bn8LLfPcin5uooP5sBUDvHnrTWXPbTDvf6,asset,1903 IC01,Brad Damico,
QmPtrQwRxrvjbZGwZCgx3h2NwygB8GzM3Ph7NuAZQBiGEn,metadata,1903 IC02,Brad Damico,
QmYozvq8Bk34vixz2LiseaPfvoQhWcsYcRoj5vXYTZK9w2,asset,1903 IC02,Brad Damico,
QmTotPdKte21veZ987shzUxxRz9WtRuMJKfsEYrvmnp3g1,metadata,Second noise series - #1,Andrés Senn,
QmQpSyg8TKxrreLnS4aqvopf74PMhjYZUB43NoyoNnr3Fo,asset,Second noise series - #1,Andrés Senn,
Qmd6iGGN1s3smDaLCKkaFxWzfUPTcMd6WZ9MDPVXqs5ybq,metadata,Second noise series - #2,Andrés Senn,
QmabkmvRpd1n1okv6GdsagPKGaBioCkngtZ8G5crc1VLfS,asset,Second noise series - #2,Andrés Senn,
QmXFkTrgR9DRSomQ6A6RDG5TFXbkeRntYceDqMnHnLTq46,metadata,Anna Louise Simpson,Anna Louise Simpson,
QmU4gPkeFfEBPW6s7BE2xNUK5Wxnkf2JHGDgBjZAnXtaQL,asset,Anna Louise Simpson,Anna Louise Simpson,
QmSNFJ9eQnZbHDYGEqSLr2gQAemCKTJXXQWbqqp8mU6EjT,metadata,00110101,Matt Mills,
QmZqV4MKHxv3bDcQ17D11YVFFhP5HU8tU1SqWiq3E7op5e,asset,00110101,Matt Mills,
QmPF29rcEVe1QvC4NakJgrMNuJ7QYBnd7BVwQhhdjY85vZ,metadata,Glitched Out Sprout,ClayCal303,
QmWa1hJ2t2PGqF9J2FFz3M68WwAVcgX6qcNuvTmDL1Umgv,asset,Glitched Out Sprout,ClayCal303,
QmYvJVsWAWLuFANeV7hxAzdmp8ghS4aCFo5FSqyDniUSjk,metadata,Colorful guest - Happy run,Fabiano,
QmbLMZ8dfkPxSbEV2Ag3wuovrKvPunr7Zmm1eGQ1nACDx7,asset,Colorful guest - Happy run,Fabiano,
QmWHj44rc1cDjRBUmvxefWnY5sMUohLLzEHfSdkjbggaxn,metadata,Colorful guest - City life,Fabiano,
Qme56UCh8PxW7A3tfjBTXmxA2y1WvWw64uMEw9dAcWXztw,asset,Colorful guest - City life,Fabiano,
QmUe9yBBw92fLSjbC4iKiTEtf38xAuE4sy2e258x5TdLkA,metadata,diamonds::loops::2,gcrll,
QmUN5DmwvDogTGnPW6dSAY86LBXHTgK4tPBNUAGtWcpLPf,asset,diamonds::loops::2,gcrll,
Qma8tKnt2KJfEQ4NUEqmVgANSY6bB7dZU438To64d5Nnw9,metadata,Fusion Gradient,Invariant,
QmTHVKN77M8teBBE3JTKVSmUkjc1XkeFumvQqFXJovG5WA,asset,Fusion Gradient,Invariant,
Qmf3sTUZ5g4MdqByyYcSEHDS3YepUWs3CBP13BdSjGjiVg,metadata,crypto riders,Hans Heiner Buhr,
QmXVAJLVmhVwN1NNrtwiiXy1bQSWLRA2vYBtLDZnXfDtbT,asset,crypto riders,Hans Heiner Buhr,
QmUfro7JgvcgaLvHs9RJyKY9tQ8VagtQiTTbZtqyuEYKG9,metadata,Alternative Inception,Aktiv Protesk,
QmTKLx5XP7YpTs2BBhWg24KLuqEw23DtZ7rQKow9zt5FeK,asset,Alternative Inception,Aktiv Protesk,
QmdbPrJGgNBfQ3RkqrzZECwJsm9pdwjfcRNTTDvtq7t9ci,metadata,Inter Sphere,Aktiv Protesk,
QmVHtUsEpUhZqBQTMrUYpUqSAUcYEo6p1Y7HYzUf8fUdQn,asset,Inter Sphere,Aktiv Protesk,
QmVjHJzXEGbf89sohwzvzwUH2GuHAYffKt52XHz53anbUY,metadata,BE KIND UNWIND,ilan katin,
QmSyTkfJwiuE5VYpD4Q3qnKrRgzwAxVZMhKWXXmBym4BUi,asset,BE KIND UNWIND,ilan katin,
QmYs8GbR4bJTpqgeeA693MHZq9fqXauumAJZmyvi5pstq5,metadata,1903 HR01,Brad Damico,
QmTeL5A4kkunMm3878DAJxTZGfxYwSaR4tNMQRCccbBVTS,asset,1903 HR01,Brad Damico,
QmXLrxurdV5caszapvpxFGFKBjTWGFDvGzvdxiyFQpgUD8,metadata,1808 QS04,Brad Damico,
QmVGHxqbEDgZw35zY2as6n4tCUdSUcK4vk1jhKjt2dcis6,asset,1808 QS04,Brad Damico,
Qmek12nSAUUUNayscXoStgoCMw37PK4gAYV7NTKdqiu893,metadata,RSF-3-001 sXace iXvaders gone bad,Mattia Cuttini,
QmUe4JoZQotdt8SwFEscXbhkC5eVqPM5mgkTYKE8cRgAwt,asset,RSF-3-001 sXace iXvaders gone bad,Mattia Cuttini,
QmSjmuZKLnyjZ75KQzH9M4d5Hut4xRsPj3zqQaE3f3mGKE,metadata,Segments of Venus,NeonClassicism,
QmNs6FWV1G7ZdRWgp4Hoa4HPqe6tB77Pps7f8r3u1XmaQg,asset,Segments of Venus,NeonClassicism,
QmPMxbHF36u1toufB6H6cCDDysJpujDvnr1BQPrKiGBGrA,metadata,Spring Illusion,0xBull,
QmYQiJrWRBdiYtdnokFRVJuup88FPDejmh4jWJW7ajj3xM,asset,Spring Illusion,0xBull,
QmQaohJPHzdQ1SMqzcMsnereCNpX8194MxW2Xi76Z7u6Uc,metadata,Axie Infinity Creature,Jonathan Pritchard,
QmRxD5aESmKRzjAzBq4Kyp4RZVxSBhafpviekSVo8sFBxD,asset,Axie Infinity Creature,Jonathan Pritchard,
QmesM1vTSgAuZACq8wcWUD4Vmg2AQw81Li13qjQ9wJDt4A,metadata,Darkly Scanner,Shortcut,
QmP9Uy85xHLM1gqKUEVrnVTCx77ZMQYLweEEH5ZabAmP3K,asset,Darkly Scanner,Shortcut,
QmPB9cia5jN6FXfPZZBNJFnw9VUaz5iazGrp5NtZJmo3tj,metadata,Colors #1,Artonymousartifakt,
QmdyRzrhajU89CTfmKC1bU9cqU4NopZ2gVNQqziSyyxtjJ,asset,Colors #1,Artonymousartifakt,
QmYVQVMvMwYKdsg2zehrnBTH3uDucDpgQui2u81bk8emCT,metadata,Colors #3,Artonymousartifakt,
Qme4osZBB6dtDJHczLNJcTZNMNRgS2xkDVYUpv3asBzzWZ,asset,Colors #3,Artonymousartifakt,
QmZEeKpAkJ2ANQLhUVi1JiHEmtu84BXN2VBAb9hPWjd8FB,metadata,Colors #4,Artonymousartifakt,
QmR9U71xgiPxK7ai3mPyfgTQwMURWJW8E6X76TwzEzTrJr,asset,Colors #4,Artonymousartifakt,
QmQn3N6mztKqeB2BW4qxmKMGygq9EzZ5MvnrNUUjpTjnLK,metadata,The Color Hole,Bard Ionson,
QmQDZkwrLUpQGdhZkMwQGaKVFQgWqoohBMNNnfCe8SQcyA,asset,The Color Hole,Bard Ionson,
QmQJbftDHD9JAq3ZfyMhECZT3ussHfRE6Jnoe5a8yAtXjK,metadata,The Color of Crypto,Bard Ionson,
QmVVSFa9iQfowLsj2gE6znhNWcqD4eiDby7nroiCW8Htqo,asset,The Color of Crypto,Bard Ionson,
QmcFu6bUsk1CHA45KaY1cJvLS5qmndkeBPR4UP5MK9sPGh,metadata,Meshing and mixing,Peter Bock,
Qmf1EMFXUkBFX4zdVs3edjNKki2G2ru8nL4zhHXqjZYz7g,asset,Meshing and mixing,Peter Bock,
QmZpPH4hxHbh4rPf4kpvFbfXENMii2wyTUJ9Gpqx2HSYSd,metadata,hour zero,Hans Heiner Buhr,
QmexqFjqF1vJ7ADmHuUPwgfwYJ3VDiEb4dro5YzX2FhfYt,asset,hour zero,Hans Heiner Buhr,
QmRQcKkEDu17rHaf7aVxwpprzyBGWsh8XqrXWexZXPQhEV,metadata,One Lemon - Still Life,Oficinas TK,
QmXV49fBsqzC3DUEJrorBNEtTod9JZ98MZ9oUtuEQLJf26,asset,One Lemon - Still Life,Oficinas TK,
QmSUSwxuwrNR2Fm67B9C5ZHwHiDnCRo89RLwPPfKu7Y13p,metadata,Three Carrots, Two Oranges, One Lemon - Still Life
QmSFdJyhXzi2isDZTwXYkR9RrRzTJDQSXG9LmA8WAJFDYM,asset,Three Carrots, Two Oranges, One Lemon - Still Life
QmcvTYwPtWcjdppA6oqi7F35gzAazWefythfHK2uMPFYve,metadata,Artificial Weather,Brandi Kyle,
QmehyqgGg6VcZVanCfwC2DnMh2NtBLpvTtg23QrUFLRzTx,asset,Artificial Weather,Brandi Kyle,
QmZz1qJQ2LnQtwNvQj48yMUtAV2e3fqdukpq7TT2HGMhsG,metadata,H.O.D.L. (Big Red),Tom Badley,
QmV6Djn7W1B43etDKgEEvRGFsmJe1oELqcD76dEhgHDqEe,asset,H.O.D.L. (Big Red),Tom Badley,
QmVbt8Li9y3gWqaBNHs3wMU3XucTY4eAC4wbiV3BGs5rvo,metadata,Messier 87 black hole Sonic Process z0238rt by Musical Blockchain,Musical Blockchain,
QmPfcM3FAbCFa4PjdpAx3LAGcJ5AVx6huDpxpiT6dSNzMJ,asset,Messier 87 black hole Sonic Process z0238rt by Musical Blockchain,Musical Blockchain,
Qmb8AfQHYbJWuWwcNGh15vC7CZpEUnYvJjHTCrKRWiLwGY,metadata,w i n d,Nvllsekt,
QmU1ZFHJHxdhsMqMAvj2XSK8UhjXgjjQhGT8VuJAzVFxLY,asset,w i n d,Nvllsekt,
QmYMcvwz5LjAgTChXcA69xrx3V3rZYbssun1uueGrjrCe3,metadata,Gray-green-blue skull,Alex Shell,
QmdcRpjW8WvLWC5eAfBkc6SZA6713wr6pL6ZE2hHnmdcW9,asset,Gray-green-blue skull,Alex Shell,
QmPuVEYNkHFNHiuEUuUYj5qckbFcnuPkLwZyKZ5ZtmsZRz,metadata,Multicolor vivid skull,Alex Shell,
QmdSqHDaAQvJppGdHdk7YEzMJ2htAuDm43tmMjT4E2YWeR,asset,Multicolor vivid skull,Alex Shell,
QmSyr6GDsHo26LPtQYw9BvhJr4xtpZHup1aWQhaScZYpUz,metadata,Songbirds in Osaka,Stina Jones,
Qmc47ZCQAu15TuKbCREsqCKtSgu8WWdZUqkhhg38ws3yFz,asset,Songbirds in Osaka,Stina Jones,
QmcViZUCpJC3pNFQcZB2cvSbum8xg8M8sET2yqY1iJB4VG,metadata,Weird Fishes #1,Stina Jones,
QmXW4wBQWegXoTdAVCtheSZKaeKd9RAYTzGB5CnHJfvLa3,asset,Weird Fishes #1,Stina Jones,
QmTPf4duDAtMKXTNWdPurFN3svu1mxHyVpu3UqoeRzkoVL,metadata,Cell to Cell,Aktiv Protesk,
QmNhjsSCr3KamHpZRy3Kuf5M7dbJWG68pr9Q256P3LF9Cu,asset,Cell to Cell,Aktiv Protesk,
QmZnFK7p3iAwwXoVRJwSfkNDqLqhaq9om6NBtXTNaV85A7,metadata,The Red Tape,Connie Digital,
Qmb7hpkfpkpufetknwC5TSCPca4XNUJ3ZfuHXDFsFMXToB,asset,The Red Tape,Connie Digital,
QmY2HR3tSLWuEkBGgf2k28mCyFbptzGurvjyZN9fZdWiJT,metadata,Intercepting circles,NIQ,
QmNaExYcRWbhMfoTyPYBUEdyCSmRLudDYVY8H4A8AErEo8,asset,Intercepting circles,NIQ,
QmVRh2L1eV657Zo5aN1iEUaPREUiM8GWuV95YX4yXd6RE6,metadata,Skeleton friendship, color palette 1,Alex Shell
QmXDr4mDt9zrdnHas82hDiaaGSHFJqoXBKcuJR9e9YmA7M,asset,Skeleton friendship, color palette 1,Alex Shell
QmW3ae7YgWS4xyyhzijGJFsKqphyW9pZ6u3mJyadFrjDsc,metadata,Skeleton friendship, color palette 2,Alex Shell
QmSwfPENtUyFn75MDiis2Mq8MJYiufukEq14mDSPNdZd38,asset,Skeleton friendship, color palette 2,Alex Shell
QmchKDmJVa5eNNgEuDpPNN9je1JaKTsoaJkkcLP9eQ8Wqu,metadata,Almace,Jonathan Pritchard,
QmT4afPwiPE7qX98nhaJyXy6rR3oNAyg4f3fMYE2esrXdk,asset,Almace,Jonathan Pritchard,
QmaijxUNHnhd3cuDEUjeAg65isFzZL15wknrR714W6cDvf,metadata,TCBA Supporter #3,Oficinas TK,
QmWAnEZkVXUG3YJN87G9gE9n2MT6D7JMegHcNt4FuDfgbj,asset,TCBA Supporter #3,Oficinas TK,
QmPZsURou8M4D582bmis9XyM6MW4LXeqnP9m9JFDLcCjDP,metadata,Weird Fishes #2,Stina Jones,
QmSBDEF8snSMvTY5Avr52TuZ73f4YxbgrrekdiAjq7URXc,asset,Weird Fishes #2,Stina Jones,
QmWkdtASs2vJ4VzidRUvWE92Uk2x5Xa8fBXC5uk3z1xzkA,metadata,Hello from the bad guy.,Alex Shell,
QmT2DbG4NHBendE1S6jsNKpp255RyEVTfqPFxLBUzaxrGJ,asset,Hello from the bad guy.,Alex Shell,
QmV47AKrGhH8UPcMtMr71gth8wUbLRuo59EpKjjiJor9Wk,metadata,Hello, world !,Alex Shell
Qmf7WeWwyu81VHqvdGVFWnpMTX3aT8oLMEsdQiYqMQmuYd,asset,Hello, world !,Alex Shell
Qmd6Wx56DcjNBvFLHNikCpwPXKy61qjVj4n4nLo8QZ55T1,metadata,The Yellow Tape,Connie Digital,
QmXAZzd2fsFaxFaPxJMtFx4wcz5XuEJSNA25Cqbeec1Uoh,asset,The Yellow Tape,Connie Digital,
QmXyjHGmiY51dbf8BmS7NFjAtnvAB9VGk18fA3WxEcfykY,metadata,TCBA Supporter #4,Oficinas TK,
QmZgEKs65Q1n9EEZScUB9X7Xmbk7rT5jTLYEZBiTxY416A,asset,TCBA Supporter #4,Oficinas TK,
QmdXqhjr2LyR4saGU6PRVqavuqPfj2NRw9z4SSeUGroePN,metadata,Crypto traderz wavvezc,Hans Heiner Buhr,
QmXUYNeE62WQm7QiZwXi3Zy8q6gQebqWNQmTRdgK9ndBJs,asset,Crypto traderz wavvezc,Hans Heiner Buhr,
QmXmBBTbt19W2eA8e94yGRbwgfVjcHp5VvGXoW4jkguXZ5,metadata,The White Tape,Connie Digital,
QmPCTo8QbAYe8AiB2fDoZtjpBGp9zwUWsbB8qovtY5Agok,asset,The White Tape,Connie Digital,
QmbPhtPkkEUPHgAjBqTHXGXcoZB7vZhxVA2M3QMny51oDt,metadata,Skeleton friendship, oil painting machine .,Alex Shell
QmQKYXGEnUCs3WyXfCVxtXiqU1tW5E5D8AjmTmtKf8LKEE,asset,Skeleton friendship, oil painting machine .,Alex Shell
QmdzUabjqWBx7oFqG8eofuymKmJgqjYmjh21SFPaSi4Hyb,metadata,Skeleton friendship, gray-green-blue painting machine .,Alex Shell
QmU8XXXp2nGRtody3LwaiB1r6Ju1HSo21bwJzLojFPfLYi,asset,Skeleton friendship, gray-green-blue painting machine .,Alex Shell
QmSRbdRUxvFCDvn249oYYjNjxc1M3ouHXVbHLUhjnycFqz,metadata,Ethereum Noise,Andrés Senn,
QmYc983RaWDePBoDpWzq7UEriYAiqoryaWkVJKriyFRZ2v,asset,Ethereum Noise,Andrés Senn,
QmdsFuKMbSK7muXvL1SVfYkQTQrU831USrmmh92o2uBWSC,metadata,The Cash Tape,Connie Digital,
QmQ9ALUyQ7ufc3UJM9tq1tu5QsiG5fSW9XdiWjMXEBkq8F,asset,The Cash Tape,Connie Digital,
QmTCie3sdTAKTRCds1gjncyDbz1D1Mxh9d2c2TBYRzap4g,metadata,1904 JB03,Brad Damico,
QmaPFKU3R74jc894zdt3dWX1V8tRVa3GqWMA1hwSsfYpCw,asset,1904 JB03,Brad Damico,
QmfKWyNXcnP9wbdD8wZMgkUXD8B1uPADKFwg1YRQV83RSu,metadata,1904 IZ02,Brad Damico,
QmUkmVat77zdbqAfHb6G1eSoQedbsqZkkjcBBUd41yc5t4,asset,1904 IZ02,Brad Damico,
QmXUyP7UrMFRnUEBJHSnHVC1oRuYY5kFhaKA93JtTdx7gF,metadata,#81 Plus (Imaginary Diagrams),ArtbyMLO - Martin Lukas Ostachowski ,
QmRrYdeSAyzLEH9wVxunbFeFakC5zhfvBjVxPmamE6DhJa,asset,#81 Plus (Imaginary Diagrams),ArtbyMLO - Martin Lukas Ostachowski ,
QmYZXiwcE1iBwk8K21ydhKQjNkf4DGvsVj3e8cAcJLzDNq,metadata,Insomnia,Shortcut,
QmYgvGkThhbvk4KCHMyzqFazH4wscM7kmGAqVEWLJc47ri,asset,Insomnia,Shortcut,
QmctUgFauNJzZJ2BdnkD85UcG1gvWuFrQrFk1PWwSvMedZ,metadata,1904 JD01,Brad Damico,
QmTPpgm4VdmmVkezvFpFjLqu1rQTRZgBUEy5K5LaDXdWmx,asset,1904 JD01,Brad Damico,
QmPbrrLK66hdX1yw33F6AZfcPJqd6ShZm5DgGn6HTn1g41,metadata,The Pink Tape,Connie Digital,
QmPr521RJPcbkhUjMjjTpM3GjPgv1ytU3nUD45w7gcodqZ,asset,The Pink Tape,Connie Digital,
QmUTuuv7CK8YvZu5GhG8G9WuMmMEtkNVBnTQQdUQEHeY1Y,metadata,Big Baus Season Zero: Neon District,Jonathan Pritchard,
QmUwhVfqAWr8T4kzBYcZf3wS2rz7Fg7TFbZj1UdDEgArCQ,asset,Big Baus Season Zero: Neon District,Jonathan Pritchard,
QmSpY6w276Cm3aPktMijKqdm5anSJtzhQkGkKr3z9mxb7r,metadata,Perfect Score,Stan Ragets,
QmbvQWW24UwDa5aLtHSHGeqbm7peLBNWixii8bnhYUVkFK,asset,Perfect Score,Stan Ragets,
QmSWWbnLUcGJo4GTp9sshmjWx4K3YQ4zkXiFh7emwWi4jv,metadata,The Space Tape,Connie Digital,
QmTEhQNWZPFuTyH227shDqbCCBTJVrvhuhGGovXfHuWGBu,asset,The Space Tape,Connie Digital,
QmdDKqvikd4UuDQsq1dvfymVSnpKP6HR3edxGfcPj4VKj3,metadata,SLice,Aktiv Protesk,
QmQLakiQU1ZCfU4Ptk9MpuHogzJ2N2QiKRM3Juk9cHiJs9,asset,SLice,Aktiv Protesk,
QmREXzudnxpqxvY2AG3LFj24DgTAgfVwnEpTPzv9qsAzPD,metadata,Sixteen-segment MoCA,Mattia Cuttini,
Qmc1DTL2DiqiepSy7jqVY7UxawXciruUZ4B9g5PAXSfR3Q,asset,Sixteen-segment MoCA,Mattia Cuttini,
QmU4VqPEiYVZc3tGoZ8bHDcJhvKacBZPyzdSYkmWGRgvri,metadata,D34TH,Artonymousartifakt,
QmU13sWVPC5U6Pcn1tdSMzFKCsH4u1uDZxFgBVvp24bJ8L,asset,D34TH,Artonymousartifakt,
QmSXkr4NZvZVLY86egBvy91enL4jw8SngDwRQY4PTtvUBx,metadata,#1 Forever Beta,ClayCal303,
QmZGh1VbJU369LLdfg6ZrMi18Wf4TJJDdQA1aruRcWZmEV,asset,#1 Forever Beta,ClayCal303,
QmWK1ysftRSwqhpRpDye3tGNgwFq3jw4xoAtAJAdshUHfP,metadata,Weird Fishes #3,Stina Jones,
QmaUZHKTBPERVrJQk3nhtLsokGwqWDUSRkXdQJCzW712yW,asset,Weird Fishes #3,Stina Jones,
QmbAXQdagLMcLhM29AELtxN2DRyDBch2WCN5rmTKZEF6fh,metadata,wn Serie Blanca #1,Andrés Senn,
QmboY45xZ6JhaPaqCpttyDFarXNT8GEoaL77aH8vcp3S3U,asset,wn Serie Blanca #1,Andrés Senn,
QmehC6MsHFP6o2biGkwtwaGxEzTECVoeJmd5yuuRsDu5PM,metadata,Taxmen,XCOPY,
QmQvHX8TRydoc4XjfGk2V1BXAX6UrWLCmCubYvAo6b3TEb,asset,Taxmen,XCOPY,
QmawDUTbEMxPz2zKupKxrHYsiNDZTfxVbVtpDQmz67oGcF,metadata,FUTUTERUS (still),ilan katin,
QmV2C8eRw8io1bXoXEvoCXKK8UsJWBHyBcsfmQbr6cUaue,asset,FUTUTERUS (still),ilan katin,
QmUXoYnPFbodfT3jJWGGtfQGA4sLfoqFB3y8WhNrxPCoG6,metadata,Night tango with death.,Alex Shell,
QmYJZhQP6QnenMW3jXUybZs5AtqSQHzc6v1g2h1mxdNS6z,asset,Night tango with death.,Alex Shell,
QmcAnjT4wDs4bxCSdDxNPVoC3UeyykbgafW9zkSArRMm4E,metadata,The Green Tape,Connie Digital,
QmXS6HEcbKr5tGMfsRtqBKKHxpkmx2uvLYBFu6eoabdRCm,asset,The Green Tape,Connie Digital,
QmPQPrEgxWxQ3F87QYxjqwdwuStbpuCRQ5tAsRxMgJDND1,metadata,Echoes of Apollo,NeonClassicism,
QmQcMXECB6vUpgSKniKwCRdhEP1G8RuPgTyPPjF2qVaiMk,asset,Echoes of Apollo,NeonClassicism,
Qmc2wt4LAesx1NCaouEToohLzEfDcAkPr4w6KA9G37WrW5,metadata,Scarlet is Burning,Brandi Kyle,
Qmbg5iRbmSCVztH7VeiBP6nJrMJjzPCsqnSMeUnnsfEJcq,asset,Scarlet is Burning,Brandi Kyle,
QmeeasRmK1p8gF4REAEUYwuHaSz1LQw6RpSheH3eLpyhut,metadata,The Jam Tape,Connie Digital,
QmWtadxA7Zb7vTKuCrPvRP5pFfhWEQEfLRfe5DR92JQayA,asset,The Jam Tape,Connie Digital,
QmRuPqzF6n8jYzhvxZT9AfGyBw4SEgQZewhdke6F43S4Ht,metadata,The artist working in the 3 dimensional space,Hans,
QmSinkawtS1RrzzzHNaomwuqbrxZEKrMaqvCHdozJ9jVrC,asset,The artist working in the 3 dimensional space,Hans,
Qmf46jsAuboF17PqZd89G7NBXs8rWVUWH7MY4E4HFuN4yS,metadata,Night tango with death, you might get burned as result.,Alex Shell
QmcwFoEM6uJc6M2SxYMJwNXeQzm9P8hFA73Hr6SuSsEhvg,asset,Night tango with death, you might get burned as result.,Alex Shell
QmQXDvef8cTEbntZHpfuAd7B76oTCAjSFrzuXduRP4ayZq,metadata,Take a Look,Reinhard Schmid,
QmTFm9p8kJnVqb83uzwXVWWbaFhQSuMsPLYgMFX63umB49,asset,Take a Look,Reinhard Schmid,
Qme59aWxSB7vWbRr8fu46yJ5Mt5bgKhZpYxZkFxuwMEuEN,metadata,Viejo Ruido #2,Andrés Senn,
QmTBD1t2WNJg8u28Dt97QJ52j3k5D8ZVZuhDQpXY7Bfka2,asset,Viejo Ruido #2,Andrés Senn,
QmcrRT2Bd2a3LGuPdWyHEqR2dGammFoaK8DJ421FVdtwhu,metadata,Love is dangerous.  Kaleidoscope of feelings. [a unique artwork made of 27 separate artworks],Alex Shell,
QmNLick7QuNqwzDvkW2YHrqYPDvj2NgoM285sfCqteTHT5,asset,Love is dangerous.  Kaleidoscope of feelings. [a unique artwork made of 27 separate artworks],Alex Shell,
QmUwAabKeYaaxTzssCvtM5oUGBmGzx7LLnzVRs4jefYTmm,metadata,EYE See Poison,Ophelia Fu,
QmPEmwErpENrU9B8jxShBrJwvUVEeYTr285cfnKEAqe5YC,asset,EYE See Poison,Ophelia Fu,
QmV5cm1RVmxxN3zVUV7EezUAVY68qE1CTSTATmCMwEkADV,metadata,March 1723,ilan katin,
QmfYMjXXbB1V3DzA4mY1mF9fRJobSz9tncXGtRXVGKhTp5,asset,March 1723,ilan katin,
QmPtpMYqRP1oqYmV9FJ1ZSavuEH3mJq4KmzD7YZEpCcDQ9,metadata,Memory Lapse,Stan Ragets,
QmUZqxgxvhzH1UdKHgT26jiQr54msbysfLeu56BaJnJSuD,asset,Memory Lapse,Stan Ragets,
QmZc6X829MC76ceVjJBaWw63Wis5qpeqajR67eXCH8Vaoo,metadata,5 Jokers salute you.,Alex Shell,
QmYfQR6RFtDxAtKoL5767R7v9mfRP55HXCQt8y2yAwpxnt,asset,5 Jokers salute you.,Alex Shell,
QmdgDervZCCuhjtFaEmV3geCCc9SbymbkUMCGWBtughCyL,metadata,Triumph for Scarlet,Brandi Kyle,
QmNzDBht8nXKByCvrdwWao8nKCTL4SNiTdiN4hTWdQscQk,asset,Triumph for Scarlet,Brandi Kyle,
QmRGEJATFKXebsBJCHwaF7aNeJCh5hutNzwyqK6w1si6he,metadata,Coin Of The Faceless,Bard Ionson,
QmXEfo4Mg5j6p3MjPMCfNQzt8ij9cnocwhMJEygE6fwQko,asset,Coin Of The Faceless,Bard Ionson,
QmYgxUdLGTpgxSRoXR3mReoe3H8UxXJBmGKtZodznRLaQZ,metadata,RSF-1-007 Hold the Line - Texture,Mattia Cuttini,
Qmd46tN1R6fyHZQ6q6QUVpefTiaoHfkM4Vi3cMG57pjTTq,asset,RSF-1-007 Hold the Line - Texture,Mattia Cuttini,
QmXrt4GHX5vgoxxmu3fGqKFNYRoZwZWGX144RzBcbkmKiD,metadata,Fragile - Handle with Care,NeonClassicism,
QmWbMCSrFfGy1pMhvrm5DPcATjRDN4bf9qzKJjCrhvXoPZ,asset,Fragile - Handle with Care,NeonClassicism,
QmNoZy66k4Pt4BsirsZQmHiHZUcSM4hN2XaoLFsEXu4fLR,metadata,Blue Floppy Disk,Connie Digital,
QmWtWoCVEhq4fP6qQDvorod8pdj5NAXyfH2ScMiege52ge,asset,Blue Floppy Disk,Connie Digital,
QmQub6Sg6dZ9vdhAfaVdLXxcPVFDKSKTbArKtLSuTQUmp8,metadata,A-mazing,Shortcut,
QmV5kE5YiEcrWSWWrmC7CErpSoifroLgS6ZqrapkBc2uma,asset,A-mazing,Shortcut,
QmVU5zGL4E81r9z2Giu71nCBTiozUhT2gAg4vKgkwFUqWe,metadata,Green Floppy Disk,Connie Digital,
Qmb7znkfXZMXzdWyAiyg3RtSDsPGdR7JGr5wam3MsAyAzD,asset,Green Floppy Disk,Connie Digital,
QmbrZhUGTfBc1eFEvzSm68cETrNhsD2UB28qQW8V8x9gHk,metadata,Bubbly Mesh,0xBull,
QmXXvHfH6GVRKGVQ17eSKXUoMW4ykzCSQm6quWckV7i8Bi,asset,Bubbly Mesh,0xBull,
QmPEVCKPno6F1vzH7L188EMAE9NvYQAFMR4Hm16QGTuyhe,metadata,1905 JH01,Brad Damico,
Qmbhvu2vdACnQcRAuEiMMv2bjeo7mTLChT68AUdLkttj2j,asset,1905 JH01,Brad Damico,
QmTpvUEQtEFpRET56sPnVGCukoBnDeoxbQ1UHjeK4UHiSG,metadata,Yellow Floppy Disk,Connie Digital,
QmTgmQYHypqrnHGRi6tKbtu4ihhyPKdtZAZo2iFqFQLdhD,asset,Yellow Floppy Disk,Connie Digital,
QmXb9wyr3j9m5xFA1fT5DesSTWjpzBNHcafzqTyDJHjigU,metadata,Big Supplies,Team_Sarcastic,
QmeAjcCbgiinNLsUy1Wt8ccsWR7xhSu6giRRatSJo9Bg64,asset,Big Supplies,Team_Sarcastic,
Qmc5KDjjR7HqqK22jRYEeCeJBk69ZG8eKeDE6Yqbpoq3iG,metadata,Cent Floppy Disk,Connie Digital,
QmTk7GzuW8GVisnvXNUeqQ4aWJz5b83XX3YQB9vEPSDx5Z,asset,Cent Floppy Disk,Connie Digital,
QmZh2duF66JFhwm1gZ8xHpztNeC4MA5KaYWVZkf5uvityS,metadata,Leaving Flatland,Jsf,
QmbNwpdjCdjTEQV9oUKsy96eYbgjJufWrzeybu8cLvcFqv,asset,Leaving Flatland,Jsf,
QmWw49BAmQJtUeymL3x9FeLtTARSvU4beC5JF38kjSoi6n,metadata,Bite of ETH,Gary Cartlidge,
QmVWDKSchEFuHYBdTnfPSWkJtJJwpfYktYYTjmheHaBgXw,asset,Bite of ETH,Gary Cartlidge,
QmTeqXVBUd3q9oKyx855YJfLntxzwrZJEn3ffxuLrQUWjf,metadata,Portraits of the non-existent 1.7,Artonymousartifakt,
QmPTuGUXRDbVDTj4xg2oKCdMKpSChc9J8wa4Qe8uoRXiy7,asset,Portraits of the non-existent 1.7,Artonymousartifakt,
QmR7kU5iT3jzKRJvADfNQxbwx63CNg3ACpSosRdzxJpE7Z,metadata,Duvet Royale,Kerb,
QmXYz1FL3YtYo4VNyMNn1M6C42po27Dog5spjE9w54UrxS,asset,Duvet Royale,Kerb,
QmbtTGbWCXcUtHifZQwoE17EzNB43QD7N4wZaAXNwHxjFP,metadata,Special Floppy Disk,Connie Digital,
QmQTFi3dCMpnNhmppZHWrpJkh7G7BdoQg1EjoNdbbBE6J3,asset,Special Floppy Disk,Connie Digital,
QmeqXdR1GuRQgxgD5tLCq1hSZQMztJXziUSEjCpfEjLQTc,metadata,New Worlds,Gary Cartlidge,
Qmdc4Nc9iTH518VaZKJwEZKoepoW3JAytt7XPRGNTmDkK5,asset,New Worlds,Gary Cartlidge,
QmXDzb5DDFF2Af3MTqLYmYoJzjodsMHLyVSZNAth4tKdCp,metadata,Portraits of the non-existent 2.7,Artonymousartifakt,
QmeNhNoK9e1kGYAgF68EfVNE7ZRddtP1TvEYdP8LY8PN7r,asset,Portraits of the non-existent 2.7,Artonymousartifakt,
QmbXvBXi5ZBFmP4bGrtwTkc37qCW8GKSPZs8z6E13WttuV,metadata,5 am,Jsf,
QmchJydzepZzQPh6XCVwmckbQH7fWkA2r6ErAmTJqBj3PE,asset,5 am,Jsf,
QmYe4wsUgzqrpLMtJxtAwVnD1ZtVu7icSgfJ9FUusP1irM,metadata,The Ace Face,Kerb,
QmaARyMXgpB9skr494DFvsvmzL1TdpsjvZQLCyhP72AtLy,asset,The Ace Face,Kerb,
QmbJJiDuoZHWTrk6iJ6bA6PLJndVohBLZEZyx3zgJ77DWL,metadata,RS-1-008 Blockchain Art Directory Logotype,Mattia Cuttini,
QmeUx8FuHLeiFanqSAnFH6WVvRJUEWqJaXK4AFLJ9z3kzY,asset,RS-1-008 Blockchain Art Directory Logotype,Mattia Cuttini,
QmetX82UGaeJHHaDmx5pc9KMmtkegxxTmYYcCkMd3f5hBp,metadata,Lichtminer,Gary Cartlidge,
QmcmCbkcYxVTs6avnj2L1yLYwVBwMT4CwEcmgVLMUWDhbh,asset,Lichtminer,Gary Cartlidge,
QmdPckfPtFBHC1TNvb1HDGKguikxwwuvPMrGYkXxvtC4mN,metadata,Portraits of the non-existent 3.7,Artonymousartifakt,
QmYWjUp8tSkrzenWuejGGRjWT6VB3cz6Sfnb1bYVR1haLC,asset,Portraits of the non-existent 3.7,Artonymousartifakt,
QmW3bLMrYtgZ26dFt1KDHzSNiW5yCoiSb4ie6NKC6xvKah,metadata,Additive Study II,Jsf,
QmZkckByvjFrw3cKoGNk68ouGByTGdmAyXnCHN7trWPUCK,asset,Additive Study II,Jsf,
QmPt6wzxx7Dtp153YtnF1CQ5Tbp9Q8ggrxzWTumxfSh5xJ,metadata,Killer Ayi,Kerb,
QmPSmkV6bLuGSHUhFmmREWAhoch32u7h6acdmi43PLWWRn,asset,Killer Ayi,Kerb,
QmXthz8WPiwev4PAiYrk8nh2TmEPCvraaNRmgbE1ex1HRr,metadata,Voight-Kampff Empathy Test,Yura Miron,
QmX1ge2dXnByxmCcbr93qmtAoosLv199tc1nVhFcQCXgFo,asset,Voight-Kampff Empathy Test,Yura Miron,
QmULkQjV3MZ83Jht3FWW3jCvPTqg5EM6XvuSGbyDh6fowN,metadata,Gentle volcano,Cristiana Vettor,
QmUqUgn5tNTxLHpm9AMy3t4GzXTqw9MTACNaN1Thz1ReDa,asset,Gentle volcano,Cristiana Vettor,
QmeJ8nMYUAMBWS56hvAWQnEKcCvvdDkDmHNPC4kTVMVoJN,metadata,Unknown 01,Connie Digital,
QmUJaGAAwLGzwzCjsDzWnEDidRYbCjvrsQZKgx8Cqs3J6d,asset,Unknown 01,Connie Digital,
QmYFkR46Nhreas1NtskTbG4mLhduPPjSS9MD6DsUPxEiKx,metadata,RS-2-004 Rumman,Mattia Cuttini,
QmUzftu89VyA2K8MaQQspWwhDS3RDRPouXmzVt7iUHNHba,asset,RS-2-004 Rumman,Mattia Cuttini,
QmcpaJNErUgXEZnsiAvhxyjr2mE2MZooYcZmpA2tRWtoes,metadata,#76 Plus (Imaginary Diagrams),ArtbyMLO - Martin Lukas Ostachowski ,
QmU74pzEuu3yvZXXXFsMpfK2khJLkkYhd1gNxwc6TDTF74,asset,#76 Plus (Imaginary Diagrams),ArtbyMLO - Martin Lukas Ostachowski ,
QmXQApsLFedAKB8LU3pDhGdBSQzYNGky22tkyV7U9uKVu9,metadata,Deliverance,Kerb,
QmTM2QbtnwCmdiFShViZXovtgqwYdkjhxqpMUuvmvTqQr1,asset,Deliverance,Kerb,
QmVFSkMuovZ4g4Vp67EMwJuFM5mtmJxuZYpccVizByCA3D,metadata,Coin exploration,Gary Cartlidge,
Qmc3g6gEVpToDAFDRXDh889RaMYJV6ZJ4wUEDf6jPtj5Kq,asset,Coin exploration,Gary Cartlidge,
QmXjVh3W8DD2vjDiMM7UR49Lub1Xgd236gvyx8pW3McbZ9,metadata,FAIL SAFE,ilan katin,
QmWA3gSU4hWTa1Drh3M8HbsRQRGbni1N6V5cto22DF4c7Z,asset,FAIL SAFE,ilan katin,
QmaAGrxUnnJfPbDq9N8sFhXyAn6ed954zKAdBuTq2EYYw4,metadata,Portraits of the non-existent 4.7,Artonymousartifakt,
QmX27rHFKHYzKU2BGQV5Vy6Qs9ZvHCa9GMr6iR9XhXq8MH,asset,Portraits of the non-existent 4.7,Artonymousartifakt,
QmXayxHSPqHUQFBjVxQUMBEf6z9yazrVDVdk5mCvFd4Kvd,metadata,Unknown 02,Connie Digital,
QmcqwnU9kLRzx2ozDafqLWQxSt53VMAYDUDpK7SEeFhW6d,asset,Unknown 02,Connie Digital,
QmVDFh3oFptaTdA1wjNRHFgSv59AoFhgS75tKeqHFZKG6r,metadata,Frequency Modulation 2,Jsf,
QmbsWrD55mPWWrDeqUQZHAu7oiDFuar9M6PyHyrtYDoFBv,asset,Frequency Modulation 2,Jsf,
Qmc2q6gSoCmZ8pPsojaA2hVwdJLwfSz23siiBfPRNDvE8c,metadata,El Mariachi,Kerb,
QmZinDLR8n8LFhisYVWkG9RrLCE97o4cyzP8QVrXCZqeav,asset,El Mariachi,Kerb,
QmTzQ1HqKvXeKGi8M4d7CMGyhxUMqKhBWgux81M12ggK3g,metadata,Starcat CGA,Obxium,
QmZ7qoCAwt7qVfSZFf2fQnGM636tBiN7cbUxXXScMtGNXB,asset,Starcat CGA,Obxium,
QmVdCfMKwvajxqFbVLCQye9Lx9FzuA2C7vdCLCCEJ6JjMo,metadata,Portraits of the non-existent 5.7,Artonymousartifakt,
QmPKHwRwnNhd4y1gkdttvBJaFJ3CXNAxWS3z2yMD8qxsA8,asset,Portraits of the non-existent 5.7,Artonymousartifakt,
QmNfUzZAt1dougn1njNsgtMm5NsXeTYv9ak9wNz5YVV9gB,metadata,Hai Roller,Kerb,
QmNoPX2DkbFd5upUszemPDvGBexSaZNcPmasyPvk2d76Na,asset,Hai Roller,Kerb,
QmNT2DqYHUpQ8PBCEfrweCnTFkjUSsMC84wfh2H5bbFu9B,metadata,Splutter,Shortcut,
Qmc4mwCdyEgNaK3EQaNCZWWUMSFJbwtzgrjYmvfSk2U76d,asset,Splutter,Shortcut,
QmVftAH4MuJLq9ifSNqVszQGRgCYu4VttRAHYxzfUVDcwx,metadata,Tokenized Cloud Sphere One (YYZ to MCO),ArtbyMLO - Martin Lukas Ostachowski ,
QmayUg9mEwQMoJ8kH9u5PdjtPeoAZcsitDU76cc3R4KDYU,asset,Tokenized Cloud Sphere One (YYZ to MCO),ArtbyMLO - Martin Lukas Ostachowski ,
QmT2pbVowRBHZrQdQwoJGRJHSKohmegmpizCXQHuGU15Wf,metadata,Tokenized Cloud Sphere Three (YYZ to YUL),ArtbyMLO - Martin Lukas Ostachowski ,
QmWnMJHhTdfge4qSkPaLPZhG9jgTkdKAB3rv8uVDrv1ovp,asset,Tokenized Cloud Sphere Three (YYZ to YUL),ArtbyMLO - Martin Lukas Ostachowski ,
QmTUPuKSixMHKZKRFR7dogfFR4qRbpWPyYnMAjQkK26Xpi,metadata,Tokenized Cloud Sphere Five (YYZ to CMH),ArtbyMLO - Martin Lukas Ostachowski ,
QmWS33xgQ4iiJ7Ugbqh896syWNxH5VBmfzssrQbofrocAA,asset,Tokenized Cloud Sphere Five (YYZ to CMH),ArtbyMLO - Martin Lukas Ostachowski ,
QmadGiyzgGvBoCWwSBR4pMAPZ4hDvdhN1NkXCiHVnARsNy,metadata,Tokenized Cloud Sphere Seven (YYZ to ZRH),ArtbyMLO - Martin Lukas Ostachowski ,
QmWwYdHza9PqiNwGundXFmSN68YbzNWRwJm4CoxKxid7YA,asset,Tokenized Cloud Sphere Seven (YYZ to ZRH),ArtbyMLO - Martin Lukas Ostachowski ,
QmdqfwApNyfw44hyBnwkAcCkiVUggdaYcbTVBFjZxMNTkx,metadata,Tokenized Cloud Sphere Nine (DFW to EWR),ArtbyMLO - Martin Lukas Ostachowski ,
QmWe22mfrufM9FPWLRuVriG9ELSj9cgH9Bp4UXhzbkCCud,asset,Tokenized Cloud Sphere Nine (DFW to EWR),ArtbyMLO - Martin Lukas Ostachowski ,
QmPXrx1KAP6UA8EPpszuPhir5wbb1Byqnijc31eDV7Quxu,metadata,Tokenized Cloud Sphere Eleven (ORD to YUL),ArtbyMLO - Martin Lukas Ostachowski ,
QmTrRmuGLTxdiZimzd2iZE2cG7e1nJWYWBA4ZVDVKh53t6,asset,Tokenized Cloud Sphere Eleven (ORD to YUL),ArtbyMLO - Martin Lukas Ostachowski ,
QmNev1VCTA3E9zKh37UEA4jMvG5jxGMwkPrjdSYK6iNkrE,metadata,wn Serie Blanca #4,Andrés Senn,
QmXJxe1uaXWyWesjPKVp3SD3u7xJ9hxt3GM2sqmMfV3fbB,asset,wn Serie Blanca #4,Andrés Senn,
QmYQmLKyN9ve2PF4eTU5Y8NG21dD41fdDEGvUQ1jtbvb17,metadata,Portraits of the non-existent 6.7,Artonymousartifakt,
QmVM3AmuQox6borwQXJEMsYzoF5Y2bmwqEWTGb8r1e11N5,asset,Portraits of the non-existent 6.7,Artonymousartifakt,
QmaLvD6R6TSbZjyTgf5nSK1Xq31Smzqd9aLE8kJVWb8sRP,metadata,Spraycan,Jsf,
QmRkLqxHbrGJzCPMZ54NGeKqVSpamSzLSbkUgn7nDBJDdh,asset,Spraycan,Jsf,
QmS5m7PgzSAUxUFFLwWy9Gd4s6BFfA4YJdjjYBiW2wizDa,metadata,1905 JN01,Brad Damico,
Qmd9PxHcjXLfgKa9hJs2rViHuivQTB3sSf1vgJjQTkS6MU,asset,1905 JN01,Brad Damico,
Qmc79jy8RRFEYTZfmVkdiDjfFYMa6dBLHfjJHH6u4ARB9Q,metadata,Starcat IV,Obxium,
QmTXjW3yVitLc8Pz43u3ANsSeDULmomvMoZCzzpuYP14dz,asset,Starcat IV,Obxium,
QmVD9Tmg69WxaRno1hjKs1fm7ARaMKzPWQgpinKziocEMA,metadata,Cosmoboy. Made by AI-power painting machine with wrong settings, glitches and analog-like artefacts.,Alex Shell
QmT7jNmn9BA4zJiK4PTKP6YpSSVLmre7atzPuaE9QRxBA3,asset,Cosmoboy. Made by AI-power painting machine with wrong settings, glitches and analog-like artefacts.,Alex Shell
QmPLQXG7M7usMU7k5Am1qkLzi5jCSwiwnL6Rv9qaUMZ4mF,metadata,Portraits of the non-existent 7.7,Artonymousartifakt,
QmSj9XiaCNrhngnS8r4VX1Gfu8ro7nffqoXCVJDRMMu5xy,asset,Portraits of the non-existent 7.7,Artonymousartifakt,
QmcFRq2cV8ueNmD4bKhpS8htSdwXd2fq6w1TCBvoMZhCwA,metadata,Nasty Supplies,Kerb,
QmaXT8XACyd9t72KRkLi3ZCTPkLAPnNPY7EXe6yS5kPvML,asset,Nasty Supplies,Kerb,
QmRvfWamQnabmuj71bZtX4iodzbZBy7txF9pSMoA5ZABaK,metadata,W4,Jsf,
QmTcyoKUVctPXXQHo4AE7G2UmFrGUnrxoMLciHjvxrzcrm,asset,W4,Jsf,
QmSziPqfj1cj834ZPsqPu5zADqtKfjjNZnQRzML2dhbd6m,metadata,The Guiding Hand  - #1 Jazz Tentacles,Kerb,
QmYKJnE9sfZ4xFCbDVJPWY4a8xs8sLPx5aa9vKNJSzV4hK,asset,The Guiding Hand  - #1 Jazz Tentacles,Kerb,
Qma4NYgDyUVcSNibzFWWWKdg5HQhk2PLqkL6NUx6rRJqNT,metadata,Dr. Smile,Yura Miron,
QmVNHrVnYY5a8BFoeydELprdf4Rzgqyf8JMH7x6PsxGwJ5,asset,Dr. Smile,Yura Miron,
QmWHoBnX8v6tPd6GMR2pR5kd3vmUMYz8SMmokFb2QkvpFB,metadata,Starcat I,Obxium,
QmYNsPPLVvqsKj4RBywC2xubHYPHEVmwk8HTfoNujH8P59,asset,Starcat I,Obxium,
Qmc9RoU1J596NdMJ7KKq1U3zn6d73kub7Cha4yGAiL279m,metadata,Unknown 03,Connie Digital,
QmSyRbwNN35nLseaivNezGnrVJbXS1tegctPy2zY9bo8aH,asset,Unknown 03,Connie Digital,
QmVUGEBsCH416TMKSeobzYwhPqjyfAEZELFZjdznxsbBSV,metadata,Batum,Gary Cartlidge,
QmY7nTP3JWU5cGyi2nUhSCVr6uZ4HeNBmwt63QwD7P6dAn,asset,Batum,Gary Cartlidge,
Qma3w4jqJMe5jN4QmrEa3AmKJv7PaEXudFVfUn2W3ZzJiW,metadata,a l i c e [1x007],Nvllsekt,
QmaZ6sCXpCUFP9Z7TnSsnso1Z3vwsr6QTizChqBjkbxp8r,asset,a l i c e [1x007],Nvllsekt,
QmTnJ39yMVS1qWf5UGq8ue1fzRA86FRcopbhPxZZYtWrLZ,metadata,Artwork 2,Viktorija Fine Art,
QmbD58VzEmyZEiKg77HnNMV79VEA6mk3VRuU6JcNVseRsJ,asset,Artwork 2,Viktorija Fine Art,
QmY8PDqNUfdKfHedgMzmcLeguZE2WGk5qw1Fskij96vgWc,metadata,Chaos Automata,Kjetil Golid,
QmNXRtRGgxjCDdSyRGs7ibSHdxe3e9YgUZvcDVq9JQFd2o,asset,Chaos Automata,Kjetil Golid,
QmeRyC91ZSW1dZVWsDzbzusd7ijnkNE9qtzHHztgPzwW88,metadata,The Guiding Hand - #1 Jazz Tentacles,Kerb,
QmaUAZJMuBvESy9DX8BQjSbmoZY917iPjrpznjBEujUyxu,asset,The Guiding Hand - #1 Jazz Tentacles,Kerb,
QmXywj9kPRMDau2W38hufaZvD4s7jYrZ5ZSTeLMRwWxi5p,metadata,Unknown 04,Connie Digital,
QmdR6FCK4M8nr5svdb8HCHGFctcLadpXDptVEAu5Hz8aJT,asset,Unknown 04,Connie Digital,
QmUhmFBuUwjB8JeEVZXU9aSMXW2CYmtFZWFU7ojwPN9T8v,metadata,1905 JQ01,Brad Damico,
QmYJkpd1o5wUEbUmnGgVSCCPvmb11UoYNrYDhGykwS9oNV,asset,1905 JQ01,Brad Damico,
QmdGntPYvukbnWSD7NXTf5CAswJ1bH6DQiYHrXLFQKs1dc,metadata,Pudong Legends,Kerb,
QmPUPtXh5kpvBHMrT85FXqUXRsCT1ipuxzKdtgAca7syJq,asset,Pudong Legends,Kerb,
QmeTmkacZDVdL9ktefRHqMkzzK1HqYLYdsKJwm6Gxtomep,metadata,Over Deliverance,Kerb,
QmX1YxPkzdBdQ9wq28QD2XJCke2wjnFqLDk9y57QS4QEAo,asset,Over Deliverance,Kerb,
QmUcvFe1JLoWMGbDWNvghA9gB3Ee3bVts8HGwD86ZGgZjH,metadata,Blocks #1,Gary Cartlidge,
QmcHTtiWCgkmiTRikRXr43MqaB2bmVNWimuTnW4y6mkufx,asset,Blocks #1,Gary Cartlidge,
QmZyXSUP8mwmKf4SFMwv122TicTqQnTLHFGwfPm9TsU9xz,metadata,Bitcoin Pizza,Shortcut,
Qmdm3sr7XbvqymoZgLgjVFZ7eeBYgN1CkUUVbEwWqK1vFz,asset,Bitcoin Pizza,Shortcut,
Qmaxd1qS6he7rVNm9AQZGcthC1YLAQVtQ9Wv35fBzhiwsB,metadata,Golden Sun,Viktorija Fine Art,
Qmcowg74FZQEm6Sx83f3LeMUtMAdDaZEtczPhtS1cAqTnw,asset,Golden Sun,Viktorija Fine Art,
QmNPFWhG7PrH8gzfB2oFJchtxXrEP3cdfNGBTsWGGbjHNq,metadata,Art cow. Celebrity detected.,Alex Shell,
QmYnm3ZgVMTxgYQ4Tmz2bcMQbrsSuquXRyoLGKG1WQT5uR,asset,Art cow. Celebrity detected.,Alex Shell,
QmUN7mhwuGyXLAMUqdDngR7iAZYvRPCK2i3d6kCSeziZjx,metadata,Dogfathers,Kerb,
QmcfGZ7ot8UqBPhgu9ShTNxt8bhsyFWw99ZMBdfUeXoy4k,asset,Dogfathers,Kerb,
QmVJDaNe5ajztqMrDtK5uSAkiFwauEADJvzqUUEd9tSBy1,metadata,Composition 4,Jsf,
QmYtzctSuxxN6kgE74Bft7uC9KtFL6NEshtriSuAifCDjb,asset,Composition 4,Jsf,
Qmc2BXvVWttyCdHCsJFxrJgo3xfP6eThcxooMEACvjSQBQ,metadata,b o k e t t o,Nvllsekt,
QmZKyn1wGgHUwPNFgKtjEVBa9djPGaraEp65NmGfzHQj7u,asset,b o k e t t o,Nvllsekt,
QmW78jQbCyre6yMnScfhmGuTGGKbNC8F3g4GtYgjcBBgcK,metadata,Serie Gris #1,Andrés Senn,
QmcyMGezYfJTh8kXuwmLAQd2rakYDJgdZiteFXPG5gv4TT,asset,Serie Gris #1,Andrés Senn,
QmePXEduzVG9FHnmgFNvTh3CpX5rSVvMmvmyt9Vexdf4tp,metadata,Blocks#2 Broken,Gary Cartlidge,
QmR4jBYVghhKAwUQKFnBLN218gKD4qqeAHgdD4UX3xR947,asset,Blocks#2 Broken,Gary Cartlidge,
QmVXSWBeREwor3NiGWLr549rtsCUQ3XUDDR47NvCMAizfc,metadata,succubus,Adron,
QmYrtRbrUXM1cVMPfwXXAPiwccXD18LKmaiGFsdvcaPyMi,asset,succubus,Adron,
QmdG3VkD9sqFbgSFnoi77WgeSmxLDqrSeR9PSJEiWCq4qW,metadata,The Guiding Hand - #2 Cthulhu Take the Wheel,Kerb,
QmcpAX1UjWRadf2U91bLDkCQ9TkLTKnePJKTuoSCpBbu4G,asset,The Guiding Hand - #2 Cthulhu Take the Wheel,Kerb,
QmR4bt91qcuA8ooWP4RuQwyWaCJPdnmUnS84XCdTts7bpr,metadata,Composition 5,Jsf,
QmVXmhkZGMTymisPxxm5oTNi6S3MpgATjorDnTUqvyYpof,asset,Composition 5,Jsf,
Qmbvv2uSN1y4JqGGNi44wywEqEvKJLCyDZosoAa8DkqcmR,metadata,A large set of hallucinogenic cows produced by custom-made AI-powered painting machine.,Alex Shell,
QmV4etzkhnzySxASHAmqDZkaU3uCADGbXBuYWs5arSVwtN,asset,A large set of hallucinogenic cows produced by custom-made AI-powered painting machine.,Alex Shell,
Qma5mHcjQ6E8NpG4B2dkFD3cHB1xAk2aFH4PyTJbrFmmqH,metadata,Brugmansia,Yura Miron,
QmTaRpHUTXVMDanVB2EX9A36415i1SmsjW36wcoqUKk4tw,asset,Brugmansia,Yura Miron,
Qmbt3K3pQyKHUKR4om16juoWfcFEv46V5b2oNZ4dQMZRWA,metadata,crypto loner Rustavi sprawl,Hans,
QmSJqPdpbknhfKxcPXcvfHWLai6VdPk14Q9hPabV2aRLAc,asset,crypto loner Rustavi sprawl,Hans,
QmYcmgScrZjhEnnTwSBR5HSoybxrHx8KanfmJRdi8ydPhi,metadata,The Guiding Hand - #2 Cthulhu Take The Wheel,Kerb,
QmYJVCx6qE9neiqMpaSdWWN5reoXFaf7NhTEP7AfKoyAG6,asset,The Guiding Hand - #2 Cthulhu Take The Wheel,Kerb,
Qmd5J4Bb2nsD8PGWoNMAAbvib1asyr1urpYrCkLAWztmcH,metadata,Broken Block #3,Gary Cartlidge,
QmNbKrqfGc6bFKPfc32T38mqjuQKTUS8aZEVbsQbAvJd7S,asset,Broken Block #3,Gary Cartlidge,
QmevGGx4YgmGi2sbAg9x2Z9LY8EwERrsjVYDQRAjndXeeV,metadata,The Guiding Hand - #2 Cthulhu Take the Wheel,Kerb,
QmUiXsggiumH4hDdaLQpCRoYptXQdjxVxy4FonA3G2oY63,asset,The Guiding Hand - #2 Cthulhu Take the Wheel,Kerb,
QmbH4cnKHni8FkBmRjsVDFyi79Y9t7Tgzfgkwr77qXGa8C,metadata,Portrait of the Artist in Digital Decay,Sarah Zucker,
QmVnC6NKZo1V3i1gmxobwxQeAQHi7KsccZpsaTZoYwerL4,asset,Portrait of the Artist in Digital Decay,Sarah Zucker,
QmRCMoapK2q21owt9wGKmYB2TVaZdaT3VZFHHREGo5g7RJ,metadata,Composition 10,Jsf,
QmNQhd16MgNBnTvLS3atF2qYEwf38znGjfU4VeErX8jVT2,asset,Composition 10,Jsf,
QmWtZTfhXpJD4v8gERMHPRCmmxWGjh3YenCUZY7m4W4Qai,metadata,Spring,Cristiana Vettor,
QmZywKbTBy3BjGn6Ri7r2hfpjMZCpDxuo2gDRzi2CjjL7f,asset,Spring,Cristiana Vettor,
QmTuEZhMiwC7Xo2ekZgSTkMCmSBEk1MRgttMhy7qhKHM5n,metadata,Monochrome Flow,Jsf,
QmbMyEM8zkd3PnHLFJAMoXisAL3SuSQrN89RAwCWpumxNQ,asset,Monochrome Flow,Jsf,
QmZPZVEPuZ4qor1kM7uDc94u52JU2k7dbJBVB4ndZYWsp6,metadata,Build new worlds,Gary Cartlidge,
QmZmRM8EXNdpcg6wGpCRTD1CgAwPa9HEyFx383g6cFZBF9,asset,Build new worlds,Gary Cartlidge,
QmUMce1TjZat9Dgoi6bPqbFjx3KY5TnFfini4G1Ysh3bYX,metadata,1905 KC01,Brad Damico,
QmWGQXUnNVJqCmJNbQZQmBHo9JCvAL3K3W1QyRg3d16y9u,asset,1905 KC01,Brad Damico,
QmXxGGb1TzvJEGtxQGE7H3L5JPrmVLBqpjBXExd9qwGVeA,metadata,The Guiding Hand - #2 Cthulhu Take the Wheel,Kerb,
QmYJVCx6qE9neiqMpaSdWWN5reoXFaf7NhTEP7AfKoyAG6,asset,The Guiding Hand - #2 Cthulhu Take The Wheel,Kerb,
QmYoNiVD9wqs5xg6AB2rB9tLufPm2SmF4QGY1undxXAJPH,metadata,Echoes of a Dead Earth (blue),XCOPY,
Qmax6MHfZSBZangSqWm1LAUdkxB6GZgeqk2r3srViE41bc,asset,Echoes of a Dead Earth (blue),XCOPY,
Qmf45mUZdSUWTEsaJSa23FeuaqrwRDT7mCjik3boJkyPvh,metadata,Futuristic Racecar,Psychedelic Astronaut,
QmcfhTCdgbgThxarrchrL2XsX3h51QmbNv5F6Jr8nRzUDi,asset,Futuristic Racecar,Psychedelic Astronaut,
Qmeh4Qwy36ky1iD7EijmJjtjKfuUMd2HUSmp8VvgJcF5dh,metadata,Flying Robot,Psychedelic Astronaut,
QmUiYxzLa2Dyzhaqxd2upifazTVSgVKHdS1icTVrnrw3SP,asset,Flying Robot,Psychedelic Astronaut,
Qme48eXNhHeJPVhipXShfcjrrbRUAPtHr1g49G66McGQ2h,metadata,Dots #1,Connie Digital,
QmVGUSSGMv5kcGWpxJGKRoDEZ6y3zamjqGRrzZwXcUunjt,asset,Dots #1,Connie Digital,
QmczYQgai68ZiKvBWJ3PfraapBkFFwfTNGdSYSf5jNNcqv,metadata,Pix It Up,Brandi Kyle,
QmS9R8k6TGiRf3X9HDEj1zvPQyGJpDpHvURuSg2H1wGYpB,asset,Pix It Up,Brandi Kyle,
QmTLzF7rEHNukjkJ8fuuQc3Yy4hwMAC2yDWApc5n6QnzAj,metadata,1906 KY01,Brad Damico,
QmcGwTrVCTG5o8xQFu1X6sPCoVAsmYeaR2B3HDrpWKJUV4,asset,1906 KY01,Brad Damico,
QmTyeMkF5jg2jgYNEsX4PGPUEwUdNKYU6JmEK622q5fhjC,metadata,In Crypto We Trust,Hans,
Qmapa933NhphNjXULEGYyncHQw1rgBRdroEUtaEDY1iGXz,asset,In Crypto We Trust,Hans,
QmYT2DJiKUqhDq8fCCYQRBHXFmzW25kT1fpUWkM2WEupYd,metadata,Gentle volcano (starry night version),HEX0x6C,
QmbVXXRBciydPuHYEj3kgGJE9oDAMWCbQ4njRYV4io4Ada,asset,Gentle volcano (starry night version),HEX0x6C,
QmeDQQw4RA3VV4PrJpHKnaZx2CZfPXCRuKuWtfohvycfDD,metadata,1906 LC01,Brad Damico,
QmNXjejmMsBFeTkC9WLnxup5EWokD5FYMcqYpVWwPV6nNq,asset,1906 LC01,Brad Damico,
QmUvtszm2f8gW9N4PGo31dxZa7LG8RnzXk8gPY2WiJA9aq,metadata,Overflow,Kerb,
QmRrzEwgYVoGijE5FHimABEBueq4zceZstqwe7f7xzKwEj,asset,Overflow,Kerb,
QmYYVpch61Ufs1Y65Hc5WJdrhdXYxiJa8yypinRqeMvmmC,metadata,Digital girl, vivid colors, same melancholy.
QmZ8FYDKgRNgY2ZhSXqVAgwVmBH35cePHT8JutnTWjTqgv,asset,Digital girl, vivid colors, same melancholy.
Qmck9k9M2JbRRvdWDz1eNwGD7FkRrMJQUhAhnyJFRtJSxU,metadata,Dots #2,Connie Digital,
QmSBqxUZJCLeiWW2EjZrRiyTBjtPEszRD3xzNtFRNKUbX6,asset,Dots #2,Connie Digital,
QmVQn9zyQnsnMgULvk8CTyRDsKERfG1yBBebuQf9TVJJPg,metadata,ST #1 1/1,Andrés Senn,
QmWZ2tCvhhcLnX5Qhe23bySX81VTpGvsrseH1vzT4Jemue,asset,ST #1 1/1,Andrés Senn,
QmR3A5g1MNjbEpvmisQ2KKCdMkh28VpW2qrwgeksBspCWW,metadata,EYE Drone On,Ophelia Fu,
QmQhErU32hy3BcxR7BTQyC9RJ6PSbUyrNN7pVkfPtHEGnP,asset,EYE Drone On,Ophelia Fu,
QmerPHDJFxj76YgvW6sNvABSq4AHQMMnZY5gsFTCYjrban,metadata,Self destruction,Artonymousartifakt,
QmRvghkS2e34cAZuRC1rUPD1MPpP2XyGEvRGGYGx6uDhUo,asset,Self destruction,Artonymousartifakt,
QmVu6T3hWFMvs7qeJPado1Z3JeDaBGNv4NBr26GmBsR1xa,metadata,Composition 6,Jsf,
QmNc4cdcGoEtw6D6nqQQdM5GAaX7EjWJQbFPm2xzziPGKi,asset,Composition 6,Jsf,
QmUNWX6F2hyZL1wDkSd4t4r1FwD93ypMM33CcW49LEBHAD,metadata,If it does not touch my skin...,ilan katin,
QmdTh2X9DqpGPmjViS3RRAXdqannUEeiozfnqFgmxcWZjT,asset,If it does not touch my skin...,ilan katin,
QmPt1rFJHcSybSt7doA3ghK6q92Ngj8AJy3YBq6xuM3pfA,metadata,b l i n d,Nvllsekt,
QmNWH3Turdq7cggDp68Z1XJunQEzoQ1GrYVHuvWuRjdrMS,asset,b l i n d,Nvllsekt,
QmPod8g7ncqg53KBkYuAdWB8kUZSsm2WMJNj5RXiGf5MvU,metadata,Dots #3,Connie Digital,
QmZW4rbddicVkrXDFnhmEzGmQtNVVkyN9TbbRdNxChrAWk,asset,Dots #3,Connie Digital,
QmV8ZLxxRK2ibtg1dxkWpFU3emxqoECiJgBYCKwN3TzC5i,metadata,The wisest animal.,Alex Shell,
QmYRdRWpwdtXdNmP9h3bzEjRH65oSCqBcRp5hXs1oc42w3,asset,The wisest animal.,Alex Shell,
QmVLBA9YK5gjiCfJD3beTtGmkMZ2trhMFc1ujv66awjE7m,metadata,Alice's in Wonderhash,HEX0x6C,
QmbJw1KAx3vd1izGyrkv4E6bPXDP4HyhiAekWqELXSqx6v,asset,Alice's in Wonderhash,HEX0x6C,
QmWp3HFG39VCVhvBUMKXcPk73JZ7eS8D3Lsnic6hMLtdRL,metadata,Beatbox dood,Psychedelic Astronaut,
Qmabhqk57FaRK128tLkg3mUQxsBeFrmZ2wSZ39WR9JGzmb,asset,Beatbox dood,Psychedelic Astronaut,
Qma116H2SJrdMYxHSCV2cr9ZTt9yS3SquCGboSxEdoBiYq,metadata,Apollo God of Light,NeonClassicism,
QmeRQSKBs5KCCLtvoqTBYaUH1KTGu4QCiKNbtoojx5Z9nV,asset,Apollo God of Light,NeonClassicism,
QmVAmUTZiEDdSFH89grt5tH1ZmcNqT6zaw1f9fE3Ejmc1o,metadata,Self destruction #2,Artonymousartifakt,
QmfGAJwXay2Sp9XAananMiktCU2XVD8373QhmqiPyt4CnX,asset,Self destruction #2,Artonymousartifakt,
QmSKx8PN9E2WDMXov3rNbRNbmtQCkThF35mf5BFcMZgNVL,metadata,Callaeum antifebrile,Yura Miron,
QmYTgV2P7WZZHZXuSsdympve3Go61Mnyv1EodDLHuTdBye,asset,Callaeum antifebrile,Yura Miron,
QmdacHHaKdDasqHMkWMvSfYDfXMGx85cHXvCdXhRPbSkgn,metadata,Speak up,Gary Cartlidge,
QmeqbQ13sdUX5c5NnEUeAf58fp2EpmfV3kPBFVv5NTz9G5,asset,Speak up,Gary Cartlidge,
QmYEQXnsb7Tu735ym9JhU5H3zxVn7XJBdWDstPLyjaAKpx,metadata,1906 LT02,Brad Damico,
Qmb4sFBD1z7puaXGZ68s3jQYUjNEVXGmjYAopR7RTC4GRr,asset,1906 LT02,Brad Damico,
QmTxACakNoA4h5aLV8pyuhuU8KhAxzy3PpUKMuKtUSauQY,metadata,Unknown Glitch Pleasures,Shortcut,
QmQyj2FmFUoDvHYtV1frz7JuoVXAzXrhzocaRTBX6rP5wW,asset,Unknown Glitch Pleasures,Shortcut,
Qme396JbM8BWy66koNtGbftpaoAbzmJRy8WRSuVYecy3NA,metadata,1906 LU03,Brad Damico,
QmdNcb3sLdDm9KQ1Et3d5xUtAaeMWtXf7VTnyxcBQjE8w4,asset,1906 LU03,Brad Damico,
Qme88EYjET961d5Mwt8C6jTJgJ39V83j5kaNLXoZ2No1km,metadata,1906 LV03,Brad Damico,
QmQquTbwcyJtPUf7DxFZNDTPwkkasKQ2ASvHTpLL7eCMEW,asset,1906 LV03,Brad Damico,
QmRkUzEb1Cd234nVxT2PrLejBiHkVAkL7a7b4z1jiwTwmE,metadata,S/T #5,Andrés Senn,
QmZsANiqCKPakPtkbrAysMRDHmUV739HseKu2hoKR3pH5J,asset,S/T #5,Andrés Senn,
QmRhq9gybysD4qGEB3oVSMF9n5CmjRErTruC3HUEZzxjR3,metadata,The Guiding Hand - #2.1 Cthulhu Take the Wheel for Pride - super HiRes gif Special Edition,Kerb,
QmRRb8Gzuntwyj32EPG7r3veYdgksFq8z56wNsfXCA9nUT,asset,The Guiding Hand - #2.1 Cthulhu Take the Wheel for Pride - super HiRes gif Special Edition,Kerb,
QmfMuuEWUK1Abrgp1JNAPvegoHQo7NwUZgUuyK3z2StRva,metadata,MLIBTY shadows,Marko Zubak,
QmbU9KUUFfM1F1A91r8CVweCy1Bh69ekZ7CKJC24Ci7FTR,asset,MLIBTY shadows,Marko Zubak,
QmTBGquaMa876BYUmzZsfci4SU7vkNrjWyFYYqBZZ36t9H,metadata,OneTwoFour_3,MuirMcNeil,
QmdPuQSyCX64gBuJpFkpHCK6XB8KnyXaoR5PFPTwgEt4QZ,asset,OneTwoFour_3,MuirMcNeil,
QmeaXt1nAoLadaCxJnFgEmvL4A9BQWJXfiXWRa7J79ScoE,metadata,OneTwoFour_1,MuirMcNeil,
QmTzXsRda6z1y8JJW6AUL4GmcG3XML9YocnCDUuv9pTdYY,asset,OneTwoFour_1,MuirMcNeil,
Qmb6fmZXLYXBSw3xUEwvF4tG5ySis7H94t7rKjiJksoaVX,metadata,OneTwoFour_4,MuirMcNeil,
QmZyLPLAJZ9SbGLDtdd5Cwpcak7wmojDy3EhsHbnt2MgTw,asset,OneTwoFour_4,MuirMcNeil,
QmU54ERS1H7KgSNwPtYNB6K8XE7NthimNQCES1TxVJZVku,metadata,OneTwoFour_2,MuirMcNeil,
QmdeDuS2httsuzbsDfBbYUKDiLnnFJKrwaEsxkM5Fmqrrm,asset,OneTwoFour_2,MuirMcNeil,
QmPJkbDPd3L6Qhmp1cYk3iZ4isYj2QBGFnsvjcuMNkHx9f,metadata,1905 JR01,Brad Damico,
QmbRtYnKxqnZfjh5Nvb4QNvuPsJ2C5BVbik9bcpg8FjYze,asset,1905 JR01,Brad Damico,
QmfJEC3QY2rknroj4aAvGqkzUd7vkpaaJN8PZnwFzDi56P,metadata,Unknown Entity,Stina Jones,
QmPF6amQYfcgWBVzU2NMTxsX9j5wukJGjB5e4dtosWPPao,asset,Unknown Entity,Stina Jones,
QmRbXa8KiWxxmuTNSFUZgjJJ5eqLvcqKkXSDJaeGHCdnfv,metadata,OneTwoFour_5,MuirMcNeil,
QmTMbvvQzmHWBKqVk57ULFvda8QPCsDgRgi7AoVNgL5qCP,asset,OneTwoFour_5,MuirMcNeil,
QmVfxMq8XfgiagPQQAPexcorEXqcmAcAAouoNP2NAC8EeL,metadata,Nudes At The Beach (Enhanced),Bard Ionson,
QmPysyHNFQKisr66jhUPDxYMsQTiSasGCyKcQuqkzdtY9N,asset,Nudes At The Beach (Enhanced),Bard Ionson,
QmSZA7zVTyBkunUwpi8PTqUJ2w2QgE7YMP8n9gjVZfWvCU,metadata,The Abstract Circuit,Gary Cartlidge,
QmPQyNfVDEBgNxkhszqDDoBgrBHCtf23jQxaQatE5LoHZ1,asset,The Abstract Circuit,Gary Cartlidge,
QmfT3PtAcEGMYQv12NHvnee7jYiUxyPQMLT7BegcsQ4Ui5,metadata,Sato will watch his home fall,Gary Cartlidge,
QmP6mop3k717tDzpjryyetJ2Zf93kApPTgpGWUNyhKvZW7,asset,Sato will watch his home fall,Gary Cartlidge,
QmWqa9Jiew2UWtV7i6bt8jeojXMVAXqNW8LesCt3iuTEJ2,metadata,Funnel of life,Cristiana Vettor,
QmT4MMv4z8GgDXKYfKDjF1EXXjM7ibY7ZhV5WRYFeJ1MzT,asset,Funnel of life,Cristiana Vettor,
QmXQXZinrnhJJVWM3YVnu3gMo6hvK9MeM1nbZJ4h82LHun,metadata,Morty and the Strings - VG dedicated version,Peter Bock,
Qmanka23xq8yrZF3XurBfksdYMpfnKaNYeH5K24LkjoerK,asset,Morty and the Strings - VG dedicated version,Peter Bock,
QmUy6hZRUVwiKVLxor8B1EL2YEC5qE8QhnBbFx9bVSSN2h,metadata,Avatars Of The Great Awakening (JA),Tom Badley,
QmaDULMJdCdmMwykrgh2vk9JXkhrLb8QhFA1VDrSNHtcgn,asset,Avatars Of The Great Awakening (JA),Tom Badley,
QmTfQ2hy2sBpMZcJYUSE3xXx9XhKnq9qQKLtPRSRabB8BT,metadata,Blue,Mattia Cuttini,
QmePsgbcjwpApfjchbhcLgsc4SVAjKV6fSwvcAPkAKh7Zb,asset,Blue,Mattia Cuttini,
QmUWpA2tKe7v5aPdeygDNWGCeNJi4bZZAv9KguSR9Rttj3,metadata,EYE Wore Rouge,Ophelia Fu,
QmZH49K7EiRp1jKDst4FLih5fhJYPG5Td1hcQCiNFq6Msn,asset,EYE Wore Rouge,Ophelia Fu,
QmbUDiR9WVJSExtZUZpchEtodVP6SxRpUUBVRofgTotV1W,metadata,iDAF2019 A journey map,Hackatao,
QmRubJwoJPKNvKw1YctYanjGnj6FHq2jkL6V6k5hZvWdXE,asset,iDAF2019 A journey map,Hackatao,
QmP4sq3nq92F6TAJN421VM4b4M8WWtKtiyyptxMA2iafQg,metadata,Glass Work,Mattia Cuttini,
QmaPRUMo1q3A8oTP84EwRnpqCdvyeUFUepBwbPJDFnYekg,asset,Glass Work,Mattia Cuttini,
QmSuE8q631hTimRXYBPefK6NCYTQHQtxPH2HCxdoVDRgKV,metadata,Boxed Earth Warp Speed,0xBull,
QmfDcknvKALj5Xvnc6gJNR7KipMhqdyHDoyZHqZLQDY8kk,asset,Boxed Earth Warp Speed,0xBull,
QmVMxoVvZJ5toM2r5oq7ZsibWkfGbN5B1wneqDg42QqhuG,metadata,Jason arriving at the Black Sea,Hans,
QmYsrebgiiWZSccqmexCEk6KbTYGS8LyXon4f4RPWqPpL2,asset,Jason arriving at the Black Sea,Hans,
QmehmguvNgTZM1sAKBDNbAWEJHYkUBGantFsE2uKpXjPoi,metadata,The Circuit Awoken,Gary Cartlidge,
QmTZmHzoTteWiPAiHYQ6QxHgTtLC1sxksKQaFcN8wqQyTk,asset,The Circuit Awoken,Gary Cartlidge,
QmULcvUrKuD8BRYaWazcngzcjGrEZtm5LuaZKoQ3gX6d8D,metadata,Me and Francis,Cristiana Vettor,
QmQMn6NRc2JzkVcbPT8DHTjEF5Ar8Jh2njxDWGBVaSrjmT,asset,Me and Francis,Cristiana Vettor,
QmXuNHwarpP1BRxh2m7dNcsztdGnK8hr5YjheS6T1mZgAi,metadata,THE RED MASKS,Anna Louise Simpson,
QmZuXJ9GirXN1ZqaZFh1PUrivnpt1k3FYYKssJpbTTxLcF,asset,THE RED MASKS,Anna Louise Simpson,
QmQkouAUXuwt8tgBhWt2E19KrhSDPK8EBoABKLvEkH8Pv8,metadata,Android Plaza - Game Show Contestant,Norman Harman,
QmRBgoc8FmDgHia9NaBjxtDH6LnuF92UU3JfbJRjGFAqrv,asset,Android Plaza - Game Show Contestant,Norman Harman,
QmZMbSbuVZkqb85BugbAbTjS7pkrDhugfvbxXKP1qdmK2Q,metadata,RED BLUE,Anna Louise Simpson,
QmXoT3sDAr82RZjS9vV4vMFeZtU3ZoeTrAG4jDWDUgfMcR,asset,RED BLUE,Anna Louise Simpson,
QmPLUvFuTL256YfMxDNnh7bpQN2XHTzYEUZsWq4VY5DFHT,metadata,The Human Hack,Gary Cartlidge,
QmTXxvikuqxKhSUZVVemc5dwKSUMdX8cA4gQWopFjLdwTT,asset,The Human Hack,Gary Cartlidge,
QmUfMPet71P7yKj8oFWAvoihjbfyaM2XrGHf6cAckznvNJ,metadata,BOD,Yura Miron,
QmdusmFbnnMVdiKsVaSRYLRdtr1qa2PyiK2KZMF4ZqDCie,asset,BOD,Yura Miron,
QmWCaipdbY5nUpnxyYE71qtZVtfDm9rbHcdL3yUkyo7Awa,metadata,FISHNET FACE,Anna Louise Simpson,
QmXF979afWFh58RdTNsSXvnvd6gjVyXoEsforNA9pcNPZM,asset,FISHNET FACE,Anna Louise Simpson,
QmdFVeqDeXrQVhfMZxHyMLh1bKpY3CvJ3xBthsnDwDXsNj,metadata,Android Plaza - Euro Man,Norman Harman,
QmcosmFPLCKpvAmp8LLVFiEBPSDpkeQFtoyyNG5czby2v1,asset,Android Plaza - Euro Man,Norman Harman,
QmTHABHsTM7cXfbcjepFzYzqAWeacd3uBaQjYqThwkrQZZ,metadata,Small village by the sea,Nissla,
Qmd6eQdwchdXg4BkUYT37Q9PpEaJKmRvVMcuke3gzgcbg5,asset,Small village by the sea,Nissla,
QmX2c2kcLCGtEwNBH2P7VcgXL48qn4N54NJWZsQsuYutkc,metadata,HER RED MASK,Anna Louise Simpson,
QmPyLf6EUHdsPNJeK8jTGgKmpayrJgusoex1iZfxmYBLDF,asset,HER RED MASK,Anna Louise Simpson,
Qme6zkyZBMJntXCLqX4sREUd2rVmNg6jNNrkjAY2g5Ue8K,metadata,Horses crossing the Alazani,Hans,
QmNXnHDgFV3DE1dCVM45yenEMTcx6FwsdG1gzadCAyvoAw,asset,Horses crossing the Alazani,Hans,
QmNgo48DzMJukwksXHgDUVRFos3ntq5qDAGVVSFqVasUfR,metadata,THE GREY MASK,Anna Louise Simpson,
QmSCZLw7uNG9oSFzWKwYkXP47upbXX1FeY3JbPsuCfigoQ,asset,THE GREY MASK,Anna Louise Simpson,
QmXcFUdE77t2dkoSRdHUy2ZwWDYjWiyXWFp5sYubCdTnPR,metadata,Android Plaza - Hollywood Beauty,Norman Harman,
QmcdUzRiquAVFA9KBsyzSLL6CjkYp96xk3u8Ewte3SUyg9,asset,Android Plaza - Hollywood Beauty,Norman Harman,
Qmak9LNGhNKsr5PhjDts9Ua5gBnXXqyk7sGWDAoBZwMWE8,metadata,CRIMSON MASK,Anna Louise Simpson,
QmaBLgGy1HJtwfF3stPuDFUGLNXoad5XgrL5wNbPdoiQnU,asset,CRIMSON MASK,Anna Louise Simpson,
QmTHVR4bMC2b2kmanCoGmJy53qwh4nPzFawGJc359ogbsD,metadata,Exa Colors 2,Mattia Cuttini,
QmNh8XTyCMNJWqhN7aWKrfmLFuronjXqgmz9VkcjnsTqKN,asset,Exa Colors 2,Mattia Cuttini,
Qmcc1FKbigWLQ32ZnHDBoJEqX4rW5PR49EixworrL7h3YG,metadata,Fision,Stan Ragets,
QmR96u1jocdSPmLjSH6tMrft1jMoEMb8xAWinthoMwsp2f,asset,Fision,Stan Ragets,
QmNgqb4s5zDrvRxyHxxVAmDHicqep3zdChtqzbZdNrFjjH,metadata,Android Plaza - American Actor,Norman Harman,
QmbCePT8e9SjKXiKNMr7657TBAwKKPa6kt1HgwwQc1bhsu,asset,Android Plaza - American Actor,Norman Harman,
QmSWvJzZ4c8YuXV9gux3rBZZp62Cu9hQh7hWf87JWfgsEL,metadata,WEST HOLLYWOOD IT GIRL,Anna Louise Simpson,
Qmav7poW9yNHZnJdnB5T4z5muL3Mr5gkaRRRdbVLoYMmzm,asset,WEST HOLLYWOOD IT GIRL,Anna Louise Simpson,
QmeNUJh7Kp1NScKKgFQWsmnjVxCmTJHqJmV1cT8ajFqeJ6,metadata,MALIBU DAYLIGHT DANCING,Anna Louise Simpson,
QmRcGqJnqBBogAzBieixneqkFKQJ2k5qEAeDwxwMNw9Joi,asset,MALIBU DAYLIGHT DANCING,Anna Louise Simpson,
QmZUPLpimppkKR3Uy2bgcy1cZhxn4v8JgTo9F8QtRNG55z,metadata,Toad The Wet Lover,Brian Showalter,
QmbVNGnKPpYKiGJzWUjaZcjQypqF58STbv5Cou7otUzC7B,asset,Toad The Wet Lover,Brian Showalter,
QmVjYTTFKQY6gGPDSeQhY4YGUNsuFQBcPhpYxdgw9Gd2X6,metadata,EMA,obxium,
QmbTx11KFAsc74VH9su335Up7qD88DaMErLepFdpENSLvU,asset,EMA,obxium,
QmP3Cu6GdwdgbsPaJcrj3W6yvioLVN3kZXq2Ei6JeyEChf,metadata,LEATHER CRUELLA,Anna Louise Simpson,
QmW6dNtTHMKAYdchMeXDrEPK1Mn5wrUByxVHmVLL5qKuwt,asset,LEATHER CRUELLA,Anna Louise Simpson,
QmatQstY91vMnQDp5rH5ZAmSKCkKDrTKBo1s18SJtR3isd,metadata,CHECKMATE,Anna Louise Simpson,
QmRYbRAZ1rLr146mX8W2JeA5gjn5aSiXQr7xGRwigEgZtQ,asset,CHECKMATE,Anna Louise Simpson,
QmQkszxugf3d2qzKzySbZUi1x62EiDoGCHExkFhHLc1xfh,metadata,Digital Wastelands - Abandoned Car,Norman Harman,
QmU8e3V6A4rYJ949RmXtH357LDsZ5eZBqG4NBh6xPQuLPt,asset,Digital Wastelands - Abandoned Car,Norman Harman,
QmVjrG6k7R1833n7RKspqtHJ2kin4JLRhfA3zAwxN6qg1h,metadata,Beware of religions.,Alex Shell,
QmWwZVRSb9FBAQM1XhN4mn2xbCup6ckJ3vgsGGX4poECMd,asset,Beware of religions.,Alex Shell,
QmdjNT2tn87iGFw935N8Z1ZE49KmjV3h8YEJJoFF41nAEe,metadata,NYC COMMANDER,Anna Louise Simpson,
QmdhK8Vd7LCufBXu625TVwW7mnk7HrqMBFuWsukH79tLb9,asset,NYC COMMANDER,Anna Louise Simpson,
QmNcdKVwb2cSHw8XRZNSXKeLpwpguve3hqrtBUHCSVASzQ,metadata,AMSTERDAM WEEKENDER,Anna Louise Simpson,
QmYdmqp4tHRyThbgnbvZu8H171HYkFU7GViSkgiyKLJf9s,asset,AMSTERDAM WEEKENDER,Anna Louise Simpson,
QmYvTeivvMhBHJJAdNXPQD9ezf4Nkv4Z1RaadF1dD9QfE9,metadata,Three pillars of capitalism.,Alex Shell,
QmTrH13snQqTeQETukZfWmGmiiVcvsgUfrKNhKzf8VFq4i,asset,Three pillars of capitalism.,Alex Shell,
QmNyrSPZaxkv1cDzdcqSLGGHdF2LxewoyzahcJDre2rhyK,metadata,A roar, a smile, thoughts.
QmWY4B9nDbXrsUr84G3YF9kdFaw3eEc73KqGsgXgMSBBtK,asset,A roar, a smile, thoughts.
QmYDBSBceqXseBQ5yGGhfBXTuN6YbKfeXZQZkT4qSd4p7X,metadata,Girl next door.,Alex Shell,
QmR25qdvCymYqnVWdRnfkhq9td8Wyc6711jWsw7JXBnwqo,asset,Girl next door.,Alex Shell,
QmZKohGP1f8GcwYJpJh81PNeKmm7vSViLnn4xqxYLfHkxY,metadata,Party Pineapple Head,Voke,
QmWgR5Tvnt2WF9thfuVmWzjFdoqtQyEepWjkmzKJijDhSz,asset,Party Pineapple Head,Voke,
QmX29yr4XbfxLihWvQwfsxhU2UyHn1ajjkGbfPvfhM7tyZ,metadata,BROOKLYN IS A BIT OF ME,Anna Louise Simpson,
QmS1Nc8BanQBU5pKX4avwa3edwDYHRqSauGLrXNhQYLCBm,asset,BROOKLYN IS A BIT OF ME,Anna Louise Simpson,
QmUhchsYeR9txJbCtVV5tAqf47ifhTR6heM8kPkXbHywex,metadata,ROPPONGI TAXI,Anna Louise Simpson,
QmRK3AqwUVnuEHqhsVfyXAxkst8nNvS7KuHobxkdnKJHdK,asset,ROPPONGI TAXI,Anna Louise Simpson,
QmbTg3J18D1x534EdiYCGnkyZNt6XH1Tg8rLtrj4MgwM3B,metadata,Mental circuit 00250502019,Fabiano,
QmTxaX2mYp3XeLZriBpZRrkrA7bk38T749H2cJhqE451Nn,asset,Mental circuit 00250502019,Fabiano,
QmdJWFmtzQe8WQ5KC4Q7mzKM4S4jk6wNz3DUfnokwJTFZs,metadata,Anonymous regulator 201,mlibty,
QmPkPKo8GEr3BfaLCQ2TicPbLsUEyWvEiEQW7no6j9x34c,asset,Anonymous regulator 201,mlibty,
Qmd22uGJb42dvBCgiFVYbVvsjmMCQLogbmkxE1HLYgWiMN,metadata,Multiplicity and Self,Voke,
QmXTeGZs1PUvJBBCKjXZiFrsWnDCbZ2GsoiNfpq51w4cZs,asset,Multiplicity and Self,Voke,
Qmd9qudH5iz9viTRMQKs1MkrVwGNCcBGdfWDFbb1rtceCE,metadata,Android Plaza - Siamese Presenters,Norman Harman,
QmPDX76QUWoxvHKKKSDRkgxNZQKft6hcPDAEanMbwEDeeG,asset,Android Plaza - Siamese Presenters,Norman Harman,
QmdFc58YxYiPFGwBZ2esXJKYgkYWRVtAagdcNF4LwtYxpC,metadata,NEON SUNSET,Anna Louise Simpson,
QmQMWs9KPQCk1do4z1mTnGffmA1jUzouFF7SWmBqN4ktd6,asset,NEON SUNSET,Anna Louise Simpson,
QmUKawMQCTkCmGYTXyLKT3n5gAWf82WBbnacuGZmuMqYCk,metadata,Digital Wastelands - The Carnival Has Closed,Norman Harman,
QmReRievGwibrRnsbCGUaGqmftdwwqJancaWZxt9cSwXiA,asset,Digital Wastelands - The Carnival Has Closed,Norman Harman,
QmeizmnkGiD9rmLQvV4uRpxjhQgLCtz3z2WnM2d5vSG883,metadata,All Smiles for The Kozis,Vorkay,
QmRy3SpaJin86WXwRTh9Gge4ZDajsKhypxgmXEgPYLheYe,asset,All Smiles for The Kozis,Vorkay,
QmVceFq3H53GnriFfSWodLwDcbrSVnT4fe9xWP38bPpJkB,metadata,Future Wastelands - No Services Here,Norman Harman,
QmTv4KkdnP2w5L6rvcZaW6vTRYho1FkBjqEpGK2MbQnevP,asset,Future Wastelands - No Services Here,Norman Harman,
QmaKZUkkD2FQCcsfHLQN9pp4LnkBJrtm9jCpBAi5ahi838,metadata,PARISIAN SUBURB,Anna Louise Simpson,
QmQousr8x2oeQxbL67P6UvWawGP91BBKwURGJufDWGv52E,asset,PARISIAN SUBURB,Anna Louise Simpson,
QmV2kZJrAtsoqNCaAZSoedH8ywr47DdFdySkqTmgeSP36w,metadata,Future Wastelands - Roadside Cafe,Norman Harman,
QmXub18fQaby6gpRjzLF4nbtxUHGcynsr5uzZKzwzAiFNS,asset,Future Wastelands - Roadside Cafe,Norman Harman,
QmURKxU7Jm3EYnFnqLA2WZJdJYnsU31afsRsijinvid2w4,metadata,Android Plaza - Boris Thatcher,Norman Harman,
QmeRUoXdcY41mb5HZexLhKRcM8nYQTjEX5Ni5XKv8qLhus,asset,Android Plaza - Boris Thatcher,Norman Harman,
QmTgabHfLNzZTc3ApRChWk8CBWvETiprCVcJo4XvZQrwXp,metadata,THE TWINS OF HOLLYWOOD,Anna Louise Simpson,
QmerxbWY7HGspaebHCKBtPJ4sNJc2FKEhXw1ABKeYtPwkF,asset,THE TWINS OF HOLLYWOOD,Anna Louise Simpson,
QmWcPwRgVviEK2qixxxBbpuP5UfNJZJxHbvGqcgoMYuYSo,metadata,The Circuit at Work.,Gary Cartlidge,
QmcDKSqUaFSM23S9Dwb3mFZDV6bq8x1DfgpGskDNVnkjtQ,asset,The Circuit at Work.,Gary Cartlidge,
QmbHDDrEamaEcLib9qJaj6yvLXo1DvycwmuEbrrYT7a6eu,metadata,Ebisu Shrine,Frank Tornack,
QmQkT7SCDd2AAk2Uj5CoZruKg1ge5SaQY9ug34BkYRkK8c,asset,Ebisu Shrine,Frank Tornack,
QmRXCCnnzRrFX1tezAFf6VrK5mcPQFCQ2Dw6RZY7ESSUXN,metadata,Flower Power,Mattia Cuttini,
Qmbp6qXPGkiG5diV5gyVSfB8Xc1fhR6RKu7TeRymLL2wzh,asset,Flower Power,Mattia Cuttini,
QmNigVzD6sDgehFJAbge4RXXzKLwepyH2wVAzAuA9EZGWK,metadata,Tusheti boy Neo glitch,Hans,
QmX8bbw7JFT9L62yCjK3PtVtP9LW81egaEbx2N5bz6vrNH,asset,Tusheti boy Neo glitch,Hans,
QmdPA1zSzcwoBjKKn2EoW4pDYZ41SR91FphoZ7TMv7uUEM,metadata,Variazioni - 182E28593,Paolo Leone,
QmdGUdTDVbejTFTSZmo9jTozgtSBfhptnkqyzaRyyiDevR,asset,Variazioni - 182E28593,Paolo Leone,
QmYhSm5dFhZPFB55i9ebAxK3uP24kcXqyK22CC4xEikYYW,metadata,Galleria,Paolo Leone,
QmbcrSYm9bBLJcisiAcxjUonXY3EnyeJsQkCY8euEwxAcc,asset,Galleria,Paolo Leone,
QmXNbymGssfuGmA7xzC9caJnQZ4sfGVCw9pM7Zvj1fvkxg,metadata,Freedom for US,Gary Cartlidge,
QmYZctSEKrLefhGkgr6AAegNkLC8qYy1w4vZ7MZDECbs1v,asset,Freedom for US,Gary Cartlidge,
QmTdXC8TouXjpGbTX8AcUPA3ADVmChJU2WsxCGEGtMR1FD,metadata,Impressioni   GK7836_14_3962 ,Paolo Leone,
QmeYwk6ZszEdTyrpMMoTVisHDUAdzUQafbwaqYWNa5g6p3,asset,Impressioni   GK7836_14_3962 ,Paolo Leone,
QmPADpXQDmitrDvcqE5fYXKSWjMrzXjFRmsjSAsMSHrsnn,metadata,DANCING ANDROID (GREEN AND RED),Anna Louise Simpson,
QmZUwPzWyJt9e8ENdjjc82jZVuGBpVPJo9sjbbDxrhsNQe,asset,DANCING ANDROID (GREEN AND RED),Anna Louise Simpson,
QmUjBS8zePcNjtiueLNnVGQBY6S9qS1L6FRKwXAKeDeuHJ,metadata,Android Plaza - Sinister Prime Minister,Norman Harman,
QmSYZSf89hiKEiA8C2iNrZBk3zDoLHb5mzaT3jwZLvjr3B,asset,Android Plaza - Sinister Prime Minister,Norman Harman,
QmUZn5j9BAhbjpWw6dmXCeavAgmBDxT4LCtoTqqGL985in,metadata,TV/VCR,Stina Jones,
QmRAwaaZnttRp5CDt1iVeFaY4Pbmgmf15hFSzjZN3NSPic,asset,TV/VCR,Stina Jones,
QmQDf8waA9UogYfca95DTEydWhziwaRRxpVigzsAzr5qLS,metadata,DDF10,obxium,
QmXPDrKtW8CnCPyZozvsQeXcpcN1vfDdrpwX4fGXnj1zVQ,asset,DDF10,obxium,
QmTA9cFFa5zLdgC967ks1bRwwmUtpBGFG1v6GZidP8ccjL,metadata,Scrap One,Mattia Cuttini,
QmXnoxZ7LRLL3CqQnQQC1TmFr4UyYDcQ1V5w7jhks9TL8q,asset,Scrap One,Mattia Cuttini,
QmRgAnqaBSZDvcN6D65b3UmbxpGzbkEDgRooZKZVV4bZA5,metadata,DDF12,obxium,
Qmec6t4aQW8ACM8bNbmLQQUYfzSoLhQdgtZ6Stb6eTWtSa,asset,DDF12,obxium,
QmWL3wcMw9nnCzrKTMJXfEX1ymX6ZeuGhnUQiBjDFw9ybD,metadata,Espressioni  K1E38416_5153_S05 ,Paolo Leone,
QmPNupNeLFgCc2e7WbtwcxGFRaqhiPQXm7nU4UYapFtA7o,asset,Espressioni  K1E38416_5153_S05 ,Paolo Leone,
QmPSEpdwNTd19oTWUgX4Ehs1kB51DnBngFbkNCAKnm9d5v,metadata,$LAVE,XCOPY,
QmVUKadFGZqEgnr4Uu4gAdLDdYtpQ7yLXQvBAHt1QBayoB,asset,$LAVE,XCOPY,
QmUTSA2nNb478j9MpjVyY1nkHNuqC3spjVWgKmw8CHR3Ga,metadata,Areca catechu,Yura Miron,
QmaSRgNY8fGXc5xwWhRe1UPkoCPc3qwT8G48LLtxd2qP4e,asset,Areca catechu,Yura Miron,
QmPpjXQA9V9FGNSiZ59E6JhZUJeco63h2ecnjZW2Tu21ZQ,metadata,Variazioni - 172E09495,Paolo Leone,
QmYm8UPGaFM3iAbzs9FTp47NGPWGXRMdDcVQzXwvZRokV9,asset,Variazioni - 172E09495,Paolo Leone,
QmNZRZR1FJgQpAUZoHNfuvDgWAc4uHBB16eok2hLqtYu6P,metadata,DDF7,obxium,
QmUx2LvqzD2sWenanNqgdnsMA98DjYi5yAp5m4BTMo4inX,asset,DDF7,obxium,
QmPumAMbRVkKYvLD6jFMSsj9U2nxiQa9FK2s23HAs3S4to,metadata,Speak up to the World,Gary Cartlidge,
Qmbvdf4W1gRagwC27L7KhGY6NjvNcUqiBTui7dtCjbkrmu,asset,Speak up to the World,Gary Cartlidge,
QmWQgyzZUAuANrXSSoLSFTfmZncAb4v949o2cKQ27Sa4wP,metadata,interwoven wood,Frank Tornack,
QmY4owpKT1Eu5gdt8zFTM54zYBJ83eevp4ybXpWPcccg44,asset,interwoven wood,Frank Tornack,
QmSYRq6ULBEt6e8yRZEyHnaSXyGiuUHRx7hfoWUKEXTqVh,metadata,Xeryrian #7,Voke,
Qme37ZH2JYX9xXPL8r1ovDxn4aM2umsxBfdTC77yDNZktf,asset,Xeryrian #7,Voke,
QmWPLPDCRkqtJK2qdmeDPoHJLEcQ3PbgKyrBDFoZpXkg2a,metadata,Russian Tale,Cristiana Vettor,
QmR9JuSj9xjzDiJeNt4QuJM4w9G8eWYjh5PB6ZVXguntUg,asset,Russian Tale,Cristiana Vettor,
QmYQdVnLqC32j96HHzpz8HBA3kXCq54gdkh3Z5on2JzkZF,metadata,NEO,Hans,
Qmd7Jf5GF8MVKUGsjhzYGPm4rBtnLo12Gz5GKhwwBf4xYD,asset,NEO,Hans,
QmZ8ib4ZFpy3PPpivnE2Cq6yRZkWLx2CvcPow2fpJTGbPL,metadata,The Difference That Lies Between,Voke,
QmRGfcRjYFDDcgt2zk4Mwfd4q6zd5fjKXPiRQoWxBUDM47,asset,The Difference That Lies Between,Voke,
QmXn317hXXj2sPVm5d1NiRvh7J4NFcKCGi7saALoDW3fjr,metadata,1908 LY01,Brad Damico,
QmUy9GQfd4yY2qsQmDKQptxKpajXYmiGgxKwmpHhqQnHE1,asset,1908 LY01,Brad Damico,
QmQz2F9PPG83TyxooF5CUFQCR4XTynQdxo1Q8vX7wwpGdo,metadata,PARISIAN SUBURB II,Anna Louise Simpson,
QmfNAdt8dqX1LHb3raowyoz9vD5xj3ePD1Ayu9VyyjwXFK,asset,PARISIAN SUBURB II,Anna Louise Simpson,
QmTPA9Fbixd62UQSxRj6ApTGgvyLShTem7w8coFpE4mWdz,metadata,Android Plaza - Distorted President,Norman Harman,
QmUuqZpfKKEnWs8T1AUM12JW3KqX2zW1Bwh2vC4tyyU6Q3,asset,Android Plaza - Distorted President,Norman Harman,
QmaTiojD3niawUxZ97mjLB6c4pwmtzeCmcNPnxAwwHftSG,metadata,GRAFFITI GIRL,Anna Louise Simpson,
QmSxKUThMbsaR8J7ita6cn9qKK862Q8bRwgrDkqWHT4FMb,asset,GRAFFITI GIRL,Anna Louise Simpson,
QmWJBCV1aFa9LM7L62cBunNnLt4XsA7rSaZq9Qkv28EK2H,metadata,Espressioni - UG7828_4074S06,Paolo Leone,
QmSBkPZCQHP1NVsH57aw3Zu3C9wgJ3c5QKjnqBA1oxhtNM,asset,Espressioni - UG7828_4074S06,Paolo Leone,
QmQiNaRPt6WcH41NvE8P3dbyWoexd87b8eXSsbd8GFDaG7,metadata,Dreams of Flight,Voke,
QmZTFKnr4X69hj4tLtDfrFWNcRJKKRv9rt9ujyW2q5129p,asset,Dreams of Flight,Voke,
QmSFQW22mU2XLmsLFCHDqtkjwHLkHFyNYhxVZBEADL4jtQ,metadata,Corazón - 182E25841,Paolo Leone,
QmZLmytGYEZCih8DtAKP2ftC9gZi4qHT7YRE6zgEuQLsj2,asset,Corazón - 182E25841,Paolo Leone,
QmZg7V2ZzhKzoKC3FB5KiYUJFf5zCeDycUR1LC414bzQr6,metadata,NEON BILLBOARD,Anna Louise Simpson,
QmfD8bFoyNCGS5M4cZBCVJ512jMW8JNUU26QcMYpQuTFvA,asset,NEON BILLBOARD,Anna Louise Simpson,
QmWzE5oc2dRXFuyetSF6z41ZJReuSTSsm4Pwxsv4zCrf9E,metadata,Light Energy Theater,Voke,
QmYXA2HZ126N4gNZ2FDDRQJFzaK2BFGpYE8J1HiHK7j9Zs,asset,Light Energy Theater,Voke,
QmUxZ11cyFENiT4YB5WKiGkaYBjFLy2woog61dYNMLYv2z,metadata,Aganis,Cristiana Vettor,
QmcbhH1vZb8EkGutae1Y2xJEgwwoRJBL9tp6izXVa9XUqa,asset,Aganis,Cristiana Vettor,
QmaNDsTT5zoeR9JtWeTE4NmNqu7jMqMaC5ea8ac9HFdfXA,metadata,NEON LANDSCAPE,Anna Louise Simpson,
QmfX6aVvWawjaA5C1KMa3aaJ7QhTrNBXnnywpDPz3nCmRL,asset,NEON LANDSCAPE,Anna Louise Simpson,
QmWLjEBCNfcVsEYtcKbAzP2auRYU9XtZ2aWfzj4wBQ2pMK,metadata,1908 MC01,Brad Damico,
QmXgCFEQKApBp9aJJMJY6a1Dfn7BxsoHVKPzqCLLNjdCgR,asset,1908 MC01,Brad Damico,
QmS2xFCT5SsfeRNpFmBJfj5qqgZXxq9rXTWG3FKdKweSzj,metadata,Light Energy Theater - Colour 1,Voke,
QmQ3nNdmtLTicXLRG8oJs4W4yzVFbhTbBYL6RBHSKWpscJ,asset,Light Energy Theater - Colour 1,Voke,
QmVpxyF5vYcNyYJGRBR55dHKdBmUkHS2FR7qixtdrQiuXb,metadata,Cosmoline,Yura Miron,
QmV17embtFxHwLHojh4mKcijw1JUhNPEWjxzSY9gFvkUhJ,asset,Cosmoline,Yura Miron,
QmSEFudW4Rso9DZKvtXoBLEyRPrXSRaFhXRykpgqna9JX8,metadata,Diffusioni - 19T213241_1,Paolo Leone,
Qmau5WA5uqHAaSixBG6GkAabge3jEPRoHEjy4orK4cdwQW,asset,Diffusioni - 19T213241_1,Paolo Leone,
QmWrxhbrN1S7ecYZFhWHqog3WQybS6LAidDne6aAGFWJN2,metadata,VEGAS CORRUPTED (BLONDE GLITCH),Anna Louise Simpson,
QmZNfDzvUNDEatnBQsuZypuRirP1zyZHxUsFk2Gtx7UAAT,asset,VEGAS CORRUPTED (BLONDE GLITCH),Anna Louise Simpson,
QmW9sJ2kNFcpjGoDQRjW6PhgksNJCeabfc92aFe8XntRYr,metadata,Coloufusion,Voke,
Qma16A44qsc5dN84M9JMcz4iGom8utfLm4vDoSYfdBXh8V,asset,Coloufusion,Voke,
QmbZho2tWU1L27rDcvpqxEXSoJjtJNXsWHsh6ZSfUgrVwi,metadata,Decay 0805101859,Jose Blanco Perales,
QmQyTPgbAw8RyMkW9CByJTwhpawvcqhBEjZFFAkERnHy11,asset,Decay 0805101859,Jose Blanco Perales,
QmQA1AvwFXBrwX73LnYLCGYiY6QuJyVGr3Zf56twvNykgq,metadata,Glitchtoshi,jivinci,
Qmc6tvvXRtFvR4LwPy7s8YNq8ntRPG921eLkWtJTJgziY5,asset,Glitchtoshi,jivinci,
QmSNTbRd7pFDooQP1H2r6D1M18G9SeV4iRmXT7mbFetSSc,metadata,Organic Form 01,Bert,
QmQGnUHUBJBKMu3Zf6jPrmbwGgdNvLwzK64Dwn9ip2Fca3,asset,Organic Form 01,Bert,
QmXsaHKi1SoSQBc6iQ4vJTA1jawdCcZowo41GWxKkz512N,metadata,Decay 0301061014,Jose Blanco Perales,
QmVaecN8DGgHLUKqE7ERHJn7NbngtShuUE7H6n62ZQutsX,asset,Decay 0301061014,Jose Blanco Perales,
QmTm4HVsLqEziFaBV15YWseBLWHYJG8VBdYbjoMFbKtvBJ,metadata,Eye,Mattia Cuttini,
QmTPLjzkEiUX6AUkJed1P2Xm3GiW95pwGWovRxnEScWK39,asset,Eye,Mattia Cuttini,
Qme3PFyTG5fzaSobWk9sSXS9pABcLKrtfz9uQ21c1oKFjh,metadata,Circle of Change,Voke,
QmSMvarg41spkqN126fmCQE8xS6HRYGjazXGuzK57nsNDN,asset,Circle of Change,Voke,
QmPJUip4pJqiMF2yGtAF1eS6oeqzNxKhWBUcX21c9SDUc3,metadata,VEGAS CORRUPTED (PARTY GLITCH),Anna Louise Simpson,
QmWa9JwjZY3nkHX97AqHKSgeHfnqaeABFEWZq5EG8ZnMKt,asset,VEGAS CORRUPTED (PARTY GLITCH),Anna Louise Simpson,
QmXAAqo9JkRSbAxx7kndiJocKNNKuxCdJGiw9eSrDBRaJ1,metadata,Nr. 527 - The Desert (of the Soul),Oficinas TK,
QmejdPe5aHS7DitKkcWvBD9rgF5awwtsRUsEfJigVACGxi,asset,Nr. 527 - The Desert (of the Soul),Oficinas TK,
QmcDoNs4WggKekxjsBJfXkA3rYoHX3XmxWvSZc8EGy23bB,metadata,Spirit Guide #1,Verdaccio Donatello,
QmbZfqzvSe8Fgtjgo8CLZd446fkHGPZcwEzCAg3AH8ByaL,asset,Spirit Guide #1,Verdaccio Donatello,
QmdbNvyhwrhbLdAvFQdYz4CJWj4aBrWsT2PFgtpYr7kR5G,metadata,Too Squared,0xBull,
QmXYj8qm4bRX4kzoQEcZus1CpCGU86r4ZPA97ijAXgsUAw,asset,Too Squared,0xBull,
QmVMCMPCWTNnBi84KqTg56qd6pvc49F7aCnMwrsEg8BSzS,metadata,Decentralized Mind,jivinci,
QmX7z4XxVCbEzXtUEnXwJTMwT1yZyTw9nycn2wd9LsgDXj,asset,Decentralized Mind,jivinci,
QmYsVujT7LVybW8p1RJb7oZ8sLLTJb7Bi8QZrKM4YN5ZWt,metadata,Spirit Guide #2,Verdaccio Donatello,
Qmd6YtAHLD9NCvNUWbRnwEN8N3rkBWA2HMVeqqeoTCFdmc,asset,Spirit Guide #2,Verdaccio Donatello,
QmTeZ29sSCSA7ZidJYvrRiDoR48L3L1a7Mwr8bo3UkzRtN,metadata,Organic Forms #01,Bert,
QmRLADZAgBLNQFqxegowbzLgiWLaG3sAbz2DjcnutDZBXq,asset,Organic Forms #01,Bert,
QmVcYd3Vwg1X4kgvLBfZiFbB5Nk5H5CsAaz373t4EHXPwo,metadata,Guardian,Stina Jones,
QmbGnUUHLaqRrXaZFgzmJnk1WDrbXnY3Ji1WYZS59AsQTg,asset,Guardian,Stina Jones,
QmYbEqPmUGY1nHzZibG5WoXbrTQre98wHQavirGfStvyMv,metadata,Circle of Influence,Voke,
QmarE6SpYJnjMGtATXfU7J7eS8maLMTGkeWekpcxZkJcKy,asset,Circle of Influence,Voke,
QmWaxCab87fuqezFy1bZeMwcGhw88Qzb4NyR9Ckhe9MNJN,metadata,PlAkat One. Unofficial Berlin Blockchain Week Poster,Aktiv Protesk,
QmevSXFQfCLQxJuBAz3HhPwMhUe35878N8rb2FPkRCGQbo,asset,PlAkat One. Unofficial Berlin Blockchain Week Poster,Aktiv Protesk,
QmUAC2TsKWSSNcBpuoC65dLqWkNz7CEKU5L3Hnm5AW9q8n,metadata,full of laundry (circulating),mera takeru,
QmY1PTGMdHaetFUoFxJg3qPJM4nRZvGd8p5nCfvHPYYPbx,asset,full of laundry (circulating),mera takeru,
QmQnNfsVSnTJqnvid5cz1cghAPtSooXjioyhZBJXvVCm42,metadata,Decay 0301071742,Jose Blanco Perales,
QmUEbyZchM3E6rnMHPbsKW66dti6VESvdcwDWhsPy9esqg,asset,Decay 0301071742,Jose Blanco Perales,
QmW5rkmi8TgdfjupKZZpHC42rj7kRbGZ6pF1fp2AM7Hx7K,metadata,1908 MD02,Brad Damico,
QmPFAMak8eYwxEXJ3UpbhqZKoqg24mN1NKeZXHHJPTkA5Q,asset,1908 MD02,Brad Damico,
QmcNYebLmnvvzdgH9UwsgeAXF1bj7CCqAngXJjvQCWDepM,metadata,FORGOTTEN NEON,Anna Louise Simpson,
QmT3hEbwoBwAV7cVZcMtxYCVaFEYv1fWQ9mS3abUYgDz95,asset,FORGOTTEN NEON,Anna Louise Simpson,
QmZMd7hvxCp8M6M8e2RhHrwtpKwDyrxrtDDpjvgQRcN1sH,metadata,Digital Wastelands - The Carnival Has Closed II,Norman Harman,
QmQWQj5Ue9s2kQTuiUH26zRAzWRBaEGMX8T7a8ekcZNdAb,asset,Digital Wastelands - The Carnival Has Closed II,Norman Harman,
QmUsHTF1CALrLaUQhKVRzxxKSquMhzTovJsAQyarSWQK8d,metadata,Beauty IN The Beast,Verdaccio Donatello,
QmZjSXeTBzCToRS1Kj93WmX8MLcsLsx8B18M9HQESrBq8f,asset,Beauty IN The Beast,Verdaccio Donatello,
QmRmGczYCexx7vAMo4qmNP7JnpdHJ1YntmKLynW7P9Ef2e,metadata,Simulated Fluid Motion,0xBull,
QmZqAuj4YX4upn6TTWbxeg9YztuaSw12yqPW12X6TKjXBT,asset,Simulated Fluid Motion,0xBull,
QmdqVZziQ5iSdrJ3vmsmmHHvWad26k1KLvnwN7njDJkuCJ,metadata,Origin of Ether,Gregorio Difelice,
QmToM9DY3FzyamC1iwgpcxFw1BwKeoH8kGdehPSc3hp5ej,asset,Origin of Ether,Gregorio Difelice,
QmU22p1S1Dad7aZbDEuvnpfKZ5xY2CSPSfrQCjbzmxj7Em,metadata,Ξｘｐｅｎｓｉｖｅ░Ｓｈｉｔ,RobnessロブネスCyberpop,
QmeFQtciCqmanav359WERnENiAfwBdhSGJzzzqZwzeS8rs,asset,Ξｘｐｅｎｓｉｖｅ░Ｓｈｉｔ,RobnessロブネスCyberpop,
QmU9chggouB3WGAkDfQM4haWtLx6BxQjxPR8r3MupmK8Ch,metadata,Decay 0819121755,Jose Blanco Perales,
Qme6XsTuqVFw1ihB82ZBSx6kJ2j8uSicWNYdCwuSY9Tad6,asset,Decay 0819121755,Jose Blanco Perales,
QmQ4sFSYdmmVDzUKqihRHHWaULW58ghqm2SumFJncqCQ46,metadata,Summer Love,Verdaccio Donatello,
QmXQFEnYWgSJSByMmWaPd8rUnJPmEB2wQ2TP19cp3TpJaK,asset,Summer Love,Verdaccio Donatello,
QmVc46yXG8xd8YGfM2e7Edf5SbqeNbSRHtLrCZXpTqCFoD,metadata,Tratti - 182E26842,Paolo Leone,
QmS8Cdy3LNUhjgj6UspaWC3cAJKvFbdA428FkmNvCRHfJe,asset,Tratti - 182E26842,Paolo Leone,
QmVbtBLe4Y3dT9yck3AgDX9jCQEdHXJ6PrMzLKCNqswJBJ,metadata,_ CH6 _ ECHO | 01,abysms,
QmRW2kyU6eAGKcLdT5A9Yt7QMMhTWrpKSgCreh2YQCpxR8,asset,_ CH6 _ ECHO | 01,abysms,
QmRzHSP9TY93CWvH28Kjcjn7Qjq93rgA321zEDSgXbmQ6b,metadata,Safari Park Boundary - The Pentland Experiment,Norman Harman,
QmSMBAokZfM4Dzi2DdvVNyBUS6RnpawjhV5PsFdaZG8vRZ,asset,Safari Park Boundary - The Pentland Experiment,Norman Harman,
QmXDkMzibgp8NBnGTCrSWncvTaeFLVfNUzHQ2qzivbxJu4,metadata,Why me,Gregorio Difelice,
QmQ9YJcUSzV9347wDCNjeNrnqtxxg6ienDEugkQemrvs9G,asset,Why me,Gregorio Difelice,
QmUYnmCuFm7Leg6gEXPXxSExqGotBZkPAmeCXKNiCiPoD3,metadata,1908 MH01,Brad Damico,
QmVNydL95FC81XQNSzqDNNFrgQywkGaQj8wr2ByXcFKTxm,asset,1908 MH01,Brad Damico,
QmRSNjUBBHT9DYqb7Mz583Z3vkMjyAWhPKdevEFg5rUefa,metadata,HIDDEN LOVE,Anna Louise Simpson,
QmaNrUxLwUdKZscni1XebsYX3MhprTU9QKeW82krF6KARv,asset,HIDDEN LOVE,Anna Louise Simpson,
QmbbYARGRuiadCt8yqwJLPsJ9hjk6B5sZpvFQ3vvYNgpCC,metadata,Organic Forms #02,Bert,
QmYrLqjqCVz3wxEnC2qhxDvBSLYMzN7gRAXdrS4hyvrCMi,asset,Organic Forms #02,Bert,
QmXncya46PQD2pPNepbk7w9aqNQA3kTHLQHJ9LMhx8QYkJ,metadata,2C-D,Yura Miron,
QmTyHZWQmvg8CEXSy1eWmuM4GtfZ9ZtCCZLHPxsADfPCD9,asset,2C-D,Yura Miron,
QmPjZYYf2a4rVgTrwgvJFfsLM8Z1c3nfBHfSvBTdw6s12x,metadata,Digital Whale,jivinci,
QmdHqcKDcSYE4d1ej18uay5hDEfAVBhdWVYWxomBUTK3TV,asset,Digital Whale,jivinci,
QmW3RYKp63TtxCcrzHTx2WJYRyYrgKtdTAWnsH7ysjZoUA,metadata,PlAkat Two. Unofficial Berlin Blockchain Week Poster,Aktiv Protesk,
QmaxNJumUFfYCDHzs72vDSQszdRdNqL3g6WjsUeBKJ3F3E,asset,PlAkat Two. Unofficial Berlin Blockchain Week Poster,Aktiv Protesk,
QmUenigTdP7f3iYTmb3rTe3Cx1sZZEEyba9hinqzAff49z,metadata,Sixteen-segment CRE8,Mattia Cuttini,
QmX6N1b7XkzcAitDL8wVoDSpMxmmYhR7wKpPgDLTt6kYCQ,asset,Sixteen-segment CRE8,Mattia Cuttini,
QmchCKr6VRamPgKf1SEcDD8ARpY7bvqfb1EXFvHQGhQKUW,metadata,Future Wastelands - Station II,Norman Harman,
Qmd5UnaTMnNuWD6mKLi4ch47VqTgxmRUpMtvrs6WDg4oso,asset,Future Wastelands - Station II,Norman Harman,
QmXrQYHfu5ZxpjZhEbyK6UBr9aLjHZ9mk6cVpRvKQQ4RgY,metadata,Radiofrequency,Gregorio Difelice,
QmSxC7PtyooXTFGfyv2PKUH1xXyeUdJ8RaTTZaotRBCUfQ,asset,Radiofrequency,Gregorio Difelice,
QmZJQFeE2xUe2GP5fSKx7fyHXJWyjSn7iBvr1KDbX9XMsr,metadata,DigitalBreakOut,Gary Cartlidge,
QmNaiCP9pXtTTuMn6eShvMrAQLczYd9jxpR7Vs7Smyv8rN,asset,DigitalBreakOut,Gary Cartlidge,
QmNs7YQDv52n7Wcb3YapuLhzi3whkfbfBnbXjyNnh4T2ds,metadata,Crypto gold #1,Jose Blanco Perales,
QmX9HGiYgVZ6cjPN9hvkZXRhsZsAUy6GTCEozy2yjLZBfV,asset,Crypto gold #1,Jose Blanco Perales,
QmPvjKPkGRhcyAQtBbQeb3k5xCE6mygMUpRgvMJisn2J4j,metadata,1908 MO01,Brad Damico,
QmYBBt9K7xdezmefUNM1cnxxmdSxsqWvGf98TMaWBo7qS1,asset,1908 MO01,Brad Damico,
QmUqBf5rjcQQmrJMpnVxJ6bm5RHCxnWHDuVugPxesZWAA7,metadata,Vibrant Sensuality,Verdaccio Donatello,
QmcrBFfAuebto5oLRoqkGVHF8gXaEnMTvDXoufbmdwgKX3,asset,Vibrant Sensuality,Verdaccio Donatello,
QmSqtURgnekeDJWV5fe7FVTGjKCbxXR1BSEoEX5RCuM52F,metadata,Nr. 528 - Untitled,Oficinas TK,
QmPhvTnquRt4MWejPYT4EnZZCKSW2hunf2VnBxinqzpmJX,asset,Nr. 528 - Untitled,Oficinas TK,
QmRGZG5HBUPW3dcGvVpqTDQaLT9cWivpBemityu2KQhq5k,metadata,Future Wastelands - Airstream Dreams,Norman Harman,
QmNiQvgtz7gixjjsRaNwrHCqTkP1EUKRq89zBRSLGrkn9V,asset,Future Wastelands - Airstream Dreams,Norman Harman,
QmZJK1TmaG2VA2wMq2qZ5huYpSte1xMzGHB1XWAa1fPdzN,metadata,Glitch Dancer,Norma Xelda Jara,
QmZJBi8PPFods6GomYLMEAFncYyotSn7ZKDQ2qCbFzfm7D,asset,Glitch Dancer,Norma Xelda Jara,
Qmf4DMZKeFLCTGSJagVZEYV1SWkeCcsnYeUhapZkk6PATF,metadata,The Shell,Voke,
QmeNco1B93pyFrcnqTsZp6RvxKwborQsF4uJh7FuG32t9U,asset,The Shell,Voke,
QmXunZzxZMU7tNHYNv3NfRrYctUAbNonciWiWmAdUzNxRs,metadata,GlitPers,Gregorio Difelice,
QmbHXJD1TkcYceH71oDxpJqAW4Yk98Gqh1zGzWoiM3nqSZ,asset,GlitPers,Gregorio Difelice,
QmYhHmUakRexirixmFH8KMMAAmTgJn9EnAba5zXkhMi5Pf,metadata,PlAkat Three. Unofficial Berlin Blockchain Week Poster,Aktiv Protesk,
QmWD5M747a8mQENDKRCS9fY7WYoSVRet57Ra3EhFdU7WGA,asset,PlAkat Three. Unofficial Berlin Blockchain Week Poster,Aktiv Protesk,
QmPzYSFuoUP7Y55qiu8vbGczqXURNpgmPsSYFD8KNHb4MK,metadata,Crypto gold #2,Jose Blanco Perales,
QmbsAGgApcLgqFRi3tg11rV4hFbES3o9nbSRhcEieBKG9L,asset,Crypto gold #2,Jose Blanco Perales,
Qma8VZFW3fr8fryuq1oZjTzi8W6kDWJZcQKUf2hWE6v4vs,metadata,Appendix J - Nr. 419, 427 and 527,Oficinas TK
QmbGraCDyHVoi9moUWNb6BEmCADSRPsZhXznZgMWZbPczK,asset,Appendix J - Nr. 419, 427 and 527,Oficinas TK
QmYyGVJHH3ppyf8HnjCTjXftRvNzQWDY2S56yoY7XTTEED,metadata,Oscillating Universe,Yura Miron,
QmaAbhqiXwovHegB6js1F2rhHZL1LTXeUyscvbhpyDTfye,asset,Oscillating Universe,Yura Miron,
QmRuxCQ4rctehBj4nW9PbvmYrXi4yqQsEXecqJDRRdMEBw,metadata,The House by the Lake,Voke,
QmXShS6Z7Tv8fzEQfUeWTnuVLpjwz5cRF8AUGZKPJXdnBL,asset,The House by the Lake,Voke,
QmcppM4tnHJ7ztaJ8uaHe5qf4Y4jP4dqBWPwsoiSr31rH1,metadata,Organic Form 02,Bert,
QmReXM5CqEBNL2nRnWiUPaoRNB83HTB2iUqovhsetVGtq5,asset,Organic Form 02,Bert,
QmZtpskhkwHxaVLD9qTQ9wwLmw6EpbZDAr8xhm1MhtEabt,metadata,Losing my body,Gregorio Difelice,
QmThus9Bf6jNQ35c6PcHnSGKcC1mZqUpL6v2Y4bXzK4G4y,asset,Losing my body,Gregorio Difelice,
QmctnoLcwhpgqVtjCHRThNJd1xZckny4f2zppUgWPGA4QB,metadata,Game Ready,Gary Cartlidge,
QmRM98g3UEyUUTszj5zYGnXnzTD41jvTY2rgmHJTmmk4Eu,asset,Game Ready,Gary Cartlidge,
QmRSrwz4VumfhRsYKxf8dcrsmqKM2eYasEwbAp7TcaPcih,metadata,1908 MQ02,Brad Damico,
QmafBpMRNYkva2QfPX2GpaJJv2Trvtd6SUyAKc9jgKk2k8,asset,1908 MQ02,Brad Damico,
QmfEsjMFpKppEkhNT1r6frougCMkAJCLmn4kQSL35qaWbB,metadata,Rumors,Gregorio Difelice,
QmUS94pkfhzXCKP2Wn9RcnoBenmXLhHKkyVnNzNN3mojFX,asset,Rumors,Gregorio Difelice,
QmcWef8i7cRiZjBoHXTFFE5t5pAwgypRy5YyocAtEyVDdU,metadata,Crypto gold #3,Jose Blanco Perales,
QmSDdRUmGx1ZhKwQQGv2t52NZExLJayv8DfMzRYdaBLSJj,asset,Crypto gold #3,Jose Blanco Perales,
QmWG6A8u7JiXf4YcFQ7nr26PqyZpqQxTekgmMaRDSYXQn8,metadata,Succubus,Verdaccio Donatello,
QmeCwquAsA9DsNP4VCmaWKxAyTfoGHVaHcXuWjDnuUxKXh,asset,Succubus,Verdaccio Donatello,
QmXKMfC1SGJZGfAnU5ai35dhpkBP2ggRJYVTQPptkcvKXe,metadata,Crypto gold #4,Jose Blanco Perales,
QmWJfuxB2DRPTsv6R17DafnSA1YWfy6Qbc4FfKpC5naQDW,asset,Crypto gold #4,Jose Blanco Perales,
QmV7CAosTVhqVgaUuEGo29VCCz6AtK37jLDTFzpNsadf6D,metadata,Ojo,Paolo Leone,
QmX8JfSaE6bz6Cb5QNiHjKSdJv4osQFZE4ewuYHAU9qkSq,asset,Ojo,Paolo Leone,
Qmd5hiDt91HASLuiaknXShVsXAyHCBVxkauFm7GmZCee96,metadata,Crypto Alive,Gregorio Difelice,
QmVDn96yra7GvwC1jYNjB4x1YasRD533f9VzLZYwiCsLdx,asset,Crypto Alive,Gregorio Difelice,
QmeMRzRV9x1b778Vmi3ABFtBoa4xLvLxtRpejkE2YXKCEc,metadata,DDF6,obxium,
QmQ6fnjM86wbp7vFeoP9CSd8qbVNqGKZMEDUSbx1ZijhUv,asset,DDF6,obxium,
QmNPqmHdvurdCQmnJ2tpVu7E6AYvtyrqYbnHWjVi4QW5Um,metadata,Summer Love #2,Verdaccio Donatello,
QmRAZomCmotJ4ktNFrGAAXmUuFVhbBZ8BqqQ3LLhse9qtJ,asset,Summer Love #2,Verdaccio Donatello,
QmagBDKddHUU3984iKyxihWQb3ozr3eWWfESSACvmsvNJm,metadata,Known Origin,Jivinci,
QmNeMBXg3b3hJpk4oCHzeVsjRVR24pzREqCsMRZM1ziFYd,asset,Known Origin,Jivinci,
QmSj2Bv3mKDMHutRDrCz2dC6psjfYwYQ6pgd3QiHgySJqR,metadata,The Heart Beat of the Party,Voke,
QmYgDfz93a1obczpJU6Se4ANXUEmEC9t6MtHDUGodP7Qoe,asset,The Heart Beat of the Party,Voke,
QmXsgjwXWBkW7ChGYqq7azgFJTY2zLZstcrhPr3sMAtMXj,metadata,Dreaming and Breathing,Gregorio Difelice,
Qmctot3XiZx8Etiv59JWbaGePAY8Y7nnYR9i95hvUrRc5a,asset,Dreaming and Breathing,Gregorio Difelice,
QmNZDpC9hG7dLNrkanRWKjtZD1scyiMvkW9JxtZpyXsfxR,metadata,Organic Forms #03,Bert,
QmVJcTVw5P8YBfpaBpdfrdaUytCX3jNTFxEavfQQHhGNxD,asset,Organic Forms #03,Bert,
QmcvHT4biEu3MrjE1bsHBFc95TVg2irQnNqzYgueKf1B5y,metadata,Sexy Fox,Gregorio Difelice,
QmeKx1ZYY2f82NUridUizGK38PZTYY6JANBW5ahLYgC7aF,asset,Sexy Fox,Gregorio Difelice,
QmcJFYyDHJDeykGET9szKbGWH9aeDmpC1gv5sqzdA3yFKs,metadata,Ｈ░ｉ░ｇ░ｈ░ｗ░ａ░ｙ░░Ｓ░ｌ░ｕ░ｔ,RobnessロブネスCyberpop,
QmZhmNKfZUSumYnN4bysfXgSRj8jvCmLri8Kj5HZGz85E9,asset,Ｈ░ｉ░ｇ░ｈ░ｗ░ａ░ｙ░░Ｓ░ｌ░ｕ░ｔ,RobnessロブネスCyberpop,
Qmb8QM2b3sfHFpGKiuhnauBqTVQCCJKyYrHQE9X6oCkxgh,metadata,Run Through My Body,Gregorio Difelice,
QmWiauTBXnYtFBkW1TrRZNCJQvU8busjjHyUFBgJZQUt6e,asset,Run Through My Body,Gregorio Difelice,
QmXBeRK5SmkTSN9HLkYpv24S3RSYXpDkXyMLZKHEG1eHVY,metadata,Restless Nights,Voke,
QmVbg1jfdHgHGLU6eKmhAxHMvNQ5ZayagqwVWsT24GurHx,asset,Restless Nights,Voke,
QmakYuBYfvRB1RVUQ8YgsjXBLMcAAS4xWKhzLsPFQG7gLM,metadata,DDF0,obxium,
QmQSRrNqc2reuFeAaNLLaMRepMRvnZg5D4DR5R1cUM2CFc,asset,DDF0,obxium,
QmU2t8wyQnYDrSE6P2G6CYc367eVCrQacHAN7nuG1roFzK,metadata,NEW YORK GHOST,Anna Louise Simpson,
QmerHaWKx4fv3T7jYnneato6utYq9neGRjq3kPWtN7iHp2,asset,NEW YORK GHOST,Anna Louise Simpson,
QmTDFAL1eq6iBkwkfaLDKcSp7JXLpNQ8vtq1FmhWWTt8nz,metadata,to_infinity,The Vicarivs Diaries,
QmTBmCFgzELtA8bMs7g2ichFemrRBsJsWejQ4Fs9wYcGyZ,asset,to_infinity,The Vicarivs Diaries,
QmW73i5hEZ3BRue82q88PJGQLFHC6v2C7S1Sg4FLqQFsCu,metadata,Looking at you,Gregorio Difelice,
QmfZNrnJGT5fct7KDv1TFrcvzYyVmYQKyPqoieiuT9S9T2,asset,Looking at you,Gregorio Difelice,
QmX1ZiGNDhPGfR4jVS6siJMCg7cidEQnc9j5T7ANDx1hLX,metadata,Parisian Memories: Vivienne,Verdaccio Donatello,
QmdN6gwdqMXpB4k7FxoLXgjqcHfpxRbrwE81Xki4sqjWts,asset,Parisian Memories: Vivienne,Verdaccio Donatello,
QmXVfP1U6EacZGkq6cy3pVMHymt9ZkjaHqvPRNYWpnv2u7,metadata,HODL VII (Small),Tom Badley,
QmXRja9hiZcFoN4fxHLENf8GKd4kBUpTGcQ3hZrtKKNJrQ,asset,HODL VII (Small),Tom Badley,
QmStxRYfy3qpqA1zhAhJ3JR1mmEdg5ipbV7svsmGEWPRFj,metadata,1908 MS01,Brad Damico,
QmNrxv4YotBxL6yvVjjMDRgS2FEu5jZq3h3C137jRGpMAE,asset,1908 MS01,Brad Damico,
QmdsBurEXE7N91epxuVDnBjvg2LK96PMyhoqpE7D3codrv,metadata,Lines in Motion 01 - Medley,Voke,
QmbkmVofjGrfgTyoPXiivkFsRfi3AqJ3MYHZUmeWgFzLju,asset,Lines in Motion 01 - Medley,Voke,
QmaeiG4edsTAdFxZ2kqntxFLTRmnnSBNMjSQFSPXeKo82w,metadata,fifty_cent,The Vicarivs Diaries,
QmSqXrXX1tyPCSdUZ7ZQvgQnSqM3n8kpLi6fzhkvB3SWfF,asset,fifty_cent,The Vicarivs Diaries,
Qme6rNuYqWnw6c9gX9Af4fSCFHcC1uZ1HKSuVz1UisqL2w,metadata,Emerging from chaos,Gregorio Difelice,
QmXdyKsYArw7QBDFnQUXT9KZpGN9Y2PfEZKmtZManp1E6P,asset,Emerging from chaos,Gregorio Difelice,
QmadX4oo1stQvoNwKTL7yPYySUfakyHBydxhByrzZ85PrT,metadata,Tratti - 182E25026,Paolo Leone,
QmRoiFApwAgbCQyBa6MmdPWES94tUfszDRqQhLnepmtnyt,asset,Tratti - 182E25026,Paolo Leone,
QmQ8Z1kGEfLAouiLAeXdQndi8SrJovZZWRdCFxCv6cvf1x,metadata,Back to landscape,Andrés Senn,
QmaxeTWg1TJ6AjAhBxRMA9K3zYZJ97zAht1mtwhTz2mFD6,asset,Back to landscape,Andrés Senn,
QmS1ePryZztrA3Z2N3HTocT3jWa6uHuuzS7miYsfCvwiGW,metadata,A deeper dive,Gregorio Difelice,
QmTmbrHzx6Z72peYXbHXtt8hFcThKNzzuuKPRebgNTEA1F,asset,A deeper dive,Gregorio Difelice,
QmRwHgoxQQsRCAyi8PFZ2cLDEPnG5fkYX88xegytHKfbQK,metadata,broken_screen,The Vicarivs Diaries,
QmXA7txHkS1LywFwXP1FNcEG62JRJSnaPs3NMpRPU5hnNF,asset,broken_screen,The Vicarivs Diaries,
QmatyYvLDjnEFTBfDZC5LT2MLbwh1E2N8dMJrMja4BkCKd,metadata,I want you by my side,Gregorio Difelice,
QmZXUGr5pd1aqjzMkqGwHYhKbg24C74VGuYU9CXfx8pu4r,asset,I want you by my side,Gregorio Difelice,
QmcScWjVCyFgxF7LpRPbK3D9itbjzGcdEQbeRTu4eiCarN,metadata,Gemma Ward,Verdaccio Donatello,
QmS3FWZbhtEF2UMkyU6gCCSKyUQHdangvJrHcm8xySs2ka,asset,Gemma Ward,Verdaccio Donatello,
QmRoJAYomS4W9FYkgbowvJFSCsXJ2mrm5tS9mig558nmfF,metadata,Who is afraid of Red, Yellow and Blue ?,Hans
QmRaPFuvrbJK436pPWjocyrWkRshu5Yv11fCxBpLzfDZVa,asset,Who is afraid of Red, Yellow and Blue ?,Hans
QmQvyaL7GNZ26xYNZQC6S4bGrkfULfu8tZdrzaJr4HXpGA,metadata,Protetta,Paolo Leone,
QmcxCZGDrpdh4dYytuAD3iDWuM4JiHqgCxDroADvZkHaAR,asset,Protetta,Paolo Leone,
QmWxxyKqATZfUSGTCyPX8fiSfN6JsY7LxJkKXR3cZks2aV,metadata,Vapor Prism,Sarah Zucker,
QmTfCx74ionLUZovbQzmFkKYJo3ft4wmPPEm6i5dR4eTos,asset,Vapor Prism,Sarah Zucker,
QmTJVUAxNuYQuM5F1sRyESCZ4SRdXk1yden9Da3H35EK51,metadata,Elon Musk,Adron,
QmUYtcC3YCR7m6rosgjfjdWxMKA7RpG5hNfKEjC7dkADpy,asset,Elon Musk,Adron,
QmU2Hzoan7UDrSUjZF2PLirehN7AG7QDN9J6Bxqg7NGQaJ,metadata,State of disorder | KOz001-C-O,Nissla,
QmUFXbMrZxDYD1sC3kBPeWNwRkvmrrddKepQZXY79nDr8e,asset,State of disorder | KOz001-C-O,Nissla,
QmSeY7fcWpqPDDzRzXcBcRyD3XqGTsN3nb2ENa971hDs4a,metadata,Future Wastelands - Greyhound No 1,Norman Harman,
QmQYcZ3EnaqtdZ2FAcmcJbHBVupEzGLM6HmAi8RwtiPiTn,asset,Future Wastelands - Greyhound No 1,Norman Harman,
QmVuMfijewKAdLPT8roRCH8uiADSL9vjMKWHH5w8JstX7w,metadata,Lady Wasp,Voke,
QmSGx7rxm1jApP9ghkKM1FbrF7LfmvGbrCA4dNSy2pQMn3,asset,Lady Wasp,Voke,
QmbPQ4V5nknAWk8yJ6oQLaudF42aWu8r8GrBCV8NaAemZv,metadata,Just look at me,Gregorio Difelice,
QmRg9u2sZraMzvfmNcpFP6ErBB9LUYU5REVgQn1nrbjNDm,asset,Just look at me,Gregorio Difelice,
QmazCoNZuF8Pqb9zrbBJR6AhNv1x9VcjVQ3kaDjxva2S4A,metadata,flower_emojis,The Vicarivs Diaries,
Qmcisi6X3vEv62nwgMVnFdVCBMAnGHdmTen7U2Hqmzbtfd,asset,flower_emojis,The Vicarivs Diaries,
QmP5zjB2gqzgQaBbkeVaJepYhMmuA2ibb9qMHx53YprHkA,metadata,Full Freedom,Gregorio Difelice,
QmdPHUstME62YF5u3G4dm7tEQZdtWxjaXRBmYbGs5WEshc,asset,Full Freedom,Gregorio Difelice,
QmVPdyP7qD9FQ29UGWciTGJ8XZL5p18VYRjYwwE95Z36Dc,metadata,Best Friend,Paolo Leone,
QmU5S5cMaeBGcSn66fPnbYuPJEbjEaNv5fFpFH7JCt1Koj,asset,Best Friend,Paolo Leone,
QmXnP9n9nxZvUbBsNQSmZtVvD7jaHBkjVF28t2kdBWHWYz,metadata,Embracing Your Wholeness,Verdaccio Donatello,
QmUATAvAi6HpYWC8stjdFdV5BRibf5S746xpjxejrW7vWv,asset,Embracing Your Wholeness,Verdaccio Donatello,
QmPRF5zZGgPgMtoXDbiC4stMHjzEUGDDyzGGq5vRSzrRaF,metadata,Napcap Induction Cap,Yura Miron,
QmRV91GEmMBsX19TiTuBJG5edTNxL9SvM5itQ7aGXxHaod,asset,Napcap Induction Cap,Yura Miron,
QmbnWsvrgbP3TcJqmys5owLvcxhLy48yTvGxruAtq6ci7x,metadata,Plunge into chaos | KOz002-G-P,Nissla,
QmZJxfRPYpLU1hZ28am8qmGdQcKDVyR1Xv1hTNNhKg3ma6,asset,Plunge into chaos | KOz002-G-P,Nissla,
QmNdmWWNYLR9f6GMff2PavquEPhMofHZB1UQt9Y5sZz2kK,metadata,In The Beginning Was The Act,0000,
QmawBzyQ85dsFTajpqMUMnnoruvTbRg6w4fmCDdRzwbcHU,asset,In The Beginning Was The Act,0000,
QmPajJn1PLMQzSEWkQFqakJrpu4Vwh6gq2Sxjfxm5BbFst,metadata,Zeus's correction,Gary Cartlidge,
QmbLyCNu5rKviyPnMk2TCkg3oGAYJrRzqeehhwhbWXt1G3,asset,Zeus's correction,Gary Cartlidge,
QmbbpTRbHvokBrS5nA4wwC1fU6JPxNrseSTkuJEHsHfuLi,metadata,Pixelkimp,Gregorio Difelice,
QmUbX3GAN33TUGjD3Y9jwSc1bfRRxYFYbNkwtN9Hg4vy7g,asset,Pixelkimp,Gregorio Difelice,
QmNknmPTVVg3J4Nf6RSVCcq6EhEDHTaDqKvFzfgEL2uutn,metadata,Organic Forms #04,Bert,
QmeXd835BAekh6cnkXwWdq7Fo946GX3P1gMCrncvwrEjHk,asset,Organic Forms #04,Bert,
QmdDLca79xzZ8dbu8YgjtvhgBiKYNdbSwcyrZqC6RiDWXd,metadata,beautiful_day,The Vicarivs Diaries,
QmZW7pFsL1CQTg1cBpZxDF3zKR64re4a4Jr2Qan81Gn55o,asset,beautiful_day,The Vicarivs Diaries,
Qmd7eTKaEL2YzMZLYpDJ8N3qwgJGQ7QH5Rkw9Zq3yZ6tVJ,metadata,The amorphous primordial mass | KOz003-B-Y,Nissla,
QmQER2tX874Ku48cTXvkic1QHy53LvSLu3xbFcyRgZhp1g,asset,The amorphous primordial mass | KOz003-B-Y,Nissla,
QmbeCt5rz77K4rayaAWg74xgoggTvKcjVc28bdmXLwyubL,metadata,Longue Attente,Gregorio Difelice,
QmaVdN595w1B2Nspx5ngbhstwsszm7BAgrEN6eurHWmD1u,asset,Longue Attente,Gregorio Difelice,
QmW8pwohSEsHxFfUMF1RNztkWeZx3CrJQ6cxL6jMYyGFTi,metadata,David Bowie,Verdaccio Donatello,
QmQgsk1LVPuQ7DSU8Aansq1QPUeBHAs3uDUypUWdEN8rVU,asset,David Bowie,Verdaccio Donatello,
QmX9tZtyjcEtQSXAtDBYTqE8xEjRyVfN3GPm2ZKPAE4Y2H,metadata,Dreams of Flight - Underworld Experience,Voke,
QmVADfm4Zsan7doFVy2atpmSS3dDeQkEFPeXCpdxxfZ6Gk,asset,Dreams of Flight - Underworld Experience,Voke,
QmeoX4GCCxb6cqaSD8nQFHdGXwHm7uodAaYKswyg77eLxi,metadata,Another dream,Gregorio Difelice,
QmZodMTezD2TbrpFKBuXJ51rr1JXJtwuuwKQVkPuqeyJgL,asset,Another dream,Gregorio Difelice,
QmYZ3tdTuHg3tehdgfn9L6FASXsaYKw3kwfjcHff8wmHdR,metadata,dream_is_destiny,The Vicarivs Diaries,
QmcxAbf5q2sUcoBxHrD8vjtNyS2XaxTnYgwsWEbwusBwCM,asset,dream_is_destiny,The Vicarivs Diaries,
QmZoKiXWsGYzCUH6u3zQqnzo88r7Z2t7GaJShWFBv4nfvq,metadata,Intrecci - Brad Garlinghouse,Paolo Leone,
QmNsgMVqeMjpUNgG5cQiz8L1FQpuJzvBHUxKnQDHhdYynS,asset,Intrecci - Brad Garlinghouse,Paolo Leone,
QmNQ3swLBxVg4GmFjW9hSVAY5h6nbXNMSsErJUDWUzrY2V,metadata,THE DUCK,Frank Tornack,
QmUjdda5UcRjhiuSw78cKHGnq7ozEGRpWb7ZCRsNy9Zcq9,asset,THE DUCK,Frank Tornack,
QmTsQ13Hheuj6GqxVg259cUsh9XsfHCNCzo9Ub2gAdL2vf,metadata,The State of Us (blue),XCOPY,
QmbN213W2rUzbTm5LvaWG5DkPRinnNZv7E6K9mEssv4GUV,asset,The State of Us (blue),XCOPY,
QmUyKuo24jSQoJaXxLxMnDjEvnr9N6TBZpU7GDHzzBjVxr,metadata,Marilyn Monroe,Verdaccio Donatello,
QmWu3Xixd5DvmATXJDMj3gaw4gk9nZwr8FJu9iiWsH54Di,asset,Marilyn Monroe,Verdaccio Donatello,
QmRPZqY7j32dCVtq3TKvwrjudzG7DkwV1rEmRLoESsCEzu,metadata,Unpredictable randomness | KOz004-A-R,Nissla,
QmUHX3odj6kDvsNZPu9qS4vZvYFcXZwJwydFkD25ZuZMs3,asset,Unpredictable randomness | KOz004-A-R,Nissla,
QmVBkHwNHxuerBS9Ko4deSwLup1WpZXjGLWqE4oyoqZ6qr,metadata,In my skin,Gregorio Difelice,
QmbaqKXxQx5fuAzpsN6v56J5qZ96wPSx6D1xdpAbXdJfCL,asset,In my skin,Gregorio Difelice,
QmVxh16w9aEV3gicpKTqMuuAezLFFnsZjYesQMzwvsScMo,metadata,The Mediator,Voke,
QmZx2PscsBAL4CnxnLbjp1m7rezVGMj55En76qdQveYDf2,asset,The Mediator,Voke,
QmVDWkCfDyL2PwNCzFZhGg2dC4Ta5XSVKBKRogdmHFXzsv,metadata,even_further,The Vicarivs Diaries,
QmasyhPvNL5UHw7D98TsWDGay5ifeDRhBCAAMcbJHs4wd2,asset,even_further,The Vicarivs Diaries,
QmPvjLrJNkmmoR8yHAhp6XnFjC8NoZJefUEVGPYW5YsMTb,metadata,Marea #1,Jose Blanco Perales,
QmZ2jYQwY9fHpFa9JtyJWhjQcxbFmNPQLr4j13NKmY3NAi,asset,Marea #1,Jose Blanco Perales,
Qmf2HwyaWowovbmnS5cSk3hDKk3nY5w8L3oYqg5QAvwQuA,metadata,Disruption of order | KOz005-C-R,Nissla,
QmXK3NaBXfJkrvYw5g84ZTyNKZXyES9YH4hWM6H5n8dJu1,asset,Disruption of order | KOz005-C-R,Nissla,
QmVhcDj81tQ75YZ7tH6X2gkSLpo8igiBMshK3B1wuCkDTR,metadata,Repose,Gregorio Difelice,
QmQraKFHqKJ7EymoxMHTMPpn2FpEnURHrqKfvZy29HPwrx,asset,Repose,Gregorio Difelice,
QmaUU7CVfkzbPV31nJmxMapk55R8fgrsAmERy4Lve3Leps,metadata,1908 MU01,Brad Damico,
Qmf8KR5BajazyYPciEDcU5ZqcTDcgkHKptCyH4xCNWPeVG,asset,1908 MU01,Brad Damico,
QmTdZ6b5JYap1Xaz8xUiHLZDwuBrK3ZfNKUQvgZSFqtHuU,metadata,Lust,Verdaccio Donatello,
QmSqqxmT9LfCqBbqqxCFSgkA1t4wGmL4xayMASWF2gBDfK,asset,Lust,Verdaccio Donatello,
QmWkkieNtmxKuf29UND7McLQ63LjxKDAzj7jYeqcuz3GYX,metadata,Glitch Prayers,Gregorio Difelice,
QmUC1DTtraPZ4r8MqExjfHbD5qAAHrCcfqwDftY94vhZSa,asset,Glitch Prayers,Gregorio Difelice,
QmPqVu6H5GNMYYtsCipda75s6eVRMSRxnR8VqgDZPTWWKm,metadata,2020 Freedom,Gary Cartlidge,
QmcHMf2DjiCmGhN1Hkw9GpWthMDkUFDhznJBfbJyfswqJo,asset,2020 Freedom,Gary Cartlidge,
QmTejGgZqRBzSfscxstb89PGybJEU1omMmpMh8gJ2NoFqz,metadata,Future Wastelands - 6am Retreat,Norman Harman,
QmXh6Pe14pAz29GCxHnYCbYhUmD93URjm5pmRCpJqzCdYJ,asset,Future Wastelands - 6am Retreat,Norman Harman,
QmbXZSVLBbx2Pgu9dYS7dTTh6bnDoJSDghNrF2o14VjSvK,metadata,Marea #2,Jose Blanco Perales,
QmUwAzUL7VY3W4EjBtiJuJ5pW1fRxWw5pa5Shm7yE8rPWD,asset,Marea #2,Jose Blanco Perales,
QmdHkRFWNmWikVLjAr8atNduiaqmSMEtaYZwiBqPS2LpfZ,metadata,companionship,The Vicarivs Diaries,
QmaVfuUE4h3BSPfFWut3daAAHagiHVR57RWjuvWficBttp,asset,companionship,The Vicarivs Diaries,
QmSosmxojpPtS8vu2S6NSp46iMwMNgat4S7ZRu2Bup1cDq,metadata,Wind of Change,Verdaccio Donatello,
QmPoEkE4qTzWtbd6wYe39sSpvjFDHG5XfEWvBB9389gxmF,asset,Wind of Change,Verdaccio Donatello,
QmVnJN2sKmNh6gkTEcXRxNnDTG82qUJiNGZg8TjEY1b6bH,metadata,_ ch6 _ despair,abysms,
QmXPpQM7KdEdKMjQJAnYfxL5dqquda8pSW5XUDuivdgeiN,asset,_ ch6 _ despair,abysms,
QmZT1oGrPDVyQsKJjuZqdp6nX98oBkTT7GevNUYd5v7NRQ,metadata,Ascend,Voke,
QmSRtxNLb7D97r4xPV5yz275SH6L7aa3zCZsV3d5MmTbxk,asset,Ascend,Voke,
QmUDv4M32cyVgWVfTayAUvM454ssNiLyHrBd6UCP7ByPQx,metadata,Under the Lights,Gregorio Difelice,
QmNnuDuTsoo6gJ4SCSKa1ihfz6zsc9yqvdLsHWwRsqPzLA,asset,Under the Lights,Gregorio Difelice,
Qmd7LtVp2EmQLVFVbey1a1sdCgkSSrNy9mnHLKaBxidzA2,metadata,t e m p t,Nvllsekt,
QmSJdkLBaRvHgK7tCuuVUMN2HHysvC7mAf1a9CufgwtUDS,asset,t e m p t,Nvllsekt,
QmVAW796gU2awL8ByVL87za2L17haNR5MTQTJwYQPEdb6v,metadata,Roses are Red,Verdaccio Donatello,
QmdWzveDBBD4KUxPfNPmTerqYk88Xvajr9f1N9b1zFzNm6,asset,Roses are Red,Verdaccio Donatello,
Qmd63wE6CD9NHRGAzUj8UEJrbe2Xzx6jewWPBAG698Y3r5,metadata,Tratti - 19T216390,Paolo Leone,
QmYWf9dphQFK3F4cBQ9X9TWfgX6awditBqqva3iN5egmyy,asset,Tratti - 19T216390,Paolo Leone,
QmURfjVxkE4C15EQ6npxq2gyHiKvXJMjbDdUW8fnmkDyZp,metadata,BERLINER NIGHT,Anna Louise Simpson,
Qmc5UnEZayBeviY25mNmtooNKACAXdHjogwreS91WEh266,asset,BERLINER NIGHT,Anna Louise Simpson,
QmfLTvj6DVmGfsmTWwMm3i4XHbJpgRmbMsr6ueTBxhKV5W,metadata,Best Family,Gregorio Difelice,
QmfCjypX4t7LmGDGMXU2LhXH9y3ZQvDQkXFQzCy3PkeYwx,asset,Best Family,Gregorio Difelice,
QmbkFTURDgwaaL7MVkT21BZsMQUw6EjVakyU3gidDjQQA6,metadata,One pulse,Voke,
QmdJCx3XzpaNY4R9fEMjNWQ6CxGHeVpkSo1jHMnV3gdtVq,asset,One pulse,Voke,
QmWGrzgVr4opHFvJbMTvKPExt59s2Wqp6y4wvvwcBdfpzW,metadata,All Petry,Gregorio Difelice,
QmVshKtFzyfDZobuqVTP3bh76UDdgiinyfzjr2gEAAHNBt,asset,All Petry,Gregorio Difelice,
QmUhZmBwCcZLeSzMkmTdwZS2RAYbefJ54WUFF3Hm34cc2C,metadata,f o r g o t t e n,Nvllsekt,
QmXWRypE6VSQezfBUMoVSJWccX9E3dxL89YJVf57jBKJmb,asset,f o r g o t t e n,Nvllsekt,
QmQ8vJRVTbCH9s6QmBJ378r8yHfrRTYgfRWAFBw3cDDb1Q,metadata,Abiogenesis,Yura Miron,
QmSUrJ6j9L8j2nqhJBk7mjURgrRWnKNnBjQ5EHJU8uyZ5b,asset,Abiogenesis,Yura Miron,
QmfHu7P81NKoZ8xBx4jMtvYDSuBaJWaqjMJ6wjqwu8oeiy,metadata,Colorful bride,Gregorio Difelice,
QmW9mK4p1pUs54hmyyRrRzk2WiiShPXbyjUEBBqVD1G42S,asset,Colorful bride,Gregorio Difelice,
Qma8nyPtEbQbzGUz6rRRNThJR9Vyuhum3ik3kPhnqqNHFD,metadata,We Must Concede Our Lowly Origin,0000,
QmXs8YjjPgbv4Tv8rTgpQMwsSXR3tkFexHfM3Jahp67aj5,asset,We Must Concede Our Lowly Origin,0000,
QmYVR6KZ42kGEaKmbEeCifTK1aoutQD6qXWTkE912WczfW,metadata,Organic Forms #05,Bert,
QmdJCUHGFgrskhxJXuNXRAgBqaeUcEjt4ajoTUbsUG7u36,asset,Organic Forms #05,Bert,
QmUWSARSgugJkBE2BY9aWTMtxRJvd8ZjKwf26EEoajofLp,metadata,Pump It Today [09.03.19],Tom Badley,
Qmaeqvni23kQoL9LdGYVv6G3zYtheu184ma2piw4ovn5vo,asset,Pump It Today [09.03.19],Tom Badley,
QmPgoh4DcXeSudq8ZqU4y5Czp1HD7ubk27JzuAAy52Mjzc,metadata,Ｂｏｎｓａｉ░Ｇｌｉｔｃｈ░Ｆｏｒ░Ｍｅｎ,RobnessロブネスCyberpop,
QmQnPYXVQh15FcXkt27qZTVBdpQVvFiNiZoRb34m8k4Wxo,asset,Ｂｏｎｓａｉ░Ｇｌｉｔｃｈ░Ｆｏｒ░Ｍｅｎ,RobnessロブネスCyberpop,
QmXvoRMWDs3fQt18W5qadWvJtroabsY5Qp3reFDTNrwPkQ,metadata,Innapropriate appreciation,Jivinci,
QmeNrdB4pahfE8m2P8grJeTSjLNtfC3Ug6EuYmZgyMNMcS,asset,Innapropriate appreciation,Jivinci,
QmQkXMQ3pnJ3AGMmRmTVzyrFVyA8BKKcAPsPnbmy57aXzL,metadata,b l o c k s i g h t,Nvllsekt,
QmZ5ivosApeuEkCR1wRCm7q2yma7Tc5g1zmd7stKP2gpQu,asset,b l o c k s i g h t,Nvllsekt,
QmUJQUsxYDpd8WdzHuy116JLkBEGhbvGRgVhXsWJu3ko2U,metadata,Strange and lost,Gregorio Difelice,
QmPdhNpAKfqRkjeLhLrEYyBuscuJ9GQLK7BwndXfvjaPRj,asset,Strange and lost,Gregorio Difelice,
QmQZua1FQ2MDTyPwtdsf9BaJYXY5ZdUngy9P3Eto3u5NU4,metadata,Cloud Fragmentations No. 4,RobnessロブネスCyberpop,
QmSpPswVRoEzTiSFYSKCeNd7h82sQu6JhMRsFKjhBMTYHj,asset,Cloud Fragmentations No. 4,RobnessロブネスCyberpop,
QmYXuRSP3yEdbi6t6ZrGToKbuyLZknezGoLLjCeDHmf9tX,metadata,Sphere,Jivinci,
QmUbkyMJhvsUaGiZAvdbYNzD3TtfiiV1XW2g3fyzMrX8Vs,asset,Sphere,Jivinci,
Qmb5SmKxeNMmTGoNdc1NrnoMyzAunkdFLbpPVsKjTPaxXK,metadata,Intrecci - 19T211207_2E13740SP18,Paolo Leone,
QmWuMq9p1vxasJsNq7z4gsHtGEn1YgrSBMM5HX94ExuBHY,asset,Intrecci - 19T211207_2E13740SP18,Paolo Leone,
Qmbk5dSDj7aKkowjYbGhvU73hGVFx2CNfjodwAAiGWC43J,metadata,Spiritual Heidi,Verdaccio Donatello,
QmT3ATE9NNxM87NLvmHnX2nS9W9k8YVX5fPVzQKE2jJKSU,asset,Spiritual Heidi,Verdaccio Donatello,
QmS672HzDv7ersn6zRVu5BCMaZeZZTen2JEubkT1sQEgwB,metadata,Einstein Mark 2,Gary Cartlidge,
QmQrNitS5h1xRKJB3SqLcbXTRx7Cb9iuDFf8Y3E1EbtDGE,asset,Einstein Mark 2,Gary Cartlidge,
QmbtZdZSA5GZvPrmn5fYMyeGDKyB84RFVTyKh38C6RSrqB,metadata,Uncertain destiny,Gregorio Difelice,
QmUzt4EqpHqZLHuzqRdrJvAJPiRnXVeX2gcnNK7mQqan1a,asset,Uncertain destiny,Gregorio Difelice,
Qmdhvf3GKK7vy2k3BWhntpBjNfuonYjyE7Mmhe9p3VC8cy,metadata,illumination,Gregorio Difelice,
QmQQZDcVMiqsAhJGP58GkYKkEBvYsRoojRdQKSQDXZHa4J,asset,illumination,Gregorio Difelice,
QmZYF4U9xZN19idVujM8KNNJ79PHBjDqfTkq7USzAH9E79,metadata,Red Wine & Puple Dahlias,Voke,
QmeAZTM4PsbGnTKkGwSJjQvzGKa37ipeXqTGvTScYnrvbr,asset,Red Wine & Puple Dahlias,Voke,
QmTwP6bbWp6hW5aertAjQr8GxajrgL3S4CNvXCndtR45Gn,metadata,Beautiful Patience,Verdaccio Donatello,
QmYFDC6rzJsmvZLAksHPMPNW9f4haFyavoh2v2WPBdSpQm,asset,Beautiful Patience,Verdaccio Donatello,
QmdGg2hYsZvhnKwsCDXRGdqAaHnwrrp1YzJEENpww1j9So,metadata,Future Wastelands - Spinner Ride,Norman Harman,
QmbXgZ23Qn1Mvwbb4WbRkNBND3SPEvMJyWBe8v48PUrUSY,asset,Future Wastelands - Spinner Ride,Norman Harman,
Qmadf9spVreScdXRVuhVwEf9PMVwBooaDymM141QhBDfJP,metadata,hidden beauty,Gregorio Difelice,
QmU1P7KSKG1SQnzGtJuzZKwPBYVtRWfSrHTcWZqBzUxRYC,asset,hidden beauty,Gregorio Difelice,
QmVVSMse2KEZdJGk1Yoab8iHqjyKyFN62p5fsXWPBdfd6t,metadata,someone_else,The Vicarivs Diaries,
QmbnYfrkdX4bUVb5DGgbtmZPgj8gXywo8EADYXGFHDuyXW,asset,someone_else,The Vicarivs Diaries,
QmbuCgyoncstaBUoXWEEYKn5XDpmat4JfVhzKLDLzfh96z,metadata,Smite Thy Demons,Gary Cartlidge,
QmUX8HnEyiRC7CWLFU3xeTt3q7a7S97yJXfjfAv1KgcnMA,asset,Smite Thy Demons,Gary Cartlidge,
QmQqSVWfx5PE4pojeKpNLd8YdzWumn4m6Vp9snsnTjSShc,metadata,Awake at midnight,Gregorio Difelice,
QmUv368Uj84c77Axkwh6VUeeCFqnU4Qm18MbAMitMXmEXF,asset,Awake at midnight,Gregorio Difelice,
QmSnAK8hh6kksFokTzaxH3DSfiMN46e6Mrj8fWxScxECX2,metadata,Live The Dream - The Pentland Experiment,Norman Harman,
QmYTugx69aV7KEfXSXS1FpvHSVMmNWjkuR76nhmW2fpw4w,asset,Live The Dream - The Pentland Experiment,Norman Harman,
QmahoARYFdd5DWGG6x2gYWXKvyVWmUsid6AE6hvoPmgDQP,metadata,bridal fitting: i of iii,yrdgz,
QmbcRyH5AeJh4HAmAGqiFBkgHZG3c5QkCaV8mmRDarVSU4,asset,bridal fitting: i of iii,yrdgz,
QmRYbcgrXKTaw59uBTf9Bi4SU2Eh8v51BRP4ciZTabUyx6,metadata,JabberG,Lawrence Lee,
QmeJCqhkthZTYRa2pzHMJGxM7kJBDmCCoVrYfMuLHdnaj5,asset,JabberG,Lawrence Lee,
QmbbkixK2of6TXW4339UQ5LezRr4VsBtDwCKc8DSTs1fvP,metadata,A Very Nuclear Man,David Russell,
QmevhTCHddFov1vPR1fx3dNxbD7BXJdUB5EMCX3VktxQas,asset,A Very Nuclear Man,David Russell,
QmP98dHvAfYHE9tHExhzgoM1idRXd9d8XaMrdaQggnMLAE,metadata,A Hope of Ice and Fire,Verdaccio Donatello,
QmRWDyX7LeKbdeoYnNVT7qei4YF2DpaDp9yMsdnJmBHXYm,asset,A Hope of Ice and Fire,Verdaccio Donatello,
QmVvkaGFDkEGPYuE5F8WjFtmQoxJ9TR21eo3eSWyYNJ7hz,metadata,Loss essence,Gregorio Difelice,
QmX3xuHWYmgGbX7drJVyNaoLVpqJ6RwffF8BcKn1oX6KNF,asset,Loss essence,Gregorio Difelice,
QmXWBqxMF9LVJ8QQVxeEmKimctDsrpojEwq9GTKpWWujNL,metadata,Insane and natural,Gregorio Difelice,
QmQTcTxTkbQfrsW6sXSGuNNbRVT1fLDLuc2XX7g3piziLt,asset,Insane and natural,Gregorio Difelice,
QmX5nNs6CjjPE8KLnMfcHk62gWC1FmcfVfUg7WfLAM5VZT,metadata,bridal fitting: ii of iii,yrdgz,
QmStKoMF3FdBpftD18ACnToKfDjyYHZp84sj5GsuGJKrSe,asset,bridal fitting: ii of iii,yrdgz,
QmWq2g6UXEAT78AwF6QUCAYi26Vb5ijWEReM897ZBww8sU,metadata,Fury,Gregorio Difelice,
Qmbinn2RmYCoCzox6FX63iMUyPdZrzs41uVg1wL7DqFaeQ,asset,Fury,Gregorio Difelice,
QmdiRF7SZQyox7KVqdZyvCibimcWZEftAmRmt8CfTgHZd3,metadata,I Want A New God,Bard Ionson,
Qmdowy7kp5K1WZkkfjcENriRgXsLoqXjEjBpnq4Mg7G7Db,asset,I Want A New God,Bard Ionson,
QmRCB16J3Za2WegYPexZM7mBUvLGx1UTNJArNVD9J4eiWy,metadata,Eye Candy,Verdaccio Donatello,
QmbcJYwQrLvDsoiAH3bTf8GoVLDhsvu4exd3rA8KmP1uip,asset,Eye Candy,Verdaccio Donatello,
QmawGPSojpTrneL6VxAfeQRmyz23Whp4sdVP4kYwoAP3VN,metadata,Dreamcatcher,Voke,
QmeM9h7vrenvMLP7nWBGCMC3aGDpAcB6ugKhTkNRFbnAv3,asset,Dreamcatcher,Voke,
QmVDrTYEbzMCHyiY5FgcJaNPi3SLa7mafMG62JvDnp6tqM,metadata,Mixed message 002,Fabiano,
QmYqQcfFHD5P5JQaTgjkoq92vyue11ZYTqg8VNDkoQqTQX,asset,Mixed message 002,Fabiano,
QmSxZk4RD72V6WyYiwxHy4hBLPSa6RVpPHHxwUBx35hKR2,metadata,Not Alone,Gregorio Difelice,
Qmcowh5hRBAYAdWVYcenugiUUW97ysvRiWs2vdLVYxQkd6,asset,Not Alone,Gregorio Difelice,
QmTqumZZ6twvugh6XsQVr61JwaGW5Hi25TJBNqVaWPG4kg,metadata,Ｃｈａｎｇｉｎｇ░Ｈａｎｄｓ░Ｂｌｕｅｓ,RobnessロブネスCyberpop,
QmY2S1LpJSKVdix5mpFguK7jWFAcegA5F1VAhwfY93yAsY,asset,Ｃｈａｎｇｉｎｇ░Ｈａｎｄｓ░Ｂｌｕｅｓ,RobnessロブネスCyberpop,
QmeCVGmgPBx24fnRWQggPxqoBJzFof5NFuBXtJxVKH3e1S,metadata,HEIRESS AND DOG - [HOLLYWOOD PIXELATIONS],Anna Louise Simpson,
QmWCBVVesTuFBbxhkLdHx7f3vy394HENearZXuKSk5or1N,asset,HEIRESS AND DOG - [HOLLYWOOD PIXELATIONS],Anna Louise Simpson,
QmPyZuqZYh64KiAPWtH9k5kuS1RHuzXzgzZku2pWvsZXwW,metadata,Internally,Gregorio Difelice,
QmVsErA2427EzH6YKiqUwxessFMBP7nroj9vPCvALG4Ka8,asset,Internally,Gregorio Difelice,
QmUx7QSCaehJEnkJyz3i1detgd2kQYkBtKUpTpzjy5V4ai,metadata,Don't Think. Feel,Gary Cartlidge,
QmXFfS8Shf6VCMAcbDewLrbm4BWHxXGJyjdpiy877sngGW,asset,Don't Think. Feel,Gary Cartlidge,
QmY6b9HAivctHASaEkoQbyyU8emXDjCcfSpLuxmcnJF4Kw,metadata,Malcolm's Hunters - The Pentland Experiment,Norman Harman,
QmVj15Wp8z87Ltiq9hVhbcaMqHRfqx5jwpkjtm9hM4o9N5,asset,Malcolm's Hunters - The Pentland Experiment,Norman Harman,
QmbTaS36GNZZoB7AbzXDx3miQNjWmRda3mGT12A1qDVSQG,metadata,POOL PARTY - [HOLLYWOOD PIXELATIONS],Anna Louise Simpson,
QmZTZMvhJ8S3q2TjmF6VXyeRA1v1XX1tPKJ88UNRzwmcFQ,asset,POOL PARTY - [HOLLYWOOD PIXELATIONS],Anna Louise Simpson,
Qmcst6jejVzVUFYRsY7d3DCUC3gt8UknXu9UQpF8XkYLoU,metadata,Ricardo Sparkly Envy Green 2018™,obxium,
QmYYQwVBQt5JtWby8bbwisczdAa4oCcqFhqHExpYsQFjY4,asset,Ricardo Sparkly Envy Green 2018™,obxium,
QmeKJDhr7Yet6HZDgZkAuLrKwkK16vuC9UThukNwojixGs,metadata,Organic Form 05,Bert,
QmWQQdmgGhpyB24AkvrWJD382612uuECc2zZmm3Rdj2mmr,asset,Organic Form 05,Bert,
QmTptcb9izhXtiXkbJbJXsdEzC5vvV4DMy5mwr91hCw5AR,metadata,Turritella 1,aurora,
QmSfcXbgkwsKZnXpN6mx9ZySesb5K2ieakx3HHFyXWhjyr,asset,Turritella 1,aurora,
QmXrcMAHgDRQiMTUqmiV6aeZPkPGorWUGxy4E7XY1PLEZ3,metadata,Parisian Memories: Mathilde,Verdaccio Donatello,
Qmb58g1SPQhUyQf8QrNKJqj2PJJr6PQsFbaCs7YARiKGDN,asset,Parisian Memories: Mathilde,Verdaccio Donatello,
QmRB1NZhLP6sq9AZ9BYVQ1cAT8oYWu4u1HSe8mV6aXMyMZ,metadata,Aesthetics body,Gregorio Difelice,
QmYBj4TJQFk53BPbUZu8rFnnoqcmXNhRENpws1tqyjGjkf,asset,Aesthetics body,Gregorio Difelice,
QmPhqR91zPdXqCu1uNd7GunWBbuCnpjLgaUE4pLfkQAwo6,metadata,Future Wastelands - Concrete Horizon,Norman Harman,
QmS1kwFXcpmNpGPkLMJrDayjAEbDEuZCHegHo7L6XNTERf,asset,Future Wastelands - Concrete Horizon,Norman Harman,
QmT5EGE2FCq8H9YHq1vrt3xHFNVyxY1nFWFM4HKcSuTMQx,metadata,Waterfalls,Stan Ragets,
QmbToezrFhjbdmMqhHxZ3wEBtAHKkaH1qCmBBWZeaE9fAR,asset,Waterfalls,Stan Ragets,
QmfEPrzYNTtJyUkmuw6jnkcZxRAswAJhgek5hRkkbX7Pct,metadata,My Spectral Soul,Gregorio Difelice,
QmUoTDAVChVGY8wTpHkCjBJWWQUYaxJcKPbHb2Ucfduhqy,asset,My Spectral Soul,Gregorio Difelice,
QmbY2tiBSdNGTU4vCgv5CN6GmRQA7FPagkit6LyuPBuU9D,metadata,3C-E,Yura Miron,
QmdDzx8AV7z959QrQrFDazz7YDGMTEna1QRc18fgSomMSF,asset,3C-E,Yura Miron,
QmezkdxKqrYku93ApxHNVkcx7p7WPszA7bE5vPYSQGgNPm,metadata,BEAUTIFUL KARMA,Anna Louise Simpson,
QmRsGiZvk8JYDga79wxtXRA1W8NKPkYsW7zJWZhGb3Fv88,asset,BEAUTIFUL KARMA,Anna Louise Simpson,
QmY7Wr63qibEvX3AN6y6ZBrsLYwRfUrNnuDbt11vhRnP1b,metadata,TRIP TO HAPPINESS,Gregorio Difelice,
QmYdH9YZRCj7tgFefF9qUPeSDtvQwB5BE5mK6W1m62wx5H,asset,TRIP TO HAPPINESS,Gregorio Difelice,
QmNSEfVJ9Nt7R86zuow2x6XYBRtSpSwAbXSH23yFHtx7Ht,metadata,Stan Lee,Verdaccio Donatello,
QmPUZxuxvV3zJQ5ks8DiPAVpoHYoXdmZkscqe4LrGgFnHm,asset,Stan Lee,Verdaccio Donatello,
QmRVcPdwJcxm68XwJPR9SmTxHyb3nFBuB1MV7YkRanjTAP,metadata,DDF11,obxium,
QmWrcPECqY9pggi1Ntc62SJ2zbzy6e1c6azb3aKToJMm1j,asset,DDF11,obxium,
QmQmr3K84JT4kVmCek8LngBSUK69H1RHvpaqfcgMPBEz4o,metadata,Revolt the demons,Gary Cartlidge,
QmbPqg9qSYQnmEMFMbdGRanGVm7g3fi9Tz41tFe6QzrfFL,asset,Revolt the demons,Gary Cartlidge,
QmSe2ELzcCQraQxXK3Aq6mzjhhJt8QSk7y9EuVs8VTSzS8,metadata,ETHERx,Jivinci,
QmXP76QyG5ge63MDHyp1wnQ4FE7AG6tQLL8NV9EJHvzyCA,asset,ETHERx,Jivinci,
QmfPF5821zem9FWLv8EijKBt89WkwKibhvEL3SjpQxWBnp,metadata,make_a_point,The Vicarivs Diaries,
QmP252nedYBZyy6VzDuky9eb3yApptm6HUmrmnau2ncJNo,asset,make_a_point,The Vicarivs Diaries,
QmaiL9yFeaE7zXVrniqzL2fgHwLp8LeTDnNsb6j9V6CfXk,metadata,42,HEX0x6C,
QmSugsZKu3Ah2PQc7abf7jPEZkJY5259x7EAnNeEzYSuoA,asset,42,HEX0x6C,
QmQJ8M4SrtTJ9gqsmx5m6pbqZf9i9ZXQXbY3xd2aVRS17b,metadata,Fusion of Souls,Gregorio Difelice,
QmYwn4xDiNxWFKgKMcMazRJ9boRNWE9mUsjofBK2fqyhra,asset,Fusion of Souls,Gregorio Difelice,
QmVaobFJELm78MNcHR9fZjBLyab9LZ7Zeas9d1EG75whDH,metadata,Nature Spirit,Verdaccio Donatello,
QmbdaqgvU81h4DgiRwpR2Ya1RsDgmgZ6csLowSuDUX1Emi,asset,Nature Spirit,Verdaccio Donatello,
QmQ6dosko3gu8VdDkHkgft8cpUGexumnMo6BLvbBkbScUd,metadata,bridal fitting: iii of iii,yrdgz,
QmR46SwW8VG7q9kas5b9EcV8GenyG9u8svPVjZvUYqWV2M,asset,bridal fitting: iii of iii,yrdgz,
QmaUzLmewHkCy8u5xyoyF5qoXMuHdeGiitaFMDXmRqHsuo,metadata,Turritella 2,aurora,
QmTQVo5EQG2mSuQgc3P8Lr3iVEboXChhEAgXg2mR9s6stq,asset,Turritella 2,aurora,
Qmbji4afyzDQLc2JwXceEYVEoQL1eQnhYeP1pDrGMcRoRd,metadata,Soul Candy,Gregorio Difelice,
QmWs9M6aPEQxAVpLf49eLFXQ8f6zv1HeKEQXyt5eqXZM8g,asset,Soul Candy,Gregorio Difelice,
QmYNeFadreW6eegSdeqMgHrS9DDUwDAFnZ1e5yR5qqdiK1,metadata,CTRcode,Gary Cartlidge,
QmVh7nh6zQqtT33KgFS488Ydu7Dm8WKRQt8ikkb6AHRZyy,asset,CTRcode,Gary Cartlidge,
Qmf72tYk6ifCHCZn8JNytERkriMFFfasdcZXu6D7VnS1wA,metadata,The Interview,RobnessロブネスCyberpop,
QmZHX2NskE8SAQaF6SuwXGY3FaLeWJAcBES1MSsry9mjoy,asset,The Interview,RobnessロブネスCyberpop,
QmfDevX137nvGZ59guRmSxgLUYrDpH9aaGGX6mSVmfm7sd,metadata,Black ETH,Jose Blanco Perales,
QmR1d4wnhg4s9AzeiRVTSmgTP2YM9RepWnod98B851NQH7,asset,Black ETH,Jose Blanco Perales,
QmQzvDaK5PV5936sNs5u5xNK8Xvz8TnX43y4Kj1E6BuBLL,metadata,Wolfpup Fortuneteller,obxium,
QmUpERxRJ1tdsPtMLsdxzkQPznD1252vkXA8U6ZxGZcuCj,asset,Wolfpup Fortuneteller,obxium,
QmXihXM3KEYwAWVisg8DTaQFA8kvq59PTvmGD5ZG9AHjzH,metadata,Longing for you,Gregorio Difelice,
QmRPHLMAB3AwfmrWmKPJNVtYHncS58GfjAxyBUsb4HVeBz,asset,Longing for you,Gregorio Difelice,
QmSAx7crs9rt2c5gooqT5qiEydfpY8X7NRrbyqzTMGHztB,metadata,Parisian Memories: Isabelle,Verdaccio Donatello,
QmPbKn9LvcCgZasGyVrPj25t6CMf2Gtzc5Zd4JWgNMzzao,asset,Parisian Memories: Isabelle,Verdaccio Donatello,
QmfG8JRKEE3tfhqPZ3zztTKoCNK5gKajVKLbzVbnjBFgGa,metadata,n a i a d,Nvllsekt,
QmZmGCQgwgVRHbShFvbiYZzgKq2vMHAu1SWDBBZQPdDaY8,asset,n a i a d,Nvllsekt,
Qmbgnc7YZm9z6fhhBpRrrnHVTqMny5ZtC8nDeEo7phfMwa,metadata,Organic Forms #06,Bert,
QmNXemjyh9WmBE2m5h7CFH1Th8YpdEBodBzxgs8ZVhUPEs,asset,Organic Forms #06,Bert,
QmeEDRoqApBwcPfFBwBDtjKMhUedS9PtUMoRfQaUZ7ioiL,metadata,artificial self(-portrait) Nº 1,yrdgz,
QmZt8QNU5MTescm124TwtzGs5Fw4s5zfgdj3V3xvUQpocR,asset,artificial self(-portrait) Nº 1,yrdgz,
QmYaQbpCTfeWZEq3qPSMJnpdy8pTJgCvRJUGcSaFMBeURG,metadata,JubJub Bird Sighting (unconfirmed),Lawrence Lee,
QmRofnrUR3K1x3WZpJTKRZjwEsmkaTTDSwQn82BQsP3kPH,asset,JubJub Bird Sighting (unconfirmed),Lawrence Lee,
QmUCtXzQwWKtUi3kVVUseFzNXGDrDyQvKACTipzNsom1te,metadata,L.A. DREAMING,Anna Louise Simpson,
QmQBomsqUdxYZutDRLo2a6emkvuAJ2GH6Z3jLq44BgNk5o,asset,L.A. DREAMING,Anna Louise Simpson,
QmYtRJgJ9xzRiYkRvzCuVK8XrpxbZVg64AApWthSj1MV2z,metadata,Parisian Memories: Monique,Verdaccio Donatello,
QmZRMMcCPLen3QSukS3cUnhvMN4EybrY6otQ79S1KTyNk5,asset,Parisian Memories: Monique,Verdaccio Donatello,
QmQaqvNoi9i8pJ8d42aXs1vbKxMZm7NeE9C59u5Bftoanm,metadata,Revolt the Policy,Gary Cartlidge,
QmRitVG5vKoPHo93oJsJhtsfBuLpuxk3veqKmvFTEp7zFc,asset,Revolt the Policy,Gary Cartlidge,
Qmc4GRKTWkArQ3LdRgfN8fVDeBJwaahVqeNhvwgpv5PRbY,metadata,Moon's Light,Voke,
QmXZpSXeRQTU2fM7mQzDgmcsDuLiKJ94Tsm9LPx8VhQahv,asset,Moon's Light,Voke,
QmVaUyjoqxy2rLYZwNwG1NDEatj3BuTuTDYTcyKwn57QBC,metadata,Ether Visions,Gregorio Difelice,
Qmdv8uoobdkaVkpjkXzXYUxtn5hmegFuWC896mv5bzTsuS,asset,Ether Visions,Gregorio Difelice,
QmQikDCddWzeKFXgHKgUsBV7UDhxt6KVnzebcdZcn4PyJ7,metadata,Dr. Satoshi's Orange Pill,Lucho Poletti,
QmVQ9QsweFJhRjRA7b3iDiga53McndCDok9JxwDYXZH2Qy,asset,Dr. Satoshi's Orange Pill,Lucho Poletti,
QmWWNxYWb7jsLo7suWs7E7hewchYDgRiBfSbK9fshtH5nS,metadata,artificial self(-portrait) Nº 2,yrdgz,
QmaWyaFzTuUgtJ9UnF2fDCp2nQNK4Z3RJe6YtCd365TDEo,asset,artificial self(-portrait) Nº 2,yrdgz,
QmXZjgLwsJ6L7yt4QmmFK9GpYeWP7XxKxAjFamWfvRNPsF,metadata,Sᴜɴsᴇᴛ Sᴇssɪᴏɴ [Riptide],Nvllsekt,
QmQFNeZJjdB7ff5FbQsvfJpv3A7a7VWZ6wr9Bvzdu7Le6r,asset,Sᴜɴsᴇᴛ Sᴇssɪᴏɴ [Riptide],Nvllsekt,
Qmf1AGqg4hprFjtwVB1HYScmEL5R96nV2mMjtNo426W6du,metadata,Utopian Distortion,Gregorio Difelice,
Qmc8Cn9p4JdYjJA96hYy2TUkrdWRPEzRzY2YXHhaCmapFc,asset,Utopian Distortion,Gregorio Difelice,
QmW9xUNkdpMfCREGEE2bB9jteF7ULZLPue75r81WAtDsop,metadata,Zeus deepdive,Gary Cartlidge,
QmdcjmDV3SWSon45SkZQuiEVbrGPBwrzQbxGrzk9tS1H8P,asset,Zeus deepdive,Gary Cartlidge,
QmXo544bLQ2rXH6PcegNju6Jy6Wr68bocWdGbzYkMPzPrb,metadata,o d d s e a,Nvllsekt,
QmRB9qmqJTGVPTTb4Nkjf8XNTyfEBrme2kYf3vxKxbCBkV,asset,o d d s e a,Nvllsekt,
QmQcXbwnPGtFoVogscAskaj3B5zYu21pYtyLqUShyDE7b5,metadata,Salem Witch: 'Forever Young' Spell Caster,Verdaccio Donatello,
QmaR78pPsiFy5V2F3vqukcpo93Xvky61sJJsoqmXQKRQP8,asset,Salem Witch: 'Forever Young' Spell Caster,Verdaccio Donatello,
QmR4ceeh1oiFRMhqwbcsBnWB8ZusaeQ9eKdfAa9evae8BM,metadata,Looking between the faded,Gregorio Difelice,
QmfJ9EJpxpgnXu5BuxoLzWDKoyE65T78rhwqeqHB5BYozH,asset,Looking between the faded,Gregorio Difelice,
QmWmkoogfbQVvoQb6enLBWNkZVfwintiaUhtshBnND5RSG,metadata,Five-O,obxium,
QmThpFdSxM4CU4B5e2NfehksywtDx1t2Mngzj4RRY7S7sB,asset,Five-O,obxium,
QmddTkuZadVEiHtcYCdjVSpFsDpnSr5wttPCE5Ga1to2rf,metadata,Faces Series A,Lawrence Lee,
QmaahKWB22AFV3JKXzvHXRRA4CPtamG9jZ3N5mgP7VtRt5,asset,Faces Series A,Lawrence Lee,
QmWbcivVjtQqATX4pTjRqhFyZmApRmDUA51VXutJ7dVcUw,metadata,Looking for innocence,Gregorio Difelice,
QmXrqLzH7YzDKdcVB1yUYGD3mGUjvwkBm3vvtUfvR5VGhL,asset,Looking for innocence,Gregorio Difelice,
QmQtqWWURJFJwzE45EhDFBNS23QAvN9vparKWszgXyVVtg,metadata,Lost in my mind,Gregorio Difelice,
QmYQKFp8ALJrptW585zXTM4DeJqkcxJsfKbAyNEuxcS9Xy,asset,Lost in my mind,Gregorio Difelice,
QmYTwJ9fXCqUVVdGVJSeyRt9rsLKhQ4ivU6o8zM2q2uQ6U,metadata,JubJub Sighting 2 (confirmed),Lawrence Lee,
QmTHAbaLqGF3oJsuuK39y9LRqx9s9QBhotLRPvZ6ZTBwS5,asset,JubJub Sighting 2 (confirmed),Lawrence Lee,
QmdTTJqk7AA6mt48g5XiWxRVqggegL7TahEFikJHm9H5Nx,metadata,MOUSEWIZARD,obxium,
QmTEkumzGQ2q4UeH2eufcKRRBkYhootySMESUZBBPz1Qd2,asset,MOUSEWIZARD,obxium,
QmdD7hT2M4GFgMbqCankvVzY8rYQd6xLKhF5qj24aFpFX2,metadata,CRYPTO STILETTOS (OSAKA),Anna Louise Simpson,
QmTPsz4KKenf1csgmMk6i6GZQxRhkB7WibUYuPnNP93HTS,asset,CRYPTO STILETTOS (OSAKA),Anna Louise Simpson,
QmSN5AYkDGj5vPNnJjPciKHA51UK4WimRQdPbuaqyr18dG,metadata,Organic Form 06,Bert,
QmSKZ5BoiVgf4nczm7w6Wi7tEfu2LoJYwL7WeVWCVwjNmC,asset,Organic Form 06,Bert,
QmYj8yyhzV9jKAGZNvYAqZLorFZXGT4rAb46WWXpQHuJTw,metadata,Ｔｈｅ░Ｇｌｏｒｙ░ｏｆ░Ｆａｎｔａｓｙ(Original Version),RobnessロブネスCyberpop,
Qmd5nuAFGTPUx9Wg26puR2qe76HkauYbZgiKJKZVKcHSJe,asset,Ｔｈｅ░Ｇｌｏｒｙ░ｏｆ░Ｆａｎｔａｓｙ(Original Version),RobnessロブネスCyberpop,
QmWeGL2dpWV4Ujr9DwjdRz8qJrwh3Q9bxXyzF543D4T3J5,metadata,Reveries “extraterrestrial” Op.2-3,mera takeru,
QmQtfSmSRicekbnjtsw7WhiK9B1Y4J3YcwnnzQACXnTNtu,asset,Reveries “extraterrestrial” Op.2-3,mera takeru,
QmaczNvnWFjTfYDiwqgV8YCRYvqC14JQy6HoS2g7xwpJUk,metadata,crystal::1,gcrll,
QmYVNNheNHhFXAhNZUhDsP4yCkVUxEqSbngEQB51aKwQLy,asset,crystal::1,gcrll,
QmTDLjkoNLGqYQTFe7WN3Zif9AfgwN82tdvSS349o9CfzQ,metadata,Crypto Chaos,Gregorio Difelice,
QmaYpr3n8MuY3wbTJy6ffQoGCw4ahX4DU66fyjbrways6k,asset,Crypto Chaos,Gregorio Difelice,
Qmczy5tiHf16fuzpyX4wKC7e5o5wxvwQFczYrxHRa53dQH,metadata,CRYPTO STILETTOS [fb0315],miss al simpson,
QmbBfcqNMRjnDUAVXcHa33SpyyyJrhkFxYHDtZh4nJ5byV,asset,CRYPTO STILETTOS [fb0315],miss al simpson,
QmSV4M6o7jhjbx7acqRw6hbJ9vQuwN6PsnpisGkZJqeeSu,metadata,Interpretation Error,Gregorio Difelice,
QmfZtm2rKsLoqkRfgiYgXQNkUfBY23NSbZv4iSi7KrrcrA,asset,Interpretation Error,Gregorio Difelice,
QmbTmFXtiLmCGssqrrWH1zunydev6uxts71W24Bo9BrZic,metadata,shape::1,gcrll,
Qmez386GBhZ9MDekQFPCPyHiUxBaBNxi5Ndkd5S9xApbhq,asset,shape::1,gcrll,
Qme6pE9i1PdR3zBi88SM7AJSjEemsmxx7BhkGBNzFkbNAN,metadata,Keep Your Keys Safe,MightyMoose,
QmcW88y9Zq6DGkRmK6AT9Ah8SF6b4ia2cnCNLA8xEKJCT7,asset,Keep Your Keys Safe,MightyMoose,
QmSoyChkoLyZn1LBVoK5SN66YmKa4Rny1RBQAZp1y1LJyo,metadata,Liquid,Jsf,
QmUvJRyGUpzPMtPV6K19gF9ZUu7BatP1uacFxJnSCpEGNq,asset,Liquid,Jsf,
QmYL1fXU9GV8L434d5jStbkc9hjUDqNsD5ax1kEAGQ2ed6,metadata,The End Is the Beginning,0000,
QmbBykEn8SV32f8R2Bc79pdrumpA6a9bjbB24LweRdNazH,asset,The End Is the Beginning,0000,
QmbDNBjM2PWaRJNABzAddSacQE7mXS2okmxGNjmH1bxHSZ,metadata,Hawaii,Voke,
QmXR41GCARzGdHHrereHyfkNxB8narhS1QrABCDCRsBGzp,asset,Hawaii,Voke,
QmXVxp6Rag2oY3Bzn8GKdrnVW5hRtxqjsy9WW4o7JYQkEw,metadata,HITCHCOCK DISCO [CATCH A THIEF],miss al simpson,
QmfCUYvXSvwqwVdMhR25jXCcydJXGzYGn6bhWNxnu3nMQy,asset,HITCHCOCK DISCO [CATCH A THIEF],miss al simpson,
QmfSnFkpfXRfYkyWd2VLPngtRM5d9Xn3D7Ho8krY8T8nKS,metadata,Valery,Gregorio Difelice,
QmXFFcygXMeHWZe75H6VKJR1Mxt3jVnZeZXMFWtg6FogbF,asset,Valery,Gregorio Difelice,
QmTyrALAmQT8JTQUUwW7fEpJZqLQUo9BegJw4S4oHm4tLx,metadata,#4,David Espinosa-Russell,
QmctMLqqchnP6hxtjCWGbUXaDyF7f5nnNtHuAQf2BUUpuN,asset,#4,David Espinosa-Russell,
QmaySoNb59gVSoq2yekr67Nsk1pxrZMHcBpgrFtaHYgJ1t,metadata,Intrecci - 19T211187_0961S11,Paolo Leone,
QmYC6Uubu89HNaM4NUKr3GUqn1DLd1EaZQXtWtrMzkJoDk,asset,Intrecci - 19T211187_0961S11,Paolo Leone,
QmXVVJKML5oUrKXDqM2fq31HkwnjcPErQGsBPMdxw9xFbn,metadata,ßlð¢kêÐ Råïñßðw§ Ärê Glï†¢h¥,MightyMoose,
QmSH1yDfnWZspUq2KTzvEydWTZnrncYjzKeWAjj7oSAXWi,asset,ßlð¢kêÐ Råïñßðw§ Ärê Glï†¢h¥,MightyMoose,
Qmc6T8KyD7GREwu2z1dMMGLKDd4TTzQQZkS3rohs9ainMX,metadata,missed_u,The Vicarivs Diaries,
QmVdMaMzob4USacXRVKdbh3n75cHMqgBimBoCv6cjFfdy5,asset,missed_u,The Vicarivs Diaries,
QmdEhaeno1wEM95ojZB6yiMX5vtRFutf7xEcDWocJVJwk3,metadata,The Way Up Is The Way Back,0000,
Qmd2VAAxxkqsGfm2RhqhiBrYvyci5bCNQJtgE4T6XNTMca,asset,The Way Up Is The Way Back,0000,
QmUZVmnpx1hdWg5q5RJh3BPjUoMtfp4JTMqBsycLGVm5De,metadata,Nectandra,Yura Miron,
QmW5871AmQqJF4yLhgzh5bxDohX3TSbH2ASU9sQUA2Mdvf,asset,Nectandra,Yura Miron,
QmZLJ3Fe54xb61NEWkEYHvAMSh4bBw6wwHkcp5CRpp4X8m,metadata,𝚂𝚊𝚝𝚘𝚜𝚑𝚒. 𝙱𝚞𝚒𝚕𝚍𝚒𝚗𝚐. 𝙱𝚒𝚝𝚌𝚘𝚒𝚗.,MightyMoose,
QmPvfx4rQrsNYeRxhd5Yk5k4Xw5VNS1Mgkv6CTEFNJLG3v,asset,𝚂𝚊𝚝𝚘𝚜𝚑𝚒. 𝙱𝚞𝚒𝚕𝚍𝚒𝚗𝚐. 𝙱𝚒𝚝𝚌𝚘𝚒𝚗.,MightyMoose,
QmXSSeDS2dMqT7ZR6BbixLjgp2Cyqr4jy9Qt6Ye4faAAaz,metadata,Organic Forms #07,Bert,
QmU6FUVRXcadHbHw6kf6TgW5w1J5X8drAZGwAisA5fDkgM,asset,Organic Forms #07,Bert,
QmXGy77xUAP53xYcfVxjbPw5kSks6x1eJW1nEPsGGvVX6p,metadata,Marea #3,Jose Blanco Perales,
QmXa1DC8K7B67YhmH13rZ5R97nggoDEFFttLWdZdqGJ8AQ,asset,Marea #3,Jose Blanco Perales,
QmPd7jigGKEuiRtNC98w4rhwh3UspBkJ3La1JYFU1d6MQG,metadata,Asin,Verdaccio Donatello,
QmdKE7FLW96qM2FNj3MFQHJJGxiRUPaSbkV1z8dfe2Lrow,asset,Asin,Verdaccio Donatello,
QmPHkumfwPSbc7WCetrx8hdB2tXEr7kfwc1Q9ZrV8ErG8D,metadata,artificial self(-portrait) Nº 3,yrdgz,
QmVD9sDwZGrK7StV5iEnMLEfyHRjrSHPok8Rc5csEgfZTt,asset,artificial self(-portrait) Nº 3,yrdgz,
QmQZcxmtwWcEorNSGXsTWRZk8qC9WZHXp59s4UU1UBkNFg,metadata,A pup called Anubis,Stina Jones,
QmPWp4DDiE2ddYZGTBgD4YmnjhECy78pAJHGqTex4agQub,asset,A pup called Anubis,Stina Jones,
QmSxMq5D64xWALibg5tKnZYH8QmVzD8pUnvJnPqKNEBYZx,metadata,HelpHumanity,Gary Cartlidge,
QmWEhecJkqykmni5D5yV4w4i81veUaGt28PCHwXjoc34WU,asset,HelpHumanity,Gary Cartlidge,
QmWs4ry2DmJkSwwtLLor6Y1d6hTMZseTmS9HkhS1LLFgBZ,metadata,peaceful,The Vicarivs Diaries,
QmT3hdRfU2gWHpW6qTzZVm59VdHj8kN54ZF2GmtEEtv6gy,asset,peaceful,The Vicarivs Diaries,
QmTd3yQe8b2eC3ryXKicy7S5XUVQTYgejReTJkkHMsWQ4c,metadata,Sfere - 192E09571,Paolo Leone,
QmcXBkN6k2KipVo2Dp6iuS8PmzMe4XfEgHh2zdsUZiD7wa,asset,Sfere - 192E09571,Paolo Leone,
Qmanyihwjiip61weMyQiWH8VSi983mjXRsMEyPve67udr3,metadata,GlicoEth- DAO focused experiment!,Bert,
QmX8ELrpvz1u87fpnLJQyi38YheWD9Ue2xuDa6QvncjNzW,asset,GlicoEth- DAO focused experiment!,Bert,
QmeUKjjKakDma7vzfnweWXGnEVvWgu27Rpj3dsvUnwbXry,metadata,_ ch6 _  lueur,abysms,
QmZp9pc9VsM7wrfTqqMPqGfkJZ7hJvZUzWkHAsWn5QPMBF,asset,_ ch6 _  lueur,abysms,
QmYS8ynKsm4zFWDwvz3WjsMx4u2ttHoBJgv27E9VDCKN2b,metadata,Irrational Dtata,Gregorio Difelice,
QmZPKez9W2HBk1jsnAupb18qqR1UDwEQ9sxztYMBKPFHrS,asset,Irrational Dtata,Gregorio Difelice,
QmPVJDmk2XTLbEmaGbyK9VyUKQ6VL5s6Ve8PEZu1zzd8R9,metadata,A pup called Anubis [Blue Edition],Stina Jones,
Qmdg4ERD7L33CwS9FnVxsnYPd6Z6AxfVqK83BUTZxJFKsr,asset,A pup called Anubis [Blue Edition],Stina Jones,
QmUAsCpGBHNDWj15DJHyg1d2625Y5vvnUwFJ6wrgHrbkSP,metadata,▁ ▂ ▄ ▅ ▆ ▇ █ ᄃᄂΛЯIƬY ΛFƬΣЯ █ ▇ ▆ ▅ ▄ ▂ ▁,MightyMoose,
QmYhy8ofM32zAYrxBz2e4J4Y6mE1tcjtNs7suzVyihrxU1,asset,▁ ▂ ▄ ▅ ▆ ▇ █ ᄃᄂΛЯIƬY ΛFƬΣЯ █ ▇ ▆ ▅ ▄ ▂ ▁,MightyMoose,
QmRtHNTyeaqcXkXRYHXERCcJjdKN7ZfUJV8HYn1XA9BQEK,metadata,Sᴜɴsᴇᴛ Sᴇssɪᴏɴ [Arctic Bloodmoon],Nvllsekt,
QmQk7iU5RpKTSSiiQoFKqmVFbEyL1DGYHfL9zTVoA7ebJK,asset,Sᴜɴsᴇᴛ Sᴇssɪᴏɴ [Arctic Bloodmoon],Nvllsekt,
Qma64XTdbK4FhNSW5iU3dRaR8NLGMEYfZbByUUPFTBxQY4,metadata,Scalare 1,aurora,
QmY5FxDzrfdfzLHsn7HbGwBDBoV8wU76Jis47uSfounVsD,asset,Scalare 1,aurora,
QmRayEW4qPqteQVf1RxXrbyo2oGYDP3pwLd4uD4Fn8hNoC,metadata,Hate Is Money,0000,
QmbH1mNVgxZhfMc8m973bhcDcfkSaQLkziEKAByU6e3rjd,asset,Hate Is Money,0000,
QmcJjX3xJHa6XFhPTyw6iWmVRSx1syAEcSqymNrmPd1ceB,metadata,All shape of ether,Gregorio Difelice,
Qmcps6aEYHRkt5qqDzZkss1WhfeYonVCxaMcBR9XbCZZoQ,asset,All shape of ether,Gregorio Difelice,
QmaDmXDfNwQhJ8bqMFo6NXfxRDQwkgAmELhLiwzjN9SouY,metadata,Memories from Las Vegas: Lisa,Verdaccio Donatello,
Qmc4mN1fRUtym7aC9p1GsugVTCjowQjKPBMXHmPefpDUcE,asset,Memories from Las Vegas: Lisa,Verdaccio Donatello,
QmWHDogQBTdXibBv5VeMzYbdw6nEvKgmrhu2npi1HuLEc7,metadata,Decentralized Samurai,Jivinci,
QmV2k7ei5wjMti5hgCqF7ghA5yiKG5HaQyw2eEEmQLVqGE,asset,Decentralized Samurai,Jivinci,
QmWUai4Frv2aVwYArcbHfNscijATWTrWP5AwcMTegJEYjH,metadata,Falling Petals,Ophelia Fu,
QmYjbCXej8m14GMLuh7cmKVZqV3oND4xRh4GGxekVyAVVd,asset,Falling Petals,Ophelia Fu,
QmQLHWm5PgWbNTVBk9AnDyZuazdu93ZvmorGSWDZfPB4LJ,metadata,Bonsai code,Gary Cartlidge,
QmUhQxQPi1XbzRzJ8T9PDCWZugsoG29ytEkq7bpWbuWcUC,asset,Bonsai code,Gary Cartlidge,
QmSrhNr3mnShmHk85iGHwcZPG7SCaoaFcmcwHCXqgUNL9i,metadata,Osaka Gundam,Joern Bielewski,
QmWytV7stfcknnr1Kd5BttsQ6x3ebp9ZszGErsjiG8WBK1,asset,Osaka Gundam,Joern Bielewski,
QmTwBQzsYVnKc3Wa6qQis2FdDs18ZokYzWFA6uf9LxNtJ4,metadata,h-u-m-a-n,XCOPY,
QmVCvCmFoFSvP5FDzt6kN9VfTHFNuFRu34RyHJxo9BbWHL,asset,h-u-m-a-n,XCOPY,
QmcfXDA2FrqXHaVqgheg5h1rKHURuokUL6mPgKMSTNiBfP,metadata,_ ch6 _ babylon east,abysms,
QmYGqbhjoEJD7FxfGqyYWnsnpJie7SPAfjEovDPNDGNuvA,asset,_ ch6 _ babylon east,abysms,
QmZ5G25ExmpDCURd3oSZCusPv8BkWgXWjo5mvZMzGCgYEJ,metadata,Godzilla is not a threat to the Devcon,mlibty,
QmZ6VSJVvCioy5cEYe5rKuX6rZNKhd1NBxhejbz1ERQuyL,asset,Godzilla is not a threat to the Devcon,mlibty,
QmSb1ruqM5a3hh2N3CFsVzKcHjak1DoFPCaShDnempzkvw,metadata,Old Money Corrupts (Osaka Graffiti),miss al simpson,
QmcfsB1BVruosMjYKHTa4C9o9BHQhtLvAvHaJB3bwQhsvi,asset,Old Money Corrupts (Osaka Graffiti),miss al simpson,
QmRT1xMvLMWDL6CJGbW9ZCQYzSKBgLSpPDB5H29v5fsjkx,metadata,The Minimal Wave (1909 ND01),Brad Damico,
QmRrqDKBdr1mHGeiocWCw6Qmgqky6WhsC7zKjg3SoBrRK7,asset,The Minimal Wave (1909 ND01),Brad Damico,
QmVPrDq7T7gsC8TTo7wcBiVkwJtRWmGn4hvxKJbxkqhjtg,metadata,Osaka V,HEX0x6C,
QmSh4brHb38J1zLwEf44NEJzBuQejVws9BcMEcx3RcwEmB,asset,Osaka V,HEX0x6C,
QmS3mi7TCSPzkoZg5Wi4y5wg7jH6KysxFKLLQB9ofeYDNu,metadata,THE GRAFFITI DOLLS (OLD MONEY CORRUPTS),miss al simpson,
QmQNCCVFD2QsjN772QkgmAUJJu1sMvxtx3afhBRx6SaCLU,asset,THE GRAFFITI DOLLS (OLD MONEY CORRUPTS),miss al simpson,
QmfRru73D4m5AiDWx8jZ4Fb4HCQckhUr23hf6ndiPkpFp3,metadata,Rising Sun,0xBull,
QmZpcwBWKYowNBVUGdpo5xGqUzop6ARK7dsen9q4UGiuLb,asset,Rising Sun,0xBull,
QmT3UkX8PMYiFzG1ohdrdSUTwmkHtXimCUZU8dgDR51D7A,metadata,Nihonkai,Jsf,
Qme84znZNkfmbWvEPmYiV9RAVXe8kw94oAD9uDhWnSordU,asset,Nihonkai,Jsf,
QmYirb6mekSgQViY8MJHEKqpURwvpLishR7kMxQXT92qBF,metadata,Pop Vision,Gregorio Difelice,
QmSyhNY28TiYg4L16UUTrXtphg4Lubr7qcjwiTNWpWiky2,asset,Pop Vision,Gregorio Difelice,
QmazrP4uwfd37wJpr8tyfgQhQDp944mBMVSsumPdxZDpyD,metadata,Memories from Morocco: Latifah,Verdaccio Donatello,
QmR697V15kAxRVGFV58kkzU5U89FiNKi2Hy91Ae2AWt5aM,asset,Memories from Morocco: Latifah,Verdaccio Donatello,
Qmd9Mptsm262FcYaKjM7BwiiEJBYKGWYvU7DcSDjF7Z4KC,metadata,F I J I,RobnessロブネスCyberpop,
QmfSHJB8vs22sXwux1aqD69K4Fat53XEydzCTwXdr3YXec,asset,F I J I,RobnessロブネスCyberpop,
QmRp4GwQrTKLwc1pi3ywbU5FMKoGNVTcUG6fiNXwipYby4,metadata,The Lonesome Road,Voke,
QmTXaNqstjnkUvvi6fARXtDkr4FgKr6mw6jvDN9baJ6b3U,asset,The Lonesome Road,Voke,
QmYomCt5VndEqDTJ2rmwV9826mfL2NC6KAFVTAcqJDMHmZ,metadata,Electric guitar player,Alex Shell,
QmfJwPhgxffGfCKfAZRG2K9taJZ4Y9pxPU5ztkZyemtkc4,asset,Electric guitar player,Alex Shell,
QmZ4KRnoFDyb5Q6924qU6EWGqzFvc2RNyrLKwZCcCQmsas,metadata,1910 NF01,Brad Damico,
QmYkTdTvUuZ7P2NXscL9PqYfop3hxdvTNeYmHD1MAYCj73,asset,1910 NF01,Brad Damico,
QmfPR87Dq8yktKhU91yyLQM1h6Jy1JRu4T2RmP3FemnAtv,metadata,Dawn of my being,Gregorio Difelice,
QmdhpackiWJVGYMur6RjDRXb8NxijxrwJNAHtUDBPkaygG,asset,Dawn of my being,Gregorio Difelice,
QmR9rvEPmayged4UbjiwPFJdg9d14uu81cb4u3xLgEVRGU,metadata,Scalare 2,aurora,
QmQ6sqy3gn3mHZfmMtCF5j4ZD2ffPVq6Um6xouiQRjByKr,asset,Scalare 2,aurora,
QmWM1T9N1uYC8hGCeYEW5KL3Qmxm7kvvvaG6irJEAzoTjA,metadata,Virtual Constructor,Jivinci,
QmRUBQ1TFRVL9mhQTjSVmZWY6Z3mjB7h5SRuUVbPuM7reb,asset,Virtual Constructor,Jivinci,
QmRWub2HzDtiq9t6M7evbAhtqBrzZkXLr4Jg8y4ocqH2sy,metadata,Neon in my minds,Gregorio Difelice,
QmYyZAE74po76k9uDGNHiXauSha6fht6uw49xSuC3Zyuix,asset,Neon in my minds,Gregorio Difelice,
QmPYsFK1TNaKwfHdKae66kGpnq3GyZ1cLkhKo8oDgDQSyo,metadata,Amelyte,Brandi Kyle,
Qmb3i17dqv167US6UY9Vm4xoXSZanfNjfQjif7jXWuYmcS,asset,Amelyte,Brandi Kyle,
QmboGydD49C9qrMDjZskzPhj5PK4QNwHWLFxWqBvcUdXty,metadata,Memories from Morocco: Fatima,Verdaccio Donatello,
QmduBPHssF9JSyDzaM84UWP1WP1YXsa1q63J1bL6GsvQyi,asset,Memories from Morocco: Fatima,Verdaccio Donatello,
QmWWtmPri3xzLGD7ECGofcwREBbD8RN4hqyPJ8cTfnv6Vp,metadata,Elysian,Stan Ragets,
QmfM6cZ46pjpYFvZ25pQ9TMrtR4XXLQSDNFvumpEnKVdRY,asset,Elysian,Stan Ragets,
QmNrUHKkMQt5PVzYDAbzWwhucuF2ikQXYcp4kEQeaZAd9D,metadata,Little Alien, green edition.,Alex Shell
QmQ7eE4dGepeAHCQYt6S7uspw8bKfPBjiaYXq8pEo28Dce,asset,Little Alien, green edition.,Alex Shell
QmUDHxJ97Bs3XyFnZQzvhhuj8w5zaQWXwuwTpmTJxKfqkT,metadata,Pneuma machine,Jose Blanco Perales,
QmTpYx8Jri2LM8EgYrAc4BQ5whVkmpZTK7J6mQ7Q8aJ7RH,asset,Pneuma machine,Jose Blanco Perales,
QmTSnj4pv8w75nQ3cg9CdJpN9VcHSo9254g8wEwtT6xKyH,metadata,1910 NE01,Brad Damico,
QmQQSx9waTcMnBphz7PzBtsMy4rhAzqUvZ8KL2q1uJG6nP,asset,1910 NE01,Brad Damico,
QmTZHFEvtLoS15qc132CqptXQRZfuJxHFXUyQ5urmfRQSx,metadata,Watching whales,Gregorio Difelice,
QmPvR5ZpB9zUc96oTPaxqjb8h4PnLL6PPbDbbu9n53Ts2X,asset,Watching whales,Gregorio Difelice,
QmNuj8T57z8Zf2comQKQv1sDGq1t4BcpwPeTvybLn1k1UV,metadata,Build New Worlds,Gary Cartlidge,
QmVVoRvx8GAQyeBX1X4pt7UQwKicPuDRHFGqaFJkGvRveG,asset,Build New Worlds,Gary Cartlidge,
QmUoNjV52XjYwdejz3A3W2eL27Hin2FAdqamAU5XvTwX6X,metadata,Little Alien, multicolor edition,Alex Shell
QmZwKLMjWsqgivv63dsxk4a1UmNvPWtHnodTx7KqEqDvxZ,asset,Little Alien, multicolor edition,Alex Shell
QmWTyvY2KSY9XhBwRoZiUU2RCFxumiUjefBbqvhnAAwU55,metadata,Love Tattoo,Gregorio Difelice,
QmeES3QFFPoJrrwQ6RmapACUEw3edECeqofYFMCQV3zFa8,asset,Love Tattoo,Gregorio Difelice,
QmXGYLtmeVw3L5giQvQFwstArHRKJvHAh2KiqqyeXBjBzD,metadata,Milla Jovovich,Verdaccio Donatello,
QmPdsZcV4HCHDnHb1UpQCR5pA8sWGATTpWV1VC4N43pFnU,asset,Milla Jovovich,Verdaccio Donatello,
QmdemJEmHspFzXNmRnkVaP5EqWDde3naEHi8Mv7EnFvtuQ,metadata,In need of light,Gregorio Difelice,
QmcjsaMQXdEha4V6cbJ21eigarQBcd2x2whnDY46gtbkkX,asset,In need of light,Gregorio Difelice,
QmYpbEFqAiCtST8v4Txwm5pwWgm7ppZJkKBkF3Q9rkvi9b,metadata,artificial self(-portrait) Nº 4,yrdgz,
QmXEWCaLNGQ7jg7hYkZBXhxEzu5PejYGvvt44ETnWmZnLE,asset,artificial self(-portrait) Nº 4,yrdgz,
QmSCpNuwYFdhk4Sc4bG3uTCxj24Nk4or5WDzfRVJw6VdXT,metadata,Multipunk多朋克,RobnessロブネスCyberpop,
QmNvbrNd6nazHsWWdkYNe7Dch1tbNwsdKcjiRDJxQVisyi,asset,Multipunk多朋克,RobnessロブネスCyberpop,
QmSPpWRzctBLzZvtbiLaYtj34pu2QCdhzAjczZy6oAUUKz,metadata,SUNSET ALCHEMIST,miss al simpson,
QmSbf17biiYryGGGDFWM3DGS8G2Jg8jT4MLh7rMdxJdyem,asset,SUNSET ALCHEMIST,miss al simpson,
QmcKoLVUL1J2wvmNZToHCzeLDn8Z6rneEDDLyDVGjnkjL8,metadata,The revolution shell be tokenized. Unofficial poster - GLITCHY #1,Aktiv Protesk,
QmeqnEwnpcmNotkvorsW3B5qFgERwWcbzC3FwiDuc2bFyL,asset,The revolution shell be tokenized. Unofficial poster - GLITCHY #1,Aktiv Protesk,
QmUjPKHJ7B21U7uBoiw5CHfMaLRsQdrSjozxZEy6Vt95a3,metadata,MOUSEWIZARD OLDE,obxium,
QmadthFYcCWMnJ8MK4WL1rYRzFkUQv27NfKCsoDywnw2z1,asset,MOUSEWIZARD OLDE,obxium,
QmVrqySxmGFTHrzW373R2qGuF9NjxvGD5voZzmqZn4voL7,metadata,Mirages.,Alex Shell,
QmZWi1rypMWiNNgN1wCf2a3SCNGX2oyndX7kZj8qdpSDbc,asset,Mirages.,Alex Shell,
QmdWAuktft6wd11sdu1xdtyi87dNsNJk3AbXMHVJcfHprH,metadata,Caught in a Moment,Voke,
QmXU485hbkWLPeBX2xbDkHeE3J1kPo7n74Adqku66RvaUF,asset,Caught in a Moment,Voke,
QmNdK42zZRChnssbWDvKubKtEaBLzWEn1Do9Adcs3DEwYJ,metadata,Break The Rythm Of Society,Gary Cartlidge,
QmSKMeDHAtiypTrwnBJLf1Sky3woghTqToFwpshm1Fimwv,asset,Break The Rythm Of Society,Gary Cartlidge,
QmTx2GFfMn57WWXf8umZuq4jxmeEvvPQsLrn24wAqEowi2,metadata,Decentralized osaka,Gregorio Difelice,
QmetxsKpUJXjjVAnppac5DmXpYL8L7UxWCZ4cVtAJrA6Np,asset,Decentralized osaka,Gregorio Difelice,
QmPfhC9EnwmJL6AXrb8otsrvrvs7xibRaJfGyTueLFbWKo,metadata,I am the Sun's son, and the Heir's heir.,RobnessロブネスCyberpop
QmZvhqMG3UrYvvUzQMFw6tHNkXf7BJs7tJ9rGbtMiZnP21,asset,I am the Sun's son, and the Heir's heir.,RobnessロブネスCyberpop
QmWB4RLn4S1QwBWmvvsY9skhJFkzZ9wA3BiE3sDeQebZkU,metadata,Boris Johnson Prime Minister.,Norman Harman,
QmaQv7h2nkybbjf3yhGNM47Cny8JZfkGaaCtp7AqwHkphY,asset,Boris Johnson Prime Minister.,Norman Harman,
QmZycVsNAtZVm5K12adCEfMqgdTVMC8tfKUGxqjyo3ntiT,metadata,The revolution shell be tokenized. Unofficial poster - GLITCHY #2,Aktiv Protesk,
QmURp239Hc3fh7sYeAaDE19uu62EpaotoZNd92S6cmNLER,asset,The revolution shell be tokenized. Unofficial poster - GLITCHY #2,Aktiv Protesk,
QmS33JhdgSAZjiUThA7nTLeQp4iJRE2zMiEcNN5d9evwUc,metadata,OSAKA GRAFFITI DISRUPTION,miss al simpson,
QmNyzMrvL1pJx9R7fRh58usK8XN4x2qMPtJyjiofcz58bo,asset,OSAKA GRAFFITI DISRUPTION,miss al simpson,
QmWEUq5Dhej3So2ZskieYyi7PW8zYZmgKYpj6iEiCF76Kr,metadata,OSAKA MAPPING,miss al simpson,
QmPDjM5cB4A31yF1vLMcyzcDHCxv5gWC3SYstiWr3EA7X9,asset,OSAKA MAPPING,miss al simpson,
QmPM2rivpBSzci9KJYig1ik8fyjVRtNksR56HyJenYHwyN,metadata,_ ch6 _ lueur | 02,abysms,
QmbVF6uJz3pVWpE6m26Q8SG3nQnmh7KTbPtp3T5si6cXks,asset,_ ch6 _ lueur | 02,abysms,
QmQpWEEqPDB14yYCBd7tiFGdwoYTispo3UyEGdZ32kjuuT,metadata,Wild Bloom,Voke,
QmeQMf1AGsVbjwodcJvEbgWhH4qipzoR6afCJJQNnNxT9C,asset,Wild Bloom,Voke,
QmNqQfF1h5PZ6WjgHXuNA87qcDzmcUTSzbUpS8SBWL4Uik,metadata,Sold To The Future,Gary Cartlidge,
QmXi6i5nQHiqSP6pWdpPAq4WdusaHVtH7LqHnDBJBj7Kyt,asset,Sold To The Future,Gary Cartlidge,
QmUNzjAzpN5W8JXv1wgAQoLEDS7nsE2vZnNfz42CDm3CLC,metadata,The revolution shell be tokenized. Unofficial poster - GLITCHY #3,Aktiv Protesk,
QmcDWS5YgQeQuJtRvpFd53FTE3HExm9H9cxTWmcyXjzrc8,asset,The revolution shell be tokenized. Unofficial poster - GLITCHY #3,Aktiv Protesk,
QmXYCNpTLCucTHPTTY14gdLxD654pbxNJUEvrFpqYZQoBG,metadata,Stamps x Squared,0xBull,
QmWPcvoqxo9trtbz8zPWx4uxnAzGjTwCqtd7SYypm4bH4G,asset,Stamps x Squared,0xBull,
QmTTx1MC82j9aBsM4S6qxVrmKSwzNF76q5qAhK5oGrp26s,metadata,The Corp Killer.,Gary Cartlidge,
QmRhhc7XiU3ETv8DceU82X8gEWnrpvFqTzzupouLWZC6VG,asset,The Corp Killer.,Gary Cartlidge,
QmPnwdDG41hrwjzx3XZT5aWeYUbM4g9vsckkgrTQ3j86mn,metadata,Ordered Randomness,Voke,
QmQCbogwvoYmjU5roptSXVWaiVHt7xNtn2SnVKiG5Fvs8S,asset,Ordered Randomness,Voke,
Qmdz1RRdyMGbR2nmPSgJKP56AVFRcXf7T7Uo4Phzj7EUQv,metadata,Accompany me to be happy,Gregorio Difelice,
QmZWQYmheDFR9SiN2kGGrDBARTjQAqZKMt3TJxi6i8aEKG,asset,Accompany me to be happy,Gregorio Difelice,
QmbhBb76pfTKVYKPhX6vcX5JnFj4kFQukywbEyEuAdbPHo,metadata,Got bitcoin,illa2020,
QmNWdyp1FXgeZFptSRjLDWu7sZvVJtES3vU3vQTKh2zhes,asset,Got bitcoin,illa2020,
QmbBtrz5Po66MycuTvUfaBv56cVLR7Nc95T1i43LACoFqq,metadata,Pizza Bambina,Verdaccio Donatello,
QmPnRxSeLbKRPZQqcMg8eqbVSMtdG6qoed8zzPGS3SdwxE,asset,Pizza Bambina,Verdaccio Donatello,
QmT4GKccGpNSUe3iN9XZVkWY3WkWExPZiUTP1xFuxmZEFc,metadata,PillowBag枕袋!,RobnessロブネスCyberpop,
QmdsEe8SCSc11TxxK2U1iTSuoGJJcCGQMk3gyEGHjsk5Q2,asset,PillowBag枕袋!,RobnessロブネスCyberpop,
QmYwJvuUV9iM7t9fU56kh1pLGYbLku7kFLr4cGZMW9F7JM,metadata,Vibrant Freedom,Gregorio Difelice,
QmfHJaZQEK1e6TjH1rLJEJF82ax28ncUqCbGG8uAPU6DoJ,asset,Vibrant Freedom,Gregorio Difelice,
QmZ6SqsKXysx37dx7NmLrq1A8z7B2Y7oF4uiryzmNRvFxT,metadata,Connected Landscape,Andrés Senn,
QmX3eW7sDWvrnRwgpehH5sWaqk1ZszX4Aeezwyie1QKjCB,asset,Connected Landscape,Andrés Senn,
QmQjNNfk9w8bqdQnUpqNMGaUXb6hHobCEV1tdUmXtD7i8L,metadata,Rubble,XCOPY,
QmTzCQiUambTEydD93beJBmKRyFfocLc6geLtWszjUmzLL,asset,Rubble,XCOPY,
QmXTfCxdvDzgQPo5KUbgkkaVByyh3NTacAxpwSbUc4JYB2,metadata,killing old money,Gary Cartlidge,
QmcDpaDQGXrm9Vc3jvDQBq7ZuwymFVc8LZ6gWtky6wi7BD,asset,killing old money,Gary Cartlidge,
QmP1KbJkRAVtRz45dKqevot7nZ7fKdD8V6NwG8yqHvvCjp,metadata,Money Study (Homage To Jasper Johns),Tom Badley,
QmYhyAbTL26UwThjdurVoWYLffrfuHD653d4L498KDPm5B,asset,Money Study (Homage To Jasper Johns),Tom Badley,
Qmabcpje1EqMHv9tmcpZGAECtcE2qHG7D9UeGWKvUQafRz,metadata,Overthinking,seda turec,
QmS2sjsR8Swo1ycAnPTYLyeHBpRitfUPM7fQKzYb7p1xjU,asset,Overthinking,seda turec,
QmfL6874862BvEf5BUigrmcCrpRefTgPEAB88GT4inNzBi,metadata,r0m3,Vansdesign,
QmXjpTdBzQvPfpM7VonrXL6SQseBxrLCkjdHssxAS1mo5m,asset,r0m3,Vansdesign,
Qmbm2KDXpAWiLwDi7E7M8zzasHTBn5MQJBLam9HwXnSxKD,metadata,Virii,Stan Ragets,
QmZwRdK3oAxx5h8HGDM92qjcea9xtXJAHM3uc6jeeqgRJc,asset,Virii,Stan Ragets,
QmSYL7uufPuuugqaPcTRjGGwAzbWSas5c5UfUSa72nQ9HC,metadata,Scalare 3,aurora,
QmZgFn23R3kT3V3QcJ2E6hh1P2uiDS7wvGWBVqPMJ7TwZN,asset,Scalare 3,aurora,
QmTYs7YutrduSxJuXvncGfp3bUS7tSSS1W2zByuFSZfenn,metadata,Her,Vansdesign,
QmV6fBQQ79bGirTfPn6922uVcbnMy5aV1KWgw7xgbzYVSD,asset,Her,Vansdesign,
QmS7UDGHe4AzbFH1UhhPfh2gxXo5PKksXJGqmtTgybNK7N,metadata,Death Distortion,illa2020,
QmRHZsqYnTCnV4A6C8TaLQJpb51PJW8XgtBWdLfoyUeoyf,asset,Death Distortion,illa2020,
Qmdb8cYM3dRHxXyzEXP5afGW9Hi5dhsuCPpQhM59rAjL7g,metadata,The Heart of It,Voke,
QmUAQm1PPJ4Dd2whC8bL9EPYKN3eErhTAHvJ1LeE8PGp2N,asset,The Heart of It,Voke,
QmNRWjMBzVep9zi4HK8G4MWuEuQt1SF1XyDJxjutZ2EWNi,metadata,W i n t e r t i de,Nvllsekt,
QmNbrA4nvq82iJ2ThxQWk1oQnqAkjsAFvcqHambu4emeJK,asset,W i n t e r t i de,Nvllsekt,
QmZ6W7E4RsgjpJcn1RGVrogMUhqpMGyYG4woqxDCPgnDee,metadata,The Blockchain Bandit,Gary Cartlidge,
QmWccZujT7fdodKFmHoc5q4gai3y4RAG7JJQixYZC4exVj,asset,The Blockchain Bandit,Gary Cartlidge,
QmSwkcWCfnpEzv6C8RFHYs7VH4ibrQ7qDDMMmV78SPccQB,metadata,It has no meaning.,Alex Shell,
QmS2PR5q9vD4oVmAi4pYtuccd8FKWtJhGcaf3UramuWXJb,asset,It has no meaning.,Alex Shell,
QmdByWq3WLP7Ut7WH7qTMf3qfBzRDsthn6LHMm1QjHt65r,metadata,Sound Money = Sound Mind,Lucho Poletti,
Qmdsq1Mj7Fb4z3FZ6uwMJXMf5DMUxHeHDwyRVXF8nbGEfE,asset,Sound Money = Sound Mind,Lucho Poletti,
QmbM7PbnUvv4Zj6jM4rKcmPLiPkPCU8czNdHB9unt5LNZH,metadata,I miss you in my sky,Michelena,
QmPdBsJ34Sx8JQHGHX7rBtU1pEFYpSSq5CF6Fzjh5vxTV2,asset,I miss you in my sky,Michelena,
QmVeqjHoxKvxaKEC557byQNsgic4bezRaoBus7Fbdg9bNy,metadata,Memories from Ghana: Kuukuwa,Verdaccio Donatello,
QmT5veAY4ErEBpGcW29N3ithKUDyooqjvjc6pN9RGZomGu,asset,Memories from Ghana: Kuukuwa,Verdaccio Donatello,
QmQntadjAo7WXcDZNGe7zkYHYXg2NRhHRM6wiU5KXTjMFo,metadata,Foldable 1 Timelapse,Mattia Cuttini,
QmNZxzfiLJrCMRdoh7WDb6PDPsVLTPNM5meppxUxUUPNxQ,asset,Foldable 1 Timelapse,Mattia Cuttini,
QmQPS8baRYPveK2yEARP2YDjBPRECLf9D9KiVoeoKtCFVL,metadata,Digital Freedom,Voke,
QmRumSYkCogHzeLxZJ5D9Rhqg6F51Yv85Uc2o3ZuLePtkT,asset,Digital Freedom,Voke,
QmTrK9bs6UsmokURZk39TRKy97udAsiJcRGc97vMRNRWUN,metadata,Deep House,Stan Ragets,
QmWT4Jj2eKWuqWZCKL11f8psHRg4SdsrvqGAFi8ru23vQj,asset,Deep House,Stan Ragets,
Qmbo4DMgEYxY36RCntZcYzUcvZrptvdmDmRJTDEd5JZjer,metadata,Bitcoin Waves,MightyMoose,
QmXzdHsahgYGka5BhrJKExmW7a1WHA2RqamoCxAsZfmzZv,asset,Bitcoin Waves,MightyMoose,
QmPxGcXhc8WbWYQCCUfUyD5pTKWvt8SPx4XCEfppfNK8kU,metadata,Son of Decentralization,Jivinci,
QmVTdvg5ZwQ5Z3uoQZHgTR7CWTJeRUG3PnSdRt38zf9YNu,asset,Son of Decentralization,Jivinci,
QmSLSSzpK8UUZZvjz7xK7m1PMbn1oHNc7T26QZsn3kMB41,metadata,Missing Satoshi,illa2020,
QmVyeeUrVcNNGLpSzuNweZK1NXWwKiZE7Ph9C2QBXMLJDi,asset,Missing Satoshi,illa2020,
QmdmrBJQvxM6gC5xtmv1NBpWe7zGH9oRmoYJ4DvePP1RuV,metadata,Cure what ails you,Lucho Poletti,
QmSNiwg5tnrvFjUUnF4QYbsbyc1eVaarTKNe3zeuJ8xwmU,asset,Cure what ails you,Lucho Poletti,
QmcxBpQ9BGABj5P9ftg5kR7hgMQfcBtiWEyCHKNv2PGkab,metadata,The Examiner,Voke,
QmTYRaFKFcuyp7oxnjWkKGHgXyf6RKxLmwRXdf1dXidcPj,asset,The Examiner,Voke,
QmbrSK2AQw7DMq7wAvcZQEJeENK88uxSaEGYZ2TQUkD2HX,metadata,2C-G-5,Yura Miron,
QmNv3m7iUcWfn9MAsafgkEAxzjNLRHKSe9LtdKeFDJyhSi,asset,2C-G-5,Yura Miron,
QmWudm8A1b2RnbYuSqAC9Q4FPFbCzAuc3p3RmmEtN5DxsA,metadata,Selfie Preservation #1,Kerb,
QmUdJBhBjgEMqJBhi4fJyuHj77ofPiqptvseAp3p2wk6uH,asset,Selfie Preservation #1,Kerb,
QmYjuSExJBNHASw7XhigZisZGzrr12t4yqaPPzCDAZ2isx,metadata,PsicoSatoshi  CryptoArt,Michelena,
QmcAz5Rf7JmQn1Z4rmCTrPLGMNqv25iU3CgrL2AeLQoYNH,asset,PsicoSatoshi  CryptoArt,Michelena,
QmeBSEbMaBboDtYimgtwBoFTxu5hQ2qXf9ezpCjmWK6jZU,metadata,COA - Original Works - Batman, 2019,Franky Aguilar
QmSrB9VtaevXp89yPTq5yFsvDrc2faCrK5xk2JHMmfmV9V,asset,COA - Original Works - Batman, 2019,Franky Aguilar
QmSNkpB5dDesEUtg7uGZG62RQqhqtxzCzjpkhJNzmEuMZD,metadata,Hash Which Brings Cash,MightyMoose,
QmY8NC6Lfvpw5erS56vpcSGmmo4L6NsgSLLYqH2F4xGKPk,asset,Hash Which Brings Cash,MightyMoose,
QmSPeZVjp4eRptbGSnABJvLQ5W1ferR4iYe55FmA3T6ETr,metadata,Lost Redemption, Gregorio Difelice Michelena,
QmdHZZZHr84788RZHMb4yAKxmAJwtTRhofbinxsVpowZva,asset,Lost Redemption, Gregorio Difelice Michelena,
QmSrooobtDNiPU1fcmGYqxfXsA8KJPtc9JGepe8EihpKL9,metadata,Lisa,Vansdesign,
QmdouSNavuMycUbFQGPQgxAu6cQk2QGvu28nibEAuk6ZpV,asset,Lisa,Vansdesign,
Qmd3djYRM9S5B6LmbbWv6omXrpXjm3m3dhrCY4SW2yUAaF,metadata,║ 𝙼𝚛. 𝚂𝚖𝚒𝚝𝚑'𝚜 𝚆𝚒𝚗𝚍𝚘𝚠 ║,MightyMoose,
QmUCC1v7vYSx86XXpqSYSasEDuaa8E58XfKYn3e6tHqUA1,asset,║ 𝙼𝚛. 𝚂𝚖𝚒𝚝𝚑'𝚜 𝚆𝚒𝚗𝚍𝚘𝚠 ║,MightyMoose,
Qmb74uwVgNGeXzWP6aVBTsk1N56kdE8maqM9gnAaAZ9qJj,metadata,Sensual looks. #1, Gregorio Difelice Michelena,
QmSi592eF3ZeGYVac3UuaVBT8tDfWYVDzXGx5ceTzAkKuV,asset,Sensual looks. #1, Gregorio Difelice Michelena,
QmZAXLQxSWnSKxcjzNWfCij5kWkcpbagBa2WuojqFtUQVT,metadata,Amsterdam trip.,Alex Shell,
QmYPEj22Wd3JPC1Dk8DQukJBe1Y6RBARAmjVcqbaWhqYkp,asset,Amsterdam trip.,Alex Shell,
Qma78izCrHA8jLJ3YMfHkjYF4E8q3UeFioYnS2iK5F7qWp,metadata,Tiger Flower of Hong Kong 香港老虎花,RobnessロブネスCyberpop,
QmTc2NEvYi2Uoq5fNXddnRaMs9Gik5vg9QKiobPExbyTrR,asset,Tiger Flower of Hong Kong 香港老虎花,RobnessロブネスCyberpop,
QmTPjNEmM9vKd1pfqhYajiy8A28JVD3hqBGocGQEKoitTN,metadata,meshed :: series 4: 1,yrdgz,
QmPD9ifBoR67kyCB31bizouaLZTy7TzEHKixo6ifmakjwt,asset,meshed :: series 4: 1,yrdgz,
QmeZABPQT2D7qdeijkX4cFji7ZYmUCSmMy5jWa7xPikF7Q,metadata,Liquid Thoughts,Voke,
QmW4UpbztpjCPF7mnYCV45uUd3yLxFRG7euwmjogVEa7md,asset,Liquid Thoughts,Voke,
Qmdwe2Jgdsh7EBTZ2PoRPfFQXHpe8hqTEP7bYCQYYcGG6X,metadata,Hidden PsicoSatoshi Cryptoart, Gregorio Difelice Michelena,
QmQzCoRTexroeqtsDW64Zxjr24RoaGsdhqTgyxWXShX6a5,asset,Hidden PsicoSatoshi Cryptoart, Gregorio Difelice Michelena,
QmeshxmYKJJ2e6hW7FkGQJ1B9vyfm3wi8EynGH3syrjirL,metadata,Terror,Stan Ragets,
QmbkrNV5nSYH9fXUFMwsEXVzZtc7dGk775aeG9R3Rjeab3,asset,Terror,Stan Ragets,
QmUFHqiCiBFutm3pcgFCURDHjovXKa6B368gmXjosxMw2e,metadata,Impressioni - The Smile,Paolo Leone,
QmUifkEkjAkREFbW1brUf6kJUkNU2UQmY3mi8H5CRZWxdH,asset,Impressioni - The Smile,Paolo Leone,
Qma5HTsu4rTSKMTrscQBhT82hns8eDqkf4yFBBfVHUZReb,metadata,Manic Child,Gary Cartlidge,
QmNqcTxySRXmgiRLnaVErzax73dQc2gR3jjBqRYFMXv9Hw,asset,Manic Child,Gary Cartlidge,
QmXUN3dZGke2oNFZYFepdmLZYzag2BWFZ1Ly3GyHFfBjXa,metadata,Vitalik Buterin Creative, Gregorio Difelice Michelena,
QmPeX8aQ1VAvSmPaFvGasA8T6aYBp6t5fB3zdSnmXcMGdx,asset,Vitalik Buterin Creative, Gregorio Difelice Michelena,
QmfRuL1ZFGRhr5kXu3NLGHsgpJS6suGWR2up9L1eqbdy1v,metadata,Organic Form 08,Bert,
QmRYqHXMzuX1i2StBSs73mWnzUHcDaYtXAExhs7ShW6dJw,asset,Organic Form 08,Bert,
QmY2mqoNgPfUchcJnBmtiFwimZT4u9jid5qNQGpEouEbKY,metadata,Psico Vitalik Buterin, Gregorio Difelice Michelena,
QmSwQuCBt68iLq7xNF6UzRqNEVDzZorfndD1G9LbYLyGQm,asset,Psico Vitalik Buterin, Gregorio Difelice Michelena,
QmT9TNbsi1io4w7dugE6ihw49em2dbqwgiMg4HSTJ4czrY,metadata,Glitchsort v0.1,Vansdesign,
QmS9LhPsZGoKRHQ8xbwfpB6WbeQH3niKK9ma21EBxtw1Mx,asset,Glitchsort v0.1,Vansdesign,
QmYk6ZHFLy73VC2dyvmJ6gQky54Sag48zwjf2Pw3sLqDEZ,metadata,Parisian Memories: Claudette,Verdaccio Donatello,
QmfQ4u9gDPGSCnenoTbtmq7mqBjQrQ9tTYDKfzbMJhJ1it,asset,Parisian Memories: Claudette,Verdaccio Donatello,
QmdFPvLrC7sH3o4NAmuP2XyWw4Q54G7smtbiUfrZJeghY6,metadata,MAKE IT BEAUTIFUL,ilan katin,
QmXgELgdcgphkRpdksjoE7r9AmkKGZp9a3moSQWMMqsodi,asset,MAKE IT BEAUTIFUL,ilan katin,
QmPdRgLHcBqhAEQAA528mdTj8a1RC8CqhwNqhV3MP1XHqv,metadata,COA - Original Works - Technical Skull, 2019,Franky Aguilar
Qmd6eLjubzdCYPaVL3Tq9pMNm9xNayDnqKMe8pEwtzNrQx,asset,COA - Original Works - Technical Skull, 2019,Franky Aguilar
QmUJCZ8E4Kzpsmh2QxMyEyqaNKPchsC897JW6SUjUdDj3h,metadata,No Signal No Viewing,Gary Cartlidge,
QmfDpoo2xpkRg73BrMcqJbTQnoSw8kKppcs7eNHJzsVbri,asset,No Signal No Viewing,Gary Cartlidge,
QmSYQZdnK39gYEdsVdoLkMNPZyoNwAJpSyd1W72GQYUsdE,metadata,RSF-2-002 Errors,Mattia Cuttini,
QmcdWXikX7HaVw3kpVt7o9nEkfwg8SsaMTqWMaTkUB94Wm,asset,RSF-2-002 Errors,Mattia Cuttini,
QmX1rY7gvrph5rRPvzKgn25hrSaShw9e6sudJg8Qi3rHFG,metadata,Smartphone addiction.,Alex Shell,
QmTyFsS8N84u2AC6CooL61cHFbLAid4NKxpeDUKmVUs4jZ,asset,Smartphone addiction.,Alex Shell,
QmQeTVeWjp6nUzrHXuNdtNpVrTuzB4RpduZFukeLMvsZHr,metadata,Charles Monroe,RobnessロブネスCyberpop,
QmYvBieGdHa266J8Zxqf8sArDjHPm1iz2UHk41W6TBZAGy,asset,Charles Monroe,RobnessロブネスCyberpop,
Qmad96yH8xUZ1dyfdVs58AAC9efB5y9rv8ESVgauU3MeGF,metadata,Never Ever,Stan Ragets,
QmSc5BY9bhxnT7ewkFvAfNmVAfyeT7f7epwRyKFjgaGyyn,asset,Never Ever,Stan Ragets,
QmXTtwtzSsKaQ48wwcZxVNFotkSU7cCdVFwqqUoERrGU5B,metadata,Future vision of Alan Turing, Gregorio Difelice Michelena,
QmULp5iGYrgLXKPbdfLTWBriuxAASnLAxGAMdVW47NbVzm,asset,Future vision of Alan Turing, Gregorio Difelice Michelena,
QmRdmBvvj6GA5nfCyPzArHgqDZbt8Q8SXY7MJewKvG6PiV,metadata,Rainbow Fox, Gregorio Difelice Michelena,
QmXJQvWSs9meUHXm7Kv3wVLh1aFGAQKQRtFmSHJUDBpFUw,asset,Rainbow Fox, Gregorio Difelice Michelena,
QmTaL4KQHxLoKTbnvF7Xqbbiojde9A6pQDJ69o3cuNCsnq,metadata,Acts of God,Yura Miron,
QmPHAHnCeiearQRsx2BouJPw2DSskJ4jE4eC7cCmuTVhdb,asset,Acts of God,Yura Miron,
QmfX9N4ck8C9aYLbzpDpiGVCQwqWng1EmoBXgDEVbUF8mt,metadata,Lethargy,Voke,
QmXLYKwP7NE2EHySkMyNS3pq6XXUr2egwDynT5PkowpCCP,asset,Lethargy,Voke,
QmckMi44ue3jnidmqMbjQNcL2em723KXALJKzQQZRfx79A,metadata,The Joke is almost over,Gary Cartlidge,
QmeLcLxdtA5rUhQSdDyaSnaxeFuoxpFjkEmAAP2hauNSEu,asset,The Joke is almost over,Gary Cartlidge,
QmRd9s6whWDv4XBLuRwZy6QvXTgmjkX8CwiidiGTYz9qH8,metadata,Lost no more, Gregorio Difelice Michelena,
QmPpptWmt4g3LHkictYaYBNXSHAqHPLYKL1S4V2xijHDzY,asset,Lost no more, Gregorio Difelice Michelena,
Qmc2q7D1RVe7LKvortMeVSjXWY4PGsvCiScMhgwBLWG8j6,metadata,LIBERATE,Jivinci,
QmToNGPkmDoTJPKaBBjPsz2zPfS2s6FJxW4hVr3hoVMtpH,asset,LIBERATE,Jivinci,
QmWX2zkckMTQszVcgUfZTxx9U5R9RQFmtKcsWEUXcAaaSS,metadata,Tru$t U$,illa2020,
Qme28zaThWRUCubKdLyS1pSStAZhGiMh7enEGtEtmENNM4,asset,Tru$t U$,illa2020,
QmPFgLNCHwotDYv4MzMxWouRXLe2vtNCPj1PjYxeBT8dq7,metadata,Winter Memories, Gregorio Difelice Michelena,
QmWN4b47PUEE9Rg1aYKW7FrWCTi7W11FvVeD1YHNMCtxwY,asset,Winter Memories, Gregorio Difelice Michelena,
QmYdjrktUMShbQEXpnpJ5EuoNhWSukdVMy53h5WjqUiFzH,metadata,COA - Original Works - I have the power 1 of 2, 2019,Franky Aguilar
QmdCKYNx5mFPCiey2Y4WmYJCBNBj9c9wrUmDPAo8Z3xZmA,asset,COA - Original Works - I have the power 1 of 2, 2019,Franky Aguilar
QmQmpfvULfT1pWF8kL6DuUaGyEdB48GqLYxvnKqEdCoMwK,metadata,COA - Original Works - I have the power 2 of 2, 2019,Franky Aguilar
QmcW3o2rwMLhGmMHUj9NCGzidD5u76KdzL63CWWHjcXGui,asset,COA - Original Works - I have the power 2 of 2, 2019,Franky Aguilar
QmSHvf6GRD9Hbh7GiKddkYogWvz3ayHMGWyWaVUzAPHLSM,metadata,‘Self’ and ‘Other’,Yura Miron,
QmX3wBY5edn8GJ4xMCnaf4v6LY35goFGNjVw8qiTUDW659,asset,‘Self’ and ‘Other’,Yura Miron,
QmXJKqiwQujTm24qxWqchz2i2acEM3huwPgDqfHUWAvrap,metadata,Rejinhaul,WGMeets,
QmbbABt5LqN2tmiGvjZuAPwexttkT3mKYPuDNWn5nrpXWz,asset,Rejinhaul,WGMeets,
QmdV27wfYhvew1zp1HZbDvFBmjHBjHPHoXqbMD2WPZpWZm,metadata,255-220,Andrés Senn,
QmSKyKS2ZA2NFhxQFmCUd36uMVHStVvghr8n1om6WVVrE1,asset,255-220,Andrés Senn,
QmSPyEPV8wBW1qvNnxgHziWvr3y8no7fy9eigjYyuHNYSa,metadata,vitalik buterin Pixel Portrait,illa2020,
QmZfE9TwfJ3jyXzDdoZfAuPnPVYawF4ueUjdvZxXJT6Y75,asset,vitalik buterin Pixel Portrait,illa2020,
QmaX2LnAoaTXrsWNhNF4Dc6zpHg6g36ZGuTV3kpz8fb3RU,metadata,Dreams of liberty, Gregorio Difelice Michelena,
Qmecce6Pj7P71ZwREzwPG2tNNB9PDFKK9LyjA5wCcsTrDL,asset,Dreams of liberty, Gregorio Difelice Michelena,
QmUXdp45EYob5c68K3tbWiY2xJasdXDjKPuhR39Ypzap41,metadata,_ ch6 _ lueur | 03,abysms,
Qmb1FgQn8TPZGCuTvSrg7AZDiASUrwpsw353dFVFbvtakj,asset,_ ch6 _ lueur | 03,abysms,
QmdveYYef5UJ8NqRVjnuN9dGwy1iNEQooLnYx7WCm7ZvLm,metadata,Arsehole Mandala of British Politicians,Chiefmonkey,
QmdNozpy6vRMgiTbNz5BEKkS9pwhsSWv3yMzqG1jgLGi1G,asset,Arsehole Mandala of British Politicians,Chiefmonkey,
QmbevjyAyR6uQWnHUocKXGoNnxYjTybZ3wr5uGjWRMzaGu,metadata,Edward Snowden,Verdaccio Donatello,
QmTU4vNK1onNX518rQvfEV3xadJ64MT6Z9D5caq5jq95do,asset,Edward Snowden,Verdaccio Donatello,
Qmcg84yh85NwgwS8HLTtBD1aFpocgNCoQjJDNqB3E8a8kC,metadata,From each, and to each, according to their will
QmX11TyFU7C25VUGUcjuwcffGAFsL4xfZQhpfQiKF7FRbQ,asset,From each, and to each, according to their will
QmSJhLdk46BcvjQxXn6ZJ4CWi8yDDpxWQkAUj9PTrGPw7f,metadata,Impressioni - It´s raining again!,Paolo Leone,
QmSKo6G4aUcHk3EtEw2K2XKJoD4s4phBZdGUtjnYSybH3t,asset,Impressioni - It´s raining again!,Paolo Leone,
QmX1GMR5XxTnv71VFmsXd5oNgUq9tonmh6QUNFXXhwvrq4,metadata,Indomitable, Gregorio Difelice Michelena,
QmQyNQD1D6UcKXij8xsy2rdFkNuXSRuzr2fG9PhUZPS8mN,asset,Indomitable, Gregorio Difelice Michelena,
QmQ7BEzybSUXL78gdfT6RJrJGpgeTePkmcVhr4sDRUGm97,metadata,pulsation,yrdgz,
QmSrzuSTcrVpoDv5K6axanGHAK7qWP7KZC386dQGXp8rtp,asset,pulsation,yrdgz,
QmbB4H7GpYaRt9aFHXERo4vKSpbyGtfb3eHo3QVJMPJ2rY,metadata,Madness without reason, Gregorio Difelice Michelena,
QmWxJdgeQFJpxpBcZM3nm8b3JvME2pH5LLAPesjdnth6yq,asset,Madness without reason, Gregorio Difelice Michelena,
QmTrf2PDQPWoniJ74LHZZzSwCaDjRut4eTAyT9fUaBRWBL,metadata,Seatoshi,illa2020,
QmZgVtiwgsXoeRGgDg8B7QLbUi2syamgJzyVbaVWDPKDb4,asset,Seatoshi,illa2020,
QmZ6mSUXts8Wc2tjFhnbmQKTxNy959QfAv87DpKKUubYFy,metadata,G-ink,Monfa,
QmcgZtJv9CmWxUxdJDDsR6uJyvCuJFWfns98y4rwm91GXB,asset,G-ink,Monfa,
Qmd3wzJdXu6Ug6qQByrRu3tbnNJL4HWdPrH5ZrMCJQN1Mj,metadata,Satoshi Nakamoto Emerging, Gregorio Difelice Michelena,
QmZ7jKVtAabxfpKtRKJLZoQHZhSCcTD4Q2Ef9GFpVyJpsM,asset,Satoshi Nakamoto Emerging, Gregorio Difelice Michelena,
QmRFvbWjDB4E9Sk2kSBHwUQ5VSqCpQwgipbRkFLtCA9a8z,metadata,Boundaries,Voke,
QmPqnwH3Sp1SKz5VvJuE2fvy5QPkFcrpHAhVukZoJmNFNQ,asset,Boundaries,Voke,
QmSgTTYvKZrYqjKs3iUaEGHfbSHzVD9e9epRfr67nkgq9Z,metadata,COA - Original Works - LONE - Over You, 2019,Franky Aguilar
QmcYST6QGvMqei6EpCSkZpxbXCfhMKc9KRGLRUmQGNnVue,asset,COA - Original Works - LONE - Over You, 2019,Franky Aguilar
QmVvLWTk6DvuKqFVNcQqDMNMhLhRU5yNVHeet1rH6FjQV8,metadata,Babirusa Skull,Skeenee,
QmSTGppMxiroreqJwAbLjXgSaSyoPTMq1ADK6u6FDwkfww,asset,Babirusa Skull,Skeenee,
QmUt8xkSDJzXbbD5FPGvkXN7wPhT6eiH9cS5CPggn83zt4,metadata,Organic Forms #09,Bert,
QmQG49hfDCUaXXdR6Kxpn9htDUwGJBxgTT4Y9YfjicFm5Y,asset,Organic Forms #09,Bert,
QmQCfr8gP5LuzS5bcugM5GsCqykiwvUNqwzthBcD65VCYD,metadata,Bauhaus Movement,Joern Bielewski,
QmW5tcH2DoUQAhDEjZUgSomhUxEeKsNqVFyfhLG1jMyNGf,asset,Bauhaus Movement,Joern Bielewski,
QmeemmwsV8JebFET6WrUecjiLJbfwRWgQRdEwSsKQuAGBW,metadata,Vitalik Intensely, Gregorio Difelice Michelena,
QmVontEC5KqaSGz6Fh7T8WN3axpyJP3dcKYt8YzrL3JZpj,asset,Vitalik Intensely, Gregorio Difelice Michelena,
QmeDdr7LKNXf68Q6dk4CbHJqVb9BV2ZrSSxY9pVQETkxak,metadata,Intrecci - Señora con flor,Paolo Leone,
Qmd2hjchKzt9GWEAabKSGzrBe6jJ4M59qAxJcaktq2dK4w,asset,Intrecci - Señora con flor,Paolo Leone,
QmfVepfBXNoBtsj2oSGzLyRddA2icXsB1MdtfrqMdmGSZV,metadata,Sherlock Romes,Gary Cartlidge,
QmQ7NpWVLuxDW3gyoFiDPL7UqA44S4MV5UwAZRaCtHzZP4,asset,Sherlock Romes,Gary Cartlidge,
QmS1sEPVg8A1UYSkyGp4rrQrW1yxv1DdKCerUUp2cW73T8,metadata,COA - Original Works - LONE - Trust No One, 2019,Franky Aguilar
QmfRCaHGBuRo3jyv7fjve6Dha5KDemh7Msq2ZptKZZ8pxq,asset,COA - Original Works - LONE - Trust No One, 2019,Franky Aguilar
Qme4nLJWuDDg7t2xY4wNDLxY3Rrund7NaQLVxxj5yZ56fw,metadata,Friend,Oficinas TK,
QmPDiuECLrYF2smgVXir5bjyip9iWf1mMBXh3syKUkkQ6A,asset,Friend,Oficinas TK,
QmWWDaciC88vDTbHfspHaiZR6X7D2md4YgmeDwMM1GE2qr,metadata,The Wheel of Neon in 6k,David Espinosa-Russell,
QmNbDSCpyuS24E1Dxmi7fCgu3nwf51zB2mRg2FqPMs8V2v,asset,The Wheel of Neon in 6k,David Espinosa-Russell,
QmXtuDmCztPkRhFwmzbwv6KvTBy89k4xd5UZHWrfBv8Veq,metadata,Chrome Satoshi, Gregorio Difelice Michelena,
QmPCxFHJmrTyXi2FgmQ8G7nRhw3d7HU4YbfgoveMVm9Vxo,asset,Chrome Satoshi, Gregorio Difelice Michelena,
QmeUnukfAvuogg2QtgxNd8rKkfrLShbZyrh8oTWCbdcsnB,metadata,Life Journey,WGMeets,
QmfMvR8PdsuAzcmVHoMvWq5rRE4cDVanfJMuKwD2tLRAmw,asset,Life Journey,WGMeets,
QmYTpYTe5VEFfSVrSZ9N2pbLAuWoSa6FK5HNzxx2c526tF,metadata,Darkness,Timothy Lie,
QmXgeRdpenzfg6eYf8p3GxrNWhcKQMaMBUNRSZHiLbtmRv,asset,Darkness,Timothy Lie,
QmcUtrkUHE7Z5gsQ4WMbrSTXtbUQnFTPrbzWEtWkYfkEMK,metadata,Sheonix,Verdaccio Donatello,
Qmewvh17FCEuWPKKYR7gKzbskqD8n2TYVkG7wPFHC6Dt9k,asset,Sheonix,Verdaccio Donatello,
QmdLKXz6DrcGQSVRGYj15yWuxKz9JPG9j55W5zyikR3oPb,metadata,Satoshi Fragmented, Gregorio Difelice Michelena,
QmSdWWTXPbas2ptGp2wTN8BNYSc92u18M2YYkXgVJWgG74,asset,Satoshi Fragmented, Gregorio Difelice Michelena,
QmZ6t4JhVBwwno6FSGWNZ8TinZPQTZ2ZeELUvZrxHeFESj,metadata,Cacatio Matutina Est Tamquam Medicina,Zedko Sobranie,
QmboEGxjbaDTJr1DzcErb71UiupSDgYNmauDbdwkgKMUSk,asset,Cacatio Matutina Est Tamquam Medicina,Zedko Sobranie,
QmNYDaPqSYuB5E6ykyycPxoXMgsS2f275fwKFmxrNRNsgB,metadata,COA - Original Works - LONE - Oops, I did it again, 2019
QmZ9zwWUeJnAxVeUfXd7rX7ZpSjTQxMe22yR5ZtsxA1aZ8,asset,COA - Original Works - LONE - Oops, I did it again, 2019
Qmd8KVyqALVw8zdy71W7fVTNyQ2pwrJSBGbBNaZJCPSFN3,metadata,Buffalo Skull,Skeenee,
QmaiSm3q2eYgbnK88BvcAhTiRXxE3WeeRqVCjp7JtjsXux,asset,Buffalo Skull,Skeenee,
QmPybT1hxgBSKiYb4DGiEJryAKhNSvoJ87Z5bBFJsbP4Ax,metadata,Maurer Rose (1910 NH03),Brad Damico,
QmUqdUNmmwzTTKRoauZEabTZpejXNztsTm3bet4ALtPqbE,asset,Maurer Rose (1910 NH03),Brad Damico,
QmeVDr99qc7YjpHRh8xNneHs8s1Whv6Yg49W2eUsq4cFri,metadata,Charge conjugation,Yura Miron,
QmWGtPFrBnctgXjG4QLCqZU8FeTcTE8mWzdiUNVWyEoBuZ,asset,Charge conjugation,Yura Miron,
QmVvaWb5nmByTciT1t1VvcB9Eh3q61UKpoToxnoJtyaV5W,metadata,I remember you blue, Gregorio Difelice Michelena,
QmNgyHBAkKwyqVMqh27L87KjGAReZ8dVjForvTM4n4kfqe,asset,I remember you blue, Gregorio Difelice Michelena,
QmcydJTWaiY5XkiUSyTTGePX22UCB4UMqQTGHknvq6s399,metadata,Ethereal,Vansdesign,
QmaoP7WDvxsS5y8KrvCdjHtK5u2GPPQQ4isqemxDdG6FMF,asset,Ethereal,Vansdesign,
QmUQoRrGxr4oR6UMsq8JsQx1Hz6RJah2vWdXVhJqcsNUj5,metadata,Sand Formations on Canvas,Voke,
QmYj8GGcYAtHmsWDSERksZiptLPwaLAkTWuSB1f6FGqQ1z,asset,Sand Formations on Canvas,Voke,
QmNkxYirWKsACP4rAKdAcBfSgphpaTYg1M2aNC98ouhHn5,metadata,Conform to Artwork,LoveArtHate,
QmVAgBGJbN62iYDayzpUWrZBx5pY6f7xfE7xMH8MaPGaW7,asset,Conform to Artwork,LoveArtHate,
QmajuyhZMfiujw1k9sPC2WFg95CYpDRnxAiFGwqzFe3qZa,metadata,Tell me a story,Timothy Lie,
QmQA1FtrX5ZajU8QRSfVxEjZMs4uJ8myAPzHAdw1BcSNgn,asset,Tell me a story,Timothy Lie,
QmZTyKLDuSb5EE77JGmE9Lgx7mEuTcVC7BscEGwsM1FQre,metadata,Cabi Pratensis,Yura Miron,
QmdP9QX2GcKdK7j4c5sYsuMF6Qx4ak9WCop7HFviQGeuBV,asset,Cabi Pratensis,Yura Miron,
QmU3yYpJCo4Cjwg8jgpikm6PSug1hfJ1y2SjZnHXidpdTZ,metadata,Russ Valery, Gregorio Difelice Michelena,
QmbMJCfUv765fcAeB5rVAamKis79yeN4jWzYeYVQX2zpD6,asset,Russ Valery, Gregorio Difelice Michelena,
QmSd4tePRjs1osDr5x7rLg5F2SpdmbnTxLzcwK5kHV8S4W,metadata,Dark Hexed,0xBull,
QmYZxwjKqf5E7tJTL9Ye4tjzXb5AZSnKz1VHpgufmypjUg,asset,Dark Hexed,0xBull,
QmbYCcA2GCio4g791qmv8xL7d4WvQe8Pspmf6CnxYjgv4v,metadata,1910 NM01,Brad Damico,
QmYv5pK9eKUBMXsFZ4PY91V95Zy39APQ7kJcYbfefAqTqc,asset,1910 NM01,Brad Damico,
Qmck7LdSJYbvaM6Mq1qMXzoLD1PEVEmyXKT1jGPbFt7NfJ,metadata,Organic Form 09,Bert,
QmTaYLcqNc9gEhuHCW5BQBqS3zmzkhqdLEwCgLqf5jbEEQ,asset,Organic Form 09,Bert,
QmWrXymL27pvsdZ2Vi5ckoA5GqZVp45SLUf4zJbVKYAKdv,metadata,The Solar System.,Alex Shell,
QmbAXK68KSENsC9fTqg39rYKcR77mckoWf5Akn4H2mSWtj,asset,The Solar System.,Alex Shell,
QmZ3k7qHBm1abiP135WPvpkBeMBUvMdcrr7T5JZ2R7bP3j,metadata,Glitch 0UW25,Stina Jones,
QmfMvD5f1gbFnhAdrGVwx2YLbj7JayM6eJqLeSEwGKGMMW,asset,Glitch 0UW25,Stina Jones,
QmVbm59tWXzExPjrTvkqTjY7kZBAmb2RppCd55xy4j4M36,metadata,Juan Machete - Leyendas del Terror Venezolano,Rare Designer,
QmRQJMaMAVjy1XHtFvNDUJUUkcXvxumdwuJHSTiWgLJB3x,asset,Juan Machete - Leyendas del Terror Venezolano,Rare Designer,
QmXEmyEhnEqfbdm1TbEpbct5ztKVau4WTaghLu4mNyeNcR,metadata,Billy Shears,WGMeets,
QmQTA832LLkycpEDwVYNbY9fEN1vsHavZyjoByUx7yQ9zn,asset,Billy Shears,WGMeets,
QmUjA8ZQ95j24wjFUB76FbbCzo6A7ZZik29XcBPygsKZfX,metadata,let's light shit up,Gary Cartlidge,
QmPNyB47YMUR5HD7mD7QvVqUhqxYySXHsbd66DhkYBEpuG,asset,let's light shit up,Gary Cartlidge,
QmRENnWWdxmxopJMYiHrAKnGwd79XvxVvcWQFfmGusCXWu,metadata,Rush of Blood,Stan Ragets,
QmfVCvZ1UfgRARU68pT8wQVh1LtvEoZRNVSYDcSYyi2yVG,asset,Rush of Blood,Stan Ragets,
QmetUV3wR6NSwJMLH2bGxvhKBTtEBx4E78TBjCcGncP4wN,metadata,Pixel Dance #1, Gregorio Difelice Michelena,
QmdD8ex5SdND4BH3tWBMGDhNppKhUVuyBcKni4aZmZ3Za4,asset,Pixel Dance #1, Gregorio Difelice Michelena,
QmPCAZg7a5PH7jG41TvgySko33kHiNv43BQByuDyPWvkk9,metadata,portrait of lord van katznoblstyn,abysms,
QmNshVLmq8goR9SZ6ozDia5ZkKq1vNbZGMNujvXSsmVnun,asset,portrait of lord van katznoblstyn,abysms,
Qmcc1nJDxHdEUxRH687w6H3N1Y1qCMWENHp7MvGdYUCBRn,metadata,Ghost of the Machine,Sparrow,
QmUyPJ4zwsJusqrSPMQqE53jEN4ZWJTo7m3iA5bxxGzibw,asset,Ghost of the Machine,Sparrow,
QmWDw9g6jv4tEDS87xWYdpw2XGfqsCShe2PDmGNxFVvXYR,metadata,DDF2A,obxium,
QmVtEoSyccWiBXE1qzn8WfPB2rrKEQuVvHmTHGJcX45c6q,asset,DDF2A,obxium,
QmPvHfE6BpLaeeLaGGjZCyAVc3qgEwMfbqX5hF7sLdCJDw,metadata,Between shadows, Gregorio Difelice Michelena,
QmWscfXLZKd3BHbTirbAyNY51yUDwzAxWRFjDhnUXHL7dh,asset,Between shadows, Gregorio Difelice Michelena,
QmVjMLnw5tPSsKT8YwjWim7XGSxw5HA5cF5M2ViV6X4HLy,metadata,Entanglement Study,Mattia Cuttini,
QmR6WgrZLzHotD755jMGY2avSbzL45uCbYNT33ieZxBrXC,asset,Entanglement Study,Mattia Cuttini,
QmaHr61xZgJYhKPs6zh45pgXTC2qj4t9pugeijvKTcch6d,metadata,Mummy - 192E13642,Paolo Leone,
QmQus6kZKCi8seHrqEGwFMoWvdkkV5shcJyB5K81BRNcz4,asset,Mummy - 192E13642,Paolo Leone,
QmUhfCWXxE8qPxCMFrueuykeNTvULURnm56hCexZvu3Des,metadata,Untitled - Skull in a niche,Oficinas TK,
QmZaCtmsJ46emdVwoUuApp9U7o9ZU3sna736P2mxSqgSXk,asset,Untitled - Skull in a niche,Oficinas TK,
QmWsidfQJujeYNGHQDseZfvTz9ms1mf9cpWBxKuveEWJfk,metadata,Effervescent commissions of great dream likeness to a party towards beginnings of high-end certified,LoveArtHate,
QmUVgtGmUULcEeshrCYMj52Mkj9NcuqYAtM4Fu4vdV5PyS,asset,Effervescent commissions of great dream likeness to a party towards beginnings of high-end certified,LoveArtHate,
QmWdNAqrPoqh9pjKeUz6H1VhnkkkyXHWaBUZ3n5BKPdd2k,metadata,11Colors,Voke,
QmdUW37Rczk23m43ft8y3tWJDqYmMqgHAuWYx8bCXY7DLT,asset,11Colors,Voke,
QmbqcDMjpa5BYMKEPMt5bKYocgRvcxYWGSGRGKbU74uxP9,metadata,Dia de Muertos III,Shortcut,
QmXVNJC5cjZw8AnQ1T6eLXTiZkT3h24TvdoR37RB8QAiEk,asset,Dia de Muertos III,Shortcut,
QmXw29MLPrVvpjmBjRmE9NWEGphcvxzUePiwYhZyNnTsT2,metadata,schizophrenia, Gregorio Difelice Michelena,
QmQSwpeEYfvvv43Ldw4rTnaxuCxNnFKU736ypyAf85LGWb,asset,schizophrenia, Gregorio Difelice Michelena,
QmXGAYWqpzSpu4es3LXcxbpfjyVFsDDJLytnadxWJUpuC3,metadata,crypto cyberspace control,Hans,
QmUTy7bV4gArr2nQeCyGP4FLqzK3gAkG2Sj9m69YHsLPKW,asset,crypto cyberspace control,Hans,
QmXtjr4d2a7xAKwnwpTTjMRU947tF9HbKwoGNftjiNyhk5,metadata,Malleable Resilience No.1,twistedsister.io,
QmcBd5uzVHcvCf9KPdHWZQJqV9YtYK7ZkSpaebaGZj4YPb,asset,Malleable Resilience No.1,twistedsister.io,
QmXvZSQHf8WMdfPEGMDykFVBaLZCS6UaQLyMUcL1bGrsVa,metadata,Grinner,illa2020,
QmY6fe1BgeCqLWn1GQZdEehhmqKN4n8eHBXGYSktSbcxZX,asset,Grinner,illa2020,
QmVMAmK7q7VgsQpTJhev71niEcfeBhVk8mxrrDpMYTL1X3,metadata,2C-G-N,Yura Miron,
QmcipsyZKmRkRArb3YXfjHzJVbdCoFtSVb3QZNXvdXvaDY,asset,2C-G-N,Yura Miron,
Qmbx2Lro2KmagW9RX8Xw178JpjsSZaSmN59GBjN5Cn3W5f,metadata,Blink, Blink. Blink,LoveArtHate
QmdRq4zpJAzBzGmA8jtEiJZSj8dfHqv4YRsaBJw1ME7EZv,asset,Blink, Blink. Blink,LoveArtHate
QmRYRfvLzVQ1PVDW8FUyqijuw1wLryc1GmmFiSu1W9dcBa,metadata,let's light shit up,Gary Cartlidge,
QmPk6QTuw2s81aivwqZxY1kLEi25gfnAcFmHjNsU1fgFz3,asset,let's light shit up,Gary Cartlidge,
QmRp8KxSToK6dDkW5FfhTJ9MBkKponT26zZzDmDuNxZMdd,metadata,Skull in Lines, Difelice,
QmZc7wf8JCHwJEcscoiyhXwrvo51qCuNo2iwtfgUQHtDhF,asset,Skull in Lines, Difelice,
QmaNaESw7PtGxi16jjBAcheQ9yzvC6v24GkvxrNWv9qQV1,metadata,P-RG,WGMeets,
QmNkhqviNgyFCzPm12ZZ8ECr2kbGJiZH87HaxMstk49Cez,asset,P-RG,WGMeets,
QmNeeMeKRjJWjwJDsbp3q7xiDVKxZ5b5ynMhaady1AvdAi,metadata,ET IN ARCADIA EGO,Zedko Sobranie,
Qmd6sHdogyiHNVRUFfGrmBsy5J1eUemc7taxBcyhsSWtQD,asset,ET IN ARCADIA EGO,Zedko Sobranie,
QmRgwa5ta4ewxox8J6io5WaneTJBpcpPB1ZJHNqaS8F3AS,metadata,Malleable Resilience No.2,twistedsister.io,
QmbVkQjLK48brbgL7kmhh5h7YzqupwUhyQTAX3Nj1VBNNX,asset,Malleable Resilience No.2,twistedsister.io,
QmYE31THt9sQ9W7it4b9HDwcE12U67eH4bcfDD7MGs5cu5,metadata,glitch in cyan: ii of ii,yrdgz,
QmYMurmWnuM185iLLwd6yBUQCauyiuFQek4xjpdYuemDCX,asset,glitch in cyan: ii of ii,yrdgz,
QmPgDNBz8QhDcKF23KFvYHCGoJZhqbuDdiJMmT17JYFQES,metadata,First Love,Verdaccio Donatello,
QmQVrzKkXwXErvbK6ToSvJGpZWyUU64DphBiuTbUPhKnyP,asset,First Love,Verdaccio Donatello,
QmSJydos5ZNF5k64UVNwnyskNRnYZT1TgpCE8xXrq7CzbV,metadata,Sighs of Energy, Difelice,
QmXNrQUw5YFBs1aT5o7UQEpZ1V8eJ39StAFtDEY5w3Nbhz,asset,Sighs of Energy, Difelice,
QmVP9jzysATndmrbdB5oZp9ag9QXc8SSEKYtNGiTnQeeCz,metadata,Perception of Peace,Voke,
QmeTApByq87esKnspir7WN86gtqY26oMKG5mMMvS895e1r,asset,Perception of Peace,Voke,
QmZxd8939o6dsbwWvrtv9BcawzPmhfA4GUxJ7NwFoi7PqF,metadata,The KO Collector,Gary Cartlidge,
QmdheMcgSmtt8QLF4yH7w7mTk7PyVxg8pfNyUNUVkNfnhV,asset,The KO Collector,Gary Cartlidge,
QmZpgEgNbD2Y8gzckfamp6Sxum6wwhjpx3YFR23DF8WmxW,metadata,Disappearing, Difelice,
QmZK2BVzgMcg33HpiywNVvtKbVAx4Ej64hLw698foepVsb,asset,Disappearing, Difelice,
QmSenS94aQtkgvQdcR7cFTPzhGDkjpea19Ffq8fXKjctD9,metadata,Organic Form 10,Bert (Bit Errror),
QmUD9cRujbLKatstiCH9U1yLh9eMXuEDiHnd4Akxusece4,asset,Organic Form 10,Bert (Bit Errror),
QmXCDNGUnQ4q18rrbXNMdYc6pVUtSY1ecegsuq3eQ2wxV6,metadata,The cinematographer.,Alex Shell,
QmT2v3TeSGgEH6QaLBDosHzegt8ixoXJK3w6vse63he8Gp,asset,The cinematographer.,Alex Shell,
QmaFqZY6LAzfHb3kgkrA6AB2cQ9NCGvwfMPMrHQQg5mCaW,metadata,Regina Vitae,Zedko Sobranie,
QmXTcYEtG7X4RNMWQutz7PYvw2wUawekda5SkxqVg8SUPa,asset,Regina Vitae,Zedko Sobranie,
QmYUeTvcYd9rtsjeLFJYv4V8X6JegL9jJCKwUtSuFB58pJ,metadata,Satoshi Vision,illa2020,
QmXaEbkZNPLD9SunSTwEygAz7aGL5xV8ABUa5AEPVdcg59,asset,Satoshi Vision,illa2020,
QmeKp3zw1AcpiHdADebLzZp34UkzpdEyXxmRRXjMTHTVDc,metadata,Adventures of Happy Little Nice Nose & Friends: Season 6. Episode 96. SHOW HAS BEEN CANCELED. Sorry.,LoveArtHate,
QmS6EMx9MXeSEemET4TMYM7R9b5hiGAjFNtXLASbumfvn7,asset,Adventures of Happy Little Nice Nose & Friends: Season 6. Episode 96. SHOW HAS BEEN CANCELED. Sorry.,LoveArtHate,
QmaAmdwSuV3o2zuVxPanArcVWZQTXJrcYKVAd2jL3gtNDd,metadata,Corrupt Neon, Difelice,
QmepKqXnrDQ7BzoRbaJToSK3gp6Mabk75mzTvBUAif8NEJ,asset,Corrupt Neon, Difelice,
QmdqNyM5tWZdc7t2qGcZ1q5JzcN33a2weXsDutC9KdMTxy,metadata,THE BLUE CHAIR,miss al simpson,
QmQeiwur2BRGhopJpUzBcPbEjAEShXL5utXqrDuXchuEo4,asset,THE BLUE CHAIR,miss al simpson,
QmSgpFogHVoSw9JN2QqxdrrrJkVBTvh5zvPGgdFxudMC5x,metadata,Blockchain Cyborg,Jivinci,
QmUpws9JQ6YeK42FNw2seLF5cpeGBhqDAvjKkACC8qyaWg,asset,Blockchain Cyborg,Jivinci,
QmRE7QoYJrhtppyR25LveTuFNKFddgPFsx3yxmb7VeLJVm,metadata,The Moon and The Empress,Verdaccio Donatello,
QmVf5uUe5gc2Meqp7ZQ8541UL63HuJPfLwL8WE2AEZb6rE,asset,The Moon and The Empress,Verdaccio Donatello,
QmeEJyvwt4TrQwvFRt48vXRPyASgB9T42rJzHaA12zETGS,metadata,meditation on emptiness,abysms,
QmP7QtbLJV23nu6c2i7TgKy7noSvAKvSWprAE1VpyxivqW,asset,meditation on emptiness,abysms,
QmWto5aULdH7PLz1eqfCvqddDTtJNptTq8fGujcq1nxz1S,metadata,Lovey Skull,Skeenee,
QmbCkRfAk8PcbDMjtKAvMvMZh6bpnhCHdiwmftdNo56zhE,asset,Lovey Skull,Skeenee,
QmaDE5GZn3Q5EHhqHqGBD9we5cxoLCVffJdNZs4L5ndBJd,metadata,War and Art.,Alex Shell,
QmUwFYjoTmC5oWEFPRppr6BBGvt3RdJZkv9E92RnzxAK5u,asset,War and Art.,Alex Shell,
QmPsAXe68w14gR75WthjdCihreyRMh7uLZR8GdF1zN5Y76,metadata,D15t0rt3d 5cr34m5,illa2020,
QmPd1FQ1dN6aGMfxNwMDaU2U8M88aFpgfggK5Bp6wndnXW,asset,D15t0rt3d 5cr34m5,illa2020,
QmV5uwQAuUtABD3JX7dqfiWfMVZUibmu7KvRjbZ4JMZmNg,metadata,CORVUS OCULUM CORVI NON ERUIT,Zedko Sobranie,
QmdgWgRnuKMgaZjfGjJJVuzSfqAXZ9Ap3r75PiCGjAy9g2,asset,CORVUS OCULUM CORVI NON ERUIT,Zedko Sobranie,
QmVG88FM5fuVGjbb95uYgp7htzU1TTcY1j1JnRg5JSQoKr,metadata,Rainbow Fever #1,Voke,
QmVxb2K2hjtwnJYVEKhEnY79miyrXGkkZtKR7V9HFAkx2i,asset,Rainbow Fever #1,Voke,
QmPLH5Y8TYCAzkfzfm5nd5HBK7kKDBkcTmrE2HRSGiT5RX,metadata,Extreme Faces, Difelice,
QmNsXyEWRR3yxNw8GCMjrxm5AHLwBANhvfhRYtKcshv1VH,asset,Extreme Faces, Difelice,
QmTuU58fpFehgtBFGGuaCawA8xceXDrbn4uqGyScEHUf7Q,metadata,Glitchsort v0.2,Vansdesign,
QmWdWRt9JpaBtVSyLn3Jp2SmPoCm29NcF9eEsKo8bNbxCn,asset,Glitchsort v0.2,Vansdesign,
QmaMBZGB3FWggipps6csv8JTMUz276B6aui1JwWzX5FiuG,metadata,EightZeroZeroEight's,LoveArtHate,
QmUV9NMFLo9crVWFyLU9gyiv85VYqvzDWQPi4exMQVTti8,asset,EightZeroZeroEight's,LoveArtHate,
QmZ7aAyHYXEBtwF5bEZfbgR8Zi6dvYde5s6KbYS2qY1dz7,metadata,Ganbove All,WGMeets,
QmTVLBYGUciRBUMsLpfrgzvr9bXu7DbHAekkZPCXPevgbr,asset,Ganbove All,WGMeets,
QmdTd4jno4ftBnA1c2QmpTDV8VKwb27NBU3KmcNogoP4X4,metadata,The Centurion,Gary Cartlidge,
Qmd8nXBFhggA1uNcBvKNNXBjSwKvYwZriD9AZK7K7NGdfg,asset,The Centurion,Gary Cartlidge,
QmYRYeYS9n1tmxPihvJrKs357YrooH619RgjhVohGe95ku,metadata,Silent Judger,Verdaccio Donatello,
QmYKehEi3w9k8ZF82vsvCdDoFkE9CkeP5y6tm6Em15GAvf,asset,Silent Judger,Verdaccio Donatello,
QmPdhq7bfeH4jRLU2L4SHWCuc5iTp2yUgpGQwhXbqGaUfy,metadata,Maurer Rose (1910 NH05),Brad Damico,
QmWXcnaYM8nGj8LKQDu2Rv1UF4DTnpgNnRNMRZkR4eh6WR,asset,Maurer Rose (1910 NH05),Brad Damico,
Qmb2G9zYyDhqHgxwX8LFD8vkMNkoeRwuMrTWYkD2RwDcAb,metadata,Old man in storm, Difelice,
QmSoqAywDBC7Fn9w1nJUcvDEcd1pcREhHkv6iyxhr3fbPB,asset,Old man in storm, Difelice,
QmRNzyU3YeypCYtyMFrVZ9sFk4uFznP53hmKzhbZZyQUnY,metadata,Pearl,Vansdesign,
QmWsNqfEr88jsrTPSU91RHKjVLvyncC49qrU7mgKYWEzva,asset,Pearl,Vansdesign,
QmZKRfzVFZf8Wyat8cyuZ2d7WaxLy1dahCTJuUCAgfqoR9,metadata,Rainbow Fever #2,Voke,
Qmb2wCapou5f1Aatoqu3rRJbi4v58VpjgFTpr3j8yESxxw,asset,Rainbow Fever #2,Voke,
QmU2Pe2vJTdDJijgYyUxPRUQpJGT1qtsPhUKTq8nhCPKyC,metadata,Glitch ONT49,Stina Jones,
QmcMcsDffY5JnLsn3hdUgUv7WRFD1LZNScA11JfoQuS3CV,asset,Glitch ONT49,Stina Jones,
QmZhh8G97ZQFkAHYaGXtjg8YH2PnhV5WfVC5KQM5pvvgi6,metadata,アートシリーズのアイコン•ジャンミッシェルバスキア,純粋な雌犬,
QmRRY988aWcUSvUSy6CxkadjYbL9gfS6K71ggXDex2wQaF,asset,アートシリーズのアイコン•ジャンミッシェルバスキア,純粋な雌犬,
QmSDCNFD4amqsDUbiZFaoYt9Tze9Bz5yjEC1s6R8KsNy3T,metadata,Loading Playing Forever Field . . . Forever . . For . . .,LoveArtHate,
QmbJ1972YP9LNQSNWhxDb9yDoiosAx5sWj8o3jim1L22GY,asset,Loading Playing Forever Field . . . Forever . . For . . .,LoveArtHate,
QmP9U8xGTAVdAigohsW8Hnz93hN9jRQs2bMmaEJvK4bijW,metadata,Film Moiré,Shortcut,
Qmb6JxayA1VEYdnGEGRGG5aEDjTL5zrGh7pszxrhKCzarv,asset,Film Moiré,Shortcut,
QmYAHQ2PmGekNACivmpwigycXfP68sERDgtdbXaSyov1zY,metadata,Cent Rocks,Mattia Cuttini,
Qmdmmuzok8g3rFCskSjAnHqg6keFtVB4JjNrhu1VYgNoSX,asset,Cent Rocks,Mattia Cuttini,
QmQxMthyh1VcSP4upeo7rpfYPqfgF9hZTjz3qsuMdSvcUm,metadata,Algorithmic art. Figure 12.,Alex Shell,
QmRSVovNPTaj3fzAxxcZsSkDJTGDhUwdJ5BUG4nNjTDpXS,asset,Algorithmic art. Figure 12.,Alex Shell,
QmV61kds2aYiq9ESxKTYqT7C95Yyc5jTBNLbZDbVXXNAoD,metadata,Unimaginable Childhood, Difelice,
QmPmBsYcZ7nrBeyyhwUtemGgEHK5Z7jVaBB2niVkC2F6Xa,asset,Unimaginable Childhood, Difelice,
QmUiWaGaYSqT5AxuXZjsuy7Lco5kZkbNFmdELqcaEFNHZF,metadata,3Y2YR110,Voke,
QmQJgnLS189Asukxe8t2pKRjT3kvQ8baYFc4pY4dQCvNKk,asset,3Y2YR110,Voke,
QmRa6nRjHc65TDFPdUbQS72fhcECDLifHmNEgSoraC3rSQ,metadata,The Aristocrat,Verdaccio Donatello,
QmTgWk16qT18pTJ2z18PC1gAJjcSJiB86cx9RGcCRwDrzv,asset,The Aristocrat,Verdaccio Donatello,
QmfXQHsFQSq9qfbXmpPMvRXSbyLLnKFEYixmr6mcS6wYyM,metadata,Orgasms, Difelice5000,
QmauQmjJUFjhcr7F8qhVYHNE6tFmXGCodAZRrF4LFirebt,asset,Orgasms, Difelice5000,
QmXKnwHtob5nKXL3MLBzvTYJErBvPSUM4ybKiPgvcJkNKC,metadata,Piet Mondrian in digital edge.,Alex Shell,
Qmd2kUQVXbEisCZkTe6RQpDfkkcyAb958crAAi42i68QGz,asset,Piet Mondrian in digital edge.,Alex Shell,
QmSTjHX2LHwZH8xnAmKUgSmSherM9coRFtP6Q2CaoGjKP3,metadata,Color In The Lines,MightyMoose ,
QmVsA51oZ64J5JnhFstFx1ZYtXCGKVpUQuCLLKsHiiZcMy,asset,Color In The Lines,MightyMoose ,
QmUxdnRWoXuTRjMsw4nayNiatUfzGguvLHNBf7kvF4zBpa,metadata,All Business, Baby.,LoveArtHate
QmUdpEvnAvZz5fQpaf4AsL554Y5fA25bY5dQ6BgRQC87Fv,asset,All Business, Baby.,LoveArtHate
QmQ6WDiyNoWV4bbDDnTbz86RgMPdybPK1dnkx4ic2eRPsK,metadata,On my mind,Timothy Lie,
QmcjVSWdKwaGX5DSc5VG6sM2FrFE62okcb2QJ9t4zdiJ8g,asset,On my mind,Timothy Lie,
QmT2P9ck7qZv4AcJm3KwfRVb7g4RbRqm5wjUSodTzEDvpv,metadata,Crypto Riders Black,Hans,
QmWCWUQKqbw7MK5RogAucg8Ssgfg5nKXqx5JxrNUsRnE14,asset,Crypto Riders Black,Hans,
QmdYDZsHfzFAZDRVUSDfYKcN3Zz7JAxo3vTfkURbUybeAP,metadata,Galvanize,Vansdesign,
QmbE5HdLEXgCuEA9Hbv7Pnxzo5hVtaw27rL3ZRkzGkmU22,asset,Galvanize,Vansdesign,
Qmd2BhqReHEj1dgqLAWNgQPbA8p7yuQYruCeiJFTAnBYYT,metadata,Downhill, Difelice5000,
QmXJ1r6Z4VDP7osZDMCE33eKbTRFJtc95tGvy4mfkdeEtD,asset,Downhill, Difelice5000,
QmPX7j2gdjyBxU6qhz7wbaPtNvwSap3FpfVCtowFGRktXS,metadata,Ellipse,Bert (Bit Errror),
QmSwadiortUrzP3MMWr2g8yR8zNn8TbLX2AncuLUQ4TxbL,asset,Ellipse,Bert (Bit Errror),
Qma6BGDeMgYfQ8DX6LPHHGj2o3madihd1tNJYHhAXxwwwm,metadata,Journey: Temples (I/V),mlibty,
QmeF4uaLmBBfhXA8fDhbJix9ayGWi2wTiqUUVUixZLVn3p,asset,Journey: Temples (I/V),mlibty,
QmYyHFtHTMXiEDBnTEkQjhCqnmXiY8vtPjHn8kchm6x3Jo,metadata,Phon3s Series #1,MightyMoose ,
Qme5B3TajJ1zKgGicfFqw3XEuDWvAVyhYmkzVgru3tmZFa,asset,Phon3s Series #1,MightyMoose ,
QmSGnUJ8sdDh5ag4HPsMT755n1bMDHgaHxZLizsMdhFqJm,metadata,Worlds, Difelice5000,
QmUVJyupsw4zHPhTJGnogcM2H12m7P6WRsJMxJv5VMvK4B,asset,Worlds, Difelice5000,
QmQR3Tbj3w7zMMJNaAohnL1DAuGPP5EKuP9UtdQt4nvgdq,metadata,THE KALEIDOSCOPE OF BEAUTY,miss al simpson,
Qmf5mtBpEmBxoQuc447HK7NWeaKANDA1mv1owjDG9Gdb8H,asset,THE KALEIDOSCOPE OF BEAUTY,miss al simpson,
QmTuZKgz4L7dez1HWgpkzieTHzkBN1T8dRAJdfNAGLurWq,metadata,hello admin dm me,XCOPY,
QmaX35PdNFKaEVCa135NxeCxrTPhEwKHt632igyfFWBxAF,asset,hello admin dm me,XCOPY,
QmSbAC8kQ1TFRHSmDDykCZJWPYCdJ8ULRya5EttMXMoYA8,metadata,Phon3s Series #2,MightyMoose ,
Qmc1V8BpsTSVyxkvGmAHAVnYG4oQzM4ywz5j9fPh2fUpu6,asset,Phon3s Series #2,MightyMoose ,
QmcvYXTGrLrJU8yVHn2y2DcHggb8pEEjcW6ocrSVutmyiD,metadata,Algorithmic art. Shooting star.,Alex Shell,
QmNi7ViiWWW4zGPkQsfm1qJAFgQ8idwGynAU875ZmGj6Sa,asset,Algorithmic art. Shooting star.,Alex Shell,
QmZoi1kVrJ8A83Yqzo87WqB2A474fZqXYWoHc69bb6AEEN,metadata,Homage To Jasper Johns No.2 - unique,Tom Badley,
QmPtRSkfhNZ8hMJz3kGExf8wst5yBaXEbzVmtsZZsKbY9V,asset,Homage To Jasper Johns No.2 - unique,Tom Badley,
QmYdjxsrxEQf1mU5Rv9NR56KVTTMyAH2mU4aLSdsrV6Ypt,metadata,Board Game Prototype 0.09,LoveArtHate,
QmT48Grpv55Ci63jxj9aqmSKhqqHLVtyTqXVyj1yeLuRjG,asset,Board Game Prototype 0.09,LoveArtHate,
QmT7wKkiFcKt1c97bfgu8sDTrbC4aP8PVThWTHh5279c3F,metadata,Wandering City,Monfa,
QmSGV1JA6pGHqm72YWxFYmiGujwzi6efUZgJJjw3bxCX6S,asset,Wandering City,Monfa,
Qmbr8bv37xybWk1dB724j9WrBoPZLdVd6vcs15S2By9k13,metadata,Journey: Overwatch (II/V, WGMeets X MLIBTY),mlibty
QmdRDPSmUkvXcWViewTLsM1RpUGb3pWwkUiuds58MS3ztp,asset,Journey: Overwatch (II/V, WGMeets X MLIBTY),mlibty
QmcFySrjjSZdPdH4Qz5TmavK1jYFK6Cvg6nNiK37iVgCHn,metadata,Lost Time, Difelice5000,
QmYvUWPsdKMCQdB7VnLwVj6zhCzDCJJ6tSLW2KoBgkmBug,asset,Lost Time, Difelice5000,
QmP84a3NTrm7CGSiyS3ievNEvJs1xaiBpV7SsuBR2z2s4w,metadata,NeoCubismo,Vansdesign,
QmcSsapBh6VterCUU41mQeDzoMVXaUqmX7qMnp61EUBbTv,asset,NeoCubismo,Vansdesign,
QmaBMr3ogVLFb81fYjMVa38Lx59yKN5q6m4y4QsVsYReGV,metadata,Phon3s Series #3,MightyMoose ,
QmdofGRGgfk7iMHTq86b7mB9NJTdk8b8eKrfJm33cSfh5s,asset,Phon3s Series #3,MightyMoose ,
QmZ6NCwGJqafsEKpMD6BNjMCvsQppraMbCqaoUhVgS7gsx,metadata,Cryptokoi,0xBull,
QmZYBswjrbEyvsKHomw5pHK8QHCMeAV796wKE6bSGVvfLx,asset,Cryptokoi,0xBull,
QmcB8JDNy6CRW7NgVKdJAmcMXMb2ppJKvcdG81WX34DCbv,metadata,Glitch 0MC18,Stina Jones,
QmfSFBF3aKTuK1nkW2YA4sMD5vuhHKUp2J6HU7o3Us5vHA,asset,Glitch 0MC18,Stina Jones,
QmRX5B95Dtshp72rivQkgSbkW4CX1WTjUL6qfQzcHwkjAk,metadata,Oracle,Peter Bock,
QmThzwZWmXbsFDgpwfMh5oEQRkGfugru5Tvuaq7e5GpeyL,asset,Oracle,Peter Bock,
QmNcUDqd4tAWdY3RBA8V7XdADj4z1VStwiRrXEUZ9gTtYW,metadata,State of Paris,RobnessロブネスCyberpop,
Qmc4KmZFTMPrbSu71GB4RhtegycKryax5gChn21GycY7p9,asset,State of Paris,RobnessロブネスCyberpop,
QmcxoeMFPxk4tUwnpa7tayapCK5KYEF4EQBtRFn1ewNiDn,metadata,100 metres.,Alex Shell,
QmRXXAc67G2yoDAfgSZ3USQEixCR8d7DuK6knytbe46jt9,asset,100 metres.,Alex Shell,
QmXV52HV3DyeXUPGkJLnjkBPWwRAmzNcwTz7TF6UyQF3Rw,metadata,Journey: Tower (III/V, WGMeets X MLIBTY),mlibty
QmcToA6ZtKtHq6dRXBM1oELCCDyEowbTFb18UpPXNesSNd,asset,Journey: Tower (III/V, WGMeets X MLIBTY),mlibty
QmQFVLW13vXHFCdad5wEQSCAcT3a4squNNq8URedCX2wyE,metadata,Under the candlelight, Difelice5000,
QmSD6ZZe26D6v9K6HWiEjZ5Phu61SJnSZEac9K4pj1nCQw,asset,Under the candlelight, Difelice5000,
QmfE1QAX1KempwRqEyKWZLeLhkWmYWcVaoceaSgTZJ9TKL,metadata,A little something different, Difelice5000,
QmYg2h1jG7UrL1fjsXAjy3aY5UENAZnVfqvzG4AGeBQ7qz,asset,A little something different, Difelice5000,
QmXF5yEURhNYpFPiQQJD75UK9q4KvmBoGrhWyrTuBd9197,metadata,THE WOMEN,miss al simpson,
QmVu19WxJe4pQkusijM7CZUGGTJYkYwX2447XaDoAAtdP9,asset,THE WOMEN,miss al simpson,
QmeNgxU6VeWREjdkWyN6mfPR9bbJNb451hvMV5RBRNsPYy,metadata,Glitch 0FL43,Stina Jones,
QmeCZ8QcqucWyRuMpvfkAQArN1W4ig6PmmS5ustDksjHGV,asset,Glitch 0FL43,Stina Jones,
Qma2wZTwPuvWgpd6EWNvJBYMZWwfexKkwDeCgWN7s3voqD,metadata,Abstract art. Kiss.,Alex Shell,
QmYUDh7BorHQFGXmDRQd3uR75VVRqX9g39PgHuyH74thPg,asset,Abstract art. Kiss.,Alex Shell,
QmSY3Lci6JHei1ngU4sSyDNvg1m9jzJygFaGp1ToMQHFRq,metadata,Journey: Shadow village (IV/V, WGMeets X MLIBTY),mlibty
QmeBWMNM7EoVL71yo7TA3WD9NrLUCr3BGQayTCnULHjYiJ,asset,Journey: Shadow village (IV/V, WGMeets X MLIBTY),mlibty
QmPozKRRGM6U3XSgMSREG8kRwB8dR9ZfVZ3LGeCdHE5a92,metadata,Shades, Difelice5000,
QmNW5X5hq5FmFatQU41iGm1ShUznzGsUjiqnHYGVX2fx1J,asset,Shades, Difelice5000,
QmP9L7vfmFde7n5h6BX5wBR8zDSDgFJ4AhcEAVY5RjZZ87,metadata,Phon3s Series #4,MightyMoose ,
Qme9YW3dk9e5TW1UgVLeJDg8cQEn83FDzJd621JSRvnf23,asset,Phon3s Series #4,MightyMoose ,
QmZHYCYmJ7GWsZP5avQPv2muQ1jyr3nhu8z9FEPLmQwyxf,metadata,ㄒ卄乇　山ㄖ尺ㄥᗪ　匚ㄖ爪乇丂　ㄖㄩㄒ　ㄖ千　爪乇　ㄒ卄尺ㄖㄩᎶ卄　爪乇,RobnessロブネスCyberpop,
QmbG1K5buZkbG6D47HeBMsqkMNWfhPHEVTDwCbYUYqAGRt,asset,ㄒ卄乇　山ㄖ尺ㄥᗪ　匚ㄖ爪乇丂　ㄖㄩㄒ　ㄖ千　爪乇　ㄒ卄尺ㄖㄩᎶ卄　爪乇,RobnessロブネスCyberpop,
QmexTuDWA2XzSk3NUVnMSK3op8pDLmCqfGBYYFR1Rt5KNk,metadata,running under the lights, Difelice5000,
QmcL8fui4oMdS5uiGKFhkH9RjzyVYXbkStvRnhvFWAN2pg,asset,running under the lights, Difelice5000,
QmZZ4hidJiHMYCBSvxqdsLQT4RpaGiXfznjBVFKp3p3mhr,metadata,contorted_reality,The Vicarivs Diaries,
QmPjBP1YQSeVdcyGyzkAfqUfKAoBMwnZuXC5XRbBNXzH1D,asset,contorted_reality,The Vicarivs Diaries,
QmUeaViLvrVDfaRE1wvdFQxv8gp15A5Zmy7sebbT3fh8hp,metadata,SACRED CANAL,ilan katin,
QmXgv9twr8YDELxdLApvV1ukH4hCPWCXMA16yaJnZdVXfo,asset,SACRED CANAL,ilan katin,
QmZRhbiw2eRYqyN1qsAYxbTJNDpkELY4S4xyugRUzPAjtc,metadata,Glitch 0AQ20,Stina Jones,
Qmamvq8cqnvDvLqrhcqFmGuTfhY4nBcz7J8zrAdWWgAN6e,asset,Glitch 0AQ20,Stina Jones,
QmSbvaAPDgnMx4G1ttn28kgWTbYjJ7V3BPkdAJgmj84eVH,metadata,Journey: Pilgrimage (V/V, WGMeets X MLIBTY),mlibty
QmZPnATEVnsPtww5S4Ra43WgZsW1ZCsaYFQQHM4ndW1uJG,asset,Journey: Pilgrimage (V/V, WGMeets X MLIBTY),mlibty
QmSKngJq3kZMP1m6DWvMmj5tqcQQNrsdFXb6XWXxVenNcW,metadata,Chaos Automata - Nugget,Kjetil Golid,
QmRKRSsSdvASyCeYpt3c3F19hssgq5XE9yLAG5PWmknFWE,asset,Chaos Automata - Nugget,Kjetil Golid,
QmaiHnBrM7Mp5z8paJj8SWN8eEz75J4jMqrmJjPmfzcR5A,metadata,Phon3s Series #5,MightyMoose ,
QmNnCWezfBBZBy9k5Kka2FjokrA1GrmH7Vp5jFuY7hFgDe,asset,Phon3s Series #5,MightyMoose ,
QmSDTXFLwVid9yQdmCSsSoWt6fAtT2d74amCSnRbVWG3wh,metadata,Young Queen,Verdaccio Donatello,
QmRFV61USTQLhqC1YUKGsJDKfirQayS7UiXXUR3Vz1Ex8G,asset,Young Queen,Verdaccio Donatello,
Qmc6KUiLT8FcTMqng3sPPkVjeihceU6SfYwEvsjTkQuEZJ,metadata,The transformation (Ethereum 2.0), Difelice5000,
QmQgdXPvv7qLchyWbagdPoC5DtfujojLqvCWMP6UZtETR7,asset,The transformation (Ethereum 2.0), Difelice5000,
QmNUBPZXLtbmV5egbgLiPsUZ7RQoPSeacjFEY8YMJaD561,metadata,Glitch 0FL46,Stina Jones,
QmYjKRpzSfmk36yGcR8p1Qa99AzZrMbXRZzfpX2kn9z1qe,asset,Glitch 0FL46,Stina Jones,
QmVxbcpUHuXRBiE94r92EjvcPs9hDzVwtZqwofMKpCR8c5,metadata,Phon3s Series #6,MightyMoose ,
QmdUPQFCoKro6HaqbAdFLauKDrzFFK2KgAEjRJFtCqWqFp,asset,Phon3s Series #6,MightyMoose ,
QmTdaXraKjYaWA9sZnDyuX7h98EaLZoDd8J3kvR2jwfQQg,metadata,Marea #4,Jose Blanco Perales,
QmfUDw8X7xC2gfBbpN3gxybW5MebLqkFQoUoyPCW35YyaE,asset,Marea #4,Jose Blanco Perales,
QmRXW2ycpdtDFZjDqnzVpKTUs6hXHmFLpnHHaEqDuFzVRw,metadata,Abstract art. Vivid.,Alex Shell,
QmTmmbfQmvT82pz8qBhciV8m1yCFEFPNUB4zFGYYMyg6RC,asset,Abstract art. Vivid.,Alex Shell,
QmaTz9NofguhdEG7Vo72UWDNNgqxUAj3bavDAguhVF87UU,metadata,Obeysmuth,Max Osiris,
QmaCdZUKar8tPBZPVPqzuGJxaMaeYCtjN2tiCMiHyKbb1R,asset,Obeysmuth,Max Osiris,
QmcTpkYHMNdoYSmyWYiP2yiRNuWmTpXLNLUgHseWubLhTF,metadata,_ ch6 _ untitled, 2019,abysms
QmYbnrb47hhvA1u3mYHAuA8ZMz8ScPxyiBCq5LrYfVitRp,asset,_ ch6 _ untitled, 2019,abysms
QmcSHd36rynoYEqaJiKgQGfnC5PhibL5up9DoHAzp9agVk,metadata,SACRED POTENTIAL,ilan katin,
QmYufpYKX6xfqaGQhJcGmDPzyr7fi7MZYr3MgpDR5n5DXc,asset,SACRED POTENTIAL,ilan katin,
QmcakhWETxgHQr5aZMNmRTJbvRvDNtWHca91NgnuEPW6UM,metadata,Copycat,Voke,
QmdUJ4DUDQzWoZFxLr6DK3Mh1xgJE6rV7SCF7JfvRP4TQ5,asset,Copycat,Voke,
QmRc3kZL6ki3n7sjw6gZsTeQwk5SAjgmNcVjiapygj5eSw,metadata,Guadalupe AR,Uriel Hernandez,
QmYP6ahS1qCVSsJca6R68vZEyBSzPqDNScqAi3yQ5hW5km,asset,Guadalupe AR,Uriel Hernandez,
QmPHmKvErjCnPwPAcWWLkJNL2JkKwu5fKH6GnzyXsTV9Z9,metadata,NoEscape,Gary Cartlidge,
Qmdy32TzZ3PjiykoEEJ8Y8EaoD55dse65kT6UeVio8MGze,asset,NoEscape,Gary Cartlidge,
QmZXcYfDFLGUYWhLuZNykXw2AHyuaZaNK8Mn7gv4JVJZp7,metadata,I can't watch, Difelice5000,
QmW9WeNR1Ts52hyvRtpKSnFqgzPvGif93Tntvmytts9FFU,asset,I can't watch, Difelice5000,
QmTCvPke9QsNZ7Rgh5E611dHCfzH8Gi84DZv1MnPaKLZ6q,metadata,Glitch 0NT35,Stina Jones,
Qmawi8b5xQFjhRCVEZ5mDKA9q8A8hdfS4eYw9hPg8SxMa5,asset,Glitch 0NT35,Stina Jones,
Qmc28yMhVd4rRGDW5QGkcvrXGBUxwQQB7wtsD3WcyvrnwH,metadata,One face Poppyseed R.G.B.,LoveArtHate,
QmQiytMbi18wnv9FfkbJni7fncezo9yAMxjB9V1uv3azFt,asset,One face Poppyseed R.G.B.,LoveArtHate,
QmZdzHAfNYzKvUo5YLnuGnSoM8WejjbVNK6Ysvxo1PGTsH,metadata,Zombies.,Alex Shell,
QmWaR4Vj9jVMBHihp15y93fNGuQgTMCuUvNh2wSp25GZRa,asset,Zombies.,Alex Shell,
QmQbeA5a6cbnDMLf3nJ53Ysr2yje8XLkA6hn7M3TPWwEkb,metadata,manipulation of a doodle :: ii of ii,yrdgz,
QmeV9CCNjuwExBuSTiL3aJMzhRp3hfTmR3H4oNMgcCxveu,asset,manipulation of a doodle :: ii of ii,yrdgz,
QmbCK56JaSX2iweMQGRSfhKjuo14CUcdiPPK4RhwyeukWx,metadata,Recurrent, Difelice5000,
QmeZ2dGfrxYCjN2BG881kEAN5PRoVkgPpQAFXRxM1pkXcY,asset,Recurrent, Difelice5000,
QmRaZo9TmxkLVpKifMphQnPW9EXeMiPHcvLVRTnW3TEcGh,metadata,Phon3s Series #7,MightyMoose ,
Qmf68Fet4V9jdQjZbLyKXQ39UbfuhDq7Nz2FKm9Nyw5jrW,asset,Phon3s Series #7,MightyMoose ,
QmNY2w25NrGb9CEcW4JmQUdFEV6xG3i5e1Shf2a3rvx3uN,metadata,Satoshi Bless,Uriel Hernandez,
QmUySps9i7WKxThdGNCc74zXdYVVuPXdwEZfRj86rr7BuT,asset,Satoshi Bless,Uriel Hernandez,
QmZDNwXRqmuWy2bnnzkiZRTqq4eNpduapHZeojV28rNhPC,metadata,IMPERFECT LOVERS, Difelice5000,
QmZD4hzCyJbHVdjJ1wWoRLnVEbjaDKTWEiYfcX4gArsTGb,asset,IMPERFECT LOVERS, Difelice5000,
QmNY8G5bopMvqyDt2FroPWkZsqY1f1K7rhCyjNF53NpGWH,metadata,InMaze,Voke,
QmUL1LLigU1BqEBKtnXc48MtkAmG94QfbDgwp5RL7QzbMu,asset,InMaze,Voke,
QmQ6BCPo21eAyiRKMazwppEAZuVmt1bk7GEPu1ZYYq2U8S,metadata,SACRED SELF,ilan katin,
QmafZwSave9CNCUdG2VNRDLYbusyZWKnRg9iGeNJeDGJd4,asset,SACRED SELF,ilan katin,
QmdE79UdBoHBnnvbEt87MCVx3MXmRj9EmLRghLCLTqY4uk,metadata,Phon3s Series 8,MightyMoose ,
QmYZFcwj4fMHR2tqJt8Mv3cXcGtXC1VhxwgXjF3zeMN9WK,asset,Phon3s Series 8,MightyMoose ,
QmUWRUnnY3jzENRs3cLV6p5GhDf81rs3HE4nxgnZHtkgBL,metadata,環境の吸収、紫黒曜石の夢(Absorbing Environments, Purple Obsidian Dreams),RobnessロブネスCyberpop
QmaCkQwwh1yXgkhVQiJL3ret6Fr7U3PFRuKCJni6RE9DMY,asset,環境の吸収、紫黒曜石の夢(Absorbing Environments, Purple Obsidian Dreams),RobnessロブネスCyberpop
QmYAW37VAGevQ5FDTTPxWfUi4e6wPq6shvR9pAFx2XwMao,metadata,Waiting for your return, Difelice5000,
QmRmswzh8BUYYZf3DUmDkwxRY4PFiy4ekRST6zXxPg3DqQ,asset,Waiting for your return, Difelice5000,
Qmf4jV5m5hJxLj6NwUgMkhop2yZZ7to5DFUk9Jb9MSqZdf,metadata,MONROE DREAMSCAPE,miss al simpson,
QmZAB8ZkKunMnqShrNkr1fynbYpLEvC9QmsSHYRUMfrfna,asset,MONROE DREAMSCAPE,miss al simpson,
QmaY2cu5gGkY7RV6ZMGtoyLJqwTfCfFAKTEop4HeTycYAj,metadata,Origin,Sparrow,
Qmad7H3EnK9jZbajb7dsCNS1MaRxxHJuxuzZvnytydP3uQ,asset,Origin,Sparrow,
QmSC5FKQjBdSkj9ZemPqpLqRSd5ZLoRyPfopuWQgF3A1tG,metadata,Phon3s Series #9,MightyMoose ,
QmdjYLP9awtL31c7yXUcneq8bsBkGH8hzGRsMuumB6Hzip,asset,Phon3s Series #9,MightyMoose ,
QmZjD9WiE1bf1hnXLLNSGqyuNwnGQwTKENQnVFPeXwgn5e,metadata,Voyeur 1,Max Osiris,
QmcBiLZssVb5ktmAizd9o4oFRPYMXeAtzDmRV6Z7sgYHLD,asset,Voyeur 1,Max Osiris,
QmfHAdDedUY1WpFSYVqJjMqgZV5H5rETQDT7LzkpdEJQSG,metadata,worms::theDead,gcrll,
QmNhyNS5JXCrhCV4RybHtuKaxuAQfns9FtAbBNW4Uiq3dT,asset,worms::theDead,gcrll,
QmQ6KBnKQDFxEZLNS9dBdTx9Kk6PVxQfSs26BCEzJKwDH2,metadata,Unknown,Vansdesign,
QmbpATjHcLJKf9gtPLBciNZwAAR7W26vvHedL6fa51QbZR,asset,Unknown,Vansdesign,
QmVqwETHsuTxpzrn4onVU4cKZTC9j5AmveRMy8kCRtx5gE,metadata,Restoration, Difelice5000,
QmP7XCp6nX85cCoiqJufPeazNYDgRL1Xn4nL67UnRD7ZdT,asset,Restoration, Difelice5000,
QmP6ZWeLFsAtb1CNMg8RjBzW9aehZyKtqrELA2APQPCHFG,metadata,今夜あなたの救世主は誰ですか？(Who will be your savior tonight?),RobnessロブネスCyberpop,
QmabEiKcp3PuMvDNdzzS1VnT1TNbU2Pj7TicTqiGVKL5gD,asset,今夜あなたの救世主は誰ですか？(Who will be your savior tonight?),RobnessロブネスCyberpop,
Qmb9syT71uyL4azB4HReXA5iXKAGix2odjL9SRnEeUExkA,metadata,Glitch 0UW22,Stina Jones,
Qmc6WRjk7ofVfh2wGNPJLBzFCJcUxFaDgELuDLVjDkKcAt,asset,Glitch 0UW22,Stina Jones,
Qme7o41Ym9Z3UfE2JMC9GrwyqjGptDw2WRzMciDsnhnX5b,metadata,Progressive, Difelice5000,
QmXNXdqqBmuJaiAugJGx9ce995pxHmNAYaEXN3hUhDjLa5,asset,Progressive, Difelice5000,
QmcCSf2nmW4xKkNqZb9Rztak9wEXzi2es237V9nJYg3Jkg,metadata,GLOBE CANAL,ilan katin,
QmdvVxDVvH2nx5DkjMgRF3iYAybtr1ywm6bjMJ3didWUmS,asset,GLOBE CANAL,ilan katin,
QmUjDbGj8dfq2A3WWouNS7fNPg6UeKfEoVD5yjGuSDsy6c,metadata,Secret,Uriel Hernandez,
QmbZyNVyWqKDABPmd78TVSkyepWcmYhBtYS5DJJbFuw9sX,asset,Secret,Uriel Hernandez,
QmaVsReSQYLoNoSo6ijVH2K9shuxcjmNXf64iM57LTgeN5,metadata,Phon3s Series #10,MightyMoose ,
Qmf9hpCWHJRKGx1EaNWrJzQ5NagmTt71FPG4JK9a8ARQhk,asset,Phon3s Series #10,MightyMoose ,
QmUueun8NPw2s6Sg57QbE7c5i29RApV9AszeKeQuZXjrFn,metadata,hypersensuality, Difelice5000,
QmPhqo884pNs4bp4p1kzYekDvrUVZVTFtTT5LuEwP8iQog,asset,hypersensuality, Difelice5000,
QmPtoMApiQgS544wxgxz8mgHEfWwBNqAw4WeT6yBnA1V8Q,metadata,Mother,WGMeets,
QmVcXYbD4RGTgE5vME43KGDCDyzNmJeQsXxyEcZqf5939f,asset,Mother,WGMeets,
QmU5X2Gos2zWsUJdnyUocKJQAEroJfs1Bt76ZCZXJRQCRH,metadata,ピクセル入浴の楽園(Pixel Bathing Paradise),RobnessロブネスCyberpop,
QmXmXQaJjFjtZRyvR4jiMVimx6XshzSBFCoAgrzexZCV4A,asset,ピクセル入浴の楽園(Pixel Bathing Paradise),RobnessロブネスCyberpop,
QmTki3yZfDHzvxzXJ7tjxm7jRDpApyRbwPo6LcSM79yuDh,metadata,A Knotty Problem,Stan Ragets,
QmeieGDW7BivbNSzRzqWzbfdxQxvPS23dWi1jD44Yu8EcU,asset,A Knotty Problem,Stan Ragets,
QmYxhe2uAXBUGLbG12gHx856VBs9vhPeVfoqRrZMbeGHwz,metadata,There's no Right or Wrong, just Choices.,Zedko Sobranie
QmTnj44etjWZHqvPkNMYWKcZprnrNNHaCXibFecTY9FgRL,asset,There's no Right or Wrong, just Choices.,Zedko Sobranie
QmaWKoDttEUxYeZVv9ch9iPpcVEGwzaFxQdVLqKvxUbEo6,metadata,Tea, sir.,Alex Shell
Qmdxnr1NDF4B6WH93yDGJox7qoTzBz1vPhb8ZVE3aYup75,asset,Tea, sir.,Alex Shell
QmSiMTfpv5fSqeD9rFEvFWXfq832RZ9U1a4ovMj4Lf3XiL,metadata,Cuerno de Chivo,Uriel Hernandez,
QmbVfyXiMjwo3KcKSsYN7oUJaPPBDTVba9ikjsRsSVFjgU,asset,Cuerno de Chivo,Uriel Hernandez,
QmWU1PZVSzNaBRyEFsDR7ZknKG8ToDpqe8K96xuSWRXAg5,metadata,Adamantine Mountains,Yura Miron,
QmY3aaqKwcmEMNzK9XLKP2HjX2FpQfYf39V8NmY8JyJewv,asset,Adamantine Mountains,Yura Miron,
Qmf3BBRa7SoWa6AZ14KHtuS8WJTYBZc2iRBTRkMCUn1dP3,metadata,Irrational eye, Difelice5000,
QmSrdvCdxbRWv52Nfi1uJcQ15kcUFnyd13bF3dySRRBnTt,asset,Irrational eye, Difelice5000,
QmcfBtyxz8rxnDJ2SdW9PBx5ry4zKVWhGAaFQnL43JRqG9,metadata,Going Green,Stan Ragets,
QmdD28MwebHJfPJ8cZeugaBXuTSpGiVp6kbHtcJ3RPFA5q,asset,Going Green,Stan Ragets,
QmW6VbfCnvH4Jru5MGV5EMztN7JAQTZFh9uRSAKJ6W872H,metadata,Misunderstood,Timothy Lie,
QmQ1e4jXvBvpV3Ufg2iJPqmBh5ThACcdFdnjYRmXoBps5s,asset,Misunderstood,Timothy Lie,
QmRQaGF5ifNewRpzZSZrzdHmD4JyeJhnLnK7gQgm4XdBnM,metadata,BITCOIN PIZZA,Rare Designer,
QmcADpaxsNxxMHGKBPcyQJcuGK8AUB6gjb2wZvNJMb14rz,asset,BITCOIN PIZZA,Rare Designer,
QmQnZhggcxPwKvvoiqU1GoLCMoebsuenwbUJcBSJSgXkDk,metadata,Glitch Dance, Difelice5000,
QmVCL5xtDk7QkqaNnurcyDzZP5xSPHJcLogYqUZkH8z4FJ,asset,Glitch Dance, Difelice5000,
QmRBbserzPC5up7V2VnxvtCJMywhghosjqvBKb4RidRU3v,metadata,Sequins, Difelice5000,
QmPTH9tQTU1AR5MXcGUjMh4VRtbhwtk9nu8H5tceifCf8U,asset,Sequins, Difelice5000,
QmdqyqHjVQG4TcarTGJ3hnKTpV5jthij4LjLcYo5TjmJnC,metadata,Phon3s Series #11,MightyMoose ,
QmXr9eA4knVz9zUPhcLUqMWRHrFA4LfwbPC652Zmyo1Z45,asset,Phon3s Series #11,MightyMoose ,
QmUUqm3YMgZxU8ahC1gqbuhkJ9CSP7U2f3yCCXoW3WpERX,metadata,Diderrichii,Yura Miron,
Qmcpubu7aRm6EhxyRWakzTnvuq1zgY5kjPXDw7EgN5ibeS,asset,Diderrichii,Yura Miron,
Qma3Q1ZDLPLoZBUZL5E1jYK3JotoDDr9bvCvGxgf9QX35c,metadata,Bitcoin miners and hackers,Uriel Hernandez,
QmPiDELTvAzPQDjZ5HaZtcdzRmTJmBnjq4EPngbSuf5hY9,asset,Bitcoin miners and hackers,Uriel Hernandez,
QmTKmenupNxMm6sHRgGM8jdYNrYFP5eFvBiwtpg5F2sXhc,metadata,New Digital Business,Gary Cartlidge,
QmPHNoBpN7r29SgpPz2UjFXakF4RRr3dcP7hq7pG67fDeQ,asset,New Digital Business,Gary Cartlidge,
QmcXwGP5PM3bQT7L53RKojYfhNQfD5g9iNbCTNb5to6CqW,metadata,couloir,abysms,
QmQd77XGhwmCBtiSGDVfMnouX43QyC9bpEWzPuwACSd2c1,asset,couloir,abysms,
QmQNyemPsYz5Y5Nt9uGffXTzcUKu8ujdNQfGRYWwtEmrqW,metadata,The Butterfly Effect,Voke,
QmcJF6k8w39RbiEPU9UAzNCqA2Qkz7qSfA1SVdDEUMB5pA,asset,The Butterfly Effect,Voke,
QmUsXWXN2V7fQuoeiFaUSH35cMrShiibXQfQ5pXKaH5Lgj,metadata,Radiation in the sky, Difelice5000,
QmSPBdmQzC7HyvYLfEgTtm4QpuhStNqdS93shDsuYegDkM,asset,Radiation in the sky, Difelice5000,
QmX9XcW5gfLbJ9KkBv7KmgKkJzgr8WXq6RRmfKkjMErmNv,metadata,Albertina,Yura Miron,
QmQeD2udUMTUsh5ZkTyHcs3cqNs1d637Ly8Phm8hgo4Xgi,asset,Albertina,Yura Miron,
QmfVivrW7vbznqSCrzqBtUYmBpdPkT4xrJQPamDXfW9Uxg,metadata,Open,Sparrow,
QmShnBWVS43wwpdcpqMyVAPZizkMocNGo3hLk65vN83WDF,asset,Open,Sparrow,
QmXUBB1urKEH39zY2nv5JjSSzTuAoymALCnThQj19Vya6T,metadata,Booby G,Mar Espi,
QmdqVjq4mS4LUcDjuzZBsYtCHX8FQJxxsmwzf1ZvutMTAb,asset,Booby G,Mar Espi,
QmPADTpA47Ukwtt7deLVbrbUWwNazGe7WujnXBdujYjq6u,metadata,Glitch 0MC40,Stina Jones,
QmQVo6fHpPBwVUPrFZcPCPd1jakVyGLyFXc9eqUdec2awC,asset,Glitch 0MC40,Stina Jones,
QmVpUFd8XKbU5CDETBZHUTYuJdUpV9dp9nDBPnzgqG7Xt8,metadata,dementors in the village,yrdgz,
QmcYa1RTkemmmCoBQoUASPpN8937k6C4vWgmG46ze3XEiB,asset,dementors in the village,yrdgz,
QmNaZ4oZpeJStQTEiSB1QAuS8eTuSmXT5UFzSoz2Mw4XPW,metadata,Syncro,Vansdesign,
QmcWS5uMzJYVm1JVVFUX6HdkiEVJZYJ7DCdiidPQusgVmt,asset,Syncro,Vansdesign,
QmbgAmYnjGL3gwMojUk5Zqo7bbmcDiJNf2hRQREAZCirj7,metadata,Jet Prøpul$ion [Lab]x,Max Osiris,
QmS6zzsNPgCo9JGasmda3eeVXTUz4VgbZh8gAJLtJeccsW,asset,Jet Prøpul$ion [Lab]x,Max Osiris,
QmbeCXuEiWbMQ4awkjymPVvv1i8gUwx5cYsZtVnXnxP55U,metadata,Phon3s Series #12,MightyMoose ,
QmNcCbkLiTnQFhrq4EL6hMk4uRSNYFYcWKeVHhJJcCWVfh,asset,Phon3s Series #12,MightyMoose ,
QmaMKtxEifpUb3AjV6cPn4PGvnw9D8At1TEcpAm2HHkncK,metadata,#97 - A bone idol,Oficinas TK,
QmQA2wQhLift6cQNbfJeWhe2s1x7X6div4sfj9zwjoUWaz,asset,#97 - A bone idol,Oficinas TK,
Qmdmid9xPX8aHB1JCTkFj4MzSGfkPeYL29qzn6r4f1UrHR,metadata,Mental Monkey, Difelice5000,
QmcpHqgL4rBw7zc1ZAA8tixpjPydwdZERvuFksfhh3oGAw,asset,Mental Monkey, Difelice5000,
QmQvdT3EHhPaJWt2dKhrAkPiVzmDtXHk8Su3mmybmujgv2,metadata,Glitch 0FY21,Stina Jones,
QmYVBgufguGdfEhXZrRKAmbRtgMC2ayfjQEeiGBaDhNCSW,asset,Glitch 0FY21,Stina Jones,
QmSmcpgFAcEbPTJ7QTWgyaAiN1y6zBQ55QCX4zutWqWWPf,metadata,_ ch6 _ lueur | 05,abysms,
QmcAVdbsGnKYvh5pkL4Mc7zAvFeMyvVZJTvNHroe56FERK,asset,_ ch6 _ lueur | 05,abysms,
QmWw68xGe9tE5KA15s9ndeswJUxpC18LX9LxUD1QEaToW1,metadata,On Air,Sparrow,
QmPQDAj8bK2vTuC5UEum2Eg4KxQxPMytbYdBA8AVuAMkeg,asset,On Air,Sparrow,
QmXWSKpZGDVv3ypd1uugDfYbpZREHLxMtbVdPY9Nsoqj7J,metadata,Legends of Venezuelan Terror - El Silbon,Rare Designer,
QmQZjMoYvtNP8RLmawcbAW6HM8yeAqJk1GiEdkBTeWqsKj,asset,Legends of Venezuelan Terror - El Silbon,Rare Designer,
QmQPF2FWSsRiKK7FjB7YaKrrcULNyjNtgv8FnwdXPz3ALR,metadata,My Immortal Soul, Difelice5000,
QmeFyUt5JSoqd65bhmnHaQMGc91p15asdgFPnr3iHFb3kN,asset,My Immortal Soul, Difelice5000,
QmWrneEFKxtceET7u3DuRSR1DdwRM2uYRiabmZeCWU5pXa,metadata,CASH SLAVE III,miss al simpson,
QmdB5Qi9ovK5paEMJCBhtomShfZHDkgiqgncJEVKedGg1N,asset,CASH SLAVE III,miss al simpson,
Qmab1jpAcVbfhLYoWLZhDGGiGEgTDPHFyXiVyKEAp8QT4R,metadata,Glitch 0UW27,Stina Jones,
QmZY4UCrNXL2pVfQ2pYGsQZVHMEngjWfhwyEkoy7yg47d9,asset,Glitch 0UW27,Stina Jones,
QmNjdtE2YeLnMqtx4jh1K59XVYXbHmqePutMW3NAgU3yJU,metadata,Phon3s Series #13,MightyMoose ,
QmYzbJaAcBvoWYyvt4E6vANSux2AqXyFv2cpu4DAYX6TSM,asset,Phon3s Series #13,MightyMoose ,
QmZ8aVX2oKG9p6vanbo862wvtBvvRqRB3RjgheZMT7VDcK,metadata,prismatic frequencies,yrdgz,
QmbQDnrKMx39LeSnknN5Mygj4gafRd9Ps3p1hsq163UkJp,asset,prismatic frequencies,yrdgz,
QmPkgczkGZmkJEbMHXWj7x5rGbvXJyWabb37hUSgkm1DUS,metadata,Bacillus,WGMeets,
QmaX6CGjhPc8yYP4RkrqFngmDRg1kswtLp2j5h8nPJYKVW,asset,Bacillus,WGMeets,
QmPnD3BQR87xx2pETgL4ye2HbqecRES1HcP9EzHLq4kd2N,metadata,Naked Eye, Difelice5000,
QmT1mEAEXDdigb2XfJKs839qtNJmXXmBwFcdHLnedWYidD,asset,Naked Eye, Difelice5000,
QmTDLzzyALbLsyL8f7srPhHxnBd6S9hnkXdzoFKEMEJu8Z,metadata,EVolve,Gary Cartlidge,
QmRNUfzYrH3wBrCvxnSaoUZCwjnGxDGVgQS9TjTvW7hYw3,asset,EVolve,Gary Cartlidge,
QmdjhEgZgoyovX5uHPeJorjCdggsjW7rSv5iNPbQBJ243N,metadata,Parrot Skull,Skeenee,
QmTRBL79E1jJR7hvNNXopY1gKa7qsFruB7GC1i2sRtqzaw,asset,Parrot Skull,Skeenee,
Qme4Mtcj9hkFrR6566CLADycZLZ7QCyU3jQ2Jh9kANYesp,metadata,Glitch 0AD17,Stina Jones,
QmVdmuNrY7kiZ13jAYrc3oJuxeSQzB59hTuywjMJFQ3cQP,asset,Glitch 0AD17,Stina Jones,
QmYypXhWPXeuVvodCM84XGqS25jbwgAWNPKhUNDMzW9Ews,metadata,Points of View, Difelice5000,
QmatUazGrpdf2x5sGwaX8knbeEr4HVYq9QyGwaS1cdj62d,asset,Points of View, Difelice5000,
QmSuY1tAtPTsRsEgAF8fWk6CZKQkoP1V2VPn75piXKwrgH,metadata,Intrecci - 192E08244-SCorr2086,Paolo Leone,
Qma3PJsRuXZk4kmqqURAKQWLcBBsBawnfCCpTtqmquHgtn,asset,Intrecci - 192E08244-SCorr2086,Paolo Leone,
QmWA1e4Cj9zDdNiP4DSNSJBf3mUW5kwmeLuZb7MaZX6ebs,metadata,Suspicious,Verdaccio Donatello,
QmaJL43JJShrSJzSdYcmbNFh96jZkNSE3XwMH99gWN1BXW,asset,Suspicious,Verdaccio Donatello,
QmcLXfHCVaYHqJpU4Q82bdcL8Rn3ycDstPem1NW9ADhhud,metadata,GPS DREAMING,ilan katin,
QmNahUthRmDdBVDUAdYrMSmkHYFUnXH2C742BUhp7qf4B8,asset,GPS DREAMING,ilan katin,
QmcB3bgdc171tm7MiGATujjdwFG4a396WP3bGGt1LtoyVX,metadata,Roads to Nirvana,Shortcut,
Qmd9LUSaKdQrZUMVYgKRYM9BocchRVpfAqiuJjuiNakZUS,asset,Roads to Nirvana,Shortcut,
QmcFZ2r8kjg6SuQAonmHbNBzhTBLnjBcMnt9R9geqC7i1r,metadata,RARE WEAVESILK,Rare Designer,
QmcG5A3d8MeXTbJ4ckp3BqEbjFnDVeLeVpzjbxSJ4jJKzF,asset,RARE WEAVESILK,Rare Designer,
QmXwNdq2g6AdJ9UiwW7uTiDyTHwym3NeWgrvybRrKxbj8E,metadata,70's poster, Difelice5000,
QmeWn1PC3SbM5PdSDYiwF2rU1FzycaaMvHZZk3BBTqQX33,asset,70's poster, Difelice5000,
QmcXZLpvzhv9rjhezfeadhCpf2FKvPbfV1AWWCqd5sDkaj,metadata,Powers Of Darkness - Veiled Truth,Bard Ionson,
QmetkpBLkpvZX9W7gNVBtXBu3Cg3bCW88WUNJLgJQybpYu,asset,Powers Of Darkness - Veiled Truth,Bard Ionson,
QmbtzQxMaZCvgUT44R6VaGi5uPifJrdjWfbyJESuKb3CA4,metadata,による人間の分裂(Human Division by)%,RobnessロブネスCyberpop,
QmdFDui7UCnCNPc5GBAdyzRjtBUwKZbH51aCjJzgpnizdk,asset,による人間の分裂(Human Division by)%,RobnessロブネスCyberpop,
QmT6zURfuxkYwAbBedmdyWU6yCLEqppHjeVpkg6JYPXgoY,metadata,Divorce.,Alex Shell,
QmWU6GMHbjEtu4ndGAu4Xr8HJ1we1kcg6L2AoeAdVVx6yQ,asset,Divorce.,Alex Shell,
QmW89NBxiBT77pwK1BwbsKA2RGajH3TTYcquwAX2z7AMRM,metadata,Beloved in Spirit, Difelice5000,
QmZXk3vFkL29d7UiZEBXD4KfD3vwJF8NFrknp8rUs5Gqaf,asset,Beloved in Spirit, Difelice5000,
QmV6jHTd1CFoA9Ri1BJ1uYKuPUgFqu2Q2PqgkcC5TWpYGk,metadata,Structures without humans,Andrés Senn,
QmeGeEkqhvw5oM33RyfDPpsA5qxRXvbjoNsfdvmDrFPbmy,asset,Structures without humans,Andrés Senn,
QmNqu2ttfmjxUFz3xmhZdAZkpNssaUbm9w91kBvrS8QQdK,metadata,Glitchsort v0.3,Vansdesign,
QmXgsf2PHaG8n5aQtk99cCSeRfcynNb3vh4ncGzRjuwPXc,asset,Glitchsort v0.3,Vansdesign,
QmRrKWsRChEEAsQG1eG32cZNWdQtXxFTBfSQaBNQJPnzdE,metadata,Alien Lifeform,Stan Ragets,
QmeYFekAAe5ZtdPfGwpYC7VqphrBptjbuRHZQby8Tp4DGc,asset,Alien Lifeform,Stan Ragets,
QmNsXZWCDNaG6ZbtEP1DDS1zpqfyGWUUBtJf5AD3ZWbG53,metadata,Bird On Gold 01 | Aggro Bird,Skeenee,
QmWy6pHDrihLAXLbFbScQwcdNtGxi5DN5EtSJ8s6s5jG49,asset,Bird On Gold 01 | Aggro Bird,Skeenee,
QmYLn1gZzkKrKKym3v7uVcE1QEtrgXJ8CVvAGcqMyZKNqt,metadata,Lost Lands,illa2020,
QmdAgRz493iWKs8te46o7pTnU4yJeKypP2BzjhebfbEmoD,asset,Lost Lands,illa2020,
QmchLcvvprdnEg6pNbusdXeAXyCde2QaSQmzvpakPVCayf,metadata,Abe's Circuit,Gary Cartlidge,
QmXAWDFUxJnW3GjXv4QfRegTewTnfndjyeXU4HhXe6Mpcu,asset,Abe's Circuit,Gary Cartlidge,
QmWBcjR95QseFpRwr3sTXVyagFK8MHo2K3kXzEKhjYa12q,metadata,Digital tunnel,Bit Errror,
QmR2jbjg43Lzo9Nd9kfCLY2ZJZ2DYhh9sk8v6hxZzVnAyQ,asset,Digital tunnel,Bit Errror,
QmVFishZc8V2L6S1dbUYN57JXoVpv1G5dLXLv9KFVj327R,metadata,A Slave to fear part two,Aktiv Protesk,
Qmcq5vTNzTbUcHS7uyPtjnXniLD9QzD3uEFFD91iUqexKy,asset,A Slave to fear part two,Aktiv Protesk,
QmV2iYb9Xs6REodyPqggBwsXhfpyDZGo6nEwnYBLeb3Hdq,metadata,Benjanglitch Franklin, Difelice5000,
QmPiP7asgk99QjFnNXrPHrny2ivZNgfW4dkEAWLZ7wTUyR,asset,Benjanglitch Franklin, Difelice5000,
QmfWSbBtnTfT6bzMHUckCMjoaP9J42gXcc58aqSVSBE32g,metadata,Communication Between Angels No. 2,Voke,
QmTGWCuebB5ezqTTMudHjqVtLZuaTec1aQ1WTAi4bM3W5H,asset,Communication Between Angels No. 2,Voke,
QmbMxhg8GrBbHLBX8FBZYWVeNyEPun2NU7tnPRJpmV1US5,metadata,_ ch6 _ délicieux,abysms,
QmUoPdfPwKdezhWokg26LXgqbyp4osrbG48tGzYfN8Co7g,asset,_ ch6 _ délicieux,abysms,
QmNkxBGXvaHmeJFXM59Ce5Nfi4bhVgivTSpufVo8SAkoDC,metadata,Depression in Private, Difelice5000,
QmYW4EZmKrzXuAS6f9QboEqxzdCwAURPXd1uYydirSiAzE,asset,Depression in Private, Difelice5000,
QmdV2bABiMnK7Za8eKCxLrjHpEnt434bCJsGzwMTWNs7rF,metadata,Rain in NY.,Alex Shell,
QmfSbwAizJ9EdkZiejJLqVBxxBmxmTKH9YB9kRhhzfzJiQ,asset,Rain in NY.,Alex Shell,
QmXkE8TpSKs3gjakK82HZLgQdgvBTkhbqhtqxdHvyKdawr,metadata,PixelNoodle 01 | Dancing,Skeenee,
QmbA4vrLRrGtYscafVrxp6wVLj5caeL1ULYpTG9i5hYx7E,asset,PixelNoodle 01 | Dancing,Skeenee,
QmZgaL79VfhoLveq2z6jg9hgwjZE15iWJ9GE1yypy8kL3K,metadata,The Don,Uriel Hernandez,
QmaXzvbwEcuygwNxcGBJmeftAoM9QE5bs9uT64iwTtGbXv,asset,The Don,Uriel Hernandez,
QmSYBLtBJjdJud4ZQdUQEfCt9LTF9MVnZJ2CaoriqSSX5u,metadata,Phon3s Series #14,MightyMoose ,
QmbNeN885GnBrnqLFtTDkEiF4mwcYH3sPRNJ1nj7VzQhxs,asset,Phon3s Series #14,MightyMoose ,
QmQxRe7JDrdzvFDeSMRFgKqiPF4eVJ3B6LbuZXnQHZUsex,metadata,Jump, Difelice5000,
QmYhiez1r2M5vEwFLB5f662SZU39iHJJ62XTMbtYuCWRz8,asset,Jump, Difelice5000,
QmSHtzmihDzawvyW2aQ6GhkqzJQaY4pXmpk8EsRR4PDz7B,metadata,graceful punk,Max Osiris,
QmdY1EiLdWVBawxU9rYYghPAwjL1d8NPHmLTo42zifA3MS,asset,graceful punk,Max Osiris,
QmcLyVBwJf6aEJLVwyzeL6nirqrp7SySWpS9Ci1gKeTp8e,metadata,InOrbit_7459,yrdgz,
QmRRBEshS8eu4Ysy8Mdx1rdL6HZYcPvWKMu9iewsmk9nni,asset,InOrbit_7459,yrdgz,
QmfY64TwyhYVwFcachEquVxPeVP5suVQGfPEqsDhQiqy3w,metadata,Blonde Glitch, Difelice5000,
QmSXy3nD1prt9ZsKx6WTdqxpQYM9tbBFSLnPRkDZSKmj6o,asset,Blonde Glitch, Difelice5000,
QmXwQrme5nkrkk9HvY5TTBMyd7h32ZpfjFpbkXVLq4xbWD,metadata,PixelNoodle 02 | Dancing,Skeenee,
QmSsLwATtyDjG3akNYRzV1chvorEJ6kPSC11Ere11z2o5x,asset,PixelNoodle 02 | Dancing,Skeenee,
QmZh8sWD8aRtEDDYEo1EtiqAGn4FtC3SVUrZWg38kb52rN,metadata,Red Sun and Ship XXI,Uriel Hernandez,
QmaYnpsQAs1CHHKvaUERMNGhZfDxc2SLfeMS1gRy3QrTR4,asset,Red Sun and Ship XXI,Uriel Hernandez,
QmNyWswZzAKqTRcxJuZYrFz6sEAvVczgf6PUDDgoHJbE8r,metadata,Phon3s Series #15,MightyMoose ,
QmYCnNwjrfCJfSCWABFABe6MbmJMEdUQ1hqb5aHQTmRrKW,asset,Phon3s Series #15,MightyMoose ,
QmXiyG6CjbP6uyM7iCzHpE9JkyBLXbXQbf5WD1ivEt8ZMf,metadata,The Grater,Stan Ragets,
QmeoNMnqk9nCS3dfzN5QMnGZGVCabhC6QbpXRoZHVMhPyz,asset,The Grater,Stan Ragets,
QmTx7ThGuYr4Xj6C7uHxKnCQ6NSCXkx5NDXTSwvDqJ3vWx,metadata,Transmissions of Light - 5D Feather Spectrum 01,GISELX,
QmV5iMffkhd4hMeW6qiFPN96Jnkf1poe3KANZmbWEZTqAF,asset,Transmissions of Light - 5D Feather Spectrum 01,GISELX,
QmZSd75exz9YwF3zt3PVDQ5jJVZUK8AXGoBn9KnFvEVP6H,metadata,state portrait of the humanoid king,abysms,
Qme9wWmzbkZaUBE3sFHvT5aMbVjXsua5K8gvAmfwe9mHqm,asset,state portrait of the humanoid king,abysms,
QmbJTQHYMuSzREFaYWvNbfUYi5PhecrjmaX1E6cTud3kRm,metadata,Glitch Art 02,Voke,
Qmc25MFS52U1aWrZMBXFLnpTiK89Q53f9XGZzda5J94EVX,asset,Glitch Art 02,Voke,
QmeQF98X6a5nxctNhRqwpSnstJbQunmUmfaibhNnHheVr6,metadata,InOrbit_7463,yrdgz,
QmSRDKndRDWSh6H8G81TrRLoqLXur687tmdMVMw1ZoRSgh,asset,InOrbit_7463,yrdgz,
QmXaRxL83RAhXRZQc1PV5SnCVA9Y18MzYp5tmghnBNSiGS,metadata,4:23 am,Giant Swan,
QmSGwS4j4ZkD27gvuv1zek5fnhygb3hsDhNUKPAf1qsZDc,asset,4:23 am,Giant Swan,
QmNboKxn5oZZr4YzTyGw5HGEaMJy49SGbmnEcCQjEyUy7a,metadata,Lost Walker, Difelice5000,
QmXVJZeQ6Xw6xZgDP8mEZHHVXzK5wRPFbyKsbBgXnUfFFh,asset,Lost Walker, Difelice5000,
QmcT6D4f9HY92e4kHiHrCGanjdFYzxPv4csTkppnjVeivo,metadata,Hadouken,Sda Turec,
QmbBAfAW5f5pSvZMwHqqFyk1xFCYFgC4hV7RoyAhQVJuSE,asset,Hadouken,Sda Turec,
QmeqVKh34PvU321MFmCgcE4H3sWcAaM1nCdh5nqKPwoEfy,metadata,WINDOWS TO THE SOUL,miss al simpson,
QmbW39vWG2tmnNDkWkRCPpG1zxBwZWp7hDRXoz8YerfNJM,asset,WINDOWS TO THE SOUL,miss al simpson,
QmWT1PoH8mYNUEAn8FbThiZDL2tCG8y2LCy9D7BnbZc7xV,metadata,Red Barn in Jurassic,LoveArtHate,
QmXbfaJkuo66ZLpDKCcDuQRAQq7KM2qM1TwNCMAECM3Yec,asset,Red Barn in Jurassic,LoveArtHate,
QmfUb3t69hHw31WPcp22ZBtdhLYSqQEDYNMFbpBfJBH99V,metadata,Abstract art. Person and Violet.,Alex Shell,
QmS76AxMTQsNAyQQXswCwtSvzeZkpGmtCt9eeyMVwtSJFm,asset,Abstract art. Person and Violet.,Alex Shell,
QmREsaA3hJMYPzdomgoptK53E5Adz9hvhtqz1VLHRvgZu7,metadata,Digital Marilyn, Difelice5000,
QmXLi7ai5bp7Mj2j6HjjGFy34eczKWgKye5AFqhHusmKBZ,asset,Digital Marilyn, Difelice5000,
QmaBzzESpPVfaWTSKMTW1pou9anJCADghxEoPhe5L8EHrx,metadata,Jeanne d’Akamoto,Atelier Dresemann,
QmdViS64bsgE8UEKyuxQQGCz1NfSCkFwjYZbgybNQKHYgF,asset,Jeanne d’Akamoto,Atelier Dresemann,
QmX3upADH8MYEwhBBmmXjt1vVGhmZn9e2aPmaaKjjEkfna,metadata,Welcome to the Metaverse,Sparrow,
QmeL1P9LkBD9hK5wxR6g88Sh2pjeLYDcymog5SDbiSBhAx,asset,Welcome to the Metaverse,Sparrow,
QmTMMzf4E9VjTmHFJMPpdLJTpfQ6ey1y5yywDvpVLT8B2g,metadata,Alien Pods,Stan Ragets,
QmXDi4Qyiir23hNQYjySoRNjctdSyPBSmkNTnyLX2G8Z6f,asset,Alien Pods,Stan Ragets,
QmQC9foLDvaiCa3jHpoZj5dsKYiutfmarTveDrkBdbdy8G,metadata,Rainbow Cascade,Vansdesign,
QmYJt23Zi5eaFYoaWuZ9VFH7fABV7X8qonArRBQLThqJSB,asset,Rainbow Cascade,Vansdesign,
QmSfW2GHdVFmoEknTCjjeWkE37szvjt1YzvWAgnBw9msg3,metadata,PixelNoodle 03 | Dancing,Skeenee,
Qmd32s3TThYjVurgXCRAFMabDtruMbEvobCSk9dFM5RgMb,asset,PixelNoodle 03 | Dancing,Skeenee,
QmWvder5uHSBoWDL6tutUBtB3AbwNAXeNfvFjtDRZRYY4R,metadata,Le Grand Network Navigateur,RobnessロブネスCyberpop,
QmdChn5zeWXRVBHdburqhwgPenJck5b7GiuEPGVcFxst9K,asset,Le Grand Network Navigateur,RobnessロブネスCyberpop,
QmSjtKhDQbGZeUrrNiYZRRV2q6pGb4LfnKFdYfVcRqouLt,metadata,Transmissions of Light - 5D Feather Spectrum 02,GISELX,
QmVAR3gDdAuqk4Ak9xEBD63oyEyTa5wNGfxsHX17dCoUGF,asset,Transmissions of Light - 5D Feather Spectrum 02,GISELX,
QmdUtatSZoDxun7UeMi9p8nnSGf5fZaPSyxgTGn8TBRKLz,metadata,Glitch Art 03,Voke,
QmarBGCo4NC8Bi3Wef1vDD9tdENxwSWtcJKMbHxa7V6QcJ,asset,Glitch Art 03,Voke,
QmTgQuic1B7j3V2Qvxs22csPEkoq7gV1gAqhrBFhdtmfDA,metadata,4:24am,Giant Swan,
QmbBGPtJ39k9djGvAvap51zk34LosxnYtYyvJLXq56B3ZH,asset,4:24am,Giant Swan,
QmX2ZHwcioT1QQ21C88Nm62qU19LeBrNeRWMMbVpZY2STm,metadata,Soul Scale, Difelice5000,
QmW11MtsRx4DWPvrwL7Ekz1FMN3XayJzNWeryqcZj5kE3v,asset,Soul Scale, Difelice5000,
QmURURzgBfknGESKgEYs9YnkzGfFDktGpXBw2rgCCuc8bA,metadata,TATe,Gary Cartlidge,
QmcdJWLTYF178yERprcuZrpcmQTLfskoCdQKY6TmWieHWL,asset,TATe,Gary Cartlidge,
QmS6nSPWyD1aTKedGHHyTapBNKgqaBMJJpzctosCKTBfvb,metadata,InOrbit_7489,yrdgz,
QmaroJYH1JpovMPWFxRt6WoZ93pLZ7sFLfhiG5WpPJMu23,asset,InOrbit_7489,yrdgz,
QmS5t7kACBstqx2LX48CEnKJuCgQBR68N4MX8hsgjupHHq,metadata,Psychedelic Town,sedacto,
QmZwqSv4PvznPkvhqxsPKYaTr3qV8BVTL3hjye61qQjQ9i,asset,Psychedelic Town,sedacto,
QmX2DA92vLXYioxN6oXa3gGR8NPh9LnQnuLW4AYi2PD3We,metadata,2+2 Fridas,Uriel Hernandez,
QmTqtqomWJUbGVtRCxDMqzo66Na1fR5LbRTkmMeikXJcMD,asset,2+2 Fridas,Uriel Hernandez,
QmbiwzEPJ6ytsT2QdUH2EJuDnk71CNbapMkMzMHJxqgRyA,metadata,Dance Joker, Difelice5000,
QmWTkkdTRHuDe7ioNcuGQFxJJYdhj2ywenvaxh3EANLfX6,asset,Dance Joker, Difelice5000,
QmbVt7m82QiyMBkhs4p4TU2iYTw4QvLkQxFMofMc8FDG3B,metadata,Shallow,gcrll,
Qmc9LcCMXdCvS4axYLmkbB3CQhfUrHacLtJ87KdKAm4Nsj,asset,Shallow,gcrll,
QmU8985pMehpxWB8mi67kLfhGUGvtTG5EytyZM4HXoxu8V,metadata,_ ch6 _ deviaté,abysms,
QmQYruw72CkwaoFics1REjDHSRsgckiS9PPNHCkHi3RTKc,asset,_ ch6 _ deviaté,abysms,
QmZLVP9Y6J9VGjLptSmoHtxUG69PSDEw92PHKnxeCjjpF9,metadata,CRYPTO ART,obxium,
QmcQbfn4m58RcQ2bV23hsWffb1pybAZ8RckYokFx8n3iKm,asset,CRYPTO ART,obxium,
Qme3CJUiv9VacfZVzpYDpvdhy8YbUNLdHckJ2XFxD3N9z8,metadata,1908 NB01,Brad Damico,
QmbtJnJSneKqzfoMiSD2F2dgsEgHtk2JpEmBGRTsWjXyok,asset,1908 NB01,Brad Damico,
QmceNBoT3DyFeuUkMeYFQqa5qLXqokwe784BJu33tLw3EG,metadata,Tower of Babble,Unrealcity,
QmZoTZRJxHe559kdzptbCarGUG8dALjhaHyzf8QqkYAiPs,asset,Tower of Babble,Unrealcity,
Qmf9eDfSAJyXm4kshJ7WmL6uZUC8Eb1uyCPAairxAajjCb,metadata,Futuristic landscape.,Alex Shell,
QmSB1iVSyLhBEQ6NDWv4gaFyfGvzt4FSMiBX3nj5q5g6NF,asset,Futuristic landscape.,Alex Shell,
QmSwqdxHuM4HCTW1s8VisSph7cv9FWMJR3yTc9RTMsicSH,metadata,Phon3s Series #16,MightyMoose ,
QmTHozotXj7Af92ysKA1SzidLJddKZXULKfXM9LrMNisqX,asset,Phon3s Series #16,MightyMoose ,
QmPqe6hF9JatBw5LXmycJTie3LK1mnAzJRW6sZ9SkE4iCN,metadata,The Search for Meaning (Symbols Through Time Series ),Greg Notzelman,
QmS7ePaNHtubsUw3YwL3oAwKdqQNskWJHmr6fz5AmNmNNP,asset,The Search for Meaning (Symbols Through Time Series ),Greg Notzelman,
QmNXPFYyQuuEur1heum2nkKdgUCPZfXeMnfery2XX7jpXy,metadata,4:25am,Giant Swan,
QmZefUSoR9yny7QJ4qSX1UjXp3ysyMvftTTbWQ8JZAiB5W,asset,4:25am,Giant Swan,
QmTTXiK9c4qrxiQa3K2isFXXPF85KLiS1WMtZ5XVaQehaG,metadata,Abyss, Difelice5000,
QmXMXvLVhVxp1SPGfAwo5eMdcftQz2F5ekDNRe3DQtiEs8,asset,Abyss, Difelice5000,
QmZWFyRCV7MXjTJPECPx2zLXWd9BuzmGBddHfJbHNvYjLb,metadata,Glitch Art 04 - Love & Corruption,Voke,
QmZHxzcH56i2WvWTkGrz4Hnth3RdYYFdWfeRGMb7ZusrqR,asset,Glitch Art 04 - Love & Corruption,Voke,
QmVYWFMgKh1PcobrAsfCM3KC1K4nUkY6nhDgYkTfiV2ruB,metadata,Hot Coffee,Uriel Hernandez,
QmcwuYENQ1DTGatCzZ4Btk4hhDnSGkZ3jdrk8xLhLkKTVb,asset,Hot Coffee,Uriel Hernandez,
Qmda5G8MoaX3Nb3Jf97WW3n5jEXbJgWipaRYFBcHeNstba,metadata,Silenced,Zach Murray,
QmbMEzvyzggHNQ1UvXL65gxUb2fmpsoxJju727LWaBcEUc,asset,Silenced,Zach Murray,
QmcQtFYrdnCN89QCzVnd54SSEYjRzURik933yYngRBQ7sp,metadata,Bird On Gold 02 | Small Hummingbird,Skeenee,
QmTukvQYM7NisoW1662SSWhUsodqUuTCDQ5czFA6mgRR78,asset,Bird On Gold 02 | Small Hummingbird,Skeenee,
QmZhF4ii59dLjaBXRVhBtP162Q1r67J2GP23efFR6BXZhi,metadata,Retro Terminal Now Open,JamesSW,
QmS1mJvr4T3RyfCVpdZssXxVjzXxvmoRSrzXDVj8YTQTp5,asset,Retro Terminal Now Open,JamesSW,
QmcKTMz9xcvDvmun3FfnXdMHTcwBfcKLUwfjpxnaf8cN99,metadata,Transmissions of Light - Passages In Space 01,GISELX,
QmbqZZRTRx2eyJEdLpiFzm8wqhjRCGu6bLXXxvXariAhu5,asset,Transmissions of Light - Passages In Space 01,GISELX,
QmS4XuG98vac1eSvSXZ38misnDNkz9H28uMHgL3eSBzR19,metadata,8,136,127 Stories
QmaQYviTN3Ekh57BdDuhrePdkzMveV8rVJhcXDU2RvCbvW,asset,8,136,127 Stories
QmbW6MvoD7zvF8vVmFcMMtzkJBfgvAkkq2cHQrjGoZe9ga,metadata,_ ch6 _ départir,abysms,
QmdKhviNoJCquJGsxgsKrhgGTFQKXXRj9b7fiDnMTxewU1,asset,_ ch6 _ départir,abysms,
QmTX7dkfzPBdghGyWVwK6kb9HJJehVrs8nrBUYY2r1jPya,metadata,Inside the Brain,Sturec,
QmS12nFG6YK5B88KPsqWwpHzLbr3p22ZsXPzTaCDLg3jrJ,asset,Inside the Brain,Sturec,
QmVgWK6czMVsSz1KNmoYmLex5GFCQmqmbvuQfGTWeQ9gZD,metadata,YOU ARE DOING GREAT, Difelice5000,
QmNjFRSksS3Yxu7UN2C9L8gpwtGyqEpVJjTHHije9Zj5pW,asset,YOU ARE DOING GREAT, Difelice5000,
QmZqs5Ktn9AeRiDx4xYhZ69N6s7bGsHfimmd4RinPbJqPY,metadata,Seti ( Symbols Through Time #2),Greg Notzelman,
QmWuDGXyLjZCTDWLLasBquLRAd8UtCVhHiEenvsKFhzqfs,asset,Seti ( Symbols Through Time #2),Greg Notzelman,
QmXXSQCD4jJwmH7XHSAJF15K2AFws7D9vD9QA4rRGpMj5j,metadata,9.59am,Giant Swan,
QmZVEfN8JhHJFTMGYzx5mUNzKG4Lm26Birj3QtapdoAcop,asset,9.59am,Giant Swan,
QmXQMmn1BtaaXDZRX6KPWsFksG6YdQJMrDMmDCrmeoJjjW,metadata,ETHPORT,obxium,
QmNuQUotcp8qhM8pGXmesLq5xEvrRwS19YzT5ao5V6bTJT,asset,ETHPORT,obxium,
QmWnsLMVS5qh56vxuoygHkxgBizLb1JSvsed99Drgxop5Q,metadata,The Snowden Map,Gary Cartlidge,
Qmcpbcxi8imwYZeBioX4QFTsnHnUQgcqkHb3x829Po8RoD,asset,The Snowden Map,Gary Cartlidge,
QmcnknJFk5nv7LPqB7UiirQ3QoQ3CXZt4Sm8xNtKxSaZ6N,metadata,Millennium,Atelier Dresemann,
QmQJZKdrt6HMpBzjqrUzHrf3u9MLMA3VisFwLR2NujUGVU,asset,Millennium,Atelier Dresemann,
QmVcRi7LL4xAyFv4vSCSbziqCTgZZDGHnbykPJz6THJK9c,metadata,Zornia,Yura Miron,
QmQ22Q7B3JSUVfafQkbDHKc55emhxYbGPgV3PKzY1NQy4V,asset,Zornia,Yura Miron,
QmSJqtfMP3T9v5i6ReQU7Rv1zJ4hjMvcYfZJgmrLGDiYn3,metadata,Rebel Girl, Difelice5000,
QmVVUFZKJSEoysCAGcJoHFVFzqe3kHjTzmhntxb5r3rFbS,asset,Rebel Girl, Difelice5000,
QmYVKHbDhhqJxvgVyg5EBH4rWp55ASttJ5LPY8TZKhArhr,metadata,Retro Verification Required,JamesSW,
QmdyuHx9CGaZtdGUSDsswNwhZawPLhooN4z3z8zky4oBCe,asset,Retro Verification Required,JamesSW,
QmVh6PCZ5EwkFSrmMtVLAbui4souYXCe575W1T98WiM8wn,metadata,SATOSHI.EXE,obxium,
QmWGrge9PodpxQTViKRtmiQroy4YdvcVoXqxKUFomQqUnP,asset,SATOSHI.EXE,obxium,
QmPebuBFNUyCCiAApmqa6vy3jskeAjTBjcpkdL9qY6QgdK,metadata,Baby Yoda,Uriel Hernandez,
QmR1uPTee7LhXv7ZDaU6vAA8zzpbmdMohHUWKhZUyhdL2x,asset,Baby Yoda,Uriel Hernandez,
QmRS5iCiUaSiFo5TCbCKfksui9ZS8GxkbFyDTE6AWhVnPS,metadata,She comes in colors everywhere,Bit Errror,
Qme4QfUCB8wzoVwTtYyFURTk1p2oBRHdm5oxDRwMnMbXEU,asset,She comes in colors everywhere,Bit Errror,
QmRMdFY23RmkMbmqfd7q1sVv1FqnJoshUEDU6maahyHUHL,metadata,Bubble Ball,Unrealcity,
QmdffbCyBouqiibUp5r7NTGUv7di2j3HoSbgufKKsY3Aip,asset,Bubble Ball,Unrealcity,
QmbB9q522iQmUoeccMGVDL6Yi8j5dLn23PWFBB5qsx7ZT3,metadata,1911 NU01,Brad Damico,
QmVV3V8TEoVysREXdB39WbD7R6rWmiDZfUMTACDnxqFSYZ,asset,1911 NU01,Brad Damico,
QmUSWFQ1wN3oRHiK3TdZd8Fy5uJ2TSegoKvxwjPC1EKRCU,metadata,12.35pm,Giant Swan,
QmNZxF99JyKkVukmfrJ4KpZ3YXWpBDWEG8BVavUp3L5vrP,asset,12.35pm,Giant Swan,
QmYBuU7oNTNYDCjS6wt1sJAYZLB3QsxMq9yPhY6F32jso9,metadata,Pop Traveler, Difelice5000,
QmZeoH4h3UMfJELoCuc75Ps7sAcWueygqrM3bdWJh73VSn,asset,Pop Traveler, Difelice5000,
QmYDzxKnFerzyaMRcyxnEXJ8d6C5GSpyYZdvELcg9bhkZf,metadata,Phon3s Series #17,MightyMoose ,
QmbcbvusELRSBGF144GoTTuK5at9HnQA9NzWL5erFyQ3rs,asset,Phon3s Series #17,MightyMoose ,
Qmdkd4NZio4ay6NhUBskAZUBdQhwYfYdB1MxgQBdBpDeAj,metadata,Faded Away, Difelice5000,
QmcNSzFauyQYWvbLPotz6hAQLMD1b2tV9y7bxseJhvu1S1,asset,Faded Away, Difelice5000,
QmZ7pHNLWYLZZHaVxFHmunoVefxhzUnq2GABJpFbB64nXW,metadata,DECENTRALIZED,obxium,
QmXypj2XxB2kwTCuYBz6194M2A4KavJQSyCtukWXjpjggz,asset,DECENTRALIZED,obxium,
Qme7XWXdRnjBAH2Q9Hs7v8hFBQR8PtYjkaxYPQmdU8jaKL,metadata,DNA Publishing,Yura Miron,
QmP6Epau5EF2G8P2sY8TJjieNEW7PFVS2NYX7hjNrrg1c8,asset,DNA Publishing,Yura Miron,
QmXJHK1jSgNiyfT2mPziXvkoCsepD9bwLKrRHgoScUTyNo,metadata,Toast of London,Unrealcity,
QmdEGocPLeViUhvBBQQCSaaHWudYY96REP5A1r3W8QrsDZ,asset,Toast of London,Unrealcity,
Qmf5nZq4FpDmAiavjws6fPSohbwibH6fUSHXWoyXZC5FMs,metadata,Ready To Die,David Espinosa-Russell,
QmZZoZAChKDzXiZ89eQFPAhjqnjFBqsFi3JCVNgwJYVec7,asset,Ready To Die,David Espinosa-Russell,
QmcL6Hukpf2FczW9s12iReF2Avuwxx4UTzSS2DMSLwraCT,metadata,Posing for the Algorithm,RobnessロブネスCyberpop,
QmPrWo8kSgFbEZuQQSUJqcJVGanxTmtoNAhFbCStVdBPJu,asset,Posing for the Algorithm,RobnessロブネスCyberpop,
QmUjpPHH2qSi9tqL112STyeGdTLJYCXkeCqKsz4QNMh1MV,metadata,Looking Down,Sturec,
QmNvg7fqQe6zADhbeeFMV2EMXXPPhQAvDFVZnF9w6Ror3C,asset,Looking Down,Sturec,
QmfYzvB3vhHNBU8YChWRotQWN4DRYvMFjg5PFC4uazUHsA,metadata,_ ch6 _ untitled, 2019,abysms
Qmd4nGKDocH1b1qWREun4bUqGhNUSKiH9pykekXGgf1ruJ,asset,_ ch6 _ untitled, 2019,abysms
QmPnqiyuFqcsHMXLqS44NPkQLEAaQtEWMLu9uWGB4oPkxn,metadata,Die Urpflanze #1,yrdgz,
QmXXu5F4Jd5tJL95b65pk5QhFtmC8LMZXHQd7RFGhs3yWT,asset,Die Urpflanze #1,yrdgz,
QmaGusfhfNYqUDepSLuMx6otFMaRUypWLZwV51iD7UUpWy,metadata,Crossing the Line,Stan Ragets,
QmTvHc5ZMwXFs3shQHbJmHLMHH7GZtxHsXDFjDHr8NqWdb,asset,Crossing the Line,Stan Ragets,
QmTDiSVxq8hnq5yBomV6PGERh6ScFcKY8Y11YNt6ByKMEN,metadata,Merry Xmas,Uriel Hernandez,
QmUJH9iLcxHdNMv9CeJecrhqKQzBh37xstuwgSAHbpHBkC,asset,Merry Xmas,Uriel Hernandez,
QmT5ZrtEgxdZfRfpjUpKSeVjQJucztn5C3sqaqc9crvMXV,metadata,Glitch 33, Difelice5000,
QmPgn91Uwjc8AZr375iz9DEPZE2ofzfvH6joyiFZNF5wSs,asset,Glitch 33, Difelice5000,
QmQD9cfaVvVKMpHgtPEe2akBqYCh3J1sbfSu5GQGJ3iViB,metadata,Walk the Stars (Symbols Through Time #3),Greg Notzelman,
QmbU7eAjtM45xTJWh3UDLAHAL2xTDeXMF1o4SCcfKEenPZ,asset,Walk the Stars (Symbols Through Time #3),Greg Notzelman,
QmQB698Zy4DmhY1dcZXifAtezuP2ceMEHaqMTnR8krk4D3,metadata,1911 NS01,Brad Damico,
QmaeZHMb6gmhocGz3o5G22Yh4KK3VRid7KJt21amiQK9NK,asset,1911 NS01,Brad Damico,
Qmdq4WD2SoN5fD3XRqLgzKhpnHRC4414qiyPAqXcNCvNYj,metadata,Nostalgic, Difelice5000,
QmNbvLaPZpkSRTJerbRoffVXbFvyHt4dZQeVEN9c1WUgp8,asset,Nostalgic, Difelice5000,
QmeMCrJekYzXuF9FeaMH7M76PcaYYBuMfrtPN5tijC3GDo,metadata,Die Urpflanze #2,Jose Blanco Perales,
QmVK14GCFoYX9PSKVG9MseFmqwRx1PiE1Qcd94U6VAonBH,asset,Die Urpflanze #2,Jose Blanco Perales,
QmbDkM3QDoA73DCuvcg1AGSyyHGevkR8dncx1wxhcSvyeK,metadata,Tokyo Fantasy,Uriel Hernandez,
QmSRZzugtwksV1Dyf8uqfcHY2ELUmANx1rUgvpn39uUJdR,asset,Tokyo Fantasy,Uriel Hernandez,
QmV4VS3HKBY43ykvDqqSnd5KkUdDaRzkFryQrUNKzbsG5s,metadata,Everyman.,Alex Shell,
QmTixoP4Jk7eHC1cHc8QzBy6t9UxWQQSdxbdRsHpDH1ebi,asset,Everyman.,Alex Shell,
QmS8d9fJJraem3ixzWqT1ybobwD8mPBwJBbKcphAeCFsWH,metadata,Clapham Backs,Unrealcity,
QmS69EqHQFrBkVQHatqtvbwNU6rxo3u8pFYdwjuhcqkDBT,asset,Clapham Backs,Unrealcity,
QmRhRQKPEpKNXakektRStQi31QdvVEB5L3b4MLnwtDgW9n,metadata,_ ch6 _ étalement,abysms,
QmVgW4chT9jHceGRz19YUs1gkNw3W77cxrYr9hBRGAT7Eq,asset,_ ch6 _ étalement,abysms,
QmVjU8xsEAm5qgJ7hrMPZM1C3dHam8hVsXhbzUvq8Xd6Bm,metadata,Singular_7632,yrdgz,
Qmeyb9TL88xwc6a9bonAFrUCK7sigCiBEczDoZEx868bHL,asset,Singular_7632,yrdgz,
Qmb7M9uQMUQgk8UBFrJBRpkhxSofHF2QUUNqVLJCVyfoHR,metadata,#BLESSED,obxium,
QmNpcDBzSkDsdU4j4uiqpf7fMwyBc5NqYP5PxEg9GJgHNd,asset,#BLESSED,obxium,
QmYnv3N8Vq7sdHDNrHWTY6mPVuzAbZanE4WXRGzVhZ32QX,metadata,Looking to the future.,Alex Shell,
QmdPcv7h6D8jgYYsH5MTzACQcdFDbQyCST9dxx6FkmurFR,asset,Looking to the future.,Alex Shell,
QmbHyztwX4Z5m9oQN5pfMtV1zLdebDW4PUtP6yAtofbKna,metadata,Gabriela, Difelice5000,
QmTMG2T6CComLioQhJHxxxEeqo8ttBKHSrPkrcHqovaKeo,asset,Gabriela, Difelice5000,
QmY5Jyhsg6GyEirgaQfP4GFEPAQf5WbeTVNsUxQdxNUmrF,metadata,BLOCKCHAIN EDEN,Rare Designer,
QmNtD8TCDj1kwxsHKjEcELspfmDKrS21vkWmQc1GiKW4GV,asset,BLOCKCHAIN EDEN,Rare Designer,
QmaxNESQU1dZGRdQ8SSstZELMjKy5r8o5pFCDttejKwvy1,metadata,Modeling,Paolo Leone,
QmavDhRGZAZr7J3xbfeWw7SgujRWZ5J1MjxugRAKMLfwut,asset,Modeling,Paolo Leone,
QmTASbcrsfAiBVKZvq3C8BejE5UobTaoEPx2pRtg4g4WCK,metadata,AKA (hidden face),mlibty,
Qmdc8EC8iXg3D95RtE33z8VQhaZF173FFArJB2jFmh24QE,asset,AKA (hidden face),mlibty,
QmWtwcqzkG99cnhkMDJrHYgPfokpAJf1ShrAHd7uih2jmm,metadata,1908 NA01,Brad Damico,
QmWPj6y6SEaDm7NgimvM2WZJTN7XnAuT7xGTDmF5uNjB3C,asset,1908 NA01,Brad Damico,
QmesHWXQ7VeJTR8wcSsyLV5n4XkyupTg71V92WAXSt4Qba,metadata,iSuperCare,Gary Cartlidge,
QmXwTWeni3rA9t23VrKBj7DSPbcHijr5gg8Ri3b1zX36Ri,asset,iSuperCare,Gary Cartlidge,
QmVovfZ4MByTCL9rfG1qXa7AbY3WoFkh4ZQbbgbnADNKYV,metadata,Seal of the Transdimensional Khaganate (2019),Daïm Aggott-Hönsch,
QmVexSYHUrUsshGWgjKbBLEYh68X63sMyvDRVnLB4Bf21F,asset,Seal of the Transdimensional Khaganate (2019),Daïm Aggott-Hönsch,
QmaDWawMPst61Bq3VzCA53HFcqC9bicKQTYmgmhfpTsFN3,metadata,Omniset 2167:87(The Earthlike),RobnessロブネスCyberpop,
QmQJGe47TKLdZT9gR7SEv3sk9sTtjNCmUT5Tage4ZaiJ9T,asset,Omniset 2167:87(The Earthlike),RobnessロブネスCyberpop,
QmNh5SMPQfrzdLs6pPqT5m6PJNcVU4nMtTkSNwH1abkGEv,metadata,Calculating Route,JamesSW,
QmNWmXyF6SW7UzHVAbXqGaPxquUimNgareTW2ZxGvstVRV,asset,Calculating Route,JamesSW,
QmWJy8sKm6SohkpHmuAnufKNQ6yJBLkJCboTE3U4h7xHsA,metadata,Closed Eyes, Difelice5000,
QmV2suRiXCdkt8qJuSe9nz3Yv6ek7qjiWbDvU6YyNGcRFZ,asset,Closed Eyes, Difelice5000,
QmcPuWM6mGamGknVKEJBvdJBxk6dMKyCbVfkbGvk5vGaZs,metadata,Screaming man.,Alex Shell,
Qmbqz6gZdj7CsUXmwfzEuvF4Q13k5gaXSicNFADfYT7z7v,asset,Screaming man.,Alex Shell,
QmZW3PbdzRKHdqKwY239QRP8L37P2xmvokXyqDxbgPmr6K,metadata,A Penny On Its Edge,Unrealcity,
QmZbbrwLhWgDKSGm5KkRhrafJqZLuahgf2aHaXdkhqzi9n,asset,A Penny On Its Edge,Unrealcity,
QmenpnaV7rvzywS8pjyoohWHsjCy83AndfJG8J2i98cNyu,metadata,10:00am,Giant Swan,
QmfSDrv78V76oKLAo6Qf4YypDULXvSw37x62zyn1jAWfhz,asset,10:00am,Giant Swan,
QmZxBgXKGEU8RwDVvCCCAMSs3YDMuVwAMswP2c8nJT5kbz,metadata,Inner Peace, Difelice5000,
QmPdCVCEcop8fKSa6hRWUSk52wzeF6G4C5sknVrKDsXuDe,asset,Inner Peace, Difelice5000,
QmSpzNYikdvGCmBrach5oXrmfoAG4pornU7SarZAPR8RRo,metadata,Eye of the Needle (Icon Series: 1),Greg Notzelman,
QmVht6k2tCQ7sbPKT6e6qoNjoZ6noNncGcH4GNWmvsret7,asset,Eye of the Needle (Icon Series: 1),Greg Notzelman,
Qmbe7x65D12gpfHDHnSTMk5WSeqYAn8FFEabBNtDygzXJz,metadata,Hotdog,Miwa,
QmdGeMsUjrwiMQQ4saMQC6Fq4eD84T7dyQgfN2tUSyPmuV,asset,Hotdog,Miwa,
QmNczyKVLAkzekqv7ASHxD5yn3G8pzvUgcNc1amauZZ4mH,metadata,Red horse herd.,Alex Shell,
QmfGk2GjjipLCXdNQw97Zwxi1XG3NGzxPNpqrw8yZzKXCT,asset,Red horse herd.,Alex Shell,
QmUdgamECdYw1Wmkuivyk8Yobh9x8CGJMWnr5hY4ZAXrcf,metadata,מתוך כוח יוצא מתיקות,Unrealcity,
QmYK1Xt22fWfPVCWJ2FTZr5gKXeujZCEtwmaqCzqu3XKZF,asset,מתוך כוח יוצא מתיקות,Unrealcity,
QmWM96QBJptGgAvRELupGX4fZjapvhnrAeovvwHutxSzeM,metadata,Perspective, Difelice5000,
Qmd5tiyvsKc2p2nNqfcXkcKSViPPnawG5x4GB7EC7RjAKG,asset,Perspective, Difelice5000,
QmeBCM11FzeHUES2Q1JjBJBZvhXEFtmQw8LvuXBjySZymt,metadata,Gloria Miami Banana Dai,Tom Badley,
QmNW8NbbKqHRK1xWQtugMrmZ2t3VL8mseYVJ8DK1ziqVcu,asset,Gloria Miami Banana Dai,Tom Badley,
QmNgMiEmWR5XKroNMW2Tsh5g6J5z3SbARrw2fwaFBBZuyT,metadata,Doge Dream,Tosuke,
QmYFJk76egM5hdDFBZ7WzeBc6GxFFhaBxb2JEauXx8cpWy,asset,Doge Dream,Tosuke,
QmSgpJieomoRV5Mi26vikrKA1jEN98iLZquGpWmunNDxXZ,metadata,German Boxer, Esq. (2016),Daïm Aggott-Hönsch
QmeD3Mgd24oNhb2mou8RKnWzhmRM84C8A2Qe5WpFwLGixq,asset,German Boxer, Esq. (2016),Daïm Aggott-Hönsch
Qmbvy4jWXfxGwxAtnBdVLaYW5nvmydUMLo5mABwCfZYNEh,metadata,A beginning,Gary Cartlidge,
QmWVon2YWVf9sV4MtjVrDftQzxMZ6ppBFCmXCXS3adHWX7,asset,A beginning,Gary Cartlidge,
Qmds48DWVUmbAqbKiqaQsCzWKUKaMYkfsBJ6o5H3CoNFUx,metadata,Intrecci - 181E39579,Paolo Leone,
QmTRNNV3F7csHVVQVe6nTmAv3HesjtgLYd5Hrb4f2T4V4f,asset,Intrecci - 181E39579,Paolo Leone,
QmYMW83s69NwzQFTWkNig8kMYpNkiakWo9F3uDcM8vx9Dc,metadata,Generative Colored Sticks,Sturec,
QmekoptUcFpGFhSMay5cugWw3hCcaA42NYEL2d2iVzLaXm,asset,Generative Colored Sticks,Sturec,
QmT8fGtJLaTLednABNHzPzg2QjCESHXaLSoUUxthy5vw9V,metadata,The water pool.,Alex Shell,
QmVsVxasrJy64dbETbTHNJybK53F2zaZ8ancSxGFhoeMef,asset,The water pool.,Alex Shell,
QmQquytQWzV62yGvLQYYvnPoeSMPh4Rqd4JnWy9sVwJMwJ,metadata,Light Tower,Stan Ragets,
QmZKTTxFz93uHMiiKYmtqUxS1WJE4ZkSuBkWiFeaKyJJYi,asset,Light Tower,Stan Ragets,
QmQFL8ExNc9tHda5CSsNPkWZKoyHi8DkbpMDhvhV2zGC87,metadata,Fragmented Marilyn, Difelice5000,
QmZdBXNPdMxWN5Wk9gVCTCwKaKTcF8pwVxwuo9kQqeG1W1,asset,Fragmented Marilyn, Difelice5000,
QmaJzhbj8Hr77tygHpZ6f5PBaGFi4HBawMjvjtB41TogvF,metadata,Radioactive (Icon Series: 2),Greg Notzelman,
QmNWhhRgDDZ56wB1miuoua762NcC6DShUvAGzjDzPdDfpR,asset,Radioactive (Icon Series: 2),Greg Notzelman,
QmZ5pKnSgkWsjttoJfc15YRC3hbyNuXRZ8RFDxdnzr88Ur,metadata,bustle & flow,yrdgz,
QmbpCrPyg8YEDiA9Mw1cR6RLbWnrs9zdFKfpjEj8X7WtzS,asset,bustle & flow,yrdgz,
QmQ2Jwz23JhQkJbxopKaEdzvqeU51n1pgQZbsd1FCN4J6Q,metadata,Black garden without flowers,Andrés Senn,
QmStw7nK9ae51p49cJDMVhcmtMPcT6kkQiJiuwyb1p15b4,asset,Black garden without flowers,Andrés Senn,
QmUyGaKdqR7Z9fmemuty9EZjvK5JpPdC3GfK2PSTZ3REDx,metadata,Sin Apps,Unrealcity,
QmatzPeqaE5VrGztvMVVpLhUXGTbByVxA3w8Uj7dS466Fc,asset,Sin Apps,Unrealcity,
Qmf8PFMYRrvg5GQGpAZ7sFUcp7994VB59zjeCgu9nwbDQx,metadata,Inside the Blockchain,0xbull,
QmSY6MUCztG5JyG5gtFruLA3KtA1UeNNDGkE4178uNjCoV,asset,Inside the Blockchain,0xbull,
QmezPbEJstUWBXSJjz3snCgyW5pHjRyza5Lh2YujPs1uKa,metadata,Veronica, Difelice5000,
QmVTuTooEEmGoSyejjahbCryPUgeJ8P2SD9N2Cjao7jTGV,asset,Veronica, Difelice5000,
QmaXh5xHrsCz7fvggsYUuYLsM9pSxd6RnsV9JQoQvy1g3A,metadata,Buddha XXI,Uriel Hernandez,
QmQGnuBTuwbFJiGFTpXicFG7S93yjWAfDK5V2uc8KTSGrk,asset,Buddha XXI,Uriel Hernandez,
QmTCncBDFNg1HAACZNkgQqP9JNJYf3YLKez3js4S8bccN8,metadata,Mrs. Unknown,Alex Shell,
QmWm5qof69mKi6scbxHdA3PA8f3VCYnZ3nK8wpsesL7GiA,asset,Mrs. Unknown,Alex Shell,
QmZ67mmAKjoiU4vUrBk2ty573kPxqgooYuFj8zB6JbhXJm,metadata,Tau,Yura Miron,
QmTofVtSzBLE1Hz5wyBTpb7xMEFhb9LdK2xuP78AujikV9,asset,Tau,Yura Miron,
QmP3iYMWUVanHtLcVJBh7etaRwgMoSc3Xum26fM2w9UmPD,metadata,let's pray for ...,Atelier Dresemann /áka/ buzzlightning,
QmV9vhPKjWkt7PMSKwzWkxgtjYxw66rsF2k3jmghBJuj1R,asset,let's pray for ...,Atelier Dresemann /áka/ buzzlightning,
QmUkDPxq219tBTDkfnKRGrKZR2gqDwXY46nZ6DRE4bBXgX,metadata,Neoncells v1,Vansdesign,
QmVxixNwQ7r2TthTXYXssnys3GAHhzQCKSK1UaY1xKf7TP,asset,Neoncells v1,Vansdesign,
Qma2PVuxTX5w3oWhrk4jbr2Vj7sPvBgYD5MZSL9iCWpARw,metadata,Witching Hour - The Pentlnad Experiment,Norman Harman,
QmUGXhXFG8GfhuMxkSU7bwmLaWfjFVNuFnwiqRwGvb8Jnc,asset,Witching Hour - The Pentlnad Experiment,Norman Harman,
QmQwvioXvpXWZR3KZaSgYQmxyn7AYCRfVFM7nRSTfFjuUB,metadata,Every Exit Is An Entrance Somewhere,Unrealcity,
QmUB6jyqwpTX39Q3gMKBkUb1TvtgJwKbnJiDn9jAL3VnSh,asset,Every Exit Is An Entrance Somewhere,Unrealcity,
QmNjarn8wQFZnBmsTF83axC6peEh25gM3uzRNQDZxBdwn8,metadata,【﻿Ｓｉｌｉｃｏｎ　Ｄｅａｔｈ　Ｖａｌｌｅｙ】,RobnessロブネスCyberpop,
QmYUvvUgSGeqm8aQ19RHrTv1gR33ZT3u5mUtpY1Y6Pcz79,asset,【﻿Ｓｉｌｉｃｏｎ　Ｄｅａｔｈ　Ｖａｌｌｅｙ】,RobnessロブネスCyberpop,
QmVbqNhRM347Kq38Dw5zBBTLZPmMKmLe6tgeMtCQqp52M2,metadata,Phon3s Series #18,MightyMoose ,
Qme1QDXTUnZUoKCL4rb7T6pwBGm2eYdu7zPkMvzZ7rYuzi,asset,Phon3s Series #18,MightyMoose ,
QmabHpip5ocFddtXnyevSM9QmuWMV5nYyjc8Qyv777gGG3,metadata,_ ch6 _ beyond seaons,abysms,
QmWYrTkJfsakeB8toj7aNEPHope31sKSZWUofBbnofQRwR,asset,_ ch6 _ beyond seaons,abysms,
QmNW2h6puFT35GxcPbkbw5YMD9aRztf23wQejpJbygbeuT,metadata,Sensory Takeoff, Difelice5000,
QmcmAXZS9Rxd7Svogig1unCmpcYPWS43MwDLFMpERsRmXQ,asset,Sensory Takeoff, Difelice5000,
QmZK2JzviKZp1AmjauzdTZbQeM4Zy2ima8TReCx89RuADj,metadata,x marks the spot,yrdgz,
QmRsjBbuwXRgY4UXowGBYZskFvUdNLiBa96FKS8GEzYsu4,asset,x marks the spot,yrdgz,
QmRBmsi2m4EMvKQLjkKzdqjrRug6cc43FtN7rnmJmEnXr6,metadata,Pizza,Miwa,
QmVgxncYP1ryMSsT21wrnkmntGUpmeL6JRsLTRLwyk4x41,asset,Pizza,Miwa,
QmUfdGZPeutzLT3x3vwNdG1Q9hD281a1vdvyfy1crv21kY,metadata,Save the Bees (Icon Series: 3),Greg Notzelman,
QmS6NniGDzN4VniZkFcXpivLFmUx96Q9spT5MzSqgv5jb6,asset,Save the Bees (Icon Series: 3),Greg Notzelman,
QmT2ZwVsNzcNQwsoMbMAUchxpF3DaUNeceFXKCvEs7rCcP,metadata,the face behind a symbol,buzzlightning,
QmQetVaDdyRPqfmH2zizw2uay42kBCDi4r1bGpE3zB5vpf,asset,the face behind a symbol,buzzlightning,
QmNtp5qd9VhhLC1djpfKrQtzicxg6w1dWrvEvMoqXTk386,metadata,Hyperspace, Difelice5000,
QmVnhWx8kLt4Aw4kPMGgn5cCWCA34WSLqL5zKKfThzyF4W,asset,Hyperspace, Difelice5000,
QmZ9VFE5X5ouT62kAB17oNLTP4wg11RLRZmgT383UqttMF,metadata,Bull Angel,Uriel Hernandez,
QmT9sBffArqzHYmQiRpP9GE8NVDKCBHYsJMHdnmj1bXoho,asset,Bull Angel,Uriel Hernandez,
QmVX62qbSs7pp5yabsxnwpa6fPWWNdGot85qGkhjAXccEY,metadata,Phon3s Series #19,MightyMoose ,
QmWCHTT5ineSeE8A1tR3GJtcVqGLk2YvZmehC3JZFGhUec,asset,Phon3s Series #19,MightyMoose ,
QmPgGBhL9Kg65Xumg3a1XaXuuadgt6iEdcAwfyj2CFPdML,metadata,Blue Motion,Bit Errror,
QmdmBSQLqAbqkTGxUcejz18dDajEpzWQ5s22UYM8sxCbEf,asset,Blue Motion,Bit Errror,
QmWXsLty3MW4D64vqNuqfuRfkJe4iy8EY65YW4ftnSvQYo,metadata,Opinion and Knowledge,Voke,
Qmb22sCudQWXEBuwpiSNSa6p582xd6nH44yiavkhC2tqmc,asset,Opinion and Knowledge,Voke,
QmddFHHATSFATceE1ixAhxGFAtCS3yqX1GMnu5sHFzSpSR,metadata,The Cockroach Cathedral,Unrealcity,
QmS1munVs97WtvztqvUogriUs1A7MQHguUsMRJDk8roH3h,asset,The Cockroach Cathedral,Unrealcity,
QmXUKo3UhSPfVuiLScCvbFhBULrf9Ey4h1iDZpyUPAzivx,metadata,Face glitch.,Alex Shell,
QmexY8h7bqs83kqw1iUHEA5hbCNUdxfG5FzBznTZDwJxwX,asset,Face glitch.,Alex Shell,
QmcKfLoBor3C3XBRQkroTaaYHfmkEFp7AN76X1yeW9KhHk,metadata,_ ch6 _ évanouir,abysms,
QmRczLa4eqa2VEvrX65cepARa1wiMrKkWhFonG85LE5fsX,asset,_ ch6 _ évanouir,abysms,
QmR966qRWwYEoM9LoKJe4sNctgySSF8kxaVCjFKq2h2Qk2,metadata,The smell of your neck, Difelice5000,
QmTvHW6LMMPxWZje45t1H24KBrVFFEcDKQN9ABbKh438LP,asset,The smell of your neck, Difelice5000,
QmfS4bFXo21AhsouFuvUMSXJpWKnXhZsk15Bdtn54KXNR7,metadata,BROOKLYN BARDOT,miss al simpson,
QmQDWLHKEz1SM5iBXQQ2NkeZxHMbsNhs9ZMRhaesP3jENF,asset,BROOKLYN BARDOT,miss al simpson,
QmNVxS8LcJBEECWwqsjzKpXft3mb5vdeGMQpTEtA7UsHNf,metadata,Her,Verdaccio Donatello,
QmVUJiUKhkL3sUsQjZzkocaY7PvuKf2HEfZX1MMSFYQAw6,asset,Her,Verdaccio Donatello,
QmSUQtAPNz9M2uPM2FFuqQznm9d8a2Xu5ycMh9XxHRzkSr,metadata,11:12pm,Giant Swan,
QmU6snHBFUtswZRCvxyPBUyBRxJc9NxyJyRWHGLHR4Cagr,asset,11:12pm,Giant Swan,
QmXRXn1fok4eG2HeM4FmSDCr1hpF5TEKXARYHNtvPrUWQ1,metadata,Additive Colors Plants,Mattia Cuttini,
QmNo6fXnnKo9r5tTzDTAFkhQED5WGCC43NNT2bhG6Hpi5Z,asset,Additive Colors Plants,Mattia Cuttini,
QmVawtNx6NbbWbviWbxkJaG4Gg4EkjLd4y7Xh5gVN9k7Ko,metadata,Arrival, Difelice5000,
QmaYRTfr9TKuNDea82rjvbDXDY4PQLGvYa2XxZMRBmzMNq,asset,Arrival, Difelice5000,
QmV9HeqTcqC1EdPCZuXLtnfGrMHgWZBEZCT4rqMHxpjxBG,metadata,Boxer Skull,Skeenee,
Qmc3kaTszBGiu1uqHxq15J2cMYkBd76YvYQNyBLJhTEune,asset,Boxer Skull,Skeenee,
QmcDwbweVJD4w3QAsRanhcAD2B8qghj4cEVcyMJWCke9Wp,metadata,Hexa,Vansdesign,
QmRCGyg2ARYUxtpkubfwiJYUiV9iLbiFCySJfsPffdym1S,asset,Hexa,Vansdesign,
QmSoGF2vHSapExvAuDxgmTQaa5yFCPueDEGrFHe3SKwV1z,metadata,Dali's Lambo,buzzlightning,
QmQGctvmwKEgnnSn96EXyJLkXTSNmh2ccej63LMpVZ9CEd,asset,Dali's Lambo,buzzlightning,
Qma73pLLm3rfk9pon9GTwyAVCUY9JZ8FWsz8LTS2xvhQvU,metadata,The Crystal Palace Is Full Of Dinosaurs,Unrealcity,
QmUsK64VdRQ3YciJ9gVakEcS1oMLBcx9LCKgCFms1D3wkw,asset,The Crystal Palace Is Full Of Dinosaurs,Unrealcity,
QmUTFSL2W4bpcg49WwSAiUFJdEvwn77JGUbPqhLgsMmGKA,metadata,The head of a frightened man,Alex Shell,
QmVyuXsmrz9AeNAWhapt6M8mfbTQ1gMuymD55L7XGgpVaw,asset,The head of a frightened man,Alex Shell,
QmUtF17vSpXXpSwqSWrBPtqomPUmRiHWxJe3ehsDLmEBNx,metadata,SOS BANANA GUSHER,obxium,
QmPXAMoxfpRHgwo8ykoEv47a3oRVAEFajbfSqY2uoQTCNC,asset,SOS BANANA GUSHER,obxium,
Qmbbc2eFukEn29pkabHvHDRDaDgRQPdSZQdi5Ggy5KPCcn,metadata,Phon3s Series #20,MightyMoose ,
QmdS659u86MGCFP2CjroK697KxLwP8qGLwrZxzvma7k7a3,asset,Phon3s Series #20,MightyMoose ,
QmQfVZSNpxLHmkHZxTkX7T2MKP73XP6ki1wy21mpCrYAkr,metadata,Composition 26,Jsf,
QmS2DS8DwmMHZ146kKz6wbw84mB4d27MHusG5QbyLL7qRV,asset,Composition 26,Jsf,
QmY6EpewPzWMxhHVeHuVZpLCc9Ndt8pad44ZfSy6Qq3sJ1,metadata,Panoramic, Difelice5000,
QmWPXCi2eBncKCMbot7JxA4LYnjwfcfn2p6AepaE8q5GCH,asset,Panoramic, Difelice5000,
QmXzYwAhxSxTpEY8xKt2x926Rcri9TaWeKJxxe3rJvcGJh,metadata,Muse Fish,Sturec,
QmR4Zp8dtezjNrA7vGmNWtZuS3L5XEqWWHHMQpKrUXcCB6,asset,Muse Fish,Sturec,
QmarqcNQT3bWaqtTFJ65zUqHi4swEugoZreSGQrwrtTiaC,metadata,Energy of Taj Mahal.,Alex Shell,
QmXd5owaViTx4rUjSHf1HgBMddNdnW8byFVUpSGkMLNREX,asset,Energy of Taj Mahal.,Alex Shell,
QmbJ36pRU5TWydKGLymq3C3dewZD6LQeNtAJujFzMt3pt5,metadata,The woman's life full of color, Difelice5000,
QmQ3KSbFRRYZ4aowr13bGT8wkytX9UeL2a3j2fwmqXw6on,asset,The woman's life full of color, Difelice5000,
QmP85GXYG3iYkXNd7xECtaVvQTeVxzz4vYZG46bDjx6rwb,metadata,London Is Not The World,Unrealcity,
QmTdUhvFhynWWoAvKDH3g3v8wkk8H33WbQHhEW3dVpir5M,asset,London Is Not The World,Unrealcity,
QmWrepN7fPZNtamjJUXPf5GEeXqhiUUxnWxsd3PHX3LxYJ,metadata,ヴィンテージの未来(The Future of Vintage),RobnessロブネスCyberpop,
QmUNGnddCDc1ZnazyZUnAA3aZhuVBHiyvSrwRPbHa8TaaZ,asset,ヴィンテージの未来(The Future of Vintage),RobnessロブネスCyberpop,
QmXVpdmXC9qHrWjkm9ciNhF45yaXoezSWYK8dSDJPuoEAU,metadata,The Death of Fiat,Tom Badley,
QmNT2T5299KWHQGu2akfrU7qFiHjxPTzKTXHxkVdowfXW2,asset,The Death of Fiat,Tom Badley,
Qmcwq3WMVbm1PteDgHtDjFe7cZc7mvve8Bh4KsqzXm5nCF,metadata,The confusion charge,Gary Cartlidge,
QmeCjkzwK523V6gQAdmVJw2udx2Da5jN8iZ9ChM3cQZqAq,asset,The confusion charge,Gary Cartlidge,
QmU4ozEmLPx6sXG1C6cwwTRFjcGZoyocBH4WBjRend7bed,metadata,Composition 27,Jsf,
QmWNSLBJaQjq1XcfoefqkbNUVm3oUXWF23TWjhr4pibA8b,asset,Composition 27,Jsf,
QmP8Y5FiEHMGGSAHCuQPggvMFM239T1vabegJBjuiq89sF,metadata,CASH SLAVE IV,miss al simpson,
QmNrgV91zj17L147dR8tQfrMj6Z4YhYiowMiR6zCKHYbwK,asset,CASH SLAVE IV,miss al simpson,
QmYQA3gPmdgbwMDG4cmjA1Fu6YYAKWty4qSNyiYjhkBBpv,metadata,Testulea,Yura Miron,
QmZTx1tdn99ssziZjWUWpXyy6qwUfMuKTKWaY4cTujfbiN,asset,Testulea,Yura Miron,
QmUsJBz9UvqJnz3xrHr7qW1FosKctc2dn2j19cW7Ky6vzh,metadata,Shadow Minimalism v1b,Vansdesign,
QmUZb2XPWmm8A4nfPwb2ptbGUohJEFE8TNTnuwiCzkM55U,asset,Shadow Minimalism v1b,Vansdesign,
QmVtKZZYhMGd1vh4CDpE7Cyr1VHfeSiY4cRK7obMgSzwnu,metadata,MYspace,mlibty,
Qmbp6JBsJ8r2zhomJUcCxhWDcyhkFkF66iqkASTNB8hi93,asset,MYspace,mlibty,
QmegKwwoyuNR1RUgobuKxmsz3GPCCibf3ohkUKoANijin2,metadata,1908 MZ01,Brad Damico,
QmXTygPvwo1PTR2kezBoZCBAJoa6v19VRS7b1nvX6Sshws,asset,1908 MZ01,Brad Damico,
QmT8w85EHcKKcFUmkZ74eX2e1eUrZ2j4JZQMcB4VzKVpMz,metadata,Mr. Unknown.,Alex Shell,
QmX79UuEz2kYNz6xEoMEe72gzrV76zjSBbLczx7Ghox21v,asset,Mr. Unknown.,Alex Shell,
QmUHhYcw2cKvzYgdSiRPkqakdN3GoFpWwjEYrCun8aUM5n,metadata,Temptations, Difelice5000,
QmRCDL25QRdCmh1bmxpvcPK6u3emr8kLznQKTZ4AeSyv4e,asset,Temptations, Difelice5000,
QmdEKjoPs4FfaMTowxeTWVGaEhTshAHLv2mvszVuzdgLKs,metadata,Elegy for Ophelia,Voke,
QmZ1a1oHJSRoaNfyG5MgqzBy3HQ463u8EtzQxBXuQcZjed,asset,Elegy for Ophelia,Voke,
QmQzLBdVyLrgWtJ8Ewwi6CyXaAStFx6PDRnjzyzmXVkEVX,metadata,Nr. 0 - Disclosure,Oficinas TK,
QmV8sNYvnfwoT7JNu5wExZT5UWtMRtpADW5pqaB5fTJB3P,asset,Nr. 0 - Disclosure,Oficinas TK,
QmXfhTsGg8SK6fGvwqcBXXxksU5tvmvzdvEE16uh2uaJLB,metadata,That is crowd surfing Rizzle,JamesSW,
QmQzmDMNXjYwvVgP6tLUTMy8C7DXrifxBYKrTx18KqXPJ8,asset,That is crowd surfing Rizzle,JamesSW,
Qmcvvr7WZ74WRNvrV36bB5aCY9M53nHLd9rYZTkedJZxQo,metadata,Intrecci - 192E09790,Paolo Leone,
QmXjNaAtQ4U9AZpEGVXUvHanbfVLTnKd2GurdTttaMw9MS,asset,Intrecci - 192E09790,Paolo Leone,
QmQH7TEbhcH6RXbTbiEsq6QRbvpKCkWg9YeoAgGBE5ZLEU,metadata,VITALIK.EXE,obxium,
QmWQZQhPQ8NEkikKk5ViGTu1MUyWGr2GExh9LFaMW4mRun,asset,VITALIK.EXE,obxium,
QmS98pb9NRDwbPjfT5LY7t53rqnMwqbzuCYBz2ayEpfXG5,metadata,Phon3s Series #21,MightyMoose ,
QmdeKQZddt9Cdn4QxQmYHoi2HaM6PBBnKyMPx28G8pu8UF,asset,Phon3s Series #21,MightyMoose ,
QmVQYMDz1kDnkjgZXwf8MErZQ5KyMgccvy5NgbqcpHyx7x,metadata,Mustaches Are Creepy!,Stan Ragets,
QmXXstHiCzn6sbHQYaNihiR3rz2cMH4A1Aza9T2Wvgc3Tr,asset,Mustaches Are Creepy!,Stan Ragets,
QmSy6rNtevgVY9xrfc6CyYiCRoGhcf9ouMDUZKTM26ZHsv,metadata,The Man with No Name,abysms,
QmXNMyViRTKuez6VgVF7xoNmqAhFCyrJJwgafPT7MTRLXC,asset,The Man with No Name,abysms,
QmXgKtSMCBkq6PdyCck9tey7ZrZWjHeQG6PgTw4U38w9a7,metadata,Neo Art Nouveau,Shortcut,
QmZMfX9CWJYaTZThE2P9H7rv3YubMX4y4WgTQqnw5bHYY2,asset,Neo Art Nouveau,Shortcut,
QmQZ5NYQ1RK8PzNPPBrC3SYCCSAKcMtL1sb54mPqotaKT6,metadata,Virtual Skies IV,RobnessロブネスCyberpop,
QmUV2CqUFchdWdLcy1ugfwPyWFZpdM7WzRhQrtyEeU66kL,asset,Virtual Skies IV,RobnessロブネスCyberpop,
QmTH2u3mQaLxhwEkB1uqrMBa8vUo3czCvb63Hp694vba4K,metadata,Freepod of  Expressimork,Hackatao,
QmP8ibX65rpznD6dPnSyAjPAEJ9FvcdRdHbDmnvScU7FR4,asset,Freepod of  Expressimork,Hackatao,
QmQt9tmfQ1QQb1ntaddKmvcGSvf5ZnyMxHbUWo9SZB3fu1,metadata,00:00,Giant Swan,
QmfPNJmh9ZyKjYM8cckHHwAEXjgKVcXHcd6FtYhYhNsnsv,asset,00:00,Giant Swan,
QmYrX5HXuF9dwz7kHfLPt8GVTUhbjCSARZhkPsW7cMj1Ss,metadata,Straight Ass Bitch,LoveArtHate,
QmNfxJpG9auCo1asuv8ruh1tvEn35WKhA2p86GkQx8qXj8,asset,Straight Ass Bitch,LoveArtHate,
QmQkXGrF3Rr9ci2karVYbobzL683esPRZ2rkGuRrMWX2Pt,metadata,They Will Find A Way,Unrealcity,
Qme7hzYJowXf9ppy6TQBicrPHhqYQ7WJWDWhV4yzzxAoMc,asset,They Will Find A Way,Unrealcity,
QmUkT1cdYxiWJqUTxbKiipg5JeAsT72bv8UWntk6irjmTn,metadata,Die Urpflanze #3,Jose Blanco Perales,
QmWKVbPhpRPoSP1jkcJv4WiPWwMWLNfsyEWW7jwsUyarZG,asset,Die Urpflanze #3,Jose Blanco Perales,
QmdmLQxzs6VHfiLFySK1ttCtYFXhHvskLx8rfRhkvBWNsT,metadata,Explorer,Sturec,
QmThn7f7FhESCh7XfnzmHHcsA5mmaA8R3nXsgTqTjFK5th,asset,Explorer,Sturec,
QmPD1XZnK6a3YRimjiw8SbKkT3p2mWTfKmizXYXhqs8L6N,metadata,Glitch in Giza,Glitch in the mARTix,
QmZofq98wjB5CGuqW9sqNzaNCtDGd9YPW1WB4Ww686wueR,asset,Glitch in Giza,Glitch in the mARTix,
QmbuBMmSVmS5VGgWby1neCaLxcSdmvF7zuQtfdEDaf1Tog,metadata,Pixelated Umbrella, Difelice5000,
QmSEFUrqV8yqsRnj8kKskz4a2mA83tQZcux1DBDytNZ5i4,asset,Pixelated Umbrella, Difelice5000,
QmaatZYiuv8jNJTnZyJpqBnSMAa3dGD7HR5A7bBzdzBU9h,metadata,CASH SLAVE (REDHEAD) II,miss al simpson,
QmQpSHZzDfNZzWK75pcpYDRt7K3nyoc833pLtqsdtBtsQX,asset,CASH SLAVE (REDHEAD) II,miss al simpson,
QmchodWXznohD79UfHZg3N57LTzF3s9GLL2SMugP5QccyZ,metadata,Crossing through Dimensions,JamesSW,
Qmaq3xmudB5VXhkboc25evbp1sB5EgQwJa4sT3FsV9xTun,asset,Crossing through Dimensions,JamesSW,
QmP4Vt1CwEqEbkbpoiBhzrE3K7A9HtFAMreryarp3W5HBP,metadata,Unkown Worker on Horse,abysms,
QmYkkW3E7hH8C5aBtd7Ms5prPjaEFyBWLA5puime8odbsN,asset,Unkown Worker on Horse,abysms,
QmY3RtkgVinj8TRjkxKd4aLqsQhbySTqGQhfAGsGuUkWw7,metadata,Mr. President loosing confidence.,Alex Shell,
Qmbmvznksx5TF2259ch8BzPcw2VW8dxVBfQdotJftaAwpM,asset,Mr. President loosing confidence.,Alex Shell,
QmRtLx7bysiv2aF2djbMU98E4gBdEPvQMPenRdXTkW4Rhk,metadata,Forget Me Not,Tom Badley,
Qmb7yffGFe6iKRrVBHGeMfdartFB7H5eYXFvk3KkHcwqg6,asset,Forget Me Not,Tom Badley,
QmdXiF81ejPmN5yHLcwUMRDZtbh96kDfvYBo7MfLo8kpkw,metadata,Timey Whimey,Stan Ragets,
QmNzN9KHyiXR3FCrnkzn6BWa7jqXeoec3sEZQ33v3vg1AP,asset,Timey Whimey,Stan Ragets,
QmUFgj5T9mjYLbY3ek5XC1DhZJ3RqRRGfiD9U3mHrzRFcT,metadata,Voxel Lander  (Animated Icon: 1),Greg Notzelman,
Qmd5HgTHYffmdUBGbiw2uq2duzNuCh7aqshJoTR5eQHNgC,asset,Voxel Lander  (Animated Icon: 1),Greg Notzelman,
QmaRKQeXGoD164QaGfkZ7jjBjHv9QGMmu2sMQu7Zn8RYTG,metadata,Virtual Skies VI,RobnessロブネスCyberpop,
Qmdm2nxyDJwTkfeiXnWHyWXScDZjHgmBDWqKnaDWxPD9Nz,asset,Virtual Skies VI,RobnessロブネスCyberpop,
QmSFfeFCaubsx9jD5Trmk6pqrMGDXddvQz18T5MPbEwZjW,metadata,Radiant Series v3.5,Vansdesign,
QmW8E2Jit4zEcgwKjJ72EiWpjFus7GtcaTA6mSJH29FRAh,asset,Radiant Series v3.5,Vansdesign,
QmRxarCh4Vgs1JScm9QZtg5FMoWmM12MDD9VrwnN1uCzm3,metadata,Nr. 00 - Disclosure,Oficinas TK,
QmaviyyXKJTNAU6TXGfNBHKzuKmGfkuLUisqHUNryuaS7P,asset,Nr. 00 - Disclosure,Oficinas TK,
Qmcq8U2Gqqf2QuZrgXjCXZTRAQriQBK3AtsQrCLjXHAPVM,metadata,Nr. 000 - Disclosure,Oficinas TK,
QmXkv5waDDbjkqM3KLDw9GGUVkHTg8quujw9nHTp6Twveb,asset,Nr. 000 - Disclosure,Oficinas TK,
QmRAjHvVo33ZdjmQfaMSABrQSbCktmX2hi2Qb7y2j1mJ19,metadata,King of Stink,Unrealcity,
QmUC8vpChWkFezNPBf2zTSgjGZYY4iFDZbB1Zw8JCdVadN,asset,King of Stink,Unrealcity,
Qmc7DsC4R4eigsBzowg36M1c4wWUWUG7AT8pakT7JYMMY1,metadata,OK Snoogle!,obxium,
QmeqvwzMo64BTA8fYXDVnWy6fyusQJoE92t1z4vH4K6Fxj,asset,OK Snoogle!,obxium,
QmYW4QDVpsupKzBPBVDYM1djixpCfqstRD9RaKJUG9v8HE,metadata,Glitch in San Francisco,Glitch in the mARTix,
QmeZPd1NWGPqqpBZETt7U1c6oxKTVho2z4R4tcxr2AixfU,asset,Glitch in San Francisco,Glitch in the mARTix,
QmThHmwTVUu3qf9PZikFu9X1NtxoQ5mMWT4hn7XtonypnH,metadata,Buzkashi cyber glitch,Hans,
QmVWaFcwxuvBgntta59ipsduRG2yGdPeLEduBAVNFDq2pJ,asset,Buzkashi cyber glitch,Hans,
QmZEQip432XPFUUyw8dUsdxBp9umf8vMCriA1Zinh8SASn,metadata,Not Service, Difelice5000,
QmfMuaxLhEJXgnuTfRdhEmsiJpRwkpmWz6ax9b5ih57pXE,asset,Not Service, Difelice5000,
QmYg2xPjXzE5K2ArWLoCkA1Drxv1LJt9gDojS8idL45tGe,metadata,Dis TrØphy :: Phenovibe Po$t factum 0.001,Max Osiris,
QmahboE9Mo6Zs8xZWLoMHKmDTLTZoJEuiFpnKNewuNzF2m,asset,Dis TrØphy :: Phenovibe Po$t factum 0.001,Max Osiris,
QmYUAn7zZaCECfSth5krVsGk9yj2xFqn1cKzLkjEo51EH7,metadata,VitaminB,Miwa,
QmQPnZ4yQaTAHcPkG7G5yeWE2oSAQ9e7eFg7yQDJRBDanv,asset,VitaminB,Miwa,
QmUg9A6ww684ASxdmzXpY3Tg1DSZ1FniQVhLbKUhQVtf6x,metadata,TATTOO TIES,miss al simpson,
QmRJyncrz9wPqitMmDh6add2ri9VhuPnv7t8dsi4dXKshB,asset,TATTOO TIES,miss al simpson,
QmbSozELebcSiunZ2ZUUHE7Ly9nXTYXiijNKssdiDrEKiV,metadata,hard-beat,buzzlightning,
QmbYZsiGuKVGBRen3VusVhpkKLg6AAXLrxdvEJCbo5TDcQ,asset,hard-beat,buzzlightning,
QmUBqeYinT5DAG4MX9paFHonk2rzHwkAHzZDTaXbGcHzMH,metadata,Attacking itself for profit,Gary Cartlidge,
QmQ2tyb3CtnuZpjFb5WV4gosMt3mRTKVZjTqP2iXfgVU8H,asset,Attacking itself for profit,Gary Cartlidge,
QmSXpXZtJPK7UNqi2a9iW831aYhSY1bczND9vC5Hpi1BSZ,metadata,Phon3s Series #22,MightyMoose ,
QmUiR1EEQRUu4Q6zPpDL9jQmKgRJvDjfeN255o6iKWyPSU,asset,Phon3s Series #22,MightyMoose ,
QmZv1Dx6Pm8uqEJdJFb1yuCYpDXLCvvqt6Cj1DqpPj88rC,metadata,ME! (12.15.2019),Lawrence Lee,
QmeyS5tRXnnFobqqXri1tXtD3Xvg8NxcrRLEg9r3Z6vsZs,asset,ME! (12.15.2019),Lawrence Lee,
QmWNJNf2hnZwbrgki67LA5prGSgWvefAonLRdPzT1kE17M,metadata,The Heart of the Matter ♥,Stan Ragets,
QmVYD7qiExxoAJAZ4xHYoqU4eCnxdsez4ATjX9vmGgi2go,asset,The Heart of the Matter ♥,Stan Ragets,
QmQy8aPUKTdygjUfybqPiTBVhe7JJ8zhb9PZfkKkzyxsV9,metadata,Dynamic Possibilities First Verse,Voke,
QmTirfYstPJK8WTGDpPYDe2Z9uTxppPwewoocd6sVMLnts,asset,Dynamic Possibilities First Verse,Voke,
QmNWb4GeGVBeWqAmkBpJoHJKYMrkYrmnnRMvSTHSdurVKz,metadata,11:34am,Giant Swan,
QmVBVzCCTqce2xxLbqa27yuaPXNssYSzA4g6fu2tQhExva,asset,11:34am,Giant Swan,
QmQSDxYPTkobuqjAxssgTfpmDwk5y1vLjyYaesuURFaFoR,metadata,Mona Glisa,Requit,
QmS1AWmMpdFDc5TFaJ7qQMg1ecswqvEhLxTiNKanymzqQg,asset,Mona Glisa,Requit,
QmbCdRvqFKAgcVJk51RrL68UZPLyoxBLPAQBdcj5yqNfV2,metadata,Quadrotto B1,Vansdesign,
QmUyQFJwYRJocYo2iB1MCgUC2yK9ddzk9qDh4QB2wK4JSP,asset,Quadrotto B1,Vansdesign,
QmX7wMdwKW1AzfzCmkjwMYvqzEXUgBzMW2kTzVHvZmzcac,metadata,Looking inward,Yura Miron,
QmbPDXSf1fe8cYL1wMmKv6PpysLX3ZGhG1aV3nGR78kYtB,asset,Looking inward,Yura Miron,
QmZr5bCKgyNeKb3rYQNzvvXG6ahTGJFYmeV9LWF3hW1j7h,metadata,Abstract art. Digital knight.,Alex Shell,
QmQrEgaqN6n3DkWN7yQYYKmeWRvr2RZvJ7nzZMDUggxkZL,asset,Abstract art. Digital knight.,Alex Shell,
QmTS6Yc8H42FuhGJeUxUL6viUfYpTUmaxPuCzGEb7YoLy4,metadata,Compartimentalized,Bit Errror,
QmW2NtAWqatuJxLnpuvtZ3TxYHAYTdeVdYTcEED3ZyB5zV,asset,Compartimentalized,Bit Errror,
QmPjhKJ4hK3RqTdgFohq4WRP47PLjPnAuXGgTaVSDPzFg8,metadata,LIBERTÉ,obxium,
QmNTjQ3xyezdnvqeSnV1vq6QV1FmKvfMTxEBMnEyg18xZj,asset,LIBERTÉ,obxium,
QmcW56BJGReupuDL7AvX18u6faoJEqdL527ccKjEtEcSzX,metadata,Virtual Skies VIII,RobnessロブネスCyberpop,
QmVGnkSkwv4aHGtTUoWC2kERtrTYDthZxYhMp5V5zYx55A,asset,Virtual Skies VIII,RobnessロブネスCyberpop,
QmcjQPtkSS4bJ5jZs4hziUWfsW3ZkrR5i49pwt6qxDxN1w,metadata,Tuned To A Dead Channel,Unrealcity,
QmQos8jeYys1HmPapTHQmeKZDvq3qu8NYP6VQjg2q7jhPX,asset,Tuned To A Dead Channel,Unrealcity,
QmNcdAyWLzqQxTA2GQw13DhWxd6ejoo2YRMoqLDJhKhpRP,metadata,i'm not anonymous, Difelice5000,
QmXEdkAetECTGRysUuvzZQSVyTxAcd5pJh1k1nxDWaqkiC,asset,i'm not anonymous, Difelice5000,
QmdUv9oEN6dRcrfbFarXj1P8Av81XfyTVD597kTFwy8LGs,metadata,static & noise,yrdgz,
QmVf63eahURL3ttpT2vvF1H2yhejg5FtegXUvoZaSXsWh6,asset,static & noise,yrdgz,
QmUUCzFBWARQZFWHPTN3hS3a8hdC7Ln5TbitAPBFsuLbes,metadata,LADY ART,Rare Designer,
QmU6BELJ6hEQJYJAwbGSPAdZvz3oL2rGhJnJXxktLwjLnU,asset,LADY ART,Rare Designer,
QmUaUN9kXpDWJcNxTU35t9ZcisTuk4YTM8zwy76CdUJDwf,metadata,Express Yourself,abysms,
QmXoKAqJomQWmcx5pCyu8dSxWqn79WURoF3xj6Hnfq8GXJ,asset,Express Yourself,abysms,
QmVkL2DjeWRrE1yzNYLXbXm8j9NfLQWDg2VqAeQkzFpVRQ,metadata,Fermentation,Stan Ragets,
QmRPM8H3UAwqUhFWQUVs8DFVVNfaHj5ar7DrpB1XsHoJ5q,asset,Fermentation,Stan Ragets,
QmSBWNSpqogUawL3Y4GNqZed354SLzpZ8raXzjH8caFYAU,metadata,10:10,Giant Swan,
QmSTe6rQsu3ZrjDuWhM58nwMAVGpbJLLMK9CGXkoqr3zzh,asset,10:10,Giant Swan,
QmSvwLsmYmUhGDXbySmyrTACA6dqMsahSqcN8fKBpmfkGk,metadata,Soul of the forest, Difelice5000,
QmekJktbUXcDGY34aqvfcesAM7ZzAMWkLxGTS71a2paThs,asset,Soul of the forest, Difelice5000,
QmUxQ1WyrQzxoBtCQVQSyPfH6WijXrxhY2j2JDAurChvfv,metadata,Star Pharaoh,thesarahshow,
QmeoRqvHsnCHAUTKWa248jqrKyswmhuHtkwNqqmkQJoiYK,asset,Star Pharaoh,thesarahshow,
QmTWmLEooAPghdYBH73iLsz7CztHXtzwPXtdA8LQBaCDBD,metadata,The Tokenizer,RobnessロブネスCyberpop,
Qmd9pq6zeDEtfBmrT2m8kzAVYbtaNKi1aX4FgDxr7msWRe,asset,The Tokenizer,RobnessロブネスCyberpop,
Qmc4eeLyds43fgTgNj6prmg2yF7ohabVXjCULsCbUYo26k,metadata,Space Travel (Animated Icon: 2),Greg Notzelman,
QmSxQsDawzpYGWVLevkbwn678ZytyE1PDiWef35ArRsT2f,asset,Space Travel (Animated Icon: 2),Greg Notzelman,
QmTygiF8DrcD4gr9CWdb364qyCqVhRXbSTz6Gb2BmHVb3k,metadata,Different is Beautiful (2019),Daïm Aggott-Hönsch,
QmaUcQaH5xWBjuBb4uEa3nmFaF952wf5zrS4eBKJs5qpPn,asset,Different is Beautiful (2019),Daïm Aggott-Hönsch,
QmamccNakRm7LJ7rTe3kCoqr3G1xBpJLwgYHCurMBut17a,metadata,ME! (12.17.2019),Lawrence Lee,
QmWMYMFdekAtSxuPwxpkQPeimCQE3aXPrsQyZdYGTiwTNB,asset,ME! (12.17.2019),Lawrence Lee,
QmbuMBAB8z4QTXWhoXhMoSL91c15gyV4jkDXaVXAKmzpVg,metadata,Phon3s Series #23,MightyMoose ,
QmQ9FZkS4rA666yaXJHi7cv212kjZii8jujVL9BheaeP5H,asset,Phon3s Series #23,MightyMoose ,
QmWfHMyhM2JY4vReHPdfikDyBRjdhP7vY3d9pjHSGSDbiC,metadata,Rosetta,Stan Ragets,
QmNkT9bZXgVJLovEMNUWvbmTBGKmgALeecNkXgoE13bFPG,asset,Rosetta,Stan Ragets,
QmZE58Q5cpmrJmqMiRMa6c3XTrR6PwQrNRfYwmaPcXK86x,metadata,We Need to Talk,JamesSW,
QmP6QJJYLMGifqHArVnuYJ4yyg7goPALFydosfpTgGhYwA,asset,We Need to Talk,JamesSW,
QmRHxnaN3BwrW1zFLUxvdknZAsaebzP9f6q1mBHQTYhBdc,metadata,THE EYE,miss al simpson,
QmZMtiKCGUJmL1x7WuusvVLAmkDrDeQQ5PUfUgu4PZZAts,asset,THE EYE,miss al simpson,
QmTwRsbx9LQpJbd1C82agfbqAFqfiGkYufPaNWfUgnguw8,metadata,Generative art. Objects.,Alex Shell,
QmbLgafTiATC24NUyHjCnxfqyU8iZGqjMgVCiACST1eWws,asset,Generative art. Objects.,Alex Shell,
Qmbm69dERybS87jNVdSWutdvCX7X5qx4JrzxURg3BG4NvS,metadata,stack,donnoh,
QmYkdwiw4U2wxoD3H8amsEZy23bJxRzuwkhixAajisHM7m,asset,stack,donnoh,
Qme3Y2rwxVryZQfeTmXtBzgNTnhsGBNrdt7WuTZbfPvDRy,metadata,Red:Cyan:Green|Canvas Transmissions of Light,GISELX,
QmXEtmnw6LihfoirCrs8nNh4ngn36ewpH1osdRvzUP9HVN,asset,Red:Cyan:Green|Canvas Transmissions of Light,GISELX,
Qmc7RgRnPWHv7ytYAEYX2pSRvSNWHFCRjhdgyYNDcxm6an,metadata,_ ch6 _ flux énergétique,abysms,
QmUPuRWzLYfQ6cz4RyZyNucVoegnoHEuMGT3t2N5uradbz,asset,_ ch6 _ flux énergétique,abysms,
QmNMDE7Ajkm6dm765vdcnAPrT3iRLLegYYZunxZ7muEUfd,metadata,The Croydon Ornithopter,Unrealcity,
QmTpA5gxPPQSREFBJa9WJ4Vugy2qzsdKPuth2JyZ8b9fHm,asset,The Croydon Ornithopter,Unrealcity,
Qme1YEaSZoUwLX1kh1vZMgGYU48t1Dn6484FKyny7Cqdbi,metadata,Never Walk Alone,Voke,
QmVSqtnNC6PC48LH2hjAGgtmY5oXuv85NooMBvyKaUZZee,asset,Never Walk Alone,Voke,
QmPqTXVcpFWuahxVdzfMPvizsCUC9kQeKWu1vwSACcTAmD,metadata,Blocking Blocks,Gary Cartlidge,
QmYebVpNVfmWygN5A6TWbjxc9189RxfoYyh6V8ffYaCvvP,asset,Blocking Blocks,Gary Cartlidge,
QmSEYPaejyfi4QuFbBwrTe9jZMBGSZdKZ9BqjysNHq7r8p,metadata,Isolated storm,Andrés Senn,
QmS3GcDLFiKKHquo5YfPmmXB9emsW3HReDmN8YTXycy41p,asset,Isolated storm,Andrés Senn,
QmPxEv7P61o8HCjdrrmJamX4x8nioWA8sRXQtmPq1ZB6bB,metadata,Traxdimensional, Difelice5000,
Qmf1sVeYLUjYiV4NNexpp5oZEENMAEGCqrd8F5nkYSCJUT,asset,Traxdimensional, Difelice5000,
QmRs42ia2pYC3KRBCqaWYrXaicG7hdT1oSCbu5eWZFQwCH,metadata,The last tree festival//Camera 7,Giant Swan,
QmNtKVqYYUPhboT7vVKrUhK6KcSU2JinSamCkiyafJ8Z1k,asset,The last tree festival//Camera 7,Giant Swan,
QmWUWoh5mwFm4XpQXwrTJwUREAYKv9Vs1P5W9khT4nA9Dj,metadata,InOrbit_7609,yrdgz,
QmVtS6SnZXuRKjtiBffyX2b9RWsSEpEbBovBX9kvu4QxMy,asset,InOrbit_7609,yrdgz,
QmVG5QRp3VDb2EgFTUmZw9rWPsB4TdhhuwnKxsyrLFTQz9,metadata,Blackbelt Rose,Stan Ragets,
QmRqh6ekJwF7zaLJ32ow64vBhv3Xs1Dhq9zAhR6973YJ81,asset,Blackbelt Rose,Stan Ragets,
QmTXHHzL8BtxDAPJjiXPTqXtsTr315cd3xDYRzyEdvVGHX,metadata,Phon3s Series #24,MightyMoose ,
QmWK818BCKdWXuKdvkELb2c62wENa1Mq6wXh4vL2xDYznT,asset,Phon3s Series #24,MightyMoose ,
QmSN2ocwcbMVYApSPWvRLH3VE2y3bdCf1oaDokH8LNuvJ7,metadata,Facial...Recognition: Lazy Eyezzz,Jay Delay,
QmXhNCA2RgwGPQUtaVrqgixES9n7BEFkdkyp96vtSAayQd,asset,Facial...Recognition: Lazy Eyezzz,Jay Delay,
QmQVGVwp3UkAjAfJTFKaw5BHitJqLMy6oEp3arNQG2btJi,metadata,THE MASK OF OLD MONEY,miss al simpson,
QmWzCqTGtTNKoAaraTKhbCW1bQBEM5Et3cKSQw8WL1s6bB,asset,THE MASK OF OLD MONEY,miss al simpson,
QmeERuqDuq7gU7evxDYcFBeu31miLnyxJp3123PJ6Yt4zD,metadata,stack,donnoh,
QmThF7RkoQWJSh6ysWYv1yF8xucFM9HW5GnohjX6r4HeRw,asset,stack,donnoh,
QmW7XrwTpLFiagoNs5Wp6dH4aqmzXDzVWukfpfv5E1s5yd,metadata,Violet:Indigo | Transmissions of Light,GISELX,
QmZQzo7qpPk9eFTNmM7qSvP6By52uQqTmvy2YK5mu8hQ5v,asset,Violet:Indigo | Transmissions of Light,GISELX,
QmS44nZhmamtvFdkLdBxn6vXRyz5Df8f7onyB45cXDLjhA,metadata,Digital butterfly.,Alex Shell,
QmaUZBZ7aHkMbfjkGCJG8o5KdhimmatRCD4JyL1F2RjFSG,asset,Digital butterfly.,Alex Shell,
QmNb1JR1ZiPogDJhc4fZdEMENxWjfNPnf4jKBUfgDJBhHh,metadata,Gobshites,XCOPY,
QmXedbXqCzCzgif9ZjNLr2mqHn1pmLCFCbBAaq2VxpUsUY,asset,Gobshites,XCOPY,
QmcmdBxDp4usBCnnGW9EADFkiT4JFzh36MATab6wZsTSyX,metadata,I'm not drunk! Just a bit tipsy...,Cihan Yenici,
QmZNBe6CnHhiTjyMskfWChUptKrwwXfXaK9Yx579BAhGDZ,asset,I'm not drunk! Just a bit tipsy...,Cihan Yenici,
QmVjojg4cxHUiMt6sP3D2Stth5K8cpUhR6ydC6vq3QvEYh,metadata,Moon Window,RobnessロブネスCyberpop,
QmXVktvEwag6mhVAjQ5NfnPNSEd9m22JNC6QCB7soNSQeK,asset,Moon Window,RobnessロブネスCyberpop,
QmR6RVR4k3EsFAP88RQAHNJatabSveT7knkGpKKMSMSUCf,metadata,impeached, Difelice5000,
QmTmEgAGzfrrfsup5a6rxUFoYq8iW2eu92mtYQAQj8N8Ba,asset,impeached, Difelice5000,
QmdEhGsws2VQqEDSVtfxR9eGvzM7pUUt8xognKPn1E5M3Z,metadata,Scream,Serste,
QmXB7H9tdrMH5d6HsjTZG5tE5S87nm9q7sPLnDD8Y46xoj,asset,Scream,Serste,
QmcJpYCRa2sSFhXTNpQk8KRdvFbdQmunnPbXiktfViQsuS,metadata,Lord Cat,Uriel Hernandez,
QmbrxEGNXisH3km6RDbYaKxdJm6ayHrNVngtZcHYznXSbM,asset,Lord Cat,Uriel Hernandez,
QmdSbsAkU3u3DFgh7ZFNVKr3FmZRXxSjRfuW7LnHZStqNP,metadata,Phon3s Series #25,MightyMoose ,
QmW2mxL27mNHunMnqUYmHi6oTSMFZcnZ1WpwSMtrB3nczH,asset,Phon3s Series #25,MightyMoose ,
QmdM1Q2YdJHqFEMs4Po3e9MCba1y4dMGaWu8RfTTaoNY2D,metadata,✮✩✭✯✰,Stan Ragets,
Qmc5H2wzp1PhWosxYRTtwJgwVkWtBX6jhcdvHqUfTrhKcC,asset,✮✩✭✯✰,Stan Ragets,
QmdG7YSUscp6snEsmpNxb2u2Fyc3NDn4dZb248naPuoSUi,metadata,delightful christmas,abysms,
QmQdSLxkK5CFBMsi14VvaAkvyRc2n5NEMRhpvKwKpnM9wE,asset,delightful christmas,abysms,
Qmdn2JMMBrWKP2t5RfUDMSJvY1iL3fCgm15zENLLWYX6r3,metadata,All Of Them Will Fly,Unrealcity,
QmRvQf7KRAb5eBBukegN4izaYdnYET9mPSGo3jYNowr6GR,asset,All Of Them Will Fly,Unrealcity,
QmYSpnevuW2hG6CSv3v6N5TC5oVCcnCwZnCFjf2g1zqc2R,metadata,Unicorn Universe,ARES,
QmWwYvCLRC1NfEQt96qsSvgHUXxbo4t9Zwih1yRCscKHKQ,asset,Unicorn Universe,ARES,
QmZ9LMhux3LqTNrmh3WKZwH1zFUpLxzUoi6LeoYGbAxTrv,metadata,stack,donnoh,
QmakbkpqwXYssah31nmMGiUyL5Pow563Fnunx6nDRaMM1P,asset,stack,donnoh,
QmdQgjZhvpPmYHm4Yn1x5WDbGMDNYYCzEJD9NBPGTk6cFM,metadata,Generative art. 3D star.,Alex Shell,
QmTfrEiweyyQ1gEXG6qosNeusjTwZhCZppcxxW8kVFyS8T,asset,Generative art. 3D star.,Alex Shell,
QmWm5Kjz67rkuc7Mv4qyLnPLQcr53psLVQodeSWv9KG4SN,metadata,Natural Clone,Jay Delay,
QmVixMXXtNuHm4pfNsqL9Rq7P9ZPkQnT7qtjNKWwbuz1AA,asset,Natural Clone,Jay Delay,
QmcgMKvTSnTKCsWa3rLN6SmJCePzF1LKmor3x7ruVTsvbV,metadata,Watch for the storm,Gary Cartlidge,
QmVwMUjjtJqK8LZ5PykHjgJqYkGg8p4E3piBhRepMDsK5i,asset,Watch for the storm,Gary Cartlidge,
QmfEcWaWQWNFa97JLBVJiqJgHTvQ3Qnn9T2A1pyc2apErs,metadata,To the Moon (and back),Shortcut,
QmPHWNRtpDsZJYTkaL5hUX5EXLT3YCq9zr5tFSZwQsMo9A,asset,To the Moon (and back),Shortcut,
QmYB5dr4gNU4fAs2ZzpYDy4TMkEEEQbA9BFxuSjjTcpf18,metadata,Abstract_01_Pop,RobnessロブネスCyberpop,
QmTbx1AS3JDaajVyd1j3Y2ZFA9F1isJUhhQSu8X7a9gyRt,asset,Abstract_01_Pop,RobnessロブネスCyberpop,
QmdeDoJrw2g7uPqTzHGov5qWHMxPrbEyKWzmctZUtZ7NzN,metadata,Looking for paradise, Difelice5000,
QmciRaZchKTmmyXCCj5ra4opMHXLvvXqyx4NU7ArzMeLmo,asset,Looking for paradise, Difelice5000,
QmQLbQLH9L4umS325sHjVAAXihNLsjVFfn4aqfw5U2x8Yu,metadata,DAS TOKENIZER,miss al simpson,
QmRjPNESwiaURMYAdm2Rsi9E5REd9QPCtWpKW4FFLvrsM2,asset,DAS TOKENIZER,miss al simpson,
QmW4oeSjYGNzUrPWvwQPxf1YcgvAtK1YqumhHRzs6J8tdM,metadata,Anthropic Principle,Yura Miron,
Qmc4VPErvz8Xu794K6Ng3ut7wTDEJSctT8qrk5gvdYaFpC,asset,Anthropic Principle,Yura Miron,
QmVTJ7kLP2eiSRJLZUM62Lfzupc9Vtzj3EHodqwgteTMBj,metadata,Jupiter Call,Uriel Hernandez,
QmPCB1QMMUds5ahmgFoY31o4gHy4Km1NZPpNWzePS2JMZZ,asset,Jupiter Call,Uriel Hernandez,
QmcdRnGhmLc7assotzedoshZ6WpsnS8kCEsvbH5S4S8AxH,metadata,Gardener's Delight,Stan Ragets,
Qmc2kpKZNytohuoK99CpcacXfjD8QZd956xanNtFneAi7E,asset,Gardener's Delight,Stan Ragets,
QmemuUMLSqq2VhzHWTZLTnbBS2BiLRqvGvkhzYw51HKS29,metadata,Imperfection,Jahleel Dowdy,
QmUFfug8zm39onpJwqHxVttfgzY8NuZGeMT3rNfxrvVQuH,asset,Imperfection,Jahleel Dowdy,
QmPbXCnhPUhagPqmP1hUvPQ21CwEfP1KUYzLHi3kv6xs2o,metadata,Different angles.,Alex Shell,
QmaApX9jffNKENu6kHB1Yvsy1oTod5RZER5QLp2nhvD79N,asset,Different angles.,Alex Shell,
QmaqmGmHtmdxAWCjM4S4wjQ4416EBj91LD4CAK59yFXFaV,metadata,Leaving Titan (Animated Icon: 3),Greg Notzelman,
QmNmAwB1ShZpkad6uXTxt8XLm7x8VcnifKrYLn7GT13jEY,asset,Leaving Titan (Animated Icon: 3),Greg Notzelman,
QmVwbC6ATF67Y6Qrhdy875j5q1bP8JzSqNofnnsu3dP8zZ,metadata,Picks Elation,Jay Delay,
QmaKSpmi8YXkuQqzTeXNdBYRjrojrzLdv7zFS5byRWH9o9,asset,Picks Elation,Jay Delay,
QmaXM9GZ4d1YczzCpXrkJGqkwNQRPJfHz2h5wHxG1njveC,metadata,Abstract_02_Pop,RobnessロブネスCyberpop,
QmWYXEMtB4PdShgsS2p5Dr7EZ6UF6iuz9U92ka3FdK1iyb,asset,Abstract_02_Pop,RobnessロブネスCyberpop,
Qmc36wefg4rKB1p4E9TnQNFP2CXpBGvHaiM3hfp6A3Rzwk,metadata,Democratic Autocracy,Voke,
QmZWGhzhdgoHGmE7nEsVB341H2L3THmLB2jgThH9qnmKwS,asset,Democratic Autocracy,Voke,
QmbkaQozFgpDePQYtnUy9h3sZpoFGQ8CJ1EsrTVbK9mYMR,metadata,Pop Jump, Difelice5000,
QmRm7iYmGXBhWfvQMhbs2FDYDzPgs6EQyk3r4PBc1Jh8Yh,asset,Pop Jump, Difelice5000,
QmU8ASuEY2cz15pc8mMNxkKLb7gFkmJ1gtEXW8RvUs4ksk,metadata,Biosphere,Vansdesign,
Qmbh97Wh2BYLPw3VsaLpUHH4XMnKUpeMdiCpb57a7F6h5G,asset,Biosphere,Vansdesign,
QmSEnnKgCWMD9rXMCbucbifGkBg6cpVnSGVYu2Bp1cPbmt,metadata,We The People, In Code we Trust,BnoiitC
QmNecn3yHufJQjRQ6gcKVuGGYzfRCDAJ9tUXHqeQJhaYFv,asset,We The People, In Code we Trust,BnoiitC
QmUPxTNMuTq35ndDKUGN72ANGryJ2nwzpcGAF4iPWeF1CL,metadata,Nights Of Wren,Unrealcity,
QmUn4zxVQhi764oc9nwvxt5EaUPxFo8rNCuKGCb6Acn5yA,asset,Nights Of Wren,Unrealcity,
QmRvWkmpMPDHgE4WaCkYkrgfyBeFyrf2HYKSpexBAiRN4x,metadata,Destruction,Uriel Hernandez,
QmUw5f9o4veEyZKfZpdBzMbH3jyJbeFiw2xUQb82iQ63Hr,asset,Destruction,Uriel Hernandez,
QmQ1MCvo855YZo3458PL8TumHhxXMuh2Dh7YPNmdSi3sfH,metadata,iceberg,donnoh,
QmXmyDxhTVJqKCLMPG9V6B4bGdwqZo4EL3TzBM9ipsmf7k,asset,iceberg,donnoh,
QmUGn4S7nFAgBWLkkSF88WEf3ZCrLn666WqbvyD9RQsCu9,metadata,The Deadness,XCOPY,
QmZtSabCN5AkoVCFHQZ8FqqDsxzeT1uDU2j9vhgWDhmc3h,asset,The Deadness,XCOPY,
Qmb1ukkKzSXpCDPWvBKSECiNVPUXSQMR3djji6cZLb7LNw,metadata,NY Yellow,JamesSW,
QmbKhJQ1A4nhMWmpSmZC4Q6sQRCyUU4dEYoKV8gX2PRQgc,asset,NY Yellow,JamesSW,
QmUCmqQGB3kN6D8tAaCn9eMFciBqCCh5JanpYPRRsReDEG,metadata,Peppermint Candy,Stan Ragets,
QmUsVNqBvv1ABkdfPziKUuZrP6q4jHM2j6P9ZGw4DwBBJj,asset,Peppermint Candy,Stan Ragets,
QmaX3jE1QBzpHrCtWifh8WNS2BEVBSzzRMbCvna6YWUKTa,metadata,CAN OF CLOWN CHAOS®,obxium,
QmQ1ipyh9h5AHHrUaarbvCezX68eJjm13uimHS7vWp8mUS,asset,CAN OF CLOWN CHAOS®,obxium,
QmfZjs4ijLd9i3QscCYAmeoAoxkkkn7PdZBEogQ1UsZcsM,metadata,From old rock'n'roll to future crazy music.,Alex Shell,
QmcE3WHdKCMLNJ2xeTesHtRCKw3KtFce6ctaFAVXVkGdSD,asset,From old rock'n'roll to future crazy music.,Alex Shell,
QmYjaWqrzUnNPZJ3ctvivAXdZBSQi2SbfT59TAQDmPcsX9,metadata,Santa's Day,Miwa,
QmYNWqAmsCCWA28HLYuLBidbyqngaZusSeEvepTJKgE5CY,asset,Santa's Day,Miwa,
QmcNSV2F5fpBzHyyuBVePe5wE197L94tfdJJvQWegoiPb3,metadata,Man On The Moon,Jahleel Dowdy,
QmT9JkGFE4syijay9gm736Kdx9uzd3BtoKYYWie3Ef7iUo,asset,Man On The Moon,Jahleel Dowdy,
QmY8iWdovABdHUKftpJMtfDWZd3nBwcU5KF9jiRkMYWDtZ,metadata,Essence of Augmented Fragrance,LoveArtHate,
QmTAgp9gdaadLnGRJAk7QyyHzSqvrcEZQzXMesmGsTUwMs,asset,Essence of Augmented Fragrance,LoveArtHate,
QmeDBT1RRPYj3YxjQLH6EkCLgDkUvpG9XELMzKqSEX3hry,metadata,The eye of the universe,Bit Errror,
QmX9qki36pg1TSJD9B7PH1VK7T92fsZv3sdm1HN2NnZ8yz,asset,The eye of the universe,Bit Errror,
QmWxfTzYNDB4iZUpJwHekvFk8jKBXB5Ho3QAFV7zFg4Gke,metadata,Abstract_03_Pop,RobnessロブネスCyberpop,
QmWhdmsz1dc5nVvZXfPB7VBNAi1m52brvDwhQ48UetFWAd,asset,Abstract_03_Pop,RobnessロブネスCyberpop,
Qmd965J6D7p6fZSfrPAoQap9aMAXcdWv3rRfiWXeSE4cAq,metadata,Ready - Dance, Difelice5000,
Qmen7hYdKjJ6NdNjtrgQoL1ovMUeT34PjShkqaWPphcbWr,asset,Ready - Dance, Difelice5000,
QmVR7ycRt236rC3dPchRMiZVCdDy2eugxEfuMndANUcbeb,metadata,Leading the Way,Jay Delay,
QmT4NU6sMwTakWHry2BU855Atgs7qUS25Ahhyq7JyeXATN,asset,Leading the Way,Jay Delay,
Qmb3V9NbgBUEA7dEVGLhygo3dqEkUCgAJupP4Hiy2Uhtos,metadata,I don't fucking care who is Satoshi,BnoiitC,
QmWckScL8F8vjZNKZcN9pzp81aSwbiM6tFwiQUFtHdmw6i,asset,I don't fucking care who is Satoshi,BnoiitC,
QmQrZL5aHX3u4LnPpUECg6yiboWFjECqLwMh9VQyNEThKw,metadata,iceberg,donnoh,
QmXKKoTyW6hdDHAJWxwac8KxMdxApzdfohf4c97ntVyRFC,asset,iceberg,donnoh,
QmQTFrDZMBBcJGmpczg9gKotaRWgqxx67XYkqaXhWbzPtS,metadata,Ethereum's Wave | Transmissions of Light,GISELX,
QmYGBLgaC2QZcKd5x2fsqYjrmmwh1ju1PkqkaXDUBKVZdm,asset,Ethereum's Wave | Transmissions of Light,GISELX,
QmYtRMUSyWZfYvyZJpFRbWoJvko2AcXXWHdasabxsV7Ucj,metadata,Token Angel 369 Dark Pixel Version 0011,Uriel Hernandez,
QmcdafULXZnhTm1NPzhW1ZLamFyBHwjGQP2MbwGgaCCvFu,asset,Token Angel 369 Dark Pixel Version 0011,Uriel Hernandez,
QmPqi3PAv9g61JAFZXbGqPsuB9bvSeBqiajZNWeUDLyRAe,metadata,SKATEORDIE,obxium,
QmfXJLRQHxwvVD2FH7ZaAewLJeEcSjwgvZGMFnUZ37BR5S,asset,SKATEORDIE,obxium,
QmPvwqpFAXJtoUfbcEX1ot16XRQP7KXqRumMNwQGjrSmz5,metadata,Crystal Clear,Stan Ragets,
QmUwFVMNT6TXrHJEjNXbzEEpSuSzn4TJjNjBCb4No9vknU,asset,Crystal Clear,Stan Ragets,
QmexNMMSEgXbB3Z51CBYKdVs3cTwXtFweH96F8D43iGEBP,metadata,Home as Heart,Monfa,
QmWhXKDP2CovE6U72cY6VsLMbbFPB1z6UG7KQ3p3b3Khp2,asset,Home as Heart,Monfa,
QmY1jUvGZC5KtQVdm6KcPfPXhzqju45XUw2sg2wkkvjK1A,metadata,Making Transactions asleep,Gary Cartlidge,
QmdWaAGMcn75ircqmu4qguGoGnAjaE6NEd6VvBmyyy4GsX,asset,Making Transactions asleep,Gary Cartlidge,
QmbferY5Fx7MXxWXrLZsZFBKvc4Pfnc1DMa5rY6jipVYMP,metadata,Block Sequence 8,Jsf,
QmVRBQnwb2Tg3QtYnzhM2jVmAWgJ47cdpQFX38ZzLQ22h7,asset,Block Sequence 8,Jsf,
QmS5C3tqgZ2rVb8sthESNzE3pvPHBXAkBxkDxRo3irZ82t,metadata,“Undine” (Anim),mera takeru,
Qmc736cJS41sm9QX5StnwaNcVSjXwTBuDpYiuA3UViPmis,asset,“Undine” (Anim),mera takeru,
QmWWdLMHLdJgmsBg8z8yetNLoiDeVhWg2b3KkG6YcJb6vR,metadata,Americans loosing freedom. Fight for it !,Alex Shell,
QmPetALv646NHJfkrv46NxdT1H6FB46zRqX39rw1WocMA7,asset,Americans loosing freedom. Fight for it !,Alex Shell,
QmNukg6QiaDbYP4xCBmBoN46f253VQ3wk392b5emM24yba,metadata,pulsation :: alternate,yrdgz,
QmTX4ncm4UyPRGSaizSrx3Rayph4naoapFMoLnnW4Nm7ry,asset,pulsation :: alternate,yrdgz,
QmVe3Et1J5gAhAFLD7UV7apPP2drQ3jSPrH7JMVqV3FZpC,metadata,A Very Kaiju Christmas,CryptoKaiju,
QmQgnKetHgKiRRzo75icBgtCyJFxyRL3X1x7juSisTvAki,asset,A Very Kaiju Christmas,CryptoKaiju,
QmRtfQbyNyjVTVZL9DUV6EKSdArV93syk6H4g5q6hvvXKE,metadata,ferris wheel,Sturec,
QmYq8ZJoVHo67SVM4PhKo8c9PVWqTqnaCBwBtJQKsLnbPX,asset,ferris wheel,Sturec,
QmNisaMZkSUQjYcAwNLBRw76b6Q7XqhgngTumJ3f96iyVK,metadata,Ether Binary, Difelice5000,
QmRrYy7T5bZRBCpxXXH5bxmML6hXJU4JwRRJ1wQqmv2kY2,asset,Ether Binary, Difelice5000,
QmWinetFiTgisBEE2MWL7rGoj4Fe3k6JcxvGAzC8nhTzag,metadata,I've been blaming it on laser rain.,Giant Swan,
QmRGLiyyXTpgCFYKiZyrsJGLzFWSVC76yyhihLQPauNA4z,asset,I've been blaming it on laser rain.,Giant Swan,
QmXDMuFGSGe1M57Hv8h2HQjDouahYUfusb7iHeKkAnGQjf,metadata,Feral,Jay Delay,
QmQmYeshmxXGuMzqREwbUgSUiRbrbd9QfGJSVgaAMKGf23,asset,Feral,Jay Delay,
QmSwLXytssfXY3YpAYfxaNv6UG3b4mFnZbXbeuPRyrmFqP,metadata,2C-SE,Yura Miron,
QmfGtZCPE4xVCoMtv4nZy2QQMaEAnRyxCo373QkLFcvGD3,asset,2C-SE,Yura Miron,
QmV3tmSiqvDrJJhUFHnGfVU7e2LfbexHeA4FDnZ1BwTDkm,metadata,If You Are The Light, Give Me A Light, Buddy
QmTJi1pwaQeVSu3m3nHZPpvbZa2zzHh5Nku7tUfaxPQQgV,asset,If You Are The Light, Give Me A Light, Buddy
QmWtFRjEtPcU1ujg4vSeMpvjz8HpT6hyq9xZ4jnCEBAfvC,metadata,iceberg,donnoh,
QmZQYKdnUCekk9zhE1zG1KXknmhvuE9cuX8f9cGoJP1Vf8,asset,iceberg,donnoh,
QmNpbGEJh6J3Lyys4D66zjeMStkNgTpsk1GqPeS4jkfACe,metadata,Tokyo Bullet,JamesSW,
QmPbnMPPHKrg5kLciHxMLiMSSdZmmGv8TSnkXtcK9r6ofB,asset,Tokyo Bullet,JamesSW,
Qmbc2tQAXpP5eo4GYckDxiaBqQo3ZCoRaQpSjeXmX1UnFN,metadata,Mind The Trap,Gary Cartlidge,
QmYNE9fCU7SP634dLFPsrJgtqQaf3arL5k5a2MV3hh6iNW,asset,Mind The Trap,Gary Cartlidge,
QmVXDuRXd1ueFmFUPP3A7P9vMSJrs465nw3WE8nk4gySoJ,metadata,Satoshi-Faketoshi,BnoiitC,
QmRAspD7jFy5shKu76QhN4GJvYfrZfJV5G1kuvDziBsKYw,asset,Satoshi-Faketoshi,BnoiitC,
QmYvfsF5KFjJ6eUabQvL66fZPe2LkB9a7MqifQtr8RnTb1,metadata,Shock, Difelice5000,
QmVc35yeNJG7mNawGoND5DA3FAD1ZJDnEy3x7oewfixi6r,asset,Shock, Difelice5000,
QmR84Ab9x4N3R3PyNEu4HW8dktQK12c7nAzLU2Emp6go78,metadata,Fluf,Sturec,
QmdU7JTUX9NaCvQVtnbiCp7PV7DDJSwk8PsPPL2DPNFN45,asset,Fluf,Sturec,
QmR6rHkbEnHUDNsUkCr2vaUCkAyEe9UV3QEmCQapKKCYXw,metadata,Automatic Bootstrap of Intrinsic Value,Jay Delay,
QmcRB88jA1W3zcd1VKuamygzUJkFJrZTP8YB38Cz9ebRWJ,asset,Automatic Bootstrap of Intrinsic Value,Jay Delay,
QmaoPHGEkJmkKmbhL1RrEf6snBTMyDsutveCHf7r5wEQQB,metadata,Merry Christmas,Miwa,
QmPmobbPXBPZ3DyJZtQaQciRbRypNJ6xMrFmQ79FMfZ4v2,asset,Merry Christmas,Miwa,
QmSpLLARpgopA2v9uMPJmcBMuMpufDVJBykarYsREuWNMq,metadata,The artwork degrades over time. Enjoy it now.,Alex Shell,
QmaVtpAKDzkSzU3kV7otj6vqiktoYpvxxSvifW4bu5a6ra,asset,The artwork degrades over time. Enjoy it now.,Alex Shell,
QmZgJWtReA7cEgyFqEENv9MQ93u9HpbU2NNGpw4jCVLhdL,metadata,No Longer at Ease,Voke,
QmT99nhPHciynarUnFdS3B7aKWGoawT8qT5dcWf5sbEBKg,asset,No Longer at Ease,Voke,
QmTJZYKX57vLaqMWL6Di9HNN8RHD7yW9BgFfJ31DPaB9AA,metadata,Structural Jesus,Bard Ionson,
QmR2g7VzzvVG8TRdB1cR51bgSbMEPSNWH9CB2JZXDYBby9,asset,Structural Jesus,Bard Ionson,
QmSvBktNQokj6P61RNh8knSjneqWvFGkT6qbTg9RZrbvSj,metadata,Madre Protegenos,Uriel Hernandez,
QmSQdQgiLEJ2LD7De4SQGxAKuMdUdJigCqY4Z2RHKhjvuX,asset,Madre Protegenos,Uriel Hernandez,
QmbwdMpirLK8VxTDDu2zmj8CNr8mv1tR8hRMf7SC6xkd9r,metadata,“Early Adopter” (Anim),mera takeru,
QmbZfDb9cZc8Ls2mX9xrwbh1XAfuJF4BYH2v8RAW8JQB9x,asset,“Early Adopter” (Anim),mera takeru,
QmVNkr4Whc4VzEWfbBM4xdUhDz9svxC2hEotSAmmic56zN,metadata,Glitch in New York,Glitch in the mARTix,
QmZAPMkyv2o8URgkXCkgUzpkXbJCKrmWwxNdadtHAuiULa,asset,Glitch in New York,Glitch in the mARTix,
QmYFfXYZxmELMjXAE8iqg6B7LQ13qu6GMrjxfgrZh2KCkQ,metadata,ZWAVE,obxium,
QmXfoJyfyXsMpmGEuxsPyVnW5jQKwDWjwGgrvZ9hPiGDRx,asset,ZWAVE,obxium,
QmcDm91ixDyCdbYvUs9Yhae6xgAfogcHk2DnNwKtsUQtR9,metadata,Looking at my hopes, Difelice5000,
QmPwdYLmxdibNpF2aQUQR9icqkeFMp9xpFydFTpW8nYxeN,asset,Looking at my hopes, Difelice5000,
QmavkdxM1PbfUMZ1xyjGppngKYDFfg5ahM9N6vB4VRP1sp,metadata,BTC wallet,BnoiitC,
QmXb9dfRCBraQHtp3p95588dbogywDVgcnsngr21moU9jU,asset,BTC wallet,BnoiitC,
Qmd4gZFsqboquj9QRERNh9D7eBL7u8uNHDyKrNniAU7ZgS,metadata,As You Sow,Unrealcity,
QmcaewkhkiQ188nhSRkq8ggGeSNaAm4ZwhgSKTv4pUkzQU,asset,As You Sow,Unrealcity,
QmYa4NrBmfvo9DxgNEZHpqFgDpPbntHBBkcgZVCHommD96,metadata,Generative art. 3D to enjoy.,Alex Shell,
QmanS741bcrFK94VDHBfefHhzknFPoL4Dsi1pUHtCGV2EU,asset,Generative art. 3D to enjoy.,Alex Shell,
QmSuitREB2R4fvydqWfTzg9QfCVjApWm7wmbLwNgoFnKuY,metadata,Snowflake,Bit Errror,
QmcMeNpMLBAoNdUHvRcZXG7dWp9wwCCqDTTYbnNj791utM,asset,Snowflake,Bit Errror,
QmehmbF2P8217ZfFqSozdNvobtd8j8qVih75u6HjGAdoEM,metadata,Faded Patterns,Jay Delay,
QmbRRkeDsEZZLjffCTSaKW27a48VFAN7SpeAjR1D2tjA2e,asset,Faded Patterns,Jay Delay,
QmesWbK8oZNBWBTxH2RLgkGynhLxzRFnEL63aZqhdAXesv,metadata,Rainbowed Blocks,MightyMoose ,
QmTAQqitF9VxH6QZeEJkpa5vd6UCK7mS941xnFdmtpmHpW,asset,Rainbowed Blocks,MightyMoose ,
QmRKfSjfwgF7MTFXnBUz3rm3d8293p5tAo9sadavBqBMki,metadata,No Favour (cold),XCOPY,
QmPZBfxjecUGepwwQUZrooLXUcFVPBedPhRdqnLsaHtvrd,asset,No Favour (cold),XCOPY,
QmZLLkgtrWGQGD5bEP624uAc8LPDbwkbgYfWFoe2YqYGPX,metadata,Conversion,Greg Notzelman,
QmYFoJJSeLTkisfFoeVbdg9Z7TiApxm9JMyQ9KtZ1bKQRx,asset,Conversion,Greg Notzelman,
QmNTKZhfFWjBhXzWGja4sY6Z5YjetEfKXdcEebUxmAwkdr,metadata,Under 51,Gary Cartlidge,
QmeSFpikdsiHNnyWgukPtXPccFVgWYmx8y4fJyf9S3q7te,asset,Under 51,Gary Cartlidge,
Qmd2C6acuEjF8YNNiVc7mkgZ8TV3d9gzHb1879fTUCpCsN,metadata,Electric Sheep dream,Uriel Hernandez,
QmccJ36VPr6YNKYLw2paT7KMpZ51yNMnWzQQoM3NU6hFPP,asset,Electric Sheep dream,Uriel Hernandez,
QmQjW3ZrQFVPpwG4cDMhp45PPPKpcuqamsbfxYVgwxfKyA,metadata,Mouthfeel,Giant Swan,
QmdsjBt2gHFrKYjG53LG96twubBrqjZGhmn3YpPb5vm2sd,asset,Mouthfeel,Giant Swan,
QmZPEibmyzaUg59cZJx1uuYLPGpfzwC3Y7knC4LhAKP24n,metadata,Tree,Sturec,
QmcPbhiKDGM4QoJXKhe9EFfjPBnmo7WLCAgWEBDpHLLYD1,asset,Tree,Sturec,
QmTzGKoM3d14jodxC6vhwcBhaUuL8TJD2ip3v1vqStjVZv,metadata,Remembered Her,LoveArtHate,
QmdHvnsbmRNct9VEEApLehKGj3ohWBHSqc5KJoNSbadSWZ,asset,Remembered Her,LoveArtHate,
QmcLePUwNjQAMzeLTdCL6PHNnJgpua19JJBb4gxFF6RjqV,metadata,Ironman from another dimension (Fan Art)., Difelice5000,
QmeDHHZp3Vch3MdKemKswReVNeUHGBchuW1Pyr3Ssk6XwY,asset,Ironman from another dimension (Fan Art)., Difelice5000,
QmaCWCoMtpEBFpuPx6mxkwSL7xthzRHU3dAJqV37nbTaKS,metadata,Boron - Chemical Fractal,Stan Ragets,
Qmf2bYCqu9wWeCWb9KpRc48i5qqxHzc62Ko3b4cEFdceVS,asset,Boron - Chemical Fractal,Stan Ragets,
QmQ3SAmwFRaP6uPrdCRNKcWZQJdQ2KRSXhmyvm47PYyDin,metadata,PIZZAPLANET,obxium,
QmdcoojT1MLbtkQFCD3UsZRmZrqCQAbUjbdjVa3wi8yGCm,asset,PIZZAPLANET,obxium,
QmenXBjneqEZuqUbxsEx6eG1ZiPaszsRWkPazgQYDpinff,metadata,Conspiracy,Voke,
QmT3NA2c9WarHmvQAqGCWxwMnVVWKpp7cyig8jJJmSJSVa,asset,Conspiracy,Voke,
QmWqsKgfh8pXZSaKQ16BCu3zckLukujJG1NKyrANMK3CKR,metadata,Generative art. 3D rainbow.,Alex Shell,
QmbhNTpkMBeEFwgqccgRmkvHyMFTcj4qmo4xtyq56uArfq,asset,Generative art. 3D rainbow.,Alex Shell,
QmZ4HGJAmzcevDGxLkpPLvnRrNmZo5j35Ntskk7b4FcHPN,metadata,mountains beyond mountains,abysms,
QmNn3xnBNcmvjVGXxbASsmEGC4sbAutQPkULWdJuwoef6o,asset,mountains beyond mountains,abysms,
QmbUusmGhsjDGsHc85RYgd9iqPcN8TXAYB6GC7JqZFRKF8,metadata,love.hate.art.POP.cult,Max Osiris,
QmS81u5mfKRsWinSQo8cf6iu7J7NDWvtPdsztF3rDZ93j4,asset,love.hate.art.POP.cult,Max Osiris,
Qme1QUKiKhW8p4KpaPbZMaCQehVFFe52HDsPtoZjnFVLNT,metadata,“Eras Revisited” (Anim),mera takeru,
QmQB5kRHKAhsHewpSzhTPHUZ1QBiCn3NyoAWrYbe5joj9m,asset,“Eras Revisited” (Anim),mera takeru,
QmSWKkxJFdfGzxeY2tEd9TJb5ixLHWnjMnxMVxQ4N8FVgQ,metadata,Uncertainty Principle,Yura Miron,
QmZemYaRYJDiGXGQkcz2Ev6woYi8HR1DV9bryUSvjfTVF5,asset,Uncertainty Principle,Yura Miron,
QmY7L2Bq9HV7aLmw6UBJMndkgepX3ouQmZB8tk4SwLKCBB,metadata,Acceptance//1,Giant Swan,
QmTqjBJbG4QEgSLvPShhuHV21poJdqPVgX9pZ5k2oAMbej,asset,Acceptance//1,Giant Swan,
QmPvYe4vSmMaHj7bNPDebSWdUEnNnj7dfvuCskzUWACueq,metadata,b a s k,Nvllsekt,
QmT3v4UdUzM4CyrqbV3R7X7zhqb8PE4AhJUHyoWEuPfLWP,asset,b a s k,Nvllsekt,
QmdHnZramXXvR6BvCaxdZRM1pXiMMarQW5x4hkQMHe7LSu,metadata,I Did Not Give Him A Penny,Unrealcity,
QmR5Smc47pXwEynsLmtvrLNZbnqK4h3Ti2s6mV8uu2wSky,asset,I Did Not Give Him A Penny,Unrealcity,
Qmd91jdRVEZKHG4tvB1nAXtGconwhqjSfvQUgnvzTTTeJh,metadata,Searching the Blockchain, Difelice5000,
Qmeiv3y3qvJS3SmwXvjhtsButgMGrqC2DkZURrPdVQYe6J,asset,Searching the Blockchain, Difelice5000,
Qmavc7piHAQqBSxsghX3AqJRysavK33cJiCE8175REBCGj,metadata,Qbert's Paradise,Stan Ragets,
QmWJ1KpU244XhcSx8rKEvEhXDBTipwhtWhJZET4WzTTxx3,asset,Qbert's Paradise,Stan Ragets,
QmWFHC4PeNHxx1RCx3rAnFgwvoQYhapvHYQAWo8vDXMQdc,metadata,BRICK,obxium,
QmZd1k7r4Ko1Dd7w6jexugSGsU8MnzgzjFA3NcMJPbsPCP,asset,BRICK,obxium,
QmdkCycwDQixivVvs8FMWdzCZmQf9TCPAKiivgxgxTxTeo,metadata,Intrecci - 192E08248,Paolo Leone,
QmbnxQ24Z6Z5FznSq2gY5bpTZkA76wSN2nxyVf2ikTZhZE,asset,Intrecci - 192E08248,Paolo Leone,
QmcvBnMgk6STrFymGB5ndMBUkw356D9SBJ1zdePcGTkNgk,metadata,Walking Into The Fire,Bard Ionson,
QmPafFquKCz55YbgbuXwgXYcG9D269HEHaWJ9QePAD7nkb,asset,Walking Into The Fire,Bard Ionson,
QmRtSJfiMbzMW4nS2yzL8HAt3T1hwopimnjhhChWDmeJG5,metadata,woman,donnoh,
QmNwveMssstDETQAMAi2mQmYKzFszhCMnVj9yRdozMh2cP,asset,woman,donnoh,
QmX6c2cf2mFfE34FUA79nHsaYhc2gCyciTpqh84nX61L9G,metadata,In Blooms,Jay Delay,
QmbyrYwvLeCt5tJwo8P8Hq8pRHFghqPohmWXGSLsZYiDoJ,asset,In Blooms,Jay Delay,
QmPgSjQEtWMrT5SxtVgZB6VfJtcrMZDFtydkYm1DpJ3yAR,metadata,Analogue 2 Digital,Sparrow,
QmXXssM7sFAunVAhk8W2u7aemzNtwTYLZE2jwdGjKj6DHd,asset,Analogue 2 Digital,Sparrow,
QmXKw4iDLRsBvbFq4YBruGG7wXjro3R8R1nqufMuusfbDf,metadata,Wake Me Up,Voke,
Qma2WhAMQh9VUAEZ4R6RhAKyzpSvFAYgcpffMuknwkhtBE,asset,Wake Me Up,Voke,
QmXAfuJQBVEWYKVzpq7qspe8XhnRg5gdo1uLrBgnT2VBLo,metadata,Best-case Scenario,XCOPY,
QmT7miyneQgEiJhKZ3psNaZG91K37QRiP3kDcECua6qdoz,asset,Best-case Scenario,XCOPY,
QmXpeMBfPdbQvxTa7XNfzvdq8ERLK9aAwmhGyvmwzhSAUo,metadata,Digital Seascape - Mar d'Olio,Vansdesign,
Qme1hDrZxhrAyN49AUpeNpdxb7Nrx8rhxJTZH25QZZv3ro,asset,Digital Seascape - Mar d'Olio,Vansdesign,
QmVmKeeur2ne6wsqxwQzNiZ4qPFqPa2Y2CDtiEJGBuoTZi,metadata,dreaming digital,abysms,
QmP1ikyGBFjrkHKqRkWvSa8PTmBuBpYiRCDTeM7Yg4hZCq,asset,dreaming digital,abysms,
Qmbu5a3RUoQmVvDB1srzZdBDHJUJwGidm2BiYtHUqvUEyf,metadata,OIL,ClayCal303,
QmbJqdGc3L3X75Ys1qrSE3YNcaQg4iDodHMkSakkzvqfrx,asset,OIL,ClayCal303,
QmNgk1ED6n1oRdYHnuLVn8LZwzjUNao5gwjDiS75DQQUjP,metadata,Abstract art. Happy colors.,Alex Shell,
QmVx1fCxu1gDWvP9i66N2dDEFbuFz9uvzCXD6wY3ZfFDkB,asset,Abstract art. Happy colors.,Alex Shell,
QmeHKNtHj5tbCqG2racudyJwPuzQaGVLiMxtwCYSJy12Hx,metadata,MOTHERSHIP 222,miss al simpson,
QmR9rk7TYeuqexnGjzrZaokoT6B3CuXo545A3v1YoXETQH,asset,MOTHERSHIP 222,miss al simpson,
QmNxfWWtNwMBj5bRNwZd2fDsTKJ4HVxaaz7e8v5FGvEYTK,metadata,Acceptance//2,Giant Swan,
Qmbwzg7ySMAYzw6EJzwkqqxJymw38weaTtYkFogpQ9eVX3,asset,Acceptance//2,Giant Swan,
QmTrV7x78S9aJEAz12HUZ2PGaJ4CQmDoyp8iddBMnrTgyS,metadata,Policy Ideas, Difelice5000,
QmYqrDAtqcKUtnqFo6cEe7JK9L88iPn3V2XEUAkHCb4Lq4,asset,Policy Ideas, Difelice5000,
QmUKzEzxDWS68WLDuzDef3vUPwoxnvNZXDfTb46Nt3rbep,metadata,ETH SKULL,Rare Designer,
QmUM1HpGuRjCPgByBNz8wNcxdCArERgb3nYThqUEGydgJ2,asset,ETH SKULL,Rare Designer,
QmUvS9oR7JRY9Ve357P9LmUTC3KN4iNQ1iwh7qik2Huhww,metadata,You Can't Fly Too High With Your Own Wings,Unrealcity,
QmXPKZos9nTA3ZfPeowp4C7aBSbjtkobDdUDD8acNWjiPE,asset,You Can't Fly Too High With Your Own Wings,Unrealcity,
QmYWR9daRfoYHBw24qyYAo5SDibUQDPxXEVQBDjrXzXfX3,metadata,BADTOOTH,obxium,
QmVuBxjdr7VN9o4bcFLL94dZN3SFVePRtTz5BS56WVWR4C,asset,BADTOOTH,obxium,
QmTA54cR5p6ouSMzB2mW9TT7CLSkUkAh2AtY48kxe9cSEx,metadata,[title removed for trademark violation] (2014),Daïm Aggott-Hönsch,
QmWH8RvRRfo5J3MeYuLL9RkqdKpCe3s6WQfdi3nj9vpGpm,asset,[title removed for trademark violation] (2014),Daïm Aggott-Hönsch,
QmZY2dQzLm4beNfq1n1rdJmYCptBFfhxk1sLZz3DJLsdU3,metadata,No Longer Needed,Gary Cartlidge,
QmVBifKNQVczNhXELz1RPwLGenEUwfuF9Vuc8KzLNbhMJj,asset,No Longer Needed,Gary Cartlidge,
QmQyAF6LU1BwxfyuWh47m13S2aPcjMGngqpELapL6m99XJ,metadata,Unlimited Enigma No.1,Voke,
QmaifAxnqq6iqpMPA3hkmuGqiNM3aTMLzfcPxaTxKy48m2,asset,Unlimited Enigma No.1,Voke,
