CID,Type,Token Name,Artist,Asset Type
QmPCraPLn7S46xQYfxXEqwKndR4corV5HRbZcyDkssBrcz,metadata,Shape #24,CryptoYuna,
QmXU7rS2dogEim2UbPCSuhr2ACi6FnbTwuX2RVaiqJj6ft,asset,Shape #24,CryptoYuna,image/png
QmcGbJqz3C9YTvoZsEiScwA3XQ4NBFcnYLEMZtDVJUPYMy,metadata,Full Circle,Ghost Cowboy,
QmcagDc4jrpKMMkBQ8owPVe5WwGfFyey23ziAWsgBVwnrK,asset,Full Circle,Ghost Cowboy,image/jpeg
QmPqYbyM9tmrpRzP5T6zxuET5TCjyonAfA4WggJmw7XLzF,metadata,Karen,Kozachok,
QmauUrtFGxUjBQMKL45miYUy21LZg5ATjstZ8BjFgr7pbU,asset,Karen,Kozachok,image/png
Qmaakxkukqixam1uGewQkiLoPbvPB5fSda1S7Y1pbayAPF,metadata,Solar Yields,Natural Warp,
QmTdNB2Soe758iNHL1wjKbCGNPQ4Tt9gz5SmpjgQ4avxSD,asset,Solar Yields,Natural Warp,image/jpeg
QmT1bcjv44rDxwzUUw7cJNuXrAriXajeJxMvmiRf3cALHV,metadata,0nir0 - Mycoids 1/4,Jaen,
QmYo5cd4QTXVSVUuBgRRVZUJyhk7TqWga3674xCsfoN8o1,asset,0nir0 - Mycoids 1/4,Jaen,image/jpeg
QmPJGTmC21dpLams7idzb9tNRVe8zZ9JU8cBawqKYSdLNY,metadata,0nir0 - Mycoids 2/4,Jaen,
QmRfWDfySQNHpeJKBCnNiaUTki8tRc4iMjs8eLcikHU9Gx,asset,0nir0 - Mycoids 2/4,Jaen,image/jpeg
QmdvB8ok6V3BNWqykewt9jouqpJvLcoSqozmBtgKLfF42T,metadata,0nir0 - Mycoids 3/4,Jaen,
QmVgnVStxp1ycMdGTJDbZeuMrnLjUXbD39DT83SzM7AW1W,asset,0nir0 - Mycoids 3/4,Jaen,image/jpeg
QmYdjNkzvCpWEJyGgzMmQifk1AEk1ArKHJYxyG69xBEZZ5,metadata,0nir0 - Mycoids 4/4,Jaen,
QmVp1Coyuk9ab2S1HLp5XkTLbJk2eEahfSryX7QswTeTZH,asset,0nir0 - Mycoids 4/4,Jaen,image/jpeg
QmcYC26np97m9FM3haF4K1jNkgS6ib8Z1L6F3UYXmusXZo,metadata,H O L E,Cliffballin,
QmS5krLhiuVFLu8jjXqd1nB8F5JZzMMELPXdTcx1Aia1g7,asset,H O L E,Cliffballin,image/png
QmU3BwD4xyBGgWSLVb1kiyGTpmTCEoLkvX9QY5CvtZCAem,metadata,Shape #25,CryptoYuna,
QmTAnas2fmZFiWfrqTydJkZ6sKoiGWmVwjKRRtCJZ1fTXA,asset,Shape #25,CryptoYuna,image/png
QmTk4U1GLgeDUmNQjYV7CiUEEEBDKKMVfGMhJ4aYCN7sDF,metadata,Hit the Road Jack,ClayCal303,
QmXDf3YxHMje9UySDzPN2Zw8oBuXZuvZgbhpCB2E2qZQEt,asset,Hit the Road Jack,ClayCal303,image/png
QmZ27FdE6ZKNEPMgBSnAyXNwPaZF2yhrsSZoAbSMGinXFS,metadata,Become The Hype #003 - Violetta Melnikova x ARTZ,ARTZ,
QmUCyQjEYw1N2VNgF8poChCU2EQ1SDPGuruZMza1a2fCGf,asset,Become The Hype #003 - Violetta Melnikova x ARTZ,ARTZ,video/mp4
QmcgzHkZQ5UkSi7NFZ2dsL91yjvya6WbYqkgx6GX9hmb99,asset,Become The Hype #003 - Violetta Melnikova x ARTZ,ARTZ,video/mp4
QmcvTnRQLju6MSqRzs32yfLQ8gpJ9fm3FaVtP9NUfFyn4m,metadata,Pegadus Maximus,Lucho,
QmXgqKgisPmTVafZFJKyrFXUBTSgb9WLDX35bm9ppmiD9o,asset,Pegadus Maximus,Lucho,image/jpeg
QmfFEa879UEdzH6gAFsRFTiSRkpfT2JFdVGaVCqD5WVftJ,metadata,Sweet Dreams,Ghost Cowboy,
QmU74JKcRmnpbdr3eB3NjGY238gUhk2te3jGmX6sAan83S,asset,Sweet Dreams,Ghost Cowboy,image/jpeg
QmQzktZS9yTENxNB5Tqx9QgBthsaEYhtkEuQdsNSe8iYT8,metadata,Edenic distributive #02,AlekseyYalovega,
QmVnGGEVyMnY748p1Eg7gyWSqibiXPYGA7k6dcCD3DRD4A,asset,Edenic distributive #02,AlekseyYalovega,video/mp4
QmUEtkYDwcJ72AG9UyhDqAXqPWvQgwKEHrsaKhiCuDFDVw,asset,Edenic distributive #02,AlekseyYalovega,video/mp4
QmWdsxcBd9nmKGwyW14eQYGWMCoxnVPPnQXdfH8GZ4NX11,metadata,La Guitarra de Emsar,Emsar,
QmUF77dt5emUXRyuxPKVMkJzAKh3vM3hc62NArPHtpnPed,asset,La Guitarra de Emsar,Emsar,image/png
QmcA5GxQadtxUZctbf9WrAWhmxFx5uRsMzGrfGWwNfPJGR,metadata,Twitter_Suspended_Out_of_sight_Not_out_of_mind,Cyber Shakti,
QmQuxvLBWXnjMXdTRCrrqZN4CnsxWGzD3hhFwTyJNiytkQ,asset,Twitter_Suspended_Out_of_sight_Not_out_of_mind,Cyber Shakti,image/jpeg
QmRXZwqfziVkKZkhEXc23ZwR2aEPRaghj7gh7SNTyQNUYL,metadata,Amélie,Undeadlu,
QmYdLQUBvLgeY9esny4cbS762fvshQNCvmgfMFaNx46mAx,asset,Amélie,Undeadlu,video/mp4
QmdNJGSdjVxUt6uCeVL8uWvJLTft8Q5SMv3ZRDMfMrH3rH,asset,Amélie,Undeadlu,video/mp4
QmXYvj6RTDAV8n6qjqeqNqmmTwBbe1M83hNetD33cvReL7,metadata,BLM - Edition of 3,JASON BALDUCCI,
QmPdHJbUZXz3fu48PcpprosAwDRxpyuqpoedJiqzuzgMV4,asset,BLM - Edition of 3,JASON BALDUCCI,image/jpeg
QmQzgrrUSjhHJNvZmvLfYt6ZerjZCtnrfivNFquKNgyif4,metadata,Being Laser Loop - Infinite Mirror,LaserLewDude,
QmRFjLMJJ8zoaksu4gKus2wjYxJoq7x3NKetJ21hnZvi7g,asset,Being Laser Loop - Infinite Mirror,LaserLewDude,video/mp4
QmRpLv61tZno2sAe4HcndBhQUCNMZMs5Qx83qRgMgFdSWC,asset,Being Laser Loop - Infinite Mirror,LaserLewDude,video/mp4
QmSxrXeZ4cpPx6YXW9ezTveznSJwMxjaTndNA7frifXt2a,metadata,Rv53,R216,
QmPizujLGnoZgqVQxpcVowcWo92QDmw1mJjw51PhvDph4t,asset,Rv53,R216,image/png
QmeaSvkw6MHeKEkHjdcKS91YYbcNi8wqjBbYfMyjDFsPBB,metadata,Labuh, bagian pertama - 'Ketakutan' (Fear),Rukmunal Hakim
QmcFHT3gsFeB7xZsn1RvRPSmrdqif3roAGu6aqNps17MWH,asset,Labuh, bagian pertama - 'Ketakutan' (Fear),Rukmunal Hakim
QmVj9AomKPfzP2GkkkxqkiTQ5PU31vDwJQPKvxVTsruRP5,asset,Labuh, bagian pertama - 'Ketakutan' (Fear),Rukmunal Hakim
QmQXDGC1g3GhWU1NXrwgkndUHzqqZQWZxd3oFoVGjRE1pW,metadata,Osiris,AnonymousNobody,
QmPLT42nnPLrkNfV7GjLqiwAe27o4e687akmrNs5S22fjP,asset,Osiris,AnonymousNobody,image/gif
QmX1k5C2kUaiSFnCucNc7pqiAZBrC8fEF1u9XSAR7QcHAf,metadata,Marilyn,DKleine,
QmWHpGmYrAKeaiYKkhDADgMJnzD8SjyWtF2uJxoybLuntu,asset,Marilyn,DKleine,image/png
QmW1HyJ1jEKaUtUJjAh8R5tdX2sM3aL8yQRtGmxWUUDdyc,metadata,The Deserted II - The Meeting,Chissweetart,
QmQpJCgcpMXfXuT5Mo8oGuUeDad7iUGnLX4wGbKokSgYiR,asset,The Deserted II - The Meeting,Chissweetart,image/jpeg
QmY3tvN9kGHeHV74gMKFBupAHxwtfshEKsad3cdSArRros,metadata,A Game Made-Up,Hulki Okan Tabak,
QmPVJVA4FYt49GRs8JQWbEmWhjxh2xDVXwiaVAshPNc5Sz,asset,A Game Made-Up,Hulki Okan Tabak,image/gif
QmX6KYu8ypdNaLgexyFHi26a41opWfTfPP9NU2iaehDoM6,metadata,Keep Walking,ClayCal303,
QmZCcsm7HU5TbcVnUeFc74xRRPGMH5LXBA6MMHGqHYBdje,asset,Keep Walking,ClayCal303,image/png
QmNckhpLVnBzTZ3EicAneNtgiFNvBMdRk84CPmjmbTBiM5,metadata,Shelly,craigers,
QmYBHy882h2PtwaBacKMHEnun4jXURN7oEh7Ei5u9MwiUT,asset,Shelly,craigers,image/jpeg
QmXu6X46Bg9JPGdnrP9JNzdwGpvoNhZZpB6nYATfmRxnp1,metadata,laser_show_last_will_and_testament_of_myron_starets_01,sgtslaughtermelon,
QmbWtQXBc6oGPU9AsUeg1axsr8ayFKPidVjzE7L7ZWNWPY,asset,laser_show_last_will_and_testament_of_myron_starets_01,sgtslaughtermelon,image/png
QmQCithC5qJr8xq35AByce91PEmTSSHB98RadqkZwUP5Ye,metadata,Mirror,Ghost Cowboy,
QmYquPpBABVvmH1EDyp2Y61nEhwXrNArqUqWWnf4Mu72jC,asset,Mirror,Ghost Cowboy,image/jpeg
QmbZSsoMtB9Y84Xc1KvpGu524zcQrbnTcDKWxCQnrKvErr,metadata,providence,desultor,
QmNc4xh8vWTaa8yyejrEN82zuQoSUzDWecntqunxTiPiCP,asset,providence,desultor,image/gif
QmTbXDDAYXQzM7UhAShWbQqRzgLpDhed1y6XxVPTf1DGT1,metadata,White Mist,Gassan Aqel,
QmQyr46SZi9NzK72uWAkqGoYfQhsSd5ntwiPhzw2m6W3Fy,asset,White Mist,Gassan Aqel,image/jpeg
QmZmXnPyZvkonyxmExbnkJR3nybfX5W9uXW3RSUCpomaTT,metadata,Hug Me if You Can,Hulki Okan Tabak,
QmRnQjKduGjN6V62f29mg1r6vAhyuAXXPZgEpDJ7M6Mbxv,asset,Hug Me if You Can,Hulki Okan Tabak,image/gif
QmbWXP5AnXjGkh7QjDL98vLMJjGe98tZGjVvSoAGEqdiw9,metadata,Creatures & Friends – LOL,Waxbones,
QmQwaPWQwxXKrWKVqwaauMbaLajEhCPdGJTLR2dvrTrSVY,asset,Creatures & Friends – LOL,Waxbones,image/gif
QmdZ1n2Ehk921HmFsQrhVtLNt8Fpf7sG8BTAmuNTDs8c9D,metadata,Labuh, bagian ketiga - 'Harapan' (Hope),Rukmunal Hakim
QmWHxUzFYMqA38LBw7bsEtZCLLTi9sPZHrNPztkVATP4Xu,asset,Labuh, bagian ketiga - 'Harapan' (Hope),Rukmunal Hakim
QmUQK1rENdjRvxyZ4Xsu42VHbdT9t85xVkRkffBbSC7bXR,asset,Labuh, bagian ketiga - 'Harapan' (Hope),Rukmunal Hakim
QmNWdttLD14JFSitC5YkVUm7SAvjeUiJueiSgCjEUQv3kj,metadata,Zoomorphic soul in a colorful world,Lucho,
QmUCSK5hypvNFLu19S4jctv84LbNkvBcuabPgULFFc7Nbc,asset,Zoomorphic soul in a colorful world,Lucho,image/jpeg
QmQrrf1WxMJYY6DZQzCnwtKYGHpwG4NGEafDTkM95KuGs4,metadata,Electric Sheep No. 4,1101010100,
QmSphheVfNZiLz8NYoXdmmKynf11zaPynFEyX8jU1knnsU,asset,Electric Sheep No. 4,1101010100,video/mp4
QmYLgXV8rXXrHQq3guuaFmJA5rMDsDSk1rVvNsCNhgGsNh,asset,Electric Sheep No. 4,1101010100,video/mp4
QmdDDzPJHDYft91cSNSXEtBwiGGN8g4m9NbNdxazHBQSZA,metadata,Fishoid - Cubera Snapper,ikuromex,
Qmc9VaPaKwKpg92QrR9LEwPSbcxgrkTybSA3npfYHEHRGb,asset,Fishoid - Cubera Snapper,ikuromex,image/jpeg
QmbW9RvbuB78ndbCqjtUgGWMFPEhRMxxZjEQiHJwpPCxuj,metadata,Lost in Times Transition,Chissweetart,
QmYhXyoC2fZPhTfnR3tgVUBqPL8tHWzkv25d23syWwEUWx,asset,Lost in Times Transition,Chissweetart,image/jpeg
QmcKSxXAt61hC59omizW1SXatGc7yHepRpEek5mVSp6c5t,metadata,Girl with the Pearl.....,GeminiRisingMedia,
QmRvLFvLL6yc49hvdwwarxnKnNxekQE4QPsW4wn8qmkQGM,asset,Girl with the Pearl.....,GeminiRisingMedia,image/png
QmZ5FKRXo285YRW4gEAnCxzkpxmeJimDFaAckka6L2UNRF,metadata,Sokka the Parrotlet,hawkward,
QmUZBUe2LMhJKEJZSEywTbDhVXqwsu6vsPxeCZnahXWDmn,asset,Sokka the Parrotlet,hawkward,image/jpeg
QmZGhE919UZfqqqs5MnptGNiHH3LoFZTeERoCVDWs5aYNh,metadata,Warhol,DKleine,
QmeVpreZgzK5DHnMMeVSCuBvt1g49wbPXLHtKVTjLHtqrr,asset,Warhol,DKleine,image/png
QmYL23nxLCrTQbaZ2P2FsNUtvDyEfYuqDgWbPTHmN5Kz25,metadata,Game Player,AnonymousNobody,
QmZMZ4CGTmJhyJW9ME75XyEkNXFunN2TdLx4KyFESfpEB3,asset,Game Player,AnonymousNobody,image/gif
QmQBARyFnuS7AAsWgKjuqNuF2JKGq3h8eVWV3ioe9iYrmN,metadata,Grace #007 - Elysanne Schuurman x ARTZ,ARTZ,
QmZ2Gjc4fisL4SfJELikNCYyS4PqXkMWUj4rVFxwe8BbeP,asset,Grace #007 - Elysanne Schuurman x ARTZ,ARTZ,video/mp4
QmaZGt2RCKfQqz7JQiKvaYaAYX4GJUoLvCRW5v5oQ2Qp36,asset,Grace #007 - Elysanne Schuurman x ARTZ,ARTZ,video/mp4
QmamUxUTUQNgPVLbKeaf2Eu9FmhvE4URt4uSK5Hkfi9JFN,metadata,I Love Me,cosmonutty,
QmUwBpjTVhJuWZfswS9PMZrZK8ebQe8mjGZnQwK2VpmsGG,asset,I Love Me,cosmonutty,video/mp4
Qme1u4QqMFjZADqh9Ltg2aiqJq1L6uM1if7w31yLW7B4fE,asset,I Love Me,cosmonutty,video/mp4
QmRUq2q1otP1kvTn5gtS42VuZ2amtc2XKTmcpf75tgutGb,metadata,Labuh, bagian akhir - 'Lingkaran' (Circle),Rukmunal Hakim
QmQTU4yD7UgzM94iySLXdkCv2j5HTE63ESQ6dr52UoXcrY,asset,Labuh, bagian akhir - 'Lingkaran' (Circle),Rukmunal Hakim
QmVDdtJjLodnbZu27hTWR3UhyAnuXFrcpHkFQq3RSCfXvM,asset,Labuh, bagian akhir - 'Lingkaran' (Circle),Rukmunal Hakim
QmVZk5eKG6z9jPoj5amk5UnBBoZAqhjDW6wGBQdLM9jfKb,metadata,persuasion,desultor,
Qme8vMYDig6aYtM5njrEQoQbNLymaam8JBqYqgz5gdLe7C,asset,persuasion,desultor,image/gif
QmTMCW59HJMUPL1NsSmtvd6oHN2KdCbh27gTETkzTB2mfH,metadata,Flight of Icarus,NomadicFrame,
QmVyE3Laj5FYWfryi3U9AaXy5rwS1r53fs8ELMLMC4JJGM,asset,Flight of Icarus,NomadicFrame,image/jpeg
QmSHzk9qVjH3iMHeyjLFYRCAMti9imZcjMCp4eGwde5z4B,metadata,No Hype Passion,ClayCal303,
QmXVHZQpZtWyk4hy5hNcsfHUG9u48whgK9tranH7ZNpvMK,asset,No Hype Passion,ClayCal303,image/png
QmfMkvjbDNFG9SM7jZpkTxnaTLLDaAffnruUnuSVTnxiow,metadata,Cyber-Lite,ZON,
QmXAkxNrdZW7UiGvezLxidYWusdp41hyeQqdyZLcgJaLsz,asset,Cyber-Lite,ZON,video/mp4
QmUKT7gkwN5jUWfjEy7CiUgmMwMJRxGB4piNAFZdQ55PMG,asset,Cyber-Lite,ZON,video/mp4
QmTthnWzykNPivrCJyEdXB4sWa6SrFbcLxJN1dK57kHheJ,metadata,Dazed,Ghost Cowboy,
QmerjDLj22nbExS7ufUe9dK35HVyUAgdkFRiVHX6iUAhH9,asset,Dazed,Ghost Cowboy,image/jpeg
QmQafT5yP9EYzh6ZsYxgHQSBVvBjn3GgnwGRH7xWvJ8dV2,metadata,Tr4n$fusiøn2,CIVIT,
QmdeupRdGz3k1JTWTyD2mS1HC2eh5HfLu2XuaWfkVm8e7k,asset,Tr4n$fusiøn2,CIVIT,video/mp4
QmXmZFL4NsEQitd347S7hjpeo3jf16skXSPaAQnFXEELN6,asset,Tr4n$fusiøn2,CIVIT,video/mp4
Qmeke8W5UvjWTcjq8Bvgbx5zeeY6en4odi3kd9PzH98n29,metadata,Sea 2099. XLIXmerger Collaboration 21/49,Oaaaoss,
QmVCMAnjwM4FTCWtSWwC3bcgrvJJzM18Z8G2Tmbn5qMRex,asset,Sea 2099. XLIXmerger Collaboration 21/49,Oaaaoss,image/png
QmVkswmVTetRJmMmEWYqHiH9FKLpLECwo6TxBrKsoFPufd,metadata,El Alacrán en el Desierto,Emsar,
QmTwJvChZhyiRdKq12pn23GLHDTvEToiEUmdbwcNQvbyLu,asset,El Alacrán en el Desierto,Emsar,image/png
QmRBEQ3YapSpJeC7hWhWRWfbHQKnWejBkE78MseRetyg1U,metadata,Inside a dream #3,lucclop,
QmSqj56ej471ctADVwC1nsCV2z6d5TsQ5x5tjEnMuCZMbb,asset,Inside a dream #3,lucclop,image/jpeg
QmRMqi6fTinoMqTJgBTgfbAxtvq6rmvKiJBYpsHgLQyVX5,metadata,Real heart. XLIXmerger Collaboration 7/49.,Atmonez,
QmeCbsCEnJ51YiHQ1hE5E8aTi9Ppvzqx3sGgj2NitK4de9,asset,Real heart. XLIXmerger Collaboration 7/49.,Atmonez,video/mp4
QmZsfLJ8s4UgMEyMBq97nmUpdxyCBzSkgiAtwYLijdijRN,asset,Real heart. XLIXmerger Collaboration 7/49.,Atmonez,video/mp4
QmPxwkpkM7P2ZEYuP5c53Qt5EF3z64RomJG6TCDDxwPqRe,metadata,I feel an embrace,Giant Swan,
QmcZLMhpRjcwSQ3NWqtyrxMTMx7qbwTmxAp2nmeAfM5qDL,asset,I feel an embrace,Giant Swan,video/mp4
QmcVNk9peSfGuweNb3djMinjj442wemANJWME21CWBVPMn,asset,I feel an embrace,Giant Swan,video/mp4
QmREYkQB8X2eu95LQ4AefmZ6Wvtz2dQUwmD2RJNhNHRFH9,metadata,Florida Summer Afternoon,hawkward,
QmNyGR2LxTFrkDKp91kvaAX8pB5P6EBvK2sfVKekM4snxW,asset,Florida Summer Afternoon,hawkward,image/png
QmVFeTf7fPy8RzyueKTiCGt9TRR5mqbrjx5Qib2kqZet99,metadata,Reflection,DKleine,
QmNUMYRpd5V3NXDWmhMfY3vr8ZygjPFuJgsmJ2FBLWCUEb,asset,Reflection,DKleine,image/png
Qmd37A4EEThYKhCogm3b5Ao6cF7G7mufyxbv5DGPF7eJmN,metadata,Inner Void,pvkh3d,
QmaKbgAzNrxJdGP5BE7B8g32bXaYRWBxkownuhmFP6uLHP,asset,Inner Void,pvkh3d,video/mp4
QmPeajXa5t4e7Zkj5rdttG8fkKVpBEZaUqnCAAhvVSRyVW,asset,Inner Void,pvkh3d,video/mp4
QmUeu92m8QoncJyNtuTPsSjkWnJBm7KiNWyFNZDSv63b31,metadata,persistence,desultor,
QmUeSyW6n7bN7yQnMiaxrgvoKV3TocaQcmwefMUkB61bEk,asset,persistence,desultor,image/gif
QmVdPj6ut4uuuWQ9PBkF9J418voKNmVktExNjHRHnedFWZ,metadata,Death,Lucho,
QmU4dpDfAAwg7hZx2QLYY7KGZ16ByhSE5tS1UCBZCd3miY,asset,Death,Lucho,image/jpeg
QmfU3qC4aBjb7JptVizi9SAiGm7mvyo1MEuKqRxAwXPWCy,metadata,Tarsier,AnonymousNobody,
QmewLnyrbWa5c27ycL2Sr8kQf4NZ3jwhwaZRSsFKV6RpKz,asset,Tarsier,AnonymousNobody,image/gif
QmT7BcteajrWkBGgqEAYnG1meFAySpexKggFteKp4MxUfV,metadata,Convergence 2021 Sunjae x Sabet,fermata,
QmPujCQRV4yVLg1ZMiphZCX6J7KGLXFEsy6ZvAx43vQPyZ,asset,Convergence 2021 Sunjae x Sabet,fermata,video/mp4
Qme2d4eHQz1v5TAUvU8ri6k3geHkX5gf4UgidfygGyopjK,asset,Convergence 2021 Sunjae x Sabet,fermata,video/mp4
QmbV6TeejYpi6KYLKDmYce75jGZCBj5bLQmMP2EbtFvBSH,metadata,War dreaming of itself,thegrecu,
QmTitiS7RPxgfG2qbp856kZeH7PoEtDESmKRr3DfMnTsTk,asset,War dreaming of itself,thegrecu,video/mp4
QmXoiELhWMFKdfzq1TLDnotq2WwpisznU8UvW5najCVBvj,asset,War dreaming of itself,thegrecu,video/mp4
QmcUnfRSXYpTjiYXFtHECdADQUc7bB4Zeknx7TxzepSwgS,metadata,18. The Blue 01,Wills Planet,
QmaLUdCqKTY7sNHkiZ7rBP6Cgcmmxxqb3wwxGFkbn5C3LG,asset,18. The Blue 01,Wills Planet,video/mp4
QmUMhFJnKhcf7epirToB5BFokvN67DTKQyufgEdTFozUs2,asset,18. The Blue 01,Wills Planet,video/mp4
QmSt7K97rAzs5SG72GPUXHvhkvn2pfJyqfofLgG96D3BmS,metadata,A Good Time Was Had By All,colourservice,
QmXzzZTRwNcRg8j2eyZr3oQaPQQHVpB3A4KxUU55tHG5TM,asset,A Good Time Was Had By All,colourservice,image/jpeg
QmRYnDR9aX3BL6FBBMoV4t42qMehCYAj2CwomsSUXBfqr7,metadata,Door Catcher,ClayCal303,
QmaEJuJK32a7ZFzCWn44ic2dppBwK5oYyVdNTwCFthzNAe,asset,Door Catcher,ClayCal303,image/png
QmRgRmdxdiBFMmLp8jiJJ8y6rVzMvFme6Kj2PErbNCXSSo,metadata,A look into the space of options,4etverik,
QmYyvERbcynZcsaDAuNMCRpHom75MX5C2YUA5NBWBViKRD,asset,A look into the space of options,4etverik,image/png
QmTDxY88exmnp8MxvtDZnheQPptiFgaC2AGymitv9THEqd,metadata,Evolve-R Guy.,Evolve-R,
QmcYozKs37XenY9XUtxBUm4vQsJdZiHf3yFzzV5H2Q8HTA,asset,Evolve-R Guy.,Evolve-R,video/mp4
QmNRTQG7shqSEgodtbN7XMoqFHFEBZS6JekBibewKceze1,asset,Evolve-R Guy.,Evolve-R,video/mp4
QmNeSumsazmUPvzbsTBb6zBcwjNStexYBNV3DSD3gJ7efX,metadata,Wildflower Poppy,LisaFogarty,
QmTBrtYa5GcszzMu1gpvqgcpRz8Fjnh4yuS7mMbSS3F1zT,asset,Wildflower Poppy,LisaFogarty,image/png
QmVtKwJtkaU6NQGfLnkbKDNDg27Xxw2sFgFkQ93nwVUDnR,metadata,Edenic distributive #03,AlekseyYalovega,
QmZ55HDVnhU1CUL8iT3TwfL2veKuToVHquePKHdUSzjGbY,asset,Edenic distributive #03,AlekseyYalovega,video/mp4
QmUnMSs9FU96N1GEZ3fNJSdFisxGU25uwACsDH9u4YyFXy,asset,Edenic distributive #03,AlekseyYalovega,video/mp4
QmSjNQ5GWfky2U8vVpiWf13b7AqqakhksiXMLMmunYzFZG,metadata,Uncertain Future,DKleine,
QmcvEnMeDJzYjvkxakgXRtrAUPPV7TgB3efQgLE6K3VfXH,asset,Uncertain Future,DKleine,image/png
QmVQCdscAKmXUU4tomsCyd6rHBRnzS1DhX5VFzzWVKJbsH,metadata,Siren,Niklas Sundin,
QmQWmMKuzw7ryoCYSTkT3HaPyskQV7AtcwvWcZqKuiidYt,asset,Siren,Niklas Sundin,image/png
QmRi6YTvKuJWAr8ZYCxzAVkiDuHjy3qXiKtxVcGCRnik7i,metadata,Getaway,Complete,
QmNrpBnQ9XfgQ3m13Lr7H39JAsyMdi6duJthoZpDenFzDN,asset,Getaway,Complete,image/gif
QmVSGfZ9YQjN4TaPB1YbLRM6JoXgLAH93QL49HKAkZYEsp,metadata,Decaying Beauty,NomadicFrame,
Qmb5eHYYPw5TnVoJR3sL3YXeebjXtVCe4FvC2pB5hhtN7T,asset,Decaying Beauty,NomadicFrame,image/jpeg
QmS27eSmA2j69CUmHVELpx5tg23gWrCgppFaAM1LufidN8,metadata,Ephemeral Time,iamjumaii,
QmdNAgUKnW4jbA3ofB1dfWJXGDdFS8wXqrFhYuP2K6V9gk,asset,Ephemeral Time,iamjumaii,image/png
QmPKXZAxcFpqWCmjjkCFkNGvi24c53UWUibHPCUw7K4dte,metadata,Enlightenment,Ghost Cowboy,
QmUCHed4GhcicEFxPdCqXU46tNCsWqwVUXquwMWXrZyRHW,asset,Enlightenment,Ghost Cowboy,image/jpeg
QmYtaoMyYFx6BKRMXPb8ZDbex5VXoYH1w8kQLLrFYwXWRV,metadata,Labuh, bagian kedua - 'Ekspektasi' (Expectations),Rukmunal Hakim
QmZ4exsr7aQi4uX67bfiYrJZM3153uGFhywjTGtmLo5Qd5,asset,Labuh, bagian kedua - 'Ekspektasi' (Expectations),Rukmunal Hakim
Qma2dMiDz5totsmi7jz6dHedpkKqEFcwhn8WLdkM2iZncR,asset,Labuh, bagian kedua - 'Ekspektasi' (Expectations),Rukmunal Hakim
QmPuWTmsZuQY2tM5376GrCG3pueom2LzJLLeLxvrrtvu8K,metadata,Meditation Rabbit #7,Alexis Olin,
QmYC84oUvBGk7dtE5aA5aWJjnVUj8tpcJw2xypRJv94TPC,asset,Meditation Rabbit #7,Alexis Olin,image/jpeg
QmP6a5mbQZX5Qfds47uCed5xeD2gaAAC2Krutjp9eRE7Ax,metadata,Samuel,Moxarra Gonzalez,
QmPuAzJTEuM82qweaM5qHMd7AbrituQAxHXkecjrz4taXp,asset,Samuel,Moxarra Gonzalez,image/gif
QmWipEmcEBonHUrqrbSz6FqUisDJiD3DWgjW674uhUfNas,metadata,Balance,Violetta Melnikova,
QmXuaJ9D8nmbFdrT6uhwkLEpETxMMiuyEJ6x7Uy1TfB2sU,asset,Balance,Violetta Melnikova,image/jpeg
QmdbNAdxzQT1G24XivSTdgfEd79Uky2LQgyN7YyNQvR8TH,metadata,OMEN  (NFT + Physical),Lucho,
QmbnVkxXNNFfU4d84EfMMd9KKdpsn3rHzJwhF2Er6jNtZs,asset,OMEN  (NFT + Physical),Lucho,image/jpeg
QmRgR6u1qiXg5ZD5X2sNZXKbtTuhxwTd9Fm1ZGNP87Z8uM,metadata,Wildflower Daisy,LisaFogarty,
QmcsLXqFSgYU68HAFdvYCBnjtG2aX8AFqSheWrLA49ojPZ,asset,Wildflower Daisy,LisaFogarty,image/png
QmfK5GUtumjALT3FWD4syggqE32cDHy4GHAhbJfVbMmm2Y,metadata,Ether Worship,jjcworks,
Qmd1SvpNVeX5sH7hj6BkJyDCDGDAJE57Gh9dXvmGcnhGah,asset,Ether Worship,jjcworks,image/png
QmQ5vjnnvVJBfDTRLdMQNCARbJMk9r97beQPa8RbuSf6af,metadata,TRIPPING NICE,Tvzsu,
Qmd7UQHqQHQoceMYeoKx1Spr1QWUtmMxffakXFM511xfKC,asset,TRIPPING NICE,Tvzsu,image/jpeg
QmWRB7weM5Vj5xjcgZ5NEyUfCr4a5bykJty81eNLaBvRS7,metadata,Memory and resistance  (NFT + Physical),Lucho,
QmdefKhpqCECSwN356ySqLnRm3rvw3NkTD9MhJXAZBhxsw,asset,Memory and resistance  (NFT + Physical),Lucho,image/jpeg
QmScDCWPHdU3PyMwx4UUEpWeHoE6ruhKR3HpenpMcpg56U,metadata,Incomplete without Three Kaleidoscopes,Hulki Okan Tabak,
QmcW2JHnHEkThCf8a4cxv4gzDA4FDUhgVAN4D5bvS5x2Jg,asset,Incomplete without Three Kaleidoscopes,Hulki Okan Tabak,image/gif
QmSxHBVX1NynvFTyoBfMsAup8CUNPFwPbHMFxLBLsmcjwA,metadata,Climax,Lucho,
QmVBTeaT7sAhJ4njyWwGJ1FLNNqe9MNQNemPFoKuR1ux9J,asset,Climax,Lucho,image/jpeg
QmWgDUvnHTkzDK8eUYwf1vrojLbQYUpCwaGiyMDfFRPdks,metadata,Three,AnonymousNobody,
QmcWpyn2EDkeRkfzeGXpjtiAGuwKWwhbBG7QysaRiKmTX9,asset,Three,AnonymousNobody,image/gif
QmQMEJhonvdw9ib5TWzx47TYoF6TPqBVnahN8hwnGvvV5y,metadata,frustration,Onyro,
QmRQabEpNSkYs28W7SbGytbVqv9ZZek9yYXUTEPxkzuYDB,asset,frustration,Onyro,image/jpeg
QmSH2zCzQKnkC3CGJj517X7wSLFCCiXzg2XT9y2e7ajbv5,metadata,BitGodParent,ArtByVesa,
QmNk3axtJoqvSczxqFXZti4ioifiNGXWXeqghoDVZw5ukK,asset,BitGodParent,ArtByVesa,image/jpeg
QmaW2FGRFypmkNuP84M9JFQqSznAb8d8gzPs5mEioBT2zi,metadata,Renaissance of space colonization,Yura Miron,
QmcRe1UCJpPy7kvAP44bVegan5RvCoXHyKArFn8ejhYuta,asset,Renaissance of space colonization,Yura Miron,video/mp4
QmNPndvKYTkd3sJuPjyS1Nog4rwKCHBRivZ9ncLb5bP5VQ,asset,Renaissance of space colonization,Yura Miron,video/mp4
Qme4hYEJWX6WJqTtsxAPEktRWuiU3m8V3ukLFXaooR3ipp,metadata,20. Stone Statue’s Adventure 01,Wills Planet,
QmRN768PG9mfGYoUfSiPK6KRzhKKe9ioMackKbiZy98A6B,asset,20. Stone Statue’s Adventure 01,Wills Planet,video/mp4
QmbuGuXLA3TSFKdEj3hxmXr8QzvmDH3zxzqAeQwh1rKWEm,asset,20. Stone Statue’s Adventure 01,Wills Planet,video/mp4
QmUBABt8GgJBb4DDg7RsBCbz29S6U3gdTKCHkrUcKZrujR,metadata,Ragnarok,Mehdi Daoudi,
QmdRu54QG4pBzChe5TkbURU6MKtGMvaAVE9DaSJj3w3rse,asset,Ragnarok,Mehdi Daoudi,image/jpeg
QmXNwyaWHs7vQS6KeAaWzxAjzpVBtzkSHyruTrXDqEn9GE,metadata,Meditation Rabbit #2,Alexis Olin,
QmeprYjToznZXMkbPWq1mD5VsYyPqPNW56hPd9wsXH7W2y,asset,Meditation Rabbit #2,Alexis Olin,image/jpeg
QmZN6jjfszd1YXGGDUcu4EEWN9EYiXUsBxd6JNysxnKaqi,metadata,at night time,danicavi,
QmQEZDPsAHgQ88AoTKxdvx3RsBAGC19FVB9TaR1Qw2jfBf,asset,at night time,danicavi,image/jpeg
QmQe2rMAom2tc2ARZu19JQGB2qMJagWKdwCbZH9ktJwwSt,metadata,Desde mi Ventana,Emsar,
QmcTFXqjtg7YuSdN8kKQE7WJneCk4ZEgsgvjLnbcL92q1r,asset,Desde mi Ventana,Emsar,image/png
QmYS8brY82sTGm7ScSpUu253s19Y9Qm3AnNo6jJPr2Wz6m,metadata,laser_show_last_will_and_testament_of_myron_starets_02,sgtslaughtermelon,
QmUwynVNP2TUTbf3TLFZDWYZGtfwZf1kJYAMCgK8xoP1iY,asset,laser_show_last_will_and_testament_of_myron_starets_02,sgtslaughtermelon,image/png
Qmd85zQ3MYMfGV719Gg5Ysv6Bf9EqwbzN4ZekcdMiMzp5R,metadata,Ride,ahmedpartey,
QmUaDxLmKGpT1ZhtvWrJX8Sa1kjnb8j9n3rjSdMDjPa9sM,asset,Ride,ahmedpartey,image/png
QmWnV7HU5B8igRiX7vttHnqURAfqcsWEx2ZwFtAWBqhqrc,metadata,4th Horsemen Pestilence,IndraTor,
QmWzg22PgshwHX4sUsyUaVZnfYkpFjJi6Mju61RSWsQRNQ,asset,4th Horsemen Pestilence,IndraTor,video/webm
QmafaRJPKFLpLYjeLCnAZS9JkWZtJSTZR1aQ7y1ruUJAWw,asset,4th Horsemen Pestilence,IndraTor,video/webm
QmYDKFBo1BWVoEeGx1AS4CXyNkxwT2o2PwzcCS8NXGU3y8,metadata,Sanctuary,Natalieshau,
QmdSNpo38aRpTLqbLdMPUVyBiziLsd75eHbN3fgcmE6E1U,asset,Sanctuary,Natalieshau,video/mp4
QmaE2DSPyeeMJfjWg4CPqba219hKdnfRGdqqmd7GRMW8ge,asset,Sanctuary,Natalieshau,video/mp4
QmebsL6fcYJo6pUTPGe47oczZCbvCASphhKRH8jsvNTaFv,metadata,31 is the new 21,priyanka,
QmXDpLVPVRuzwoUucUfY4hAmLh44eBxGQ9GJmSGAtRh2by,asset,31 is the new 21,priyanka,image/jpeg
QmZnqx7qSTMXAnEHi92PzbCQGXNKSCFJXs1wxs5ipzaVtg,metadata,CryptoGeometry / Pleasure,CryptoGeometry Art,
QmTwbhk55oFNSYtW6Q4ApQc8SNz8XBXnANzgCTqCxNFZ3f,asset,CryptoGeometry / Pleasure,CryptoGeometry Art,video/mp4
QmeL2ariAAVM93B3MChhMAWYdT4ALy276NxwzHifRcFZYi,asset,CryptoGeometry / Pleasure,CryptoGeometry Art,video/mp4
QmYQ56UAXWRFqfRkBdngxSmzK5nbXHAkWE2PVnLzbMnDq1,metadata,Chadot,Fake-Up,
QmUAUhVaH2cJRdsLsoaeYhVQuKrgibw5odKgwdHVGhG3y5,asset,Chadot,Fake-Up,image/png
QmchineJ2FZXbR4Awc6v6q54Bz4Yjp1pkdC3rC7yeZxCdH,metadata,Ganírica II,danileoni,
Qme2bY1eTTdn9RuM3upKwSDyqmuyn2wc3bLG1hmjZL2eLh,asset,Ganírica II,danileoni,image/jpeg
QmfHgwLE87aHxamhp4h1MDtY718jbRbGRzvR9C2t1E1HBg,metadata,The conquest of imperialism.,Lucho,
QmXvgozo6yMf7sakiFqxS5uEJfA6M8hGgnr6Qzzyc52dcr,asset,The conquest of imperialism.,Lucho,image/jpeg
QmS4dcvhearcwJHM4nSqZ37QgC8NDW2BGKgYk8RfKjQRLE,metadata,Frankfurt am Main,justprostokir,
QmfC1244mCFnzqA2KQGNhmSiUokhuJHPbNCMaXdcLASmzV,asset,Frankfurt am Main,justprostokir,image/jpeg
QmcBAPrSgSo3VwcHpf9QESk44kWtad8kYqw5cZqN8kVaoK,metadata,Chapati,foodmasku,
QmZFJeM82SCfubBnspCWaGbUeMoXFVSdxnbNSVQQX5NkWn,asset,Chapati,foodmasku,image/jpeg
QmZ93ffA6yJhjRM9SpT1htHqu2fwYTEjRvCYxDyXy1RjBW,metadata,Meditation Rabbit #4,Alexis Olin,
QmXeajiF2sCJE1vhhyEGGYJdMQLSmT8dt5JtagAi3vShfX,asset,Meditation Rabbit #4,Alexis Olin,image/jpeg
QmNk5hfkoT7Ri6jQoB7DWZyPEUfcCuSSTxFubz1zmrKnF4,metadata,Meditation Rabbit #3,Alexis Olin,
QmPjZyUiHXNGPZ8eACvFVu8S5EuR7KDuiifKJpg2nXwLTP,asset,Meditation Rabbit #3,Alexis Olin,image/jpeg
QmYuqr9Evi4dWV9tBX3XU5Z3KpgALp2PozZG1nYBXrRmrR,metadata,Chief of My Tribe (Visionary),knightsof88,
QmRHVyDNWHpYcf6KcNox3Pxet3MdHmtLfEU8FSEpE6iT8B,asset,Chief of My Tribe (Visionary),knightsof88,video/mp4
QmZAFRHrdxprZcgaZvxrUCRX3MoUcxsBQw4RTVDbMu1yg4,asset,Chief of My Tribe (Visionary),knightsof88,video/mp4
QmRiR7Y4usetLWtp1x2vdLeFBEzY33GqQAmyzo4WmGscBX,metadata,Shape #28,CryptoYuna,
QmZA29x1EuSnGr9fxJEsrfez8MmpD55Fc9yQ667Ywyixbv,asset,Shape #28,CryptoYuna,image/png
QmSvyRrqQEYMnLuEs7tzvhAz2WfiSpXSDAEfpwc1izS8sa,metadata,Tickled Pink,colourservice,
QmfA8dVj97aSqu8RPJJuU1Fuyo9VecySigtVfmsm4VMy3V,asset,Tickled Pink,colourservice,image/jpeg
QmUUb2gSWmVApWZkijvTkAyjfXNU1Cbgx4j86TP5xagT97,metadata,Add Funds,Max Osiris,
QmX1RNPhbKDtNon943vwZK1q95VYwH6iqyMLHQXnGxiNve,asset,Add Funds,Max Osiris,image/jpeg
QmPCieHo6A9zUBHFa4ej9tSvxUoGw5qmZ5rDCgj5qztWmL,metadata,La Lagartija,Emsar,
QmQ5E3qi3NiACHkb1V8tFHMthTwVXsYS6N2XPQ6eiCyBxX,asset,La Lagartija,Emsar,image/png
QmVDueMwrd7hBkNpGwa2EC5Yv5YBbW6hSuR75TaHp9Xvds,metadata,Enough is Enough.,hawkward,
QmdixNXy4kFRvrAzjsjpZwF6UGvFtqJVaaY2FmoQpTng1k,asset,Enough is Enough.,hawkward,image/png
QmVKB1SyhjvjKcdE4oAnjhsisGJ6fhLpY7ndUDicNhnQJk,metadata,Plant Life,LifeWithArt,
QmYab5bdvNS1FY6qm5xypwrcvaptbG31rwAEZBezfW7jVT,asset,Plant Life,LifeWithArt,video/mp4
QmXNzZ76pTrC2KVEeSVMFDG4tzoNHtjA8iLUhgWQMudjm6,asset,Plant Life,LifeWithArt,video/mp4
QmSJnw9tnkB8jbHV3jdsX8ruUzQyG1tJgfYnhUmsxjJSUz,metadata,2020,Lucho,
Qmc5ufVMfYNyWpgdUcPAUXQ6xCDZKD2TTZwaBAmS74rZw6,asset,2020,Lucho,image/jpeg
Qmd6rH9BD9h3TdmF6UfLXuJpudssEhQX8qjGVC9adUge5u,metadata,Reaction,Ghost Cowboy,
QmUzNFGCPsk9hcccknQaeqpngdRNCFwzGcuGXWwkZyk8vy,asset,Reaction,Ghost Cowboy,image/jpeg
QmRtkMNecEAhDMGJFVdWWmqU5VJghbwkLPDNnMHVMY3sVK,metadata,Rose and Gold,Natalieshau,
QmRoU6KXptoNvHkHVb9fMkJerTdNL9eScj3xnLxFB2kcTq,asset,Rose and Gold,Natalieshau,video/mp4
QmYsEHBncBXTQKP3wwwwhLd3yYXaFpQXeU9vxjZxoY6nko,asset,Rose and Gold,Natalieshau,video/mp4
QmbJ2WP4dHzxVsmKnYr7FXKX1Gmudqw8Dgbp3REUJD5Y4y,metadata,Self Reflection,Onyro,
QmQyfUmZLaC3EkGZEbmfbHNZ5u548sUdp3RExG6W9xBXm3,asset,Self Reflection,Onyro,image/jpeg
QmeA8ZApn5H7jVFNhRRPzyNT9hhRhHhsHJBcj9m3EtUVvu,metadata,we were supposed to do homework,artbotas,
QmdqZdnzJhceBzfCJymFmWsJhiFBPwb228Lr6RcFv9WncP,asset,we were supposed to do homework,artbotas,image/gif
QmT4BK12UGkwfNoiRpDwS7kJzwRCfZTXB9khHZqro3jakQ,metadata,A Contemplated Eulogy,Gassan Aqel,
QmPM3bYSwJhnfew7AfqJTcxMHpxBHrPNBSoB7Yf5J5uZsf,asset,A Contemplated Eulogy,Gassan Aqel,image/jpeg
QmWWNaoLucAGNmoujrDyJMnvK4AprbRbTarRxcTpLL6Wwp,metadata,Tails Or Heads,The KZA,
QmSkxmRqCejNNtEn8Lg7naRz8hr2G4ux1qS63cZdHbHArZ,asset,Tails Or Heads,The KZA,image/gif
QmXujBC7GVGzzWKMguaAzKpukbLruCM4scJY13Byoez1f2,metadata,Cotton Candy,foodmasku,
QmTxhje9bya5o8H4FzVje9R8qRqSC7syTQepxd6pYBL1YX,asset,Cotton Candy,foodmasku,image/jpeg
QmR6iea7KKGW2XLrqmmSxkRJh1Am9HuJYa3YmRL4HNcKfd,metadata,(Fallen) Angel Himé 03 - Helyxia. Ft Kas Vegas,GreyRadian,
QmccJe78nq1ZQHkqEKaii32Ns1WYHuPq3vnYX91stEBoki,asset,(Fallen) Angel Himé 03 - Helyxia. Ft Kas Vegas,GreyRadian,video/mp4
QmPoC2xDoF29wV1rMtx43QuRzs69x4nuY12D5iGtWC8znN,asset,(Fallen) Angel Himé 03 - Helyxia. Ft Kas Vegas,GreyRadian,video/mp4
QmcKCYNhXgfttupDgRxzTs3bDgeRFetiThVTtCc1u3g3zf,metadata,SANTO, SANTO, SANTO
QmQFkNtGWrZ9ysEvWdxpV2dMewFGcDqTD9nhs9mHuGWxfw,asset,SANTO, SANTO, SANTO
QmWfDLUkF2D3YRzL5DBscfVReNmrKkM4mZGzDojG1my9QT,metadata,Creatures & Friends – Geisha,Waxbones,
QmUnBrirGa9jL1sr9skJLEJvogSJHS5EZX2yX1dtUbcSAA,asset,Creatures & Friends – Geisha,Waxbones,image/gif
QmWocHoJcfEbf5CPTd2rvLuTJUFbhv6L3XCYvoL1YGgC7i,metadata,Rare Half-Breed,Hulki Okan Tabak,
QmTLXaeA6diQrTdM2BXYFdRwLsJDbeLoE5AuxK4QGJ75q4,asset,Rare Half-Breed,Hulki Okan Tabak,image/gif
QmcC947ugeaRQp6rAj7wNJLwTjAGA3kWXgFHqGC24uwv9X,metadata,The Empire of the Mind,OdysseyOfTheHeart,
QmdhjSMHsXhwqfbgkZ1JZVrWPj6KetaktHNzwxQXtbsTPz,asset,The Empire of the Mind,OdysseyOfTheHeart,video/mp4
QmVKjTFUqQcTod9Bqvts8sYrEg8v6AaKTizAosRzNEdrkJ,asset,The Empire of the Mind,OdysseyOfTheHeart,video/mp4
QmaF4XAa96ZQM8GAm4eEosMV74QttqmtZE72DNJxQHziA4,metadata,SOUP OPERA 79',Boreal,
QmPTawqkWTJjcRq32WevAz9Qr6rBa6rJ9vPoAB3HQcKuGe,asset,SOUP OPERA 79',Boreal,image/jpeg
QmZx9jjB3zfLM34ur6WAVouWm9mDWZiKos15YPpbXRfx45,metadata,Shape #29,CryptoYuna,
QmZw4YGRYxyUfD2qezKzXEzCT9qKRXbwXbmyH8krhH7AYy,asset,Shape #29,CryptoYuna,image/png
QmddSi3WRZS2BeVhpBfMv2pp4kE4NPE1Gt39CcBBykiyPA,metadata,Data Collection,null,
QmbxpLhFVuodTTTbAqcZcNd4VKU79cDSvkkMTCPzMSFWt8,asset,Data Collection,null,image/png
QmQnQM8PHpwcgUhLW6ac3ndNT42hPZa4ZeaY6DZ7bKrm4S,metadata,exhale.,mewpsd,
QmYVRMEPPXY3wPEBsiKCTrUjeCZZEjovBxrQbrxk2smPWd,asset,exhale.,mewpsd,image/jpeg
Qmbjciw8EfUYYCexPrKo4UAA7GK2gxZ6uqWT7iAW6hA6KD,metadata,Entanglement 2021 Sabet x DKleine,DKleine,
QmXP44zHA5bs6E4DLGjMpGavA8oGkXzhgNrak2BpeaSq41,asset,Entanglement 2021 Sabet x DKleine,DKleine,image/png
QmU7tcJCT5522vYFVHVLjhAfHimAXWKfEHDe9cGLGs2mKX,metadata,Female Portrait 07 - Seduction,Wes Henry,
Qmbu7wTmHRkVowczwnhVpE7xRRJbFyYkQ5PX9CouMMye2v,asset,Female Portrait 07 - Seduction,Wes Henry,image/jpeg
QmSe47xmj6VtHrvFHiiVc9iS4VjjYefo1nn3grmewXKW7R,metadata,The Superfluous (NFT + Physical),Lucho,
QmX7V7qjXUsdLzbWcvpzdtgL6EjbS551qjN19hf8jmbQss,asset,The Superfluous (NFT + Physical),Lucho,image/jpeg
Qme1fYGAnxyKdzFcsL3vWDrF2ChpU6PDBoYsw47u5KY2m2,metadata,Golden Ballerina WBB12,fedebianchi,
Qmf8pnqcwwohnGHTi7muLg2JjBMBnhsW8VPGsd4ygPLR5t,asset,Golden Ballerina WBB12,fedebianchi,video/mp4
QmTw3NFTAB8RpV2DjKqYaFxmTB37Zpcqhk1gVna1ZLtDi8,asset,Golden Ballerina WBB12,fedebianchi,video/mp4
QmNRGQrFvEaHLaEFm7kCyjr2WGGqEAKUpa84q9H6rHn4dc,metadata,Rusted.,Evolve-R,
QmSgCA7PsbtNvePcWg3SoKQYmLyHP6gVPkLx9Fcry848W7,asset,Rusted.,Evolve-R,image/jpeg
QmTbvQDVTpDX79qCQh2piXMQJzCQ5bXDpAzCrUyhEGXoaz,metadata,Scaredy Pants,crespoarts,
QmY22Qfib3MzQb418ptP8QcpJCWvhESoH5cMTUdRjdo48a,asset,Scaredy Pants,crespoarts,video/mp4
QmeDTmpqYWGKEcQdAzP9eZUba9nPvd8fkKrWNqmsiRWPn9,asset,Scaredy Pants,crespoarts,video/mp4
QmUpyUtVhFiFxo8EBpamXS4XtvbUSLopeW3VaTMPipBkuP,metadata,Natural History 1N mod90 - 41760,Javier Bilatz,
QmdnvttuG6t9ANtJa6dm8Nc9LuUWS7cRWfK63e94xKgLFX,asset,Natural History 1N mod90 - 41760,Javier Bilatz,video/mp4
QmWCy5GPJekF2KRY9HGPCtQ5guT3v5qdXPpgAMk96frxG8,asset,Natural History 1N mod90 - 41760,Javier Bilatz,video/mp4
Qmbn2UJz8MrTrQsqfqMafrPsREFmsz8V5gxfeK5qFAnDzX,metadata,The Wolf In Wolves Clothing,AnonymousNobody,
QmWSLktKPKvL4PsedsXhvHuEd3c2fvDEjM6Pxe7oGn5VNM,asset,The Wolf In Wolves Clothing,AnonymousNobody,image/gif
QmVKNc1jBHD84ZLf29vbPymgwDCJegYXkFFHnMSmWZzVug,metadata,Meditation Rabbit #8,Alexis Olin,
QmekX5wXtjiTc126nsfHDbM4RNicQ9LJ9fBUtS5WmZGijn,asset,Meditation Rabbit #8,Alexis Olin,image/jpeg
QmUd8VQbM6DT5TqhyUi2nsRogRNAPALykt6J8MycDbcCHe,metadata,The Time Twisters,Zach Murray,
QmNq7qthKT5hQUa7BgtHBMnRWGrhhGzmjZJQSMm4uw3tKG,asset,The Time Twisters,Zach Murray,video/mp4
QmZQBBdHo24umsGLV4Wv4ChaQesiN72scK2LmreG6HBVxQ,asset,The Time Twisters,Zach Murray,video/mp4
QmRjPP5eCQd9LhgPQyRcmHTFLV7jDi2K6FpzSbs11LLnjT,metadata,Awakening. XLIXmerger Collaboration 1/49,rafis11,
QmbpCCnW1WXbViDysWdMqZWMc5uLC8ReVMkBKxvahHpQjR,asset,Awakening. XLIXmerger Collaboration 1/49,rafis11,video/mp4
QmcPB9rMpCVepxfzsJhmgJVcZrxnkhgYkMX4LJ3EpRdD4u,asset,Awakening. XLIXmerger Collaboration 1/49,rafis11,video/mp4
Qmbnm4ZJVqteqYgn97xJUz6qC82i2doH5z9s5QMFXMg9vw,metadata,Ethereum Mark-2,papanyx,
QmTkv6ANdTZVvQuhb7TREYtFeobDFLgYXkgtjqmH69eNZc,asset,Ethereum Mark-2,papanyx,video/mp4
QmQdyRSiWDf3NjW31ztiQ4bMQ6woi2d4aFMocxGy3AyVkr,asset,Ethereum Mark-2,papanyx,video/mp4
QmUNQCt2G19nJ4ASudvMYHebsDRLHfTVWybotXnxNrBGMT,metadata,mouseSKULL,Crypto-lu,
QmcdNYTTWJwwCF39RgkvB4XEb2NhcKWHcAbLCPPyZESwBd,asset,mouseSKULL,Crypto-lu,video/mp4
Qmb56jZPm2Htgoy8MzasFbzn2pLMAAffQS5LJiPUrzAU5h,asset,mouseSKULL,Crypto-lu,video/mp4
QmWPmQhC89XozHyLtUpx1Y825aHoY7CrfLNrwpVPQfmbhY,metadata,Heads Or Tails,The KZA,
QmcGCpk4fTxG7qLTAqeZ2P8zjkYWUsS617YJEGPaZHcmrC,asset,Heads Or Tails,The KZA,image/gif
QmNrABJZZG8MpV518jA4Dkb8Ktv7R5BcuJ9211dNTDbser,metadata,Screen Tone lovers /01,PUCK,
Qmb3SiWeTfUW6zf7t47RiLzkZa8DsMnbfVgV961SfKq9SW,asset,Screen Tone lovers /01,PUCK,image/jpeg
QmZvGNDSi9iJpzSMKvSxCNVNYPewRmjARaxgmnsBZxsHXr,metadata,She. Dark forest.,Violetta Melnikova,
QmXtdCyn9wJyMcjuFfbTkTtpRTn9KHvhDgow6QXDzqJiKR,asset,She. Dark forest.,Violetta Melnikova,image/jpeg
QmRdwXQ33dhchafY2eeSkjZGdGu9n4f6boDsVKDcq4Wz3v,metadata,What connects us (360° image),mojunseok,
QmcDcJTdW5faiyx9iCVbLithiFEwhEzNwdVD2MLnkxaJgs,asset,What connects us (360° image),mojunseok,image/png
QmWfHJ5ghUM2dTuVSFBgmBZ1k6mS1xrpMWfX85T9pujKMb,metadata,Bak Chang,foodmasku,
QmbHPeMEgEAiNpQdNcZNSimEo8WnjGLnnyAkCUA5GvnjSL,asset,Bak Chang,foodmasku,image/jpeg
QmanhyU8L8YnHRLZ5ZX197RcrzWEmCP3bkYZPDQe9RHSTG,metadata,The Blackhole,AryaMularama,
QmU1Ysg7hS6phnFY3jxyEWDfjRH7Br3CFwyEWrkkckfGdL,asset,The Blackhole,AryaMularama,image/jpeg
QmQrERArcLPcMd4neKBk6c5WnPTCZx6viGuTTvv6dATwDd,metadata,The whisperer,yuserxyz,
QmPXq9KCwVA2zS4kbBi1WrzUuts13Zx4W5B2YmnxP5y2bA,asset,The whisperer,yuserxyz,image/jpeg
QmXzbhQamrC3AyGmNCViahVTLbcjHKWVVonGCr9KQRF2J7,metadata,Naked and Wild,fernandofragoso,
QmYrTzhtbXwccviKCgWqtTMY5xfw1Szg4sdyhUceB5kBk7,asset,Naked and Wild,fernandofragoso,image/png
QmeXNuQ3RW2RXktVigM3xUsptw7b3VRsb4dia7J8Sk65UY,metadata,Dark fairy portrait,Natalieshau,
QmNqS4HgyP4KuLKXgWvkfu86RsiR6coyyRuBDCbdgygw5J,asset,Dark fairy portrait,Natalieshau,image/jpeg
QmPdJr2JYKG2VJLUpndtQMCkg41Z9zdkE23FsJQo8VanVH,metadata,Gatekeeper,Sutu,
QmWxpy7AJmjeehiMahXgosX82sscMBBAPaDrcNkEMfBKAp,asset,Gatekeeper,Sutu,image/png
Qmdjvka8xGQZsRsE26QZERTR6M2vYqdVYqUJJFKk9DYi5Y,metadata,propriety,desultor,
QmeaRRnoQNibjSkfzkyVsPbPQC4M3nhtAQBhDsRfS5LbtN,asset,propriety,desultor,image/gif
QmPxVXBtJvMdJHWm8GC44cMPgEirySjmv2uuKbBcyxBev2,metadata,Mosaic Bay,hawkward,
QmVWCx6gZi4bf1tQZbp4DQr88tru3aq7XCsgCyfavs2yY6,asset,Mosaic Bay,hawkward,image/png
QmRQsF8fWi7i4DufqmLKhvDubq3pLP8QVtCbBfoWWQ3eKh,metadata,Take Off,Ghost Cowboy,
QmXywQtVprBUkkAMsACRcqgqvzdUP1F6zDxB74dCofLk5g,asset,Take Off,Ghost Cowboy,image/jpeg
QmZjaBLfYFUXn9XDa9yseckmysWXKvg7a44jcqNJyjVFpC,metadata,Fatigue of Shibuya,poltergeist,
QmaquZ9PHQFhd7xxdQfo1PCPgvirrdGwyMBa17uLXMJwGA,asset,Fatigue of Shibuya,poltergeist,image/jpeg
QmWQMnW7zzrQfWZFLWfnw26jS8Jas25fHD2P93Dk3iSLw6,metadata,Social Kipnaping,orkibal,
QmfTFvSxtLz2NvwPYvKhCqFFgjdG5VMRcgryPHFUoVDmwA,asset,Social Kipnaping,orkibal,image/jpeg
QmcKoH9deKgeaBrDv946k9MpX6qBMCeGyYPEZMct1adVrE,metadata,Blast From The Past,pvkh3d,
QmeHhj4J724ZbwRbkHdTKXGwb9D4mutgB1rukUzQkzhMq7,asset,Blast From The Past,pvkh3d,image/png
Qmd3VrfXmmG9SAzot71Bd18TiHbY6ggUkdSZXvSvKkSEF6,metadata,Transient,Zach Murray,
QmX6ZPvsGEuQqHZB3pFKAY7A69XXuA4ZvfVSvKaJct8uEs,asset,Transient,Zach Murray,video/mp4
QmeAxJf5oaGw9qCA8TqP2vMjbQgrzF4FnvU6HdAkSLHhKT,asset,Transient,Zach Murray,video/mp4
QmddNZJuXuzXQiwF9Dx7C3kk4FspHRmG8vzxVtnfWQgbj4,metadata,Dark Valkyrie,dardafahlawi,
QmcRk5MZe8Tu9NdJQ8tEuMFcEWS8HVxaQAUgByNwLGgBrY,asset,Dark Valkyrie,dardafahlawi,video/mp4
QmQ3qh8cHsUhD6um5F15irLKTG7JkHLDeUuVV5pPkcU72D,asset,Dark Valkyrie,dardafahlawi,video/mp4
QmaxbLmPozuNqp2DC7XpHYPhSXRXZcBnDQomAugbGg2AgR,metadata,Finita La Commedia,PostScrew,
QmV5SDX7PQEfwZBsmYPVg9txi7uAfpEyyNaebsCJ7jMxU8,asset,Finita La Commedia,PostScrew,video/mp4
QmRN4en8CejiEQYEXtvvkPtjBuW5kTdWEf4AjUUG4DBRid,asset,Finita La Commedia,PostScrew,video/mp4
QmTM3G1FBsDnuWv9YDSpxec6Q7mSa4N66K6C8bbUvssbue,metadata,21. The Blue 02,Wills Planet,
QmR2PfCSSVzJocQXWvwRRXYiVSiLfexUCKPX6drB9CZGMF,asset,21. The Blue 02,Wills Planet,video/mp4
QmW9ELbKWyhmq4JQjHaxtyrbmTciQtwaurvwjwAayCUjFK,asset,21. The Blue 02,Wills Planet,video/mp4
QmU4JmaxJ5DQMXs49aTLivP7bvyxqzAYoaLXaLV2okNo58,metadata,the state of hesitation,wickana,
Qmc7M3T9amdxJ7geATLcNUeKn1PDyDixGqSXqjLRH1E8pp,asset,the state of hesitation,wickana,video/mp4
QmTjGFxDf1WoVLJRtEQ1BfS4xi9VUAXziAzSe9rjNQB7fG,asset,the state of hesitation,wickana,video/mp4
QmQiHhoK98pHVGucTcPDQ6puGJZaqdnfBzDdS9h33r6NPx,metadata,Screen Tone lovers /02,PUCK,
Qmc5C7LB31GwB8J68FES2VvWgtzpU8CMkHGuNdAJ7azbVM,asset,Screen Tone lovers /02,PUCK,image/jpeg
QmPyRvj4NJD2FyrEv8GySeHEDcL1KzmToVv61t4HZs4mZv,metadata,Doggy Cowboy,Sasshhaaaa,
QmW8HX2tj44x5g1thzPSzgcUsdotsQLrsnz1PhU7P9Wjwe,asset,Doggy Cowboy,Sasshhaaaa,image/jpeg
QmNcUUxzR2ANe39RF7jcPHbb2XpbK4iBHeQQaXfkgtWRAv,metadata,Meditation Rabbit #9,Alexis Olin,
QmTPW6x7RKsYixmVpRQmWa7KNodycQXMbH3f3N2ktqqmdm,asset,Meditation Rabbit #9,Alexis Olin,image/jpeg
QmSsjNND8pDHE43BrknZC3pCUUEPqdkMpV7qv31ybBJtHm,metadata,Don`t eat BATS,restlessperson,
QmdMSFKpqT6HQfJuHayfh4DRcLw62JxEaZvDQXQ74t4YVn,asset,Don`t eat BATS,restlessperson,image/jpeg
QmTYNFs63YbckjWcermmwM3d1e5GqvgGWwheiFcpoZgry9,metadata,Every Rose Has It's Glitch,AnonymousNobody,
QmRB7UX1unFvw8B9SnYC9SnF5BztyPkWCwKty663fgzPMp,asset,Every Rose Has It's Glitch,AnonymousNobody,image/gif
QmNcuKBQKQBNpyfZ83egWAL5yrjgMFFEw7VbRgWkRtRbJ3,metadata,Bacon Series - When Bacon Talks To Me I,sankerg2020,
QmbGKm4i21DPrmYBiqQGbHk8aA5VaJeFjX2aDufbLxNWMg,asset,Bacon Series - When Bacon Talks To Me I,sankerg2020,image/jpeg
QmZYjnUAdepSfK75S72V9UxVSejKiBf1TPQhxxF13xusMz,metadata,The Erratic Cowdog,Hulki Okan Tabak,
QmVXnTc1FcZFvjpGfZgFkNvLWughEjfzT2RuXHkUzyXY7K,asset,The Erratic Cowdog,Hulki Okan Tabak,image/gif
QmUbwJZzbMFpEZgHhVEoFENUKZuPYvEUfoPJutCG8cPN9A,metadata,KUSH LORD,Tvzsu,
QmatuqGsTabXmZcw7Ug9GUrbzChG8MaDS3dRsfcgRtqeZj,asset,KUSH LORD,Tvzsu,image/jpeg
QmTsqTa1HkWPbFBxmnrPAxzSKSKSzMBuDGWpNr3RWsbcBz,metadata,It was the guilt of the Guaro,Lucho,
Qmf4Yi4wmB91sUUZiJTFcZKYoGrJVz1kfb2JThBPXRN3mw,asset,It was the guilt of the Guaro,Lucho,image/jpeg
Qmb9tfYnPxZiYy4LbeVzh46Y8bCfNW1qZQBwxfNrZuQDtb,metadata,₣₳₭Ɇ ₲ØĐ-₣₳₭Ɇ ₴Ɏ₥฿ØⱠ₴,prokopevone,
QmZmSafvYR85G8zCtTw3pXTKAoyiHafgkCmwtAuscfA6CU,asset,₣₳₭Ɇ ₲ØĐ-₣₳₭Ɇ ₴Ɏ₥฿ØⱠ₴,prokopevone,image/png
QmfRR94fL4sPPRcBxnLCiwPTrxTKq23jN97aYDPt6M1CSv,metadata,Carpet Repair Workshop,gravity,
QmbwH4PCsfBfFLMq3XNd2qQkH2LZR5UajahkPYF7GBmTcX,asset,Carpet Repair Workshop,gravity,image/jpeg
QmU5a6j5Rmq5fSTWZbfMmcV7MtoLANiVcn2zfZnkGMsk9C,metadata,New Era. XLIXmerger Collaboration 40/49,yanaufelman,
QmbxgMDuYt47QmVNSGPsLVNo2hAEeHJAY4moaGbgW2cUvT,asset,New Era. XLIXmerger Collaboration 40/49,yanaufelman,video/mp4
QmQP6F82VCXjyQaxMhcokt8Bz8sZcmdbzV2KGHCna49gKy,asset,New Era. XLIXmerger Collaboration 40/49,yanaufelman,video/mp4
QmTLf2ZtXe36QTp7rcbnscc8EvCHFkFDoyjwUyx6ZAUrzi,metadata,The Sky is Not the Limit,Vanna Chu,
Qmbc77jfkwyEgvd3w3neDVXigqMhrGQ3UckyYoFoR4Z5zA,asset,The Sky is Not the Limit,Vanna Chu,image/png
QmaMwfWFR2iMxG7QVos21MRkxrEDWwwbsEjTzwhHuXWDLW,metadata,Shape #30,CryptoYuna,
QmeCn8PcYjFWT8x5fZ4DQSaRchxBhD3YR3BUKTt8DsSkS9,asset,Shape #30,CryptoYuna,image/png
QmeudHK2cudeHMCqD2dz6JqotHbqKZuhbHDQJ6mnvJdM2m,metadata,Twin Sisters,fernandofragoso,
QmNe596MF1k6Cmx3UZsE6g8Ju9TXqMS5fFKLqRxN14z2ML,asset,Twin Sisters,fernandofragoso,image/png
QmWR6XEHwqzWJCukAgz2YPUQziNXjSmtrLtp3zH3R8JQsh,metadata,Cacio e Pepe,foodmasku,
QmQp6aNk8JYejRBYwpbb1bmud6kq7XMzg4bUd8wEutTEAh,asset,Cacio e Pepe,foodmasku,image/jpeg
QmYyhv22rRLdGu1jtBcdTLFf4RBaGWS9uriPG3B1C5d3LW,metadata,Malone Mixed Media '77,Boreal,
QmafpdB5vNvC4yWwfXSuqCaCQxoqdmVgynvVw7DaPqUDUw,asset,Malone Mixed Media '77,Boreal,image/png
QmXjwCxoaTMs6rLjL4eqifNCNerF8dw67skCnAncD9UoEQ,metadata,Onna-bugeisha,Hekathena,
Qma34Apnq9gJ7UyrG8AkF7cMppRtjGg7FyDPnFZxAJx65R,asset,Onna-bugeisha,Hekathena,video/mp4
QmdsrRxLbKmoDCkSNYJpEnjwQrHaquW1zx1T9uVodnwFdy,asset,Onna-bugeisha,Hekathena,video/mp4
QmRkUTQKEbjAA7iY43e6nWraD7LrAX5ZoShQAcAXo4WVWZ,metadata,Dark Vision,pvkh3d,
QmQCKQzNWS67c27WaMejWXSjAFKk1u5aYYGP3hNUMLh8VP,asset,Dark Vision,pvkh3d,image/png
QmRkMp1pCQVcYKBcWGa2ZunQDL7sBy7e2Y8AXNwb49Mjx9,metadata,Screen Tone lovers /03,PUCK,
Qmd4gkvCTLqFTmSrACEWeYGXzz5tcyA2ndJCoxCHTEYVNy,asset,Screen Tone lovers /03,PUCK,image/jpeg
QmVhh9iiDWKK44bYpTUsiLw6Aje8yZciAZpc8mQqqT8q3j,metadata,Golden Soulmates,hawkward,
Qme1SCmKmsw6a6katEaeSV7aj6rRpBCBLpAfTmTdbNWsHU,asset,Golden Soulmates,hawkward,image/png
QmQqRACC1d6djv6rEfXmAVq9KwmGptD4uQkHPNdnfhMWM3,metadata,Gemini,TheArtSchoolTourist,
QmctzrFT5T6Yq1bpkBVZ8hAsbxM7MvtFTFgquzPthK5rdy,asset,Gemini,TheArtSchoolTourist,image/png
QmeZ9Mw1rN2ZJ5muJC57SE3LjibQiZkxSaZheKGaKtU2P6,metadata,Yo-Yo Ma,Kozachok,
QmTYuEJW64tGPg7eogQ5Gvw8wXNjcebhrjf5H9m8zp5WKY,asset,Yo-Yo Ma,Kozachok,image/png
QmUJR2drt7nAH3Gf4rXGBvnGEi9J6N5s5Phg4v4cYbCdVG,metadata,I WANT MΞTAVERSE,cosmonutty,
QmapEsuRYaYuDQK9SddoptfxxemYLzG5TdDYks2n7dEczL,asset,I WANT MΞTAVERSE,cosmonutty,video/mp4
QmQaQQC1g6jghpGmQfHJpaqB9HAiGfh48eFWRP3hpvuhi6,asset,I WANT MΞTAVERSE,cosmonutty,video/mp4
QmW6AS1ri6f1dtQQKbmCcweA5DqcYcGsnRRr2huB9jvdrk,metadata,Amongst the Equation,ClayCal303,
QmRDFhCr6Ggtv6GDuaBMU1n2GiGLsXjY6Q8B9e5zKV82sp,asset,Amongst the Equation,ClayCal303,image/png
QmUDrF5S93JQUs1Hpp4mVhQL3MmeVmNik48tYZ9UqMaVRt,metadata,SKY BAR,Belkasse,
QmQobBi3d2vcH9y489qB5RXFW6ky3NsFH6gT7yNdgEz3Zq,asset,SKY BAR,Belkasse,video/mp4
QmRrZ2LKkrrjpN5EMYbYHGwCKVyMcApmeT1b6wqHgGpQ5g,asset,SKY BAR,Belkasse,video/mp4
Qmbyc4Gm95vWnDWDYE7oozQWroPAYVBnYyhi3Mohzawmu8,metadata,Eternity Spins I,Hulki Okan Tabak,
QmUoT2M2HM3tpAxpoA8NBPh1RDgKsQyh5pN1c1KGf6eg4n,asset,Eternity Spins I,Hulki Okan Tabak,image/gif
QmYGebNgEUPfwz7oeMyeLhociWYQipRxWkfM2RNtwSN43d,metadata,Shape #31,CryptoYuna,
QmPtXFUSu2cxj2e1ZKE9eLrQAWUsEAmhwmHe4DBcTGBnHZ,asset,Shape #31,CryptoYuna,image/png
QmXx8R7PAdPXLNJHzbjZ7NYdvUY1u5nZ72hRxLCqh7fSsf,metadata,Pleasure,kamiljauregui,
QmTdQktUt7YYvjbGon79TyN8wFiiPyuju9XbY5BKXAnQkz,asset,Pleasure,kamiljauregui,image/jpeg
QmXqGPFq3RcsnWkz6nAngAZkao6KBXNo7fKi47pGsfs31S,metadata,Yo,Emsar,
QmTbLCpKYhA2bfVcFevXCLSquxyJVxSvpoeKzLwnpb8XUB,asset,Yo,Emsar,image/png
QmPey4eGpxvWEDJ1JCZnpUhGiUTTMY8b6veAQA9p1UDSNk,metadata,H1GH H33L WALK3R,DomingoBeta,
QmbTa7a8ZHgmgQQcBtMZA8n1ZkTZmFEb6oY97UykuAhrGR,asset,H1GH H33L WALK3R,DomingoBeta,image/jpeg
QmQHr3btKkcfnFYK6whAmkfj4cJcDbq5KevjeUnhjGz218,metadata,Alligator Man,fernandofragoso,
QmSwnHnGgsMmoBbXWtpLNhHF2HNSz23PLw4JW1UDbsjKyF,asset,Alligator Man,fernandofragoso,image/png
QmNjHpEpuPoKKiY5VTxfy3ZfVrYMSQkBt5YzsLuJEXwnjh,metadata,Nasi Tumpeng,foodmasku,
QmVoiNwsYQJ4wvqVhvZ3MCzz7Bu2LnT1DESqRHGnUuy2Zo,asset,Nasi Tumpeng,foodmasku,image/jpeg
QmXpwVCsyZB1WapTUTT6kcBC4m4584HMR9hYsrJtHm4uE7,metadata,Ethereal Garden,infinitemantra,
QmYpFtLA8dTdsWU8uUpvfmzRuTRsoW4dU5x6ssNd2zvzB7,asset,Ethereal Garden,infinitemantra,image/jpeg
QmSgLkzc2qWjzwJm6RQwqJgSGeNzt68N7Dts6hSHBzK3EK,metadata,passage,desultor,
QmdTZXj9oDA6MyR4WoHTr9gMrRSMfG3TKzR2Yf1364ASVb,asset,passage,desultor,image/gif
QmTk75y5LReAjsvfQH3vJ3XPrenJqB7yqMKaRpz7gVtJgu,metadata,001 - censorship,brandonmreis,
QmfQrpimmU2euT5t8VHbZ35ZNmYqPLLtmzVub54jahkjBn,asset,001 - censorship,brandonmreis,image/jpeg
QmXRB75kVoez6CvhbEiSvmiA4D3Jfayv7Dmby7YuUahMra,metadata,Follow The Leader,Ghost Cowboy,
QmNgQEFsn33ph7brWsKzp5TX6GHadbk768GpYx5oiTHxjq,asset,Follow The Leader,Ghost Cowboy,image/jpeg
QmeP2be9krXMNvLH8GWqzzVWbtq81Ut9LGkPXoXmZtHBQC,metadata,Shrimpton Microdose, 2021,Zam
QmVMPK3kw5XoYnEu66gwzZpxFsAhE2L948BvfxGBY1oipC,asset,Shrimpton Microdose, 2021,Zam
QmV7eQKZAcE43xif22UnY4yhGrHkcB7kxHKV1dBRbt6pwF,metadata,Spastic marine base,Yura Miron,
QmU6DT2x2D7e2JHjVEFY1hvgSgAG8Ti8DL7neN6LLaw7eg,asset,Spastic marine base,Yura Miron,video/mp4
QmbDmC8ouiRj1EQMK8mZQxnzcZbDKiqaX1GtqwL7vmFj8U,asset,Spastic marine base,Yura Miron,video/mp4
QmcsLFPYWWahEfH3LGmK2htyEmjAHWUdBK48g3bQkMQf5B,metadata,Screen Tone lovers /04,PUCK,
QmbFyw2Z2pqg2fdDWXHZTVvk9rDhuTXvX3pnnnAqsPDDGg,asset,Screen Tone lovers /04,PUCK,image/jpeg
QmeGns3NQajuVoyBX87D3phYvFfuAJSXttdFRdeGnwFun9,metadata,Waiting,iammelissadanielle,
QmQFyh6eBaedj7DrXcQPE9c11JKahwei5dcg3rFg64yhMs,asset,Waiting,iammelissadanielle,image/jpeg
QmewGWtLiScpMKV2rHaimGfSv94iAP68HC2uvkREmhV6Eh,metadata,Weight Of The World,knightsof88,
QmULAPiMxwpuEq6KzKCxQpM1RYRgBfoeRG1PFaHU2b8QSk,asset,Weight Of The World,knightsof88,video/mp4
QmQ54N9MhuhDzuCxNkNbeGxRxAx5CfYQuiGtv6EYQbnqZA,asset,Weight Of The World,knightsof88,video/mp4
QmRVGVKzKGVvHfpeknVdJStuKz7xp8ruTjKHygxpRSmvGK,metadata,Shape 32,CryptoYuna,
QmYuXJYUgoiz1eNXFX5kaSSg6stkYwPMpPqYpK25ZZnHhz,asset,Shape 32,CryptoYuna,image/png
QmfFYkFvDnrAJpfDAXNFHZv7FF2A9CVuFWJ3GUxcikDHXh,metadata,Monster's Party,orkibal,
QmQZ3vmPw6FQq4h3UBJiTQpsTJAMpcV8NfqzoEDoDHsg95,asset,Monster's Party,orkibal,image/jpeg
QmXDHreBHFRs9JUDaNfNq9k3jm1Z82ogaEPBq3uJP7VT1f,metadata,Meditation Rabbit #10,Alexis Olin,
QmSW1vBoETanLvyquaAsE3CVtrrAFhCkbZG2LDqErdpRgo,asset,Meditation Rabbit #10,Alexis Olin,image/jpeg
QmXrD52swMCRhB7kDdzD2puygqo46UUDgGqvEDo2RKJsrS,metadata,Ganírica I,danileoni,
QmS8r7cvZgGgq2Y4HvjZrBXsV5y5LAf59eYUKBVSC15nWh,asset,Ganírica I,danileoni,image/jpeg
QmaeWkqDP4SwirwNxSJFvhUSvdRNuEYoy7drQGfzZAgird,metadata,Cyber-Pop,izzziki,
QmTab7j4ddixj24a2jQqEEmsMGh81VHoqixU8yDtUU53wq,asset,Cyber-Pop,izzziki,image/jpeg
QmekLHDYKEhGFoYErF99VVqdRnN5Vi93CwkfKQpDqQBKVz,metadata,Earth,walasavagephoto,
QmNXaYBoUyiSj8xyWCcZvdZjMnF98fqbgHaTWvi8BqmRhz,asset,Earth,walasavagephoto,image/jpeg
QmT76EmmuK2YwRGHPNdtwgaXP6kS4cGRuRpUUvbGZ9Z4JJ,metadata,Chrysanthemum Visions,ClayCal303,
QmbB9x5nHtNvrVGAixPGpbvP86bQRZpEVeapaYdR2i2ecE,asset,Chrysanthemum Visions,ClayCal303,image/png
Qma2uCzWMo3EbMW4zqwsDEKRkumN1Hmg2cAJn2AqPyycqy,metadata,“B is for Brain”,Brainpasta,
QmSBFkhfQ8Zcxc5cDbFr3fUdrXcBsMxpjx8qMz9qSNNYSu,asset,“B is for Brain”,Brainpasta,image/jpeg
QmfVpz1AyhF7KnbWjb1S4bzGwLv4ijeYuVELXbWxgh3zPp,metadata,I’ve Got A Bridge To Sell You,AnonymousNobody,
QmaP1ZjTSNute5vgDrFisGourtCoWQ44TJNtbJM9SkDRmr,asset,I’ve Got A Bridge To Sell You,AnonymousNobody,image/gif
Qmdbc2akSumyEgejSz3JKMiGYQxdrr9VNPwZNGok4GSxgQ,metadata,Eternity Spins IV,Hulki Okan Tabak,
QmSht7AuHtBW6rtY1V68ro1qNiAeD1wtkSSyG54ALfsRei,asset,Eternity Spins IV,Hulki Okan Tabak,image/gif
QmUKWZusr3hVbRxLHTWpfb6ymeTLYBBqZd2F52sj1h3pVP,metadata,Chapaguri (짜파구리),foodmasku,
QmT6DJs96kPqrfpRVY4CNeQW1VZevAGsDuc4toUQtkWF4B,asset,Chapaguri (짜파구리),foodmasku,image/jpeg
QmahshMbypToBSmK3H8cowA5akkHB4wrEZkJnrexSNkWrb,metadata,Twin Flames 2021 Sabet,sabet,
QmYtdBrHHAoDbbzm1XP3gVsXu1pGr9pNRxfcA2VvM5yWzX,asset,Twin Flames 2021 Sabet,sabet,image/jpeg
Qma7CkYDFzvtJoebeDJpMuoRmSPKPhXMeLGS77kyvMEce1,metadata,Trip in the Afterlife,Tvzsu,
Qma9uDvwgZkqBdiCiyu3sVxHULPde3x5hQFdnUxKfxsvEh,asset,Trip in the Afterlife,Tvzsu,image/jpeg
QmewLUSEUKvrtw3TqMYhM6tbpjTTLYCTLHKWKAZFPWHx1K,metadata,The Birdwatcher,Ana Fae,
QmYqbfEBVp2tAYyf3GqWb6Cpd9dqyr9USgL7uWVu5WMRqn,asset,The Birdwatcher,Ana Fae,image/gif
QmdrEq3mWJqwsv9MRhb5cajVCu4auUgrSUjsV2wGTNpUuF,metadata,Knight // Three,Griff,
QmZwnPA85aN3GkTNPtEp2okiLH68qeU6hwkNEHSnX37XBE,asset,Knight // Three,Griff,image/jpeg
QmQegXEicmhbwqS1YP3oUmb58nb2vtV53XWN6xHfDJtuCW,metadata,The Lads,colourservice,
QmQV7FTsBYTefQQarAHg9uhmqyYpArhL9ZkZ7p7hwH7bRH,asset,The Lads,colourservice,image/jpeg
QmPycBN4NcvJZHyscqjeFKkBMP3XBqhNqq2KQiDAZJjmkE,metadata,Screen Tone lovers /05,PUCK,
QmSTNzGLEZKs4PrUaL2tQhwUUMmNyeKhYkotaqsUw6A5ky,asset,Screen Tone lovers /05,PUCK,image/jpeg
QmdSc9JCoX4i6Nmj9wQjp5hZaw2EB9iN4t277MQasp7iwb,metadata,Blowing in the Wind,Hulki Okan Tabak,
QmQDyEKJ5RaydtHDvP3n9HzS7LMddmxsBjVozDdh7oi43E,asset,Blowing in the Wind,Hulki Okan Tabak,image/gif
QmVcTd47PwezXkxBnmSaKiPiqt4XiLKx8EZwuJDdEuJomk,metadata,Digital Existence Exhibition Invite,KnownOrigin,
QmSddWqpBHJmqE3cC8ejrUjQcho89KDuQbTRFWWr21nRpG,asset,Digital Existence Exhibition Invite,KnownOrigin,video/mp4
QmNMu3SR4dpsQkdpVZf8UuZLN3uecpsTopctrcNWwXsY4G,asset,Digital Existence Exhibition Invite,KnownOrigin,video/mp4
QmasRUJhZjJ9nyyAfkDv7ukniTo1nfiBGiBSepbYr3bbHB,metadata,Fingers,kamiljauregui,
QmejiC6vKN6NwkEmTtFaC2N9oLpc5SmDWRwbCvmBjgWxkV,asset,Fingers,kamiljauregui,image/jpeg
Qmf5HcdT1jXTLusEqDNf57JUwWVJg4qJFE74vr4v84DgbM,metadata,Social justice  (NFT + Physical),Lucho,
QmNcvcZ3G5YMLmHU1BVdi6zZTqGT4FHKcLtTiN6SbU3q2e,asset,Social justice  (NFT + Physical),Lucho,video/mp4
QmYUnLWqPR6ritsRLnJT6u5GgXyjQDNR2UR9TDfJm7N9RH,asset,Social justice  (NFT + Physical),Lucho,video/mp4
QmRcaGTsvCJ6EmcbjKHrGyXZWgcZKoXA2wz32mJB2fYrF6,metadata,ACRUX,Chris Arvan,
QmVUeNeLkDeS9s8Lwq73rWPjkZUNvMNX2tHcuSGi3UfNDt,asset,ACRUX,Chris Arvan,image/jpeg
QmeWkNYMr7p9F1U4fZuBsZXqoqygLd573ebSmNrFq8nzq9,metadata,The Whale Whisperer,Violetta Melnikova,
QmRALEczmcSDSwuf8Pz23BXNCu9atjgGJAJap3RmkZJ5Kw,asset,The Whale Whisperer,Violetta Melnikova,image/jpeg
QmTpfGNUK4E9S8K91Ky3ujuoSw9j3FGZ2fa9c6478VP3Eb,metadata,Future Rock 2021 Sabet,sabet,
QmdfxXxWTupWTCEhm1BZLoUBdDJzmEgGE2minBQhD9rCB1,asset,Future Rock 2021 Sabet,sabet,image/jpeg
QmeZFsgXBFsp9WD2pkULUNaMHsrgRbkCw2fhJi1ERzMBVe,metadata,Tio Conejo in Nightmareland,Ernesto Asch,
QmSqaRL6uMstk6Xu6QXrFaYj5JbTxjxw1eocmGdY1ox3Db,asset,Tio Conejo in Nightmareland,Ernesto Asch,image/jpeg
QmUaRu3bKsniUR3sHW4BXcMA8hduA29ZhZioSSY8zVVzyd,metadata,🅳🅾🆄🅱🅻🅴-🆂🆃🆁🅰🅽🅳🅴🅳  🅻🅸🅽🅴🅰🆁 🅵🆁🅰🅶🅼🅴🅽🆃🆂,Altered Motion,
QmbvT7jNCB6Tx9nmsByjFP6u5t6BudA3i7QSaPgSxMEqYe,asset,🅳🅾🆄🅱🅻🅴-🆂🆃🆁🅰🅽🅳🅴🅳  🅻🅸🅽🅴🅰🆁 🅵🆁🅰🅶🅼🅴🅽🆃🆂,Altered Motion,image/jpeg
QmaSW5mP2oMXceHXS8m39Amn7hdD9m7mMWjJs7cKcnkcM9,metadata,Maybe this time we can finally fall apart and still be together (03),speakcryptic,
QmR4dUyBtocB9FQ2RshpjTMj28SXBMYz9cuZR4F3qUS2yv,asset,Maybe this time we can finally fall apart and still be together (03),speakcryptic,image/jpeg
QmZX9hTKCdY2HbHpsjywjv5meA3ebwveUxJQTom41Rsjq1,metadata,Baked Potato,foodmasku,
QmNxYH1uXxjvguhdCwSTfobX2eYx4GP83btrsnt812KwXJ,asset,Baked Potato,foodmasku,image/jpeg
Qmf2WtkwbEBWPUdaKaJwG5zG4mAeSDf9Fnki5QMmxuomNp,metadata,Lovescript Sunset in Kyoto 2021 Sabet,sabet,
QmbU4ExTVbwv6yPn4FonjMeEKxzGbWtgg3L6Db4obWQZNm,asset,Lovescript Sunset in Kyoto 2021 Sabet,sabet,image/jpeg
QmZyYnVX5fQBpypH5j6szs5LLquDC3uCoL4ifX293fbo8Z,metadata,Forevermore,NicoBlack,
QmfQ9Mtpvaoa3cYTvVuARHjygtMh8EdJHPjCG5TApzRxFZ,asset,Forevermore,NicoBlack,image/jpeg
QmfGDQWyQSF25uPKPySk5KmtYFSF9GubJ6RLnPkDc1tY5R,metadata,031 - humor,brandonmreis,
QmV4V3Swrccr3DtuAjLk1oYc8BiH6EsN4rFrFmor7BghbD,asset,031 - humor,brandonmreis,image/jpeg
QmUCoX8VXinFBdUQfaqtmWBiziWXCA5Mb5SAyHCbxJA7Ft,metadata,Cancer,TheArtSchoolTourist,
QmXvfHfGEXZoFwuDgF9eUd2AGfQeD6nTeHn4iZjeRRMP6V,asset,Cancer,TheArtSchoolTourist,image/png
QmbJJgqon4M8hkjpyw1CiytA3eTvrM5jkp2ERx7viye3pt,metadata,Crossword,lollo169,
QmW5RChBxdzVZbcBhpce5nvUgvYFAFnMgixCCJRpQkdGQy,asset,Crossword,lollo169,image/jpeg
QmTdHdDQJgimxGEbD6UuCGiiTETDj4HXuegymqBxgTMviL,metadata,Screen Tone lovers /06,PUCK,
QmeNWY3VLqAzUZkDqHLpj8vCtzEhNotkxstrUMVwYMjmGw,asset,Screen Tone lovers /06,PUCK,image/jpeg
QmNinbGAcbf44zrhfy7Fem6766gTyTu9ZEysFhAjPvkZ2J,metadata,Provocative & Slippery,Slimy Mama,
QmP4BJmKN63gzXUvRvfj8GSVpddQbf7mXyqixjHHsxPzWZ,asset,Provocative & Slippery,Slimy Mama,image/png
QmePQveZaZhXWbyhGzE8ALg3fbLSC94P91UdEmYzHUszd8,metadata,Finding Eulers On The Trails,ClayCal303,
QmTRDh6syperYK9PeZm7nLfQPmpnya23UWpvBSPM52BJga,asset,Finding Eulers On The Trails,ClayCal303,image/png
QmXa9QsrVq4EQTGRqJ6jpbHvdJf1YeqFwApG2iPQvHeYHZ,metadata,A Wake,hawkward,
QmRkcVVSMUNaoZQZRWph5rPvyzjXdUuSzedVC1fHaU9U7i,asset,A Wake,hawkward,image/png
QmUWnQR2wk9poDxX1nQNZ6f8FC5CdkYsu8gzufksbghMbR,metadata,ALKAID,Chris Arvan,
Qmf1XKKsZBy6A8mGuWDigKWxgWSnFtJcEF3SML2MAG2Fun,asset,ALKAID,Chris Arvan,image/jpeg
QmU5rxpvJXvg6HDenHAaTJ2Y3EYcmTm5XQpe49EYJcfZ9H,metadata,Creativity cannot be contained,damiankidd,
QmdW8qmjwFYVc1ngJMBAVc7VjLeyBx14gziyTuZy6HzwcW,asset,Creativity cannot be contained,damiankidd,image/png
QmQ6JVvMemMtrHHqANQicU1dmEtUJ79xzL6x62z39WoZWz,metadata,Udders,kamiljauregui,
QmP7rwwNekRBBNKGcKhkmVt6SSCy4tXqWtAnEWQ2w4hLfr,asset,Udders,kamiljauregui,image/jpeg
QmUbN6ZiKrq6SAat5Hv4yzSdSkK9rjtXf3igynKSq5LbgE,metadata,Different Traffic,Gary Cartlidge,
QmcKdjzoUkjen1cy5DnLQHgBp5ZnToQQdCvpFPzhFq8h3W,asset,Different Traffic,Gary Cartlidge,image/png
QmRV2AQBTsjxWrVesQTVZAY4pY9rMoxVB9sLdjtNoRqGr1,metadata,Meditation Rabbit #11,Alexis Olin,
QmXyQMGvpk3BvTYmTvPQdHUHwWEZi6fCSpRbEVX4C1AakV,asset,Meditation Rabbit #11,Alexis Olin,image/jpeg
QmeemLAqxQ1e9yCrxB4BLA4ohkLqcPHcB2vCLB4Jz2vskK,metadata,PSYCHEDELIC POP FANTASY #001,cryptofantasy,
QmcRYw1nFTjMrsafAEYmeERqFTQjBCho54LCzhBbmauh65,asset,PSYCHEDELIC POP FANTASY #001,cryptofantasy,video/mp4
QmQQ2k6dJ2NNPDXTAYp447A6u1guBuTWahRP5y9XjDAqp2,asset,PSYCHEDELIC POP FANTASY #001,cryptofantasy,video/mp4
QmYBFtqcbri4ZiB4zAZ3CRU2Dar6aqQaoapAqtTu45Dey1,metadata,Mystic Heart 2021 Sabet,sabet,
QmZ3RLpkS1h3Mb3u9fHjtqXvU6wJBELyYqzR8JKEjWUFn8,asset,Mystic Heart 2021 Sabet,sabet,image/jpeg
QmVQDQErXr2STjYY6WvcpKLXzXx64bn2Y3eRUtoYt9V3A2,metadata,Surreal Eye Fragmented,Hulki Okan Tabak,
QmUFiX3EVe33NdKZdMv7W7zdVxsCcG6MDkohxi3iYDwXYH,asset,Surreal Eye Fragmented,Hulki Okan Tabak,image/gif
Qmd7fx71SP9bjgK9ow4T79rt4fCYyy26fcXNxCEvZHwcHt,metadata,Spaghetti and Meatballs,foodmasku,
Qme1wu4jYRKUBGfYiAAWQUciA3djJVdymbpPECnCQ6S7hW,asset,Spaghetti and Meatballs,foodmasku,image/jpeg
QmVBZdxkVEup1JszEn9Wd9Pixo9ozKfF3oVgB73udAxRWS,metadata,Jagger Satisfaction, 2021,Zam
QmThtctt9PndkdgZkzuurXHezap4Z8KnotJsRAfcZgt6zi,asset,Jagger Satisfaction, 2021,Zam
QmciQa9F3Y1Q9Zz9ttf3LJnqyzqS33cxq3A3ZXGNL17kPS,metadata,A New Dimension,brendandawes,
QmdwPhV5PhXqe3CJ28PoXZwCnsjGZ4MxuXKFGwu32yQ4Ek,asset,A New Dimension,brendandawes,video/mp4
QmbG4qw2Rw7YZR7L3E7WoXVnZKFh2H1TcPBtMZXd57uQyg,asset,A New Dimension,brendandawes,video/mp4
QmecQFSjC14MNxtky27CA6bU8AKrWP14qEPfBSByqEsyUF,metadata,The Magic Garden,kristyglas,
QmamJSBaHb9b76RrqFop3HpFV9gqdnVnJpg7hRDi53jKQ5,asset,The Magic Garden,kristyglas,image/jpeg
QmcRbHbzwePgiP9uve2qWwgMuBbJSXnm9wrehLW99V7HE9,metadata,Nightmare in a strange world,PUCK,
QmUoRRLZcGDMMzafURBQugdyaMEPVpHuNNXyzvuSZwSvQn,asset,Nightmare in a strange world,PUCK,image/jpeg
QmWo7kFpLYtjKnK7zUqZe4WMEXWXucguH3rngtjuftUPu5,metadata,THE SHROOM FAMILY,Tvzsu,
QmeCXpkAz2FM4wsqWy7ofZtKUwYnjAnjaH8UMdVwu3LnFw,asset,THE SHROOM FAMILY,Tvzsu,image/jpeg
QmZYQ92QAzrTYZRYtidrtPwu8UWR4ghLiWXTeT6VhPhWK1,metadata,Day Off,null,
Qmf1dpR9BjKgaMnEMX484D45ra5JcWDdpHxxETWJuSyMKB,asset,Day Off,null,image/gif
QmfLKzfJ8AeRz7JEW9mYeuHdxaB4bGYe7tmLPxkwhHZ1bs,metadata,Solaris,Jake-Andrew 23777,
QmavxthkQsLPvBWZQ3hHzbqqAd8y4X9XdQ7ENSu6gXhThb,asset,Solaris,Jake-Andrew 23777,image/jpeg
QmQ7mLStmLtEVwUE3rzdNBynQyEyfZJ9YiPyREAUt2FjN7,metadata,Two Sides - Token of Participation,The KZA,
QmdyEMLa7z58r21DrtXy4jXUkmGkcAEpP9aJVMY8cEsSa3,asset,Two Sides - Token of Participation,The KZA,image/gif
Qmf16R6Fyd7HMNAPR1BbWexqruyi1TsNTFeRd8bbKARhTf,metadata,Holes,kamiljauregui,
Qma5Yhs6HZfxiJ1Qxzuxej7dx6wftZDJ7SGSLmyaPfN3Mz,asset,Holes,kamiljauregui,image/jpeg
QmaUeDmhP4FVuaBMaruVkk2dGr6Gv9gUC6b8eF9f4CQkm1,metadata,Money In The Motherland,knightsof88,
QmQTogfZFi9PXft6fxKNrkjJpW96dy5RWvRWyp6vK4i2N2,asset,Money In The Motherland,knightsof88,video/mp4
QmdB6nE2iuFddKPFpYSCgBN574bySQ2YNpRuUAHqmG5eVC,asset,Money In The Motherland,knightsof88,video/mp4
QmPpQtEMpNwFFpDraxt9hk1pWjyf5sHbeP4gJcT1M2CeyY,metadata,ALSHAIN,Chris Arvan,
QmQGdDyyt85YE3iL1pSZDwEgppPYP68iE4yDpffPPiEhn4,asset,ALSHAIN,Chris Arvan,image/jpeg
QmWZ5uNyszTevwCfdmWphTTV9a1pcXB6dYBZbjYDvNrxE3,metadata,Bright Heart 2021 Sabet,sabet,
QmNwTWL8AMrb4e2TE8Q5QZWevtyp4dkn5HBwsjRq21t4Wi,asset,Bright Heart 2021 Sabet,sabet,image/jpeg
QmRM6TpnsWsyxS3V6CxRvHBMjtpQ6916gbBQAG9zM758A4,metadata,Lucy 2021 Sabet,sabet,
QmcKeBws1gXk6XfeEfVXgeZi9sS4E4tRaP5kmKSJwnNoiG,asset,Lucy 2021 Sabet,sabet,image/jpeg
QmQ1JiRPJL4WfAxQHByGxW1uvqbq8EdDYsYyhvwXLLmFx1,metadata,Spark 2021 Sabet,sabet,
QmVawvMoEGKfw5F7rgvGavHHvCdVGNorrccr5qNPPcnx3p,asset,Spark 2021 Sabet,sabet,image/jpeg
QmT47z66mSgCm4SViynDp368SU4mdFVvsaZ4sKQ55r36S3,metadata,.//Contained.Chaos//.((v)),MarioSundays,
QmSGBFcALKQkvgNWJAdRiUr8ftPRtco5Svsq3AYCGR9sxH,asset,.//Contained.Chaos//.((v)),MarioSundays,image/jpeg
QmedtsESvircaohXBfdoEyHVK3HnwL77aZw7sEY9FwUPYn,metadata,SILLY TIDDIE #10,LambieArtist,
QmQ6Mkt1TTschzJsNUN4ATpmYHRgt2Y8ggLjvJSXaks63T,asset,SILLY TIDDIE #10,LambieArtist,image/jpeg
QmU2LzuJ8aEVtB9tijYmKKemW9ncrCJdcoysZYY5579y3S,metadata,When It Rains, It Pours,Jake-Andrew 23777
QmSEzGqhezqTtQ8MRsnJLYiq6xc4Lv6ETcepvXr3wBfDcZ,asset,When It Rains, It Pours,Jake-Andrew 23777
QmNXBnjTvwioVfh6ZDLi8wj6W7H63tsiUvgQ3mBesbs4VT,metadata,B.U.R.N.,buraksenturk,
QmchoHEmgdZSNWvZHeHVJt7Twh6BjPjaaDSoUJ11e1A2Tr,asset,B.U.R.N.,buraksenturk,image/jpeg
QmdBp6ZhNLerD3BUyNLf5xvN7oGas9boQdrRPwbLQoK6my,metadata,Reflection,Jake-Andrew 23777,
QmapBXTJFDySU9XUgpgxQvo58sEhh6a4j6jsyebzLixGK9,asset,Reflection,Jake-Andrew 23777,image/jpeg
QmbCTMABTugiyWHQ7brFGpSufUjSNvvkqBQAcqrjp2jtqp,metadata,Cucumber Salad,foodmasku,
QmY8tEfput4gD3CKjpPx3wmxkLFkSaqm6Au1NnWADPbtvW,asset,Cucumber Salad,foodmasku,image/jpeg
QmTSAZSPaRPKuo7v2M9CHWfEb96XCKrLLTvRwacnVCH7RY,metadata,Peace of Mind,arnokiss,
QmSVR26aufhXLB2F6yjso73vJr1snEwnLGzXP6dkwLhSZg,asset,Peace of Mind,arnokiss,image/gif
QmZHPW2DMvuL3NAdcfVcFbRK3qeQV2jVzDGPpC7Zg55rZn,metadata,Screen Tone lovers /07,PUCK,
Qma1qFGMi7253jbQSYryKhXdpya6GMr485kNCYV6PkwvQh,asset,Screen Tone lovers /07,PUCK,image/jpeg
QmXQnF5SR8MNQU49AAKk2NUHabFpgYT4UVPhK31enq5oot,metadata,Microdosed Heart,moestradamus,
QmZemH9C3gjteTB2Dw74czijadReP6FqiSLiCGxDHKfyYa,asset,Microdosed Heart,moestradamus,video/mp4
QmVmhu4PPVkVz9WZXucgWw7qQWZ3nL3PBfUE3jbEvgannz,asset,Microdosed Heart,moestradamus,video/mp4
QmWHjgDE3i6eP3GTJiT7B7TSDNDy3zt6vki2ZiLgFmbpf1,metadata,Dangling Man,Hulki Okan Tabak,
QmcS2noQ9WxfN7Espuvh3W1hTxigyM9mVVx9ywsTVtsiLz,asset,Dangling Man,Hulki Okan Tabak,image/gif
QmafWtX9BwNwpXaRUjeqbxVj4PUYQ6jgMrkbbqyFQB6rjh,metadata,[01] Mermaid,grelysian,
QmPQojb99RJkLecT4pij2RGwpjmGkbLENCNNXxAY6DXBKP,asset,[01] Mermaid,grelysian,image/gif
QmNwtNraQhR5w6tH1nN941L3nWL6ukSifUPqWpcZ4Eg1mB,metadata,Twilight Garden,Lucy Benson,
QmdyzYWdHpgW24biKdyz48xgSX75HY4FbfDk9BTLggr8NW,asset,Twilight Garden,Lucy Benson,image/jpeg
QmWCEXwsBtNv73d11zE1S6vdbXG1x6FZScG8h7Y9FVfPSK,metadata,Possibility,francisftlp,
QmPLD3rcQrDgfUmhD8GBt42Uc6a3vwHyHZaxebgrpuuRUf,asset,Possibility,francisftlp,image/png
QmQBSLLZ6ceAU8MwH375ZY5QsXF64YL6LJEfw87D7VJNkB,metadata,Meditation Rabbit #12,Alexis Olin,
QmUrRHy3vYC1BwiS6rn8B9eXGu1sY9mYuXrVwv28RSzEUJ,asset,Meditation Rabbit #12,Alexis Olin,image/jpeg
QmVJGs4uYAZSR7ttQhHroYHmhF57WVcq18HcSuakDz2FuG,metadata,Salted Caramel,mrjonkane,
QmcHVsT5hh7LCfXZYEBesrQEEeQkaQv7NqhoiqmibM24KT,asset,Salted Caramel,mrjonkane,video/mp4
Qmd6ErwrKaUhjzGTLRy2evveWmjn3zQdPYtfMKozijfhb5,asset,Salted Caramel,mrjonkane,video/mp4
QmS8UWfGBgC8mpoWHW3HrgRiCFErgzjdRkrjvyxeHP1ciz,metadata,Rusted (Black and White Ink Version),Evolve-R,
QmTnjV3GugvdhjQB2DdWinTSS7K3tHwkuaHzmQKSXLdWoG,asset,Rusted (Black and White Ink Version),Evolve-R,image/jpeg
QmPTG82ynDFYqKSh81UKL6AVsjfQw6bZoJmoDGyUHAm73D,metadata,ACID TWIN,Tvzsu,
QmTCcfA2Ned8fkGN1HHZSHHqWZar3GYX1GdV5DPGmNexnU,asset,ACID TWIN,Tvzsu,image/jpeg
QmXuuuCr1DDtdCH68jKgEZgeanmASr19gdsoW6rLFrx4sV,metadata,Screen Tone lovers /08,PUCK,
QmcXkurpUecCygBtRHyVy7sgRUXMwX1W6ZxQcLmKYtMkw2,asset,Screen Tone lovers /08,PUCK,image/jpeg
QmWmcnCxy9GRMgVxVCX8y4GJW4ifSgRodrK78Fb6a4ogZu,metadata,Fool's Gold,Unrealcity,
Qme396xRViz9txPUsKW98G3uAAfcFsjne7hrJZUxo1hRMs,asset,Fool's Gold,Unrealcity,image/gif
QmfCZQJB8szQ1FUcHzps2RNZPY7sXG4Km6K8sJHiMnWz9z,metadata,028 - pride,brandonmreis,
QmQoA8yYJT4CdHYMZDCmbYP4WWYr428HMkKFySU7STu8Q5,asset,028 - pride,brandonmreis,image/jpeg
QmNXX4XiZ6geyygHjBFoqnVxQAMVji6F2si3HLSTMyE1oD,metadata,Cocoa and Matcha Sourdough Tree,foodmasku,
Qme3QmXVSMmBSNesEmxXLc2T8q5xFfg26n9EgKfrLnXcet,asset,Cocoa and Matcha Sourdough Tree,foodmasku,image/jpeg
QmQeSao3JsvUkFsRPRLZqvBVwMZuTKHpayengYdcC3F59a,metadata,THiNGkər,Lucho,
QmQZsNd8kXFsKuQRx6Guf9q5ffshZ9LkP18ph2Tv3w2vKy,asset,THiNGkər,Lucho,image/jpeg
QmNaHiUWFoUF6VipxX8gZru75Kk2PwL8HyCJXURuHawPVT,metadata,The Dinner,TheoChron,
Qma1bYr2uiRNUJbbBugBmgNeag46dXDFZersK34f3rTeyi,asset,The Dinner,TheoChron,image/jpeg
Qma7ZN28qnTa2GMYyGCVf79DdUBS7nU8bFyvGaxWtDbrBw,metadata,possession,desultor,
QmNTbcLHi6Msf9Qwy8JMf1t1YR11z3f4ocgSHgd1zTyVBB,asset,possession,desultor,image/gif
QmcMsosYFsefqddGvwp2zKsikYYPHi7tm2Wbcauw1gbtoX,metadata,Self Portrait,sculpturings,
Qmdx5iKS6KQWmwQ5sqNwUA74c7uYJELrJvhbAm7yWJJYuD,asset,Self Portrait,sculpturings,video/mp4
QmWFLnKdpRuCoT5Rou7bhRYv4JumAky4u7ECiGPQ9NeaS6,asset,Self Portrait,sculpturings,video/mp4
QmPgdiTo5E9daBzGoeBFME1ehxuZMmYN9sJUQuAPxTdiwf,metadata,Sleepy in Green,Hulki Okan Tabak,
QmVKRXU2N52SMYf2GcNhfA8fRHJ5VBTZMUPPPipmn7w5uw,asset,Sleepy in Green,Hulki Okan Tabak,image/gif
QmaUJhkJ2SsLnoCRLZH1B4wKEH3ih8EvKpyvHUvkB1dbn7,metadata,Bacon Series - When Bacon Talks To Me II,sankerg2020,
QmWvjky1DmPZ2K5BeAAK8dmknpyyRHZbTJNN9ZhCvLoNub,asset,Bacon Series - When Bacon Talks To Me II,sankerg2020,image/jpeg
QmYuxtpeA3PURHnKoJFKpDX8WoNF7Jjep6PH1rTfafmZc6,metadata,THE MANSION,lawdri,
QmbL6fvZCj3BEWnQGujEsWXRTxgn1714CDXRWzJ3MpSNa5,asset,THE MANSION,lawdri,image/jpeg
QmeMsv9XfgUpDWhsq2Q3GGwRvUubQ7UWzi9eNwe7CojYTs,metadata,NFTANDY 83,Boreal,
QmQeR8ph3chVbnuzrpTR32VsdTarjVpULTbUqrbCCorKuK,asset,NFTANDY 83,Boreal,image/jpeg
QmcSXwa3T5XRHV5C6Fdnza8xZeiS8W4bNC9J8FJSAbxhNg,metadata,a restless mind,wickana,
QmcmFqTB2Xd3DEy8zFi8BExG71sTkZaoV7heB9r9yU5zJA,asset,a restless mind,wickana,video/mp4
QmWvuMQAbi8wLTusccG1w9nxBC3fmDtCJvnjobDheeeuL3,asset,a restless mind,wickana,video/mp4
Qmbb1mRg4nffZX8mbVXLQyCGCNbVUT2aVHVVB9NbcCrUZJ,metadata,𝙊𝙫𝙚𝙧𝙙𝙤𝙨𝙚,thebandanaboi,
QmcQa9gmwaxMLDRfyVBBwu9T1cQusJVfqyAqfhtFR4h2qP,asset,𝙊𝙫𝙚𝙧𝙙𝙤𝙨𝙚,thebandanaboi,video/mp4
QmZwDyBCoApyHxu1ySR25AvFqpwUbH17JNc1jDP9gmiEqP,asset,𝙊𝙫𝙚𝙧𝙙𝙤𝙨𝙚,thebandanaboi,video/mp4
QmSEtEy9Krzvqo8LgmgfgsXDPkgodEoZygm1CqTHfkbZo8,metadata,// NATARAJA //,ItIsOHM,
QmSEdQfEDwRsiebpqLqs6Shb5oEornjHXg7JJzre631d6m,asset,// NATARAJA //,ItIsOHM,image/png
QmcjC6ZvxReBkPKyo47nqgxFffotU4Qi68LhYJs5SxCWnY,metadata,Freedom Trumps Fear,badfoxlab,
QmSCxssVeY6itM5ThVQ3N2xSxVZcZcTc8bq5YqyuTcakNr,asset,Freedom Trumps Fear,badfoxlab,image/png
QmYuxA6q1sMi4MGcXYA5KNQyAwrdcAARgwr1MSVY4AaX6n,metadata,La Patache.,MichelleThompson,
QmS9zGNHCxP5QVfie91idxSvtZHB28mJWQLVnFJGPKx5fE,asset,La Patache.,MichelleThompson,image/gif
QmWv7cE5mE8h6WvcedZTzLYa2LFooUdtLLQWXivEzwfs77,metadata,Bridal Veils,mrjonkane,
QmTwpibCfPzLqncwozfvLh2YhX6RPE8qfLaZ2smMMjmej2,asset,Bridal Veils,mrjonkane,video/mp4
QmVot56TAg4j5pbJYPjx82nkGRrK3yfRwpfW7jHKCHGC3L,asset,Bridal Veils,mrjonkane,video/mp4
QmYX92UeumUGxfuZ2UC8F7nsFkKmuS1zMmfrPdFRXoG1QV,metadata,PICADILLY,J Harry Edmiston,
QmVQ9Cygn82qJxBoVsMMsPMY8MjPd5fdenrBpNVBVwjAmS,asset,PICADILLY,J Harry Edmiston,image/jpeg
QmQyLycYLcwfzyuYNNo22QUZwkTMvXpfWXsTegzYq12HyV,metadata,The Evolution of Evil.,Evolve-R,
QmWfoTzxrRNJ1r3ruaegqRRCzMbeDSw9mBkCaujYHdA7A5,asset,The Evolution of Evil.,Evolve-R,video/mp4
QmWQEufFt1vqijroGuRg6izqLVcZ94kZxoW6EMuz758GC8,asset,The Evolution of Evil.,Evolve-R,video/mp4
Qme4HQJ6ZLvKxbLBR1qqCx5ni7XhHixFcmvPVhYUqL12Y1,metadata,Mental Illness (NFT + Physical),Lucho,
QmQX8MHcDag3hpuFaYtfMLWMHovPeDkq83zod7Mx4vEeA9,asset,Mental Illness (NFT + Physical),Lucho,image/jpeg
QmQz623bAoUpMqvTf6YMUHZNbKmXb5YN9gyoRSpjiGdvYi,metadata,Wide Awake,Ykha Amelz,
QmWK6tQfB4zPCYkcRWByLagQCxFATL6rDJxpS8CPtW8RnU,asset,Wide Awake,Ykha Amelz,image/jpeg
QmR5uo6tFppq3Noqm1AJkq9FyqTyUsMvQUgrgv89xD2vST,metadata,Grandiloquence (Cranium Interior), 2021,Zam
QmT1KP2xVMWDdzDWW6MEzrqHkYZhSVhxUQmk6LPbwnVtfK,asset,Grandiloquence (Cranium Interior), 2021,Zam
QmNzgLy3jpY2aEu7cC6A3p1shgDuqhGVgbCbSKiV7RcWCZ,metadata,Pᔕychedelic Ramen,cosmonutty,
QmYTVjzTx4T5UpzfdvopDNPBAZeJHWd8kRyMFEPhgsFW9Y,asset,Pᔕychedelic Ramen,cosmonutty,video/mp4
QmcHMcLbfaJhW1Bs8PCab6wioAX7bmDZNiz2tC8yjBHSWY,asset,Pᔕychedelic Ramen,cosmonutty,video/mp4
QmPk1LBsi5s3NaxqjEGw8jLm2VSEDZ7aQ4sEXJ1La7yHyo,metadata,Screen Tone lovers /09,PUCK,
QmQwbSePrPGXUeaMW3fLE938Aik56GERxn66bq13JPdsrM,asset,Screen Tone lovers /09,PUCK,image/jpeg
QmZwBgCbj8ksa9mQtjG4WCbYsPU7kpnxutDfaSgZvxCC6K,metadata,Guan Yu : The Surfin' God,Tvzsu,
QmXPDhP4MJXiiynhojwoBPPtUsoEU1Ry42CgDPTvSJKdE4,asset,Guan Yu : The Surfin' God,Tvzsu,image/jpeg
QmRN99EU1HCnvGwnVjfdY6rqRKF98MBopLC97t2a1DVw7h,metadata,Transmutation,iammelissadanielle,
QmbSa4YFowsgBfLJ2bYWG49h5BgPvVtN373ndf3FKWYzN7,asset,Transmutation,iammelissadanielle,video/mp4
QmXqgvwucibBUkevn8q6CP4USGW7s7p2cLbZgfod6cJKey,asset,Transmutation,iammelissadanielle,video/mp4
QmejT2AhpebcwF7vRUWhmeLN2EHxmmnhW6g849oo8usmbz,metadata,90s Kid,Hekathena,
QmQQP774pg2Yx4u1tNDnz1vX5b8VSf4uG1XnJMr3MuXa9Y,asset,90s Kid,Hekathena,video/mp4
Qmb5vjdLV3oqjjiX799mxDkXDbRKP5i17778gh7r86qVm7,asset,90s Kid,Hekathena,video/mp4
QmfQmVmeFNrBdRrxbfQUogXRzTmEgsfgNnjxNUmRfbbgpF,metadata,Bakwan Jagung (Sourdough Discard Corn Fritter),foodmasku,
QmeRFs7UmnQz4fHw82tiegRhLhf6cruEXu875NJ6RJgbsy,asset,Bakwan Jagung (Sourdough Discard Corn Fritter),foodmasku,image/jpeg
QmYPoCGHFzudGfndNtCrkyWcBrvnpBzUGqpm2Q2hZt6aiV,metadata,Healing Forest 2021 Sabet,sabet,
QmcZWQnWqPpz8BH9zdiebUHWJuFFWFq3fUcZdV74PjiKDa,asset,Healing Forest 2021 Sabet,sabet,image/png
QmNwdirruR63TcmewDPvASE9AeNqDsSKvWrQZ6ftXZreru,metadata,End of Humanity,YAGIZ KOCABIYIK,
QmdqPtQEJHDvsVGqvXAm5GkMvXDnCqk522UpzTWDShnUTY,asset,End of Humanity,YAGIZ KOCABIYIK,image/jpeg
QmRuoUqNmPzFV9xN17UBdv75K4NdMGxcPoDwvdaTkicavi,metadata,Scarlet Morning,Cyber Shakti Photography,
Qma3ueFUL4GmBPLjB5z43Z44nwDV4QTiy3gsHtKKB63FiE,asset,Scarlet Morning,Cyber Shakti Photography,image/jpeg
QmbNpnzyN8Co6tc1tfQMmyn2sLMWpKe2H4rPrgQYweS5Dc,metadata,Scribbles,DKleine,
QmRXdTMC7Nr9Mjv3hK8A5WS7jUNaQmuZgUsUZ2VgM1XkDW,asset,Scribbles,DKleine,image/png
QmXx3HLGZngB6XicncSFP7EEMGQ4E3cWocuC69cL7RoovC,metadata,Rush,Ernesto Asch,
QmQdpsL8ozhTA5wXprT9PgfF76oqGJ5WaawgK4cpEPQyMi,asset,Rush,Ernesto Asch,image/jpeg
QmU143MSArzmRASd4ENspShpfxDisGp4nudYdE1XcKzPdV,metadata,Meditation Rabbit #13,Alexis Olin,
QmRd4j5RaZCn7ctH19uo6cJ2j32qM519NYF9J59fudzh9k,asset,Meditation Rabbit #13,Alexis Olin,image/jpeg
QmWbUMeA5JbbcKNN5vaGVDRWz6SNdHKVtSe69w6t7Dx6pd,metadata,RESISTANCE,Trish,
QmbgU87ESRPV6ytmrKLvNs9gC4xYCYK8DzZfzZxfYvxP49,asset,RESISTANCE,Trish,image/jpeg
QmVLWWRVjoXFPYKQGCUcbk8ybBgSHsniUBxuWNogoU5ZbB,metadata,Night Rider,rafis11,
QmW69aKN1Mv165EfEmU2K8BYyz9u9HYQXKHps4HXeuxknY,asset,Night Rider,rafis11,video/mp4
QmW78oBKnam8xWxvvAq2akuAM83Dqx9ZnYMUT8LsAUFEpS,asset,Night Rider,rafis11,video/mp4
QmUG6yMQDnpRHQXcVyW7iBxh2GGTXJ258E8s8Yp6wpmra2,metadata,The thinker,ToeMoss HiChic Art,
QmY8nzuUSb1YeSa6DvEo1DUxPrirMP4AUz7sr6NDX8smTv,asset,The thinker,ToeMoss HiChic Art,image/gif
QmcPKgx7CXjCFF7CDeHwAqVRtRUm3gLRTkUVZiJ1axE4rR,metadata,happy tears series, special edition,Tahn
QmNqUMteUEoP5SnqRfEYgYFLErLwsexF7EwAPtwt2GBiRo,asset,happy tears series, special edition,Tahn
QmdqiAhXY5T2Cy3D73jcdvMJM7xnQEsvwDr4nGqibDE22F,asset,happy tears series, special edition,Tahn
Qma9DJXNZSgFfdSEBuy3m7VeEZvgndo5WYXyah4vjb1w76,metadata,Marxism,Kozachok,
QmXZbd9Qusg5vLH8qqVz1idxSpiwtdZpJfyVjRePA64uvd,asset,Marxism,Kozachok,image/png
QmRE793ejH3q2Y5u8X45g5TBABtUfrvqjxZJzDoq3wPLu4,metadata,In Rumination,NicoBlack,
QmYgimcyEuVfBwAZ6jhrwr5dp6h2F4XPu2qqnREuzQ4Vvo,asset,In Rumination,NicoBlack,image/jpeg
QmaAsQM2c6i84piiTpmqTFe78EPCA1RV62RUyqxnfyPF97,metadata,aurora state,zplit,
QmfGbkRitSB4HFgRu2aKNgoyroFapYTmHSpckCPG1DQMLj,asset,aurora state,zplit,video/mp4
Qmb3HgScarsf4YVtcHoK1E4bmHX3dkaizBgJE2x52RjHgq,asset,aurora state,zplit,video/mp4
QmQyN86ou2f7xxyxMXz92SBiqDYrSyhP6hQihoS6ZcvKT7,metadata,The Shaman,Darkenedm00d,
QmVcCTgbkjuMRXqbaXDrn9fYdA68mnH7wLsPq921RUe371,asset,The Shaman,Darkenedm00d,image/png
QmaCh8xYmM528wKCsUoXHUoMBtYSpifT4ziCkDA1KDBmBq,metadata,Green Pulse,orla in berlin,
QmPZahLnt8aPSRuJ5r3ADrBQjYZrCBorvcbZ2hvXYbZzXy,asset,Green Pulse,orla in berlin,image/jpeg
QmcQ4CNq9GjVCvxp7tkHwAN9rscudx6obBPKWoPkexNMNT,metadata,Screen Tone lovers /10,PUCK,
QmTdfaD44MgwkavhmMF59PuttDNRjPUx9U9bFA1wXZss7B,asset,Screen Tone lovers /10,PUCK,image/jpeg
QmdHAs8p57Q8ndSroVtXodga8svKWvKE8mS34bvtnRiBVP,metadata,Mario Funked Collaboration,Hulki Okan Tabak,
QmTQKkAnVoa2weGSnruD4GkHzJ2Y5yrmUvGjt4HKEr5ZLA,asset,Mario Funked Collaboration,Hulki Okan Tabak,image/gif
QmQ7U58RdNnGNnVPGCwRuJLcG4ngjEtegtL5veXD23Qu1v,metadata,Pᔕychedelic Green Beanies,cosmonutty,
Qmf59uef9jCZxRfz4FZD1X5XXz1jT7pxfYHrR75v7AN8JJ,asset,Pᔕychedelic Green Beanies,cosmonutty,video/mp4
QmNup4d1YnMRNRKk9XJ7eyGkCtNSx7tNoHqWCc21kVAQNQ,asset,Pᔕychedelic Green Beanies,cosmonutty,video/mp4
QmNfurhHuJviBbSnAS6BjUyJKgBRifvYnhH6YQvtGNSBfp,metadata,Matrona,Violetta Melnikova,
QmZnopS8aQ5goFWSN6kpbWpUfAu4biszoRvqrNrjHV6DPS,asset,Matrona,Violetta Melnikova,image/jpeg
QmdZ442ZUV24LnyYS3MvJBDQB97KD6hFu3xaV2qnrNaxjM,metadata,Pink Donut with Sprinkles,foodmasku,
QmXdn16BAhX7BC4bCrir8Q1cMev2cwi4SAsuFVHTjcFp2L,asset,Pink Donut with Sprinkles,foodmasku,image/jpeg
QmbfQdvkoPRcaZWkKKA7dNzjHQZhtWLYezMPCBNesaJLGn,metadata,A world on fire (NFT + Physical),Lucho,
QmaTrFJQwCgS554PSq5EPFcGX6y7LPibMVpDHbXEhowqrR,asset,A world on fire (NFT + Physical),Lucho,image/jpeg
QmRHajLr2791ZGz3AugMW8BVJmBN5CUDBVKVfoksPFMLHm,metadata,Purple Valley - Βῆτα,ottis,
QmQ1bk3wDKg8J925KoTS7mhE7zU2JM9qX1y4wdNh3QV6N5,asset,Purple Valley - Βῆτα,ottis,image/png
QmNU3j8Ewp3D2E4SKDVEUHWPiveibSQGU9fvrGnCTetqAw,metadata,PSYCHEDELIC POP FANTASY #002,cryptofantasy,
QmQivpMnZihA4yZV2TaisvgpAQpYqcpbFLrYppU71KSFbY,asset,PSYCHEDELIC POP FANTASY #002,cryptofantasy,video/mp4
QmbDrzNX3qjebsATP4Bt4XqBD3JZ7SMFWM2GddRH2STf7U,asset,PSYCHEDELIC POP FANTASY #002,cryptofantasy,video/mp4
QmZ1gsc97GRLaNVSfKcFp8foR46D1YmQM1LcBtcn7JvaV8,metadata,Natural Complex 2021 Sabet,sabet,
QmUK8npc3vvvkmEFwVx15bY5XDczqtV2eQJTUbZRK47vfw,asset,Natural Complex 2021 Sabet,sabet,image/jpeg
QmbpDHs2LtopZHTViKuFwqDApHeV2eAN5ybuoTaWxGozhQ,metadata,Meditation Rabbit #14,Alexis Olin,
QmQnrenGUqA3HES29pV4FJJidWKkS15ugw5q5i8a3NpQ1M,asset,Meditation Rabbit #14,Alexis Olin,image/jpeg
QmSPJsqzN1W7McTJJEpVhG75ZLfe4Z3sXeswJ4eG6VjrRF,metadata,Detour — Chaumont, June 9th 2021,eltono
QmWhyTL6onX1LkFCTWq8bGoMT5EBzCAG4TnqajqswBC9XV,asset,Detour — Chaumont, June 9th 2021,eltono
QmbYhjvNqbnoaKqPNdPCPu6xP5DvnSgzuZJ3FLFE5cn3Cs,metadata,Alien Inside You,yanaufelman,
QmT3CzQKmvuSK94BBkTvCrsz7yeyQpRJW2Kk17yffWEPTd,asset,Alien Inside You,yanaufelman,video/mp4
QmYzwBoyWm2JTJM4EpPfnjAnejEvhemArepNuK1vU7XCUo,asset,Alien Inside You,yanaufelman,video/mp4
Qmc8L474kVjoo45eDpnzyDNLeHBaRYGmFdEJ96sAnmx4mP,metadata,laser_show_last_will_and_testament_of_myron_starets_03,sgtslaughtermelon,
QmNhuCTZXPabArP6htHTEBbqNREVNojvfsmHiN6SFd2yEu,asset,laser_show_last_will_and_testament_of_myron_starets_03,sgtslaughtermelon,image/png
QmctpayQceT87jJNubD1g1mdH3GK88T2Z5CP5poSxceJgY,metadata,The inevitability of time / Pietà,Adam Martinakis,
QmRUrC9oPaaNmpWpQkCR97kCF36drW962f3d8Lrw33qTnk,asset,The inevitability of time / Pietà,Adam Martinakis,image/jpeg
QmeaUqwP6GQuJT72QtYvGLBhbeV15HM4ZPnroeGVR6mEeR,metadata,Screen Tone lovers /11,PUCK,
QmePgLq8NDGtUgtMcV6gygUf6tQ14W7DFpcc8Wy2hAekqK,asset,Screen Tone lovers /11,PUCK,image/jpeg
QmZqv21skd8mwCNuro7gXLbv2NVWn4SQpWKdq3K6veKMhd,metadata,The storm bringer,Adam Fryda,
QmXuzLCB55vj82XR6fbDmgwnGAAu6RtBYu9v88PxDpiVwx,asset,The storm bringer,Adam Fryda,image/jpeg
QmXtZcqueXTvaPt5TE4rACe1uPvRHiRTJtibTZLiBYMLNE,metadata,Alp The Dream Demon,Darkenedm00d,
QmdjEoQozhHKZcV2qJ8Yzb7xbdvT8XjTi38PnmFFhEiJTF,asset,Alp The Dream Demon,Darkenedm00d,image/png
QmbXSknTSHAQ9jSx5fo39YH9GBohHHN61i6SuaFwZJEyoJ,metadata,The Awakening,Chris Skinner,
QmPCU8kbx6nV3RfNhKeCFpmGpg54kzaHW1zp8j2mErheXV,asset,The Awakening,Chris Skinner,image/jpeg
QmTgTLQU3XKZr43Qujnw2avxeM5omHPkWyWqwP9Adn84N3,metadata,Shape #37,CryptoYuna,
QmaF3UujzRH4mNGeF5kg1sFjHaD6D87HjtoR6c7wQwRdo7,asset,Shape #37,CryptoYuna,image/png
QmRDsaf6FS1WTeiWMejK4cPP9qY5KHvjYw8kSQC5LMbtyy,metadata,Otherworldly Vision,Avlevytska,
QmbLEUHGbKCtY2taegQmuDxwz5fnozQvXps9ViYJuvZeAz,asset,Otherworldly Vision,Avlevytska,image/jpeg
QmQdQcSj5YsX3cd1K6piF1LbqspxkYmAQefUPqpsAm8dnJ,metadata,Pause,zahrakbari,
QmRMjLz5SFJPppaih6rMdvgB8wWT1ocsrSC18t5Ky3NKGx,asset,Pause,zahrakbari,image/jpeg
QmbWM9hsPewEPXR4cUjPapfRFi8CbTL8Ks2Tm5e3wxXUo5,metadata,Prima,Natalieshau,
QmbYvrPoaSQjL1vPpNnnobG5JRo2KRFJMJyfcMSPL5p5LC,asset,Prima,Natalieshau,image/jpeg
QmWyAyuBkGDLAwK4KveYkk96VUGE1zpSCb1KD1JrwR8hkh,metadata,One/One : Open Set Theories,ClayCal303,
QmNqvvqV16TeKjuHD8WWcYvQ8snDiGTgUeprfFEDiKyMK4,asset,One/One : Open Set Theories,ClayCal303,image/png
QmZg39crxmypX5nvEEVU85MF67v1frkovuD1JzS2GkWHCp,metadata,Pᔕychedelic Margarita,cosmonutty,
QmXGcAxbHV2KsSvhRGLFAVTUoks2SMLrr4T7VYiXMFqKMb,asset,Pᔕychedelic Margarita,cosmonutty,video/mp4
QmZU3RHPLusZBdtcojDusm9y7N7m4brhPJR5KTrzDLnxR7,asset,Pᔕychedelic Margarita,cosmonutty,video/mp4
QmZ9UdoakUpAcPEnnmXLCYx44t9jj9SwNRcdoAgW42fz7v,metadata,Tempeh Avocado and Mozzarella Burger,foodmasku,
QmNcxBawjGq6q65G3VyGQvyRWeDG9kLRHP1VwKQwEpAaaB,asset,Tempeh Avocado and Mozzarella Burger,foodmasku,image/jpeg
QmRrhhWK3hZwAQmojUksz1wWP3dgYBA5icMSwuQhwTFSqf,metadata,Purple Valley - Γάμμα,ottis,
QmQmJJFraAYJn6dCFJRaB2gbNtigjkWbjB7bF1yEko6v4E,asset,Purple Valley - Γάμμα,ottis,image/png
Qmav1EGvqXBC7GvCmbNH5BbcvWW89stqaL9TfPpPmBBhvv,metadata,DIALOGUE,Panji Krishna,
QmSjeMV3ZWx9ArEUnYTjCoKCVdRwzjizm6843jMozAVjew,asset,DIALOGUE,Panji Krishna,image/png
QmRXnwbaU1dR7B9kova8iRmy6qqSeBHc7qjzgoNhi5UZ22,metadata,Inside a dream #4,lucclop,
QmcnvmYFP8pDpsRtdfkHjWegy1jaUT6S25Hs63JzpWKJxy,asset,Inside a dream #4,lucclop,image/jpeg
QmSRXDz41T33KPJqh7FmSvNogJsvF6RFGAuRD1WS2CVnRw,metadata,Meditation Rabbit #15,Alexis Olin,
QmVr71uSLERj1NsuHLi39RYifVJzusu6nMgu9g2N4yjryE,asset,Meditation Rabbit #15,Alexis Olin,image/jpeg
QmR9vdKAww4x3Tn4QtPMegrbbgS9xnEofw4SBeibC177WL,metadata,Breathe and Scream,Hulki Okan Tabak,
QmPLmVzANYM4pUFvVamw575SHJboU83vmni636CeQuncZR,asset,Breathe and Scream,Hulki Okan Tabak,image/gif
QmQu9XPZKDha4emHsUNeCvuz3pSbTLNLqXsjYrVDexcWpd,metadata,Ape Frequency 2021 SABET x BAYC,sabet,
QmXrRFLu13dbJ1DKhBg1JcoRsHtUKoxnQVEkLNgwikpvVs,asset,Ape Frequency 2021 SABET x BAYC,sabet,image/jpeg
QmP7r6xKZPoRHKDBy1Lm6rPWoV7tLj3Rs1xQXHf3zdKVZZ,metadata,Jesus,Kozachok,
QmYNfN1yTcV2SDjJ41dd3tA8AwgFfxoXXYzy8UUTXv91Zk,asset,Jesus,Kozachok,image/png
QmTLskdHSc4fQdppZqfiFALx1FmDFqydbaEs2SHynrFMph,metadata,thus steel was made,PostScrew,
QmTDZknGd25ZqiFhtiz4SNiJeY2VSyEwyvwT8QEUGLcL6H,asset,thus steel was made,PostScrew,image/png
Qman5NMpZJ4adxyoy1xU5hZpZrxg9DUSLftZ9gSsUcx9rS,metadata,Paddington,J Harry Edmiston,
QmQgJqiyXjYSi9Aa2DtHzuVwK1zQ3kmCBmmmRSLrJWX77x,asset,Paddington,J Harry Edmiston,image/jpeg
QmXNDwRnd9jiKfW7uQnd46UVHJWZXXDMMQu5otH3JNEzkY,metadata,Reactive Trip Gummy Bear (KO Genesis),LSD Gummy Bears,
QmVTy2FDdeGcJktGyLcbLQkaXAjjZPm7RxmQswZoeFqPVM,asset,Reactive Trip Gummy Bear (KO Genesis),LSD Gummy Bears,video/mp4
QmZ9aKKanEiq4mBzY6hVEbfVByTczTamCtPY3Vn5uZhyRm,asset,Reactive Trip Gummy Bear (KO Genesis),LSD Gummy Bears,video/mp4
Qmbii1pXCFwUuXjvD1hDhS7agddx8RiuobKGvwqr8Yuw3x,metadata,Screen Tone lovers /12,PUCK,
Qmd3fYQrqryH7ScKU77WGmwEE2ngWgEKtq2DXXudLAHJ1o,asset,Screen Tone lovers /12,PUCK,image/jpeg
QmRZD8zg3PB5mPjwFNisxgVE4VgFnDK1S4nnEEhvf6NS4g,metadata,The Face in the Shadow,Darkenedm00d,
QmSY7ALZoaKkJZzcwiXozMr8S5q6bLGPSU9SvxW5PetoZR,asset,The Face in the Shadow,Darkenedm00d,image/png
Qme1oQJgCpT8NRn14g3fFJUFQvxtvzk7RXwypRL2sWNHPM,metadata,HUMAN COCKTAIL,Tvzsu,
QmZdZhKvmWuLfjnn6gsrJWHXbmYLezWFw2Cy52hCNvyuX9,asset,HUMAN COCKTAIL,Tvzsu,video/mp4
QmY5mFSFs11JEHtBxs36hGdmo5aWLh3Qe6aSqCNGfThDj4,asset,HUMAN COCKTAIL,Tvzsu,video/mp4
Qmf3z8dReJqWQAecSN8zM628wb9erN9nRsij7hM3nSirfj,metadata,Derelict - 210804,wblut,
QmY4MjRMw34n9Jf2uQ9o2M3KJdpzB8cwYoydtKvke1Kbva,asset,Derelict - 210804,wblut,image/png
QmXs3PdCStXsqjCS4QPJB6kysDSiUeRSzqsAhxxjuCUERg,metadata,Sun Mandala,Azbeen,
QmXTwRCBTtFSzmoN9y8JkcS6sDhUXhbtHNmBx5oGGebKi9,asset,Sun Mandala,Azbeen,video/mp4
QmNb9YFvXpyMTiP4uCBTDWcxb4AzdxvVSD1dUaYccH3H8a,asset,Sun Mandala,Azbeen,video/mp4
QmPBuVWFk5PE7S1Yq4fpxayNHcVDE1n7bj2yrFCQg4pbRN,metadata,Ape Vibration 2021 SABET x BAYC,sabet,
QmVgzfsNhVU2GoeQwSNoTrWAHUWrz5iGRVQwcN5VqoSNkP,asset,Ape Vibration 2021 SABET x BAYC,sabet,image/jpeg
QmapoHwsunLtyB8DE7u2QVKQ1KboA8WihdPTjRLhrqXFhu,metadata,• H U N T E R •,ymiroo,
Qmahsiqb6ebKCFcrbazF1q4WCRhw7jGtR25aN4K3cJ8Tq1,asset,• H U N T E R •,ymiroo,image/png
QmekM9Toc8HpLvph9tjHHvcMUBwn81GmiK8u6bmKr1iyRj,metadata,Kim,DKleine,
QmZ7U4odAjtdHhghN4wAxFoMPiPqnfeFWVbSmT4QpNQcxx,asset,Kim,DKleine,image/png
QmSZ1McqyH4WA4SU8CMPeoWw2ZX3ztfPZaeFrSfvV2Bx67,metadata,memoryshock,haydiroket,
QmdFG7nwFjn39DajYdsCc6iyQSYvraoZjLGoLQMEsWoXSX,asset,memoryshock,haydiroket,video/mp4
QmXYnVRSYhab2bNGBK24igr3mounfy8PFLiDDptwgdHpVX,asset,memoryshock,haydiroket,video/mp4
QmSfajr8xcBcMcE2SLsEggKhW4pdEhaKd6wzoaiWbwH9xa,metadata,Decay,oddcr0w,
QmTtvJNjqPikyNAUP9NDUKiX762Y7wzPLtGtq9Bou6W9S4,asset,Decay,oddcr0w,image/jpeg
QmWiMskHRMCv9uL5LpHLxhkNvARkTw2rY5uqoZ36k5MXtT,metadata,Collectors Traffic,ClayCal303,
QmTAQoTfra5RoLM6FmFGQoDcGQMiy5TaWJUiwnZZwQK9Wq,asset,Collectors Traffic,ClayCal303,image/png
QmVu39UNm7MEbjHqftw5w8UX5XN6FsBTevjugYLs9VL2we,metadata,Karedok,foodmasku,
QmXZuUi6HZ5t1vkmAKfS6bKcSu7iwvSmGuqvAd5mK1Mm67,asset,Karedok,foodmasku,image/jpeg
QmUzKcnLGujSowuTvnaxG9guRR7M4v5czBsjeZ2gwXKhEc,metadata,What's on your mind?,animomot,
QmcwPo9yUiyonPHyX1XJ5EsVx1jZvYcGzXG1FUBfiyRyJw,asset,What's on your mind?,animomot,image/gif
QmVWqb99p6U8M7jSyewMvcmLKTacJjLuu13gn4GBBL7GsP,metadata,Ape Energy 2021 SABET x BAYC,sabet,
Qmd24wdzTM5Z8XGF9zJGgeg3VudAFmkoncPPzL7bJ2QaCf,asset,Ape Energy 2021 SABET x BAYC,sabet,image/jpeg
QmQ1ELaqz9RaX6ooBcM3gj2z1b8LGaLiEB2dZooDexYoDK,metadata,Ol'Edge Spot 🪐,pvkh3d,
QmeBitQ39tdwc7rBJ1VTMgqnmWajYatW6TcD7w1pwgY2Ya,asset,Ol'Edge Spot 🪐,pvkh3d,image/png
QmT9PP46bVpRHRRL45rtpofMtm7GptFzCFU6hazaM34NPh,metadata,Shredding Past Meaning,mikkolyytinen,
QmPVuvXDXm4UTT8t6wzGGvFZqEZ92bjbLiNRLtnqGX7qFY,asset,Shredding Past Meaning,mikkolyytinen,image/png
QmeTaCJsaPMHM866v3rDGWhRVAsn6AasHJpDff85gXLZjb,metadata,The little mermaid,Adam Fryda,
QmU2g2q9ADGyXHkBtGnxF4CtokDUAsdmhdBdBVq5c7gn7m,asset,The little mermaid,Adam Fryda,image/jpeg
QmbakovgQfTijEa7ZJX99RghWMn13fjAupsGmtbfRUXMwi,metadata,SILLY TIDDIE #20,LambieArtist,
QmaqGU1QEa9CM9rtLzy4fFd2P1aKtq6QPsV9hgdkcnVzE5,asset,SILLY TIDDIE #20,LambieArtist,image/jpeg
QmeDeu7bUC7aEZb27NbBFsN61xqUZhdDMV5FbsLSAr8fW4,metadata,Meditation Rabbit #16,Alexis Olin,
QmYR7aZPcGAyKAM21aLw3wy5ScpFkJpDeCPukWPWA2brMy,asset,Meditation Rabbit #16,Alexis Olin,image/jpeg
QmcjPzPsz9VsCXWvfXpFYVobPsqqhip73WyFnZZHh16YpX,metadata,Gobbling electric sugar all night 01,lee ellis,
QmUM2tKXudhihH4nDfSznX2joYu261JfjbQdb9fZLo7ejp,asset,Gobbling electric sugar all night 01,lee ellis,image/jpeg
QmT9J2onMha4aEKsfWTJk1p5N8mcoSE5kEU8iiUazUwmqs,metadata,Pursuit of Happiness,arnokiss,
Qmf352UBnJ8UCNCPpCwYRREg6XJnSRktmN7KME7uArqQaZ,asset,Pursuit of Happiness,arnokiss,video/mp4
QmVVUDfa9BfB3DGXySaUCkKuSwTAVTVTdzoDVsXHpK3GBW,asset,Pursuit of Happiness,arnokiss,video/mp4
QmfHcfVpajSHvxrWvExnDxZuPpM8oSCE1b9ZPd3muSgAXp,metadata,Shape #38,CryptoYuna,
QmR4AtLiqjVPoDGZ1yXcXo44aPsQxReFVB22Siu5Y5jvQg,asset,Shape #38,CryptoYuna,image/png
Qmb2UPEfAzCrcxkv19WVAMwD4r3RvfbFSTFy11QKw66FLZ,metadata,Vintage Girl Katrine,LisaFogarty,
Qmay1bDy4oACz3z6JVi7T9F8tvLShCdNzfHvz6g47V1Nru,asset,Vintage Girl Katrine,LisaFogarty,image/png
QmeNUNJJhgtNch2HYwdmbPrnFjaSPkb2EMoi76jcKEu6zi,metadata,Derelict - 210805,wblut,
QmXG6fjSxDuVjyzeirretwCeFZG3sBBNHUa1cwZ6ZmQK7V,asset,Derelict - 210805,wblut,image/png
QmR73wQKJyFaNCyxTmcCGZ249YRxpfcA8bniH1GpKqt2hQ,metadata,Judge,oddcr0w,
QmW8XBuPqK5dGMzeChfD1Cg1SdBXyM8DskagCMEd3WNihK,asset,Judge,oddcr0w,image/jpeg
QmPVcam9DKUxmT54xBFAtDNBJZpPZHNioNTpiGRtv1r5LW,metadata,Black Swan,Natalieshau,
QmdMjTqoje4wqMU2P5GGCLeVidAk2PbKkYXosVxvWNg6BM,asset,Black Swan,Natalieshau,image/jpeg
QmchDYSKtua9QMce2i1x6LR9Hgkgp2Y74wx63h36ySyWco,metadata,Princess Peach,VZEWL,
QmcKEeHngejCGad19zwGryRWved7w6fEyc4VA2NGn51jWD,asset,Princess Peach,VZEWL,image/png
QmPfxgECeWCCXk3qwpWnmx4dWfCnQyAadfeJDSS9J623bP,metadata,Screen Tone lovers /13,PUCK,
QmTT1KgUtiTppEcV54vUq4DbtzZLs1e669CkcuGcucgqzC,asset,Screen Tone lovers /13,PUCK,image/jpeg
QmcSiBdWQ4oLpddBqVh5CyK9gETreGSA6VTNFwCJF9bPNr,metadata,Bacon Series - When Bacon Talks To Me III,sankerg2020,
Qma1E7RC59rHEEzLNDWkyRJrKBi3yPrP3ehpo3AboHUbZp,asset,Bacon Series - When Bacon Talks To Me III,sankerg2020,image/jpeg
QmUm3V9CiB29YJA9cPRqBkZg9nT3qu5bvNP75bx6mBdLHZ,metadata,Ape Energy + Frequency + Vibration 1/1 Epic Finale 2021 SABET x BAYC,sabet,
QmWPuNH8XGSKq3jKDz8E2z3eaYAvFykXXUfohH3HNahrT2,asset,Ape Energy + Frequency + Vibration 1/1 Epic Finale 2021 SABET x BAYC,sabet,image/jpeg
QmPpRE8Xnbxnhhc2xL6aHsHDBz6G6DSNFJYP6962VpzXSi,metadata,Sweet Potato Fries,foodmasku,
QmdeidDLr3E2Hj7U5VK5wbK8XjdozkdhFwTYp3WeGw9bBT,asset,Sweet Potato Fries,foodmasku,image/jpeg
QmaNMjvwYc6bdzYEEBkzcfwz7Rz8XLWLiSpfQR5k8xBuYp,metadata,Goals,Trish,
QmVhWsjK7bNxBNvXyDEKaeKJnYMcDrv3ezjgyLPBtc8Zyx,asset,Goals,Trish,image/jpeg
QmWfk5srnehSL1XNebePWE7UEfG3TYDyTLBmAqB8bW7vPM,metadata,silence of the lamb,nikita,
QmVnBvmUHBNQADaJQxdACMW7TvoCFbG9EfehEnRid9hZd2,asset,silence of the lamb,nikita,image/jpeg
QmQCzZdDZjuRseieKRvDM7tprTgAqeRkU8rLfW1JArbMTU,metadata,#01. Jumpsuit,Once,
QmdpmDC5Wza3248Ra341cVwqL6SK1kMV1MA5hvz7y3zhzF,asset,#01. Jumpsuit,Once,video/mp4
QmX5NwWJu4CBXVNP4Jr5EbBVvWPu2BzMp3PUMEVft9C26e,asset,#01. Jumpsuit,Once,video/mp4
QmRc2qzoq1WpmbzsJ4sXR5aERUWyHZkh1USFtZ6EXfSq1E,metadata,Unknown Genesis,ABX,
QmaeRYjQ7tZT3zggjS74HN9HSw6hmeYfMaBJeN9HKzn6Um,asset,Unknown Genesis,ABX,image/png
QmWueFyf3HrptRNQTQKCaeMCa9y9iXSL2yJELeeC9FfbDq,metadata,Twiggy Freedom, 2021,Zam
QmVxhWytYLvHiTmBq8VMH1VgHhqdwTfhrfM9QrSDHBSBUB,asset,Twiggy Freedom, 2021,Zam
QmdNbKGVvA2VXpSU7s7yhRyzjoCLsRNZqhgbNzKZ8A4gza,metadata,The Joe - POV 2 - #1/1,CustomHorror,
QmUD6HZQXrGjK7vxUZfp65zVzru1JtgbtGgNbBUeDBBHnN,asset,The Joe - POV 2 - #1/1,CustomHorror,image/jpeg
QmStU136ZRe8FDicQnPwHxKrTMoHEXe7rwQxtpijAFUQfh,metadata,Sweet like lemonade,Printsbymari,
QmbtJZMBUoCrid8iUgauJpFGG7vFGgim4uZB9vFtX56V1e,asset,Sweet like lemonade,Printsbymari,video/mp4
QmV6Jm7bu3eQNMgCCzm3ZmY1qSCW1a7zWFksr6pJRDGLsS,asset,Sweet like lemonade,Printsbymari,video/mp4
Qmf6nfuH6bc79czzaYcj8BitNtaALYcbaeKWSLJmbW5ZiX,metadata,Shape #39,CryptoYuna,
QmPsGVb9K4WCyyK8QPWq9oDQcXdp2scoPNt8geMc8Lzo8u,asset,Shape #39,CryptoYuna,image/png
QmTsooXYMC2GpjEqFpkhHAbXj4sShvSkTJ9VWzByFdpsh3,metadata,Dirty Girl,kamiljauregui,
QmYPPiqiDiTw1WZhXocdbr7XPGuFjRwhotJJ1q816ucY4S,asset,Dirty Girl,kamiljauregui,image/jpeg
QmS5zD3yFcSX8MonQXcmRE8tEihm7z1CY4po1vkyXU37m1,metadata,The Decrepit,Darkenedm00d,
QmWMeE24sd4vyqSfj3MNHZRaqPD2uhYLZZF4mQpup4J5yi,asset,The Decrepit,Darkenedm00d,image/png
QmW9Knv1gfWC7SwYeLJ1Ph6eUNbqitRqHK7wg4SpamqvZA,metadata,Gobbling electric sugar all night 02,lee ellis,
QmYF3jWGie7LjcpTR5YPx8DUDm1Fwrbqkvzon36tGoiJbz,asset,Gobbling electric sugar all night 02,lee ellis,image/jpeg
Qmb8YAeYFovb6HJMySmyN1fqrjp7HMvd3PMBzYawbZikbA,metadata,Tetris One-Shot - 210806,wblut,
QmSVPtMzRjgQZQxHXa4e51sb9XLo3rKNuKzMGHVQLXawic,asset,Tetris One-Shot - 210806,wblut,image/png
QmZDTDYobCo8sWVsjreqPv1ovyE1w8xRoGYZKV3QVB7X5Z,metadata,Gobbling electric sugar all night 03,lee ellis,
QmVDqnuBpNvdTm2njK4oQN6R2fCiLDta7K5ciWrZneSWnJ,asset,Gobbling electric sugar all night 03,lee ellis,image/jpeg
QmaAfDihkpUBgiSBAUDBYAXwGHMjVXPFLWhmVB4xpEdg3a,metadata,Gobbling electric sugar all night 04,lee ellis,
QmYcbCQ8yRbaZUUHYYZ8x2Vxhox7PML6wpymaaZhbKXcjX,asset,Gobbling electric sugar all night 04,lee ellis,image/jpeg
QmZohXEKd9RTzW6whGEMbqEAQcNvMjjPTkYewnTM48ND3q,metadata,Gobbling electric sugar all night 05,lee ellis,
QmWfTaMpD6dVoewnuhap7i9Zi8eCuNviFnc8x6jTgdYoYM,asset,Gobbling electric sugar all night 05,lee ellis,image/jpeg
QmZXBfKbSrTdamnHyCJiqrMNZzpAQJy9kmq7XkEPatpKJo,metadata,Timeless Beauty #1,Nyla Collection,
QmPJDBiS87NaeePA8TZWueK3uYU3LubwXn3fPJHhysFx3F,asset,Timeless Beauty #1,Nyla Collection,image/jpeg
QmaoYGKgnZJcsH8J2rJr1r45ccoxfPGWKFHSoQzGptS5LJ,metadata,Timeless Beauty #2,Nyla Collection,
Qmef7sZA8665eVm3t1EppQJFzwUpE4zkCgFeBRvx8rbG1N,asset,Timeless Beauty #2,Nyla Collection,image/jpeg
QmbrcAXp2GSDnrG3YPhwSyxqE46zmkhR8WBzgZARxWa255,metadata,Timeless Beauty #3,Nyla Collection,
QmZwL9nYLynGA4FGJG8Jdsj6broNCLhT9pkiJV6QW4mCf7,asset,Timeless Beauty #3,Nyla Collection,image/jpeg
QmNd4Ncz6KGoJvmxiphD6Cw17v36yzCaSxyqKPwuyseRTU,metadata,She. Earth.,Violetta Melnikova,
Qmd6FehTRpNVsHh7LoETyEkd3uBAw7YxU7guGwajQ27gLq,asset,She. Earth.,Violetta Melnikova,image/jpeg
QmXM1GAsNHvBBQyPXJjqKjxt6Kz75ukwHqmDEnmg4a6iZR,metadata,OriginalDigital,ABX,
QmdsB9nt7Z1CSkf2YADHXWEs7a9RHZUAqnx9qW4bezYLMc,asset,OriginalDigital,ABX,image/png
QmTGNhRLf4q1YzESbXvDVDTa5baKze4qi43uJoDU6W1BQc,metadata,All Dressed Up,colourservice,
QmT5eraNc33NzCJCnRFhmErX4cJDbRGoA37Q4E6U5wUUPg,asset,All Dressed Up,colourservice,image/jpeg
QmTcfhdHL2KrN2snt74bEJXDNB5zZK3YHBJjm1QzyecV36,metadata,Swashbucklers #01: The Trickster,cryptopom,
QmdsCzn2iCNxzbJjqk1jDKJx27YJHZJknPwCWw1mNanzjV,asset,Swashbucklers #01: The Trickster,cryptopom,image/png
QmWg1hUV9XnGSmRjc22fewaMFjrWV7tH81G91vFoZAzFTW,metadata,Swashbucklers #02: The Smuggler,cryptopom,
QmZjZswM87rjwzrBzB6n6hYwk26HCuYK999a3N6RvBTXh7,asset,Swashbucklers #02: The Smuggler,cryptopom,image/png
QmQ9uQMQbYU4BLp6Nz1yWKT5Xzt2QhHVA89kyUwameNPNX,metadata,Screen Tone lovers /14,PUCK,
QmX553udks158mdxrB3GfzPEp4mtFF5rkQdHzC6ugx9mBY,asset,Screen Tone lovers /14,PUCK,image/jpeg
QmUJGmL426h4iAu7vDUtHQhdd6zx2JSpTVMiFXGRsvX1Ao,metadata,Swashbucklers #03: The Grizzled Veteran,cryptopom,
QmPjzYwGx5v8vv7v3FrkR4KAYJrsBCMrpgZJpwThwkCxes,asset,Swashbucklers #03: The Grizzled Veteran,cryptopom,image/png
QmPhExzuv9QvHtifkmAhtJt8uVE7Hd1XD5s4U88PgUkqLQ,metadata,Swashbucklers #04: The Treasure Hunter,cryptopom,
QmebVMFqaFeAHiKtoaMDDyFyBetZxzrgPj5VMqnnWPn5id,asset,Swashbucklers #04: The Treasure Hunter,cryptopom,image/png
QmWi3an2MKqhHhN4duMz8Nd9R2r9osXTP47TetipZv9LmZ,metadata,Terra Firma,Jake-Andrew 23777,
QmYURdiBNBeKHhyrHBddTQ49vwjWPApC8AhGS9rtaVVUiC,asset,Terra Firma,Jake-Andrew 23777,image/jpeg
QmYJtJewmfgUWwV9FAzMpajPXHdaiTvxeuZ7Lt3pUWcP8A,metadata,Swashbucklers #05: The Card Sharp,cryptopom,
QmdNFyLyrzFJ5brzdkZCeafS8FMWakfnCLwUE8spZ4GupV,asset,Swashbucklers #05: The Card Sharp,cryptopom,image/png
Qmd2mK4XTwRQWEXUuV7FWHci9MLDh62oSv9wFVvcJK5ceS,metadata,FURIOUS HORSE,Tvzsu,
QmTQcu71zVTUcAR25sdtRKY43GM3U5mLcBM9ZzWzmMfWwG,asset,FURIOUS HORSE,Tvzsu,image/jpeg
QmNwuMYL7JADq1mSyLCEGhcitgPnYCXA4dCQjDau21V3cT,metadata,Wandering,pxlq,
QmPJHv47ej59wpoTG2R5jcpm3GgxPtvnvTiBb47Wyoq8Ws,asset,Wandering,pxlq,image/png
QmUCiDxs2Awo8TzRFM6p1tzevwHjmenrCYhvYWxKuo4Ya3,metadata,LOS,GoldiesNFTart,
QmXdiLE8nQRjuqUUcKnpunLoXUVvWKSL2csSD4HgmhHJUP,asset,LOS,GoldiesNFTart,image/jpeg
QmSZutGb27S9tEVNvQki3LLWebyySgjNBd2Vi3H529sntz,metadata,Just smoking,Lucho,
QmPnue3HC5gJtqBwyvh6USwUfPjqXkKndWK7chnwDbZwqL,asset,Just smoking,Lucho,image/jpeg
QmQ4Dsoh33oszQLKUmyt3pE4sG65k24eYQqHgEYLDBfpBu,metadata,Third Eye,patternbase,
QmVzLga3bLfvvVj1EyQ55Rfwk4Q3nvz7uvCNW15iF8B4zz,asset,Third Eye,patternbase,image/jpeg
QmcZPpN9PXiBGHv7WYqAkzrevwkRWmK6eQm2mfcHVmRv6o,metadata,City Lights,roustan,
QmRGUdvfYphrA4f4zRoGoMZqG6NK87XBiuwKtsXNvGLqWH,asset,City Lights,roustan,video/mp4
QmdTGf3QeqVZiPQ9UVRaLAANhAZwozYVJhQg2YzLhNQyDg,asset,City Lights,roustan,video/mp4
QmSGgJdv2vpLeUkaXzUT3SSxAFJhHXw4knDwrxHJQxmAPR,metadata,DABIH,Chris Arvan,
QmeNXLH9FhaFny8pRKK3BAWeC5N6G5GTFctiw6DMCd8oke,asset,DABIH,Chris Arvan,image/jpeg
QmZsthqNha6NjVF9kd8P9JA67XeGtcMF826BpQtLV6ST7y,metadata,Wild Hearts 2021 Sabet,sabet,
QmcpzcLSFqwZVWa33xxhPWQQKZ7Nvr8emi89ketj2eBgKw,asset,Wild Hearts 2021 Sabet,sabet,image/jpeg
QmQfBqL9xpE3pQFvymKNCNK8XnMzNSVHxpy4t1rNi9tB6F,metadata,Chili Dogs,foodmasku,
QmX6Bwp2vEV1muPGHhvnNUxertV2wFJh9o4xhj4rKdcLgx,asset,Chili Dogs,foodmasku,image/jpeg
QmW7fbsAsXEbLRQonfz6Hkf1VbSGi18uLELgfJmZuVFvNm,metadata,Meditation Rabbit #17,Alexis Olin,
QmNQjJSuZBSUu6haEzToae6RwHHzHRncy7xzYCagMAAtHB,asset,Meditation Rabbit #17,Alexis Olin,image/jpeg
QmUaTgWDtyrFqbq7jKcT6WvJHJk3ZHR111SHFeqfp61DP2,metadata,Ursine,evolvingeye,
QmSnbBNBBJM3TghrMAnCdKvYLQzdiYLknf7xiweaQNVX1G,asset,Ursine,evolvingeye,image/png
QmQRg73ybM6sm4RH6yLLtfeVHGVPyW3cshSGMFktUVXL3B,metadata,Creatures & Friends – BAYC #408,Waxbones,
QmazMWmPfuKPUzQDYwcdaeSo3V9PBdF142YR7ckDAsUKKD,asset,Creatures & Friends – BAYC #408,Waxbones,image/gif
QmbALi95xjAFciTmv1nCAo5EUzA2xb8mVzxjotLEghg1Tt,metadata,Leaving It All Behind,Scott McRoy,
QmPfxjZBKezU78Gjva3TTEXpBHXnrk6ZtLYUUNPGvWzQ3T,asset,Leaving It All Behind,Scott McRoy,video/mp4
QmXBxFdBeoGb4cpCAAuDTDYau5o13LjUg2zXxJE7W2oj9V,asset,Leaving It All Behind,Scott McRoy,video/mp4
QmUWJqXfsJRCMre1rJEeENWAVp2q4PoCoWbQ13yq2fBpcu,metadata,The Fog,ericjon23,
QmYh9bpZMzpHHBgmQ18sY9ppy4Ds42pwGg2eQpGSqjE3fw,asset,The Fog,ericjon23,image/jpeg
QmVufEDyRBymPKaQTgoquQ3UmehW75oZfK86P5ymxTDPEt,metadata,Meditation Rabbit #18,Alexis Olin,
QmW7zTdt7Wy2Ha6HEQ7btupxfSabtEL5z63MqwMh2Zamhp,asset,Meditation Rabbit #18,Alexis Olin,image/jpeg
QmPeTJnbmBMjewwUKYJ4sv6NcBqftS1EvuuW8sRAHg3q93,metadata,Champions,oddcr0w,
QmPjiiqpDhQ3hz3NHUeSPKfrU2LwJG9iRDHbYx5P2QPFB2,asset,Champions,oddcr0w,image/jpeg
QmNPWYf8AD5SDaoWY5rRNCRX2LZLD2sQXWEfxxKjZdwzbb,metadata,The First Guardian,nossacamera,
QmPWZUxTYGcy6p2QcDpAEjLkd4DWPmsuaFrZ5hXJZm8LNX,asset,The First Guardian,nossacamera,video/mp4
QmTtrPJLKVX5wca6vLnf2dmrZWdK3daRVM3ZswhGPxP43K,asset,The First Guardian,nossacamera,video/mp4
QmNy15aynY6kHeMDjmYfaL4fxWSHdBawXV3k9f1Svo5fT9,metadata,Pee Pee,kamiljauregui,
Qme2p1ZpT5sgDG2wHDnPvUE8j27RwCtq4V6auqTCUzv3UX,asset,Pee Pee,kamiljauregui,image/jpeg
QmXkQ9SZnP6ZrzQxwxPWtrtHtpVvrimZZ6huwzXXNyp2hC,metadata,A sunset looped into eternity,chriskeegan,
QmeiJkiGs8kRvSGAM3Z83A3S5Ek9UF8m2hQsxjDC5ZgzvH,asset,A sunset looped into eternity,chriskeegan,video/mp4
QmfVjrjFVkQe3rb2t8rvZAd9w8jZnWAFdZEMkBhXmrzLxK,asset,A sunset looped into eternity,chriskeegan,video/mp4
QmVCc1z1zkxYky2u2xXFKgVAYza83MgP1jbfcWegjtwH9m,metadata,The Exalted,Art-Jedi,
QmPzg3cSMiCbKTcQjxTaNwM7doPvutApbyKi8dD5PhNtxQ,asset,The Exalted,Art-Jedi,image/png
QmUu418qjdtEYgh2CDRYv5x9LxSj7eTX5ycDQ3q5wTdCYU,metadata,Macabre by Skndlss,Thedholes,
QmRwT6aYpegLzMHiXedWA2Rv2TnYFCqfzt7J5Aw1D8WcFt,asset,Macabre by Skndlss,Thedholes,video/mp4
QmdiddhAimY4JGm63dWUwunjv58gkqxS7scqzKioTDeoHS,asset,Macabre by Skndlss,Thedholes,video/mp4
QmfNPd4z1Kqohc3TvAGgvLtivA1kGynJ4BYfjq2urvPzvH,metadata,Today towards gods. Tomorrow forgotten gods.,Lexokinetic,
QmPBnyXwPVs73uAEWAed1uQrFNr4HemXbnokSbnPv1kbMM,asset,Today towards gods. Tomorrow forgotten gods.,Lexokinetic,video/mp4
QmckvWXg2CvQY9wBAy6rsbH3NgYCC1P9i7zWRoo1xuX4yX,asset,Today towards gods. Tomorrow forgotten gods.,Lexokinetic,video/mp4
QmfVpY3HT6Yzc9ySk9cZG7rSUqazL9gEoDW8RR51SFz6c6,metadata,Unlock,EmpressTrash,
QmTX6aAwJMD3Uw5yZxL3fb62m1S1MQhpp9h1SkLs7TwHmd,asset,Unlock,EmpressTrash,video/mp4
QmaqteCvy4oTwbsnJCPgoDQ5nHBQ33fbdEgGLwHBZ5CRgG,asset,Unlock,EmpressTrash,video/mp4
QmTpPd445v9Cq5KiiMZAEgYBTZm8pEf4Qg4qoDcYh6mw32,metadata,Iso 210809,wblut,
QmTruHHKQhpCmCsHBJUxJES2LTdcPTtovksP4Gce6jxcs9,asset,Iso 210809,wblut,image/png
QmYHTsfUNUd9cgyT5LdSyxsoUXe4mWxaHd4SxATYLfPiFf,metadata,Not a good scene,DKleine,
QmdfQinjTsto8UVZteFWz4vgdcWyRs2pe8GgWzDbBZLEhW,asset,Not a good scene,DKleine,image/png
QmXiiQyxFKuoCeSRXWmizmdFkCUPJTLvrqZXEzWPjQCPF9,metadata,The Riots,GoldiesNFTart,
QmYRsfC92amxAn2TE5Jz66vnrKvYpoFRUmktCcXejhmdjZ,asset,The Riots,GoldiesNFTart,image/jpeg
QmSucqmzKkFSTPA5oAvEUb8BjdWXPfxqMxQPUdG3FshRjM,metadata,Fine-tuning the Algorithm,idflood,
QmVdfM2VRLjBVDFVfETDzgHrw9nntoFbonNwdEZmmLZpn4,asset,Fine-tuning the Algorithm,idflood,image/jpeg
QmNrZzrTQR2h2UtoRZ5utgEuh69wb4rEDn8DrjLLYyzduq,metadata,Magnolia Blossom Salad,foodmasku,
QmWLR5AjYBgCmPew7fWaRgnsbuvMkvxGqmjUUdhqg7BsZM,asset,Magnolia Blossom Salad,foodmasku,image/jpeg
QmRmMYXvuwXfikH4buSABnouDM9sdHeKCWWuHvX8zGDgDn,metadata,BB:\\KNTRLLR\Rising_Star,adamomoses,
QmP9mS3MWtJ6a86Y9WBAmGqhKuWUSZrWbR785kSY8khifu,asset,BB:\\KNTRLLR\Rising_Star,adamomoses,video/mp4
QmeNYbaddTpZUh24zFw2ZhTgsg9ocqkNDbdEeodP1q35kA,asset,BB:\\KNTRLLR\Rising_Star,adamomoses,video/mp4
QmfEhpVeKRtNuDDNdNZQFdc3vaRfXvMcBBYYn7tTYB41zV,metadata,Tower H pure,kozuka,
QmcGe6kP9n3CfjNkbjhyu3K18qH1viM3rFuFpegJgG8Dpr,asset,Tower H pure,kozuka,video/mp4
QmXokd54mdH6xBavA7YYP3th6WaKM8eJL7XLWQkicmm25E,asset,Tower H pure,kozuka,video/mp4
QmNu51i7t1T58QWKaqdPP2h5o1Ms4qy5X84LfLZN5HXs6K,metadata,Emotional Psych Crisis,Tvzsu,
QmWvgkPUwZSkHmdEk8mZSBkLFPeQMufDnoZjYYvQpqYpZw,asset,Emotional Psych Crisis,Tvzsu,image/jpeg
QmSEWUKGDCL1ebZw6ArNsCAndtskwDwMXMrwckzQM7LYjV,metadata,SILLY TIDDIE #21,LambieArtist,
QmfEAhZjLgnPTyAYh6qMEkstXoRwc8Cxot3EzG8goWT7rH,asset,SILLY TIDDIE #21,LambieArtist,image/jpeg
QmVag2uMw5TvQkcrxeDv4nU9AnXeVD6ke4bURP71jN2XmZ,metadata,Cheese Kimbap (치즈김밥),foodmasku,
QmciuEmHsGcCHHXE4qzaZo5fN5t1HFnEndRNbN99DcU4Kb,asset,Cheese Kimbap (치즈김밥),foodmasku,image/jpeg
QmXhXeCckAyRwNFdYG1Ny38h7fEmbszHDoFHWeraiPzTLW,metadata,WORLD SUPER ROBOT,PUCK,
QmWo4vJNwPu6A52HfakpubK7NKHMqxj2Dpcsg6Si5STFmZ,asset,WORLD SUPER ROBOT,PUCK,video/mp4
Qmdps9D29KcyuV48uGwfGCALvStprVQz1tE9SKUyTEiw5d,asset,WORLD SUPER ROBOT,PUCK,video/mp4
QmfR9Bx8zvU6cUJcvMe31a1hNGmXQUF7HQuBXcyBPdgf46,metadata,Organica Temple,Onyro,
QmVFuzgc9PqYhHZec3n736FfsaT87pYUwvrxqZQoWhnvVZ,asset,Organica Temple,Onyro,image/jpeg
QmdAkCNjphg5Ju1ky82sQ8UtGUQJSLbqXA2QsX5Ab9EiLD,metadata,Beaches,OAK ARROW,
QmRZwRvvkRQLCkApUJd5G84wGA2FefFJxkRZ8LG6m3pnns,asset,Beaches,OAK ARROW,image/jpeg
QmTuMPfRkp1NzBJPPdNh5V6SnjsVn8UyTMid1zPKJ2zXHi,metadata,Obscura,Cloudy Night,
QmNiLCv2gj3VHQhfQXdp9mtLPQsMdZfZTMfbDzyh4Et5mB,asset,Obscura,Cloudy Night,video/mp4
Qme8CsVHwhrbPxA1EK7c8iZfHLJcggyvskGN5fLAChPihP,asset,Obscura,Cloudy Night,video/mp4
QmTffafJgXTa3MqwQxbnoVowtjgUsBvk9DwcPbk8UsdeSC,metadata,Meditation Rabbit #19,Alexis Olin,
QmVCPbPDZoPmPyAVNkkabVx15XQHFaf8BrfV1rtNyecmRs,asset,Meditation Rabbit #19,Alexis Olin,image/jpeg
QmXdHEuP6GKhcAq6FgXiTFyyUrbWycBmLGqmknreSkaM1A,metadata,Bitcoin Meteorite 2019,CypherpunkNow,
QmecW2VAZqtoWPx57gj3nsARowozjm6YBAX3KckETECS3x,asset,Bitcoin Meteorite 2019,CypherpunkNow,image/png
QmdxGgkpTFBPcoEqH4FkBqMrbYnUrtd8voYDhgE9t6RGLx,metadata,Did you even notice?,DKleine,
QmQr7KPewsF7wSkuf6phCDYzpFAYDmBcGy4pXkgh5HqEMu,asset,Did you even notice?,DKleine,image/png
QmTpZCEPU62G7YAHDgSRTXULD6BruW2y3sxMsMa42WUVDt,metadata,Zera, the goddess of caves and crystals,NikolaiPeretiatko
QmPpNE7zE1GSkGmjb7xt6j1NSYXZZgiHLwFSx9ciwdBEKM,asset,Zera, the goddess of caves and crystals,NikolaiPeretiatko
QmPWTP4zbMoU67ZjLz3pK2DM3qmN4oemkGHAYwWduWGrh9,metadata,Praise Gravy - 01,lee ellis,
QmdQg2BfU3vtKKtxHkbsRp8DNLFkWMYVxPBKcfgrZaQjsK,asset,Praise Gravy - 01,lee ellis,image/jpeg
QmaZAma8KXsobF3xWTSqt4kyD53xCCK5PEQAWnxL5DXMHK,metadata,Praise Gravy - 02,lee ellis,
QmeEFWNXR2H3MdDX1mDHpem8pw6U13VQM7A1YBQoEQ4L6k,asset,Praise Gravy - 02,lee ellis,image/jpeg
QmUNarbB8uVP8H1PDFGSegStqokt1jYvbePycMPh5XB9xG,metadata,Praise Gravy - 03,lee ellis,
QmTJTtA7YiWrZytMTKTCgLp6Q9iCN4vE9zGqvznjQpoHoz,asset,Praise Gravy - 03,lee ellis,image/jpeg
QmU3gt6AgjsgvqcwX8nJVq7Z18MSaHE1kwfibSQjNyf45Q,metadata,Praise Gravy - 04,lee ellis,
QmQepygeJHHxjpAyHgRpwNw4zcc66vHxnm6jBkzANom1Pz,asset,Praise Gravy - 04,lee ellis,image/jpeg
Qmd718vPHjMoKM6ekxpFSSZDjJEW75Js7NrBPy4f4zXsKa,metadata,Minutiae,Jake-Andrew 23777,
QmZPmcRhhEkLWJKQtjEztvLcHiWpKbWNvLMDbHuXEAsBQ4,asset,Minutiae,Jake-Andrew 23777,image/jpeg
QmVyY2M6c58y7tXtRDZ6UxwKndCfGgNYooQrpahumDeC2s,metadata,Jack Frost,Evolve-R,
QmYSoczgSZCXM36ntRXmQTdVftYnoYcLMaxrf9ds2yoZhe,asset,Jack Frost,Evolve-R,image/jpeg
QmZZD7jf3DdjhbvnTmbBvcWEg2kJ3uTFJ2nFQEbvZeNDKa,metadata,PSYCHEDELIC POP FANTASY #003,cryptofantasy,
QmR3AEpVGaJQBpEmaVLwGo1sULPEWFN5oBgfM1auAknbtz,asset,PSYCHEDELIC POP FANTASY #003,cryptofantasy,video/mp4
QmbjaxbS4cQw8HpmmaoUu7sukCboYoQYkctq9Wj1y9pyxC,asset,PSYCHEDELIC POP FANTASY #003,cryptofantasy,video/mp4
QmeFR6pi5jyovkQ8hDhQwqWnC2TzUhi4aRbM3LYoMAM9oN,metadata,Screen Tone lovers /15,PUCK,
QmTyXAKZNcfPRCaNmdhq8PyEj8goKLHNzTbWN74q88Fhh6,asset,Screen Tone lovers /15,PUCK,image/jpeg
QmZsvcogBY8sHy4HFtxovBpFuyeoocg5Tf2fJJSAbFvKFo,metadata,Timeless Beauty #4,Nyla Collection,
QmeZNCmMGBtFnShGiuy4cBCx9JBkCVdDG66vENzq3phzFo,asset,Timeless Beauty #4,Nyla Collection,image/jpeg
QmNjvbqtVDcaE23KY9mTJeQ3R8EHvcrvLaHup6Znvjucjk,metadata,Timeless Beauty #5,Nyla Collection,
QmZLNLAK6uzVzABvHn4K5F7DcgysL4CGaHYVDZdkTuv23t,asset,Timeless Beauty #5,Nyla Collection,image/jpeg
QmTD6HwAVZuRke9s6xcicpJWR1jNoscn6dmS45mqn4kKRZ,metadata,Timeless beauty #6,Nyla Collection,
QmaiRwKD4yT8h4TAyLGTaNBdbaWExQnR5DBm2Kym6Cr9GB,asset,Timeless beauty #6,Nyla Collection,image/jpeg
QmVvmNRLTBhGxTiJwDTNzf4AYyPGjYRdVSrbcNobMiMH3G,metadata,Timeless Beauty #7,Nyla Collection,
QmcBxXnB87yq67uB7fR4V9TcJ3ZrcF8ziHPeyXfKs89hGf,asset,Timeless Beauty #7,Nyla Collection,image/jpeg
QmdZNZfq6Fhmo14VfDm3CpmYNyobSUmCjwijUewetFNmHH,metadata,who'll fall?,nikita,
QmPVy71PxDVE7ExZJo8BAA2Xsz1Hgr7ZyknWVHxACi7rr6,asset,who'll fall?,nikita,image/jpeg
QmUfAFGAqUCed5njvEbwPVib5HLN1m3rWPZM5rTJZ1ARS8,metadata,Timeless beauty #8,Nyla Collection,
QmQc87U65NcfQHsXyRa8EDY7crdUBtDrgXQtXWPh3evddb,asset,Timeless beauty #8,Nyla Collection,image/jpeg
QmPisFXn296e298kfPG9MKB6RwxQMFWNNbcG4acrtZ5eKm,metadata,Decomposition,pxlq,
Qmc5LuoMC63t5RvVH7123GPfpWn9jCLcJ4boFa6U53fFpg,asset,Decomposition,pxlq,image/png
Qmbi8mcMyCbyC69dKBz6pP3WHiWPbJRjA9P34QZHMMpXeR,metadata,Nudity, human nature (NFT + Physical),Lucho
QmTA7eATUTiu5UefUGLqgRMyHBY8Cck19CbH9HaseNqrqJ,asset,Nudity, human nature (NFT + Physical),Lucho
QmS1ygEoXFgmBYdMkjEZ5zYoNL9Njdr9heEukXNgh8HT9o,metadata,Dark Ecology,Voxelfish,
QmXfMPVBy8up3xGEcYmZmdzructeGmmc8kwA9ENTUf7Rwx,asset,Dark Ecology,Voxelfish,video/mp4
QmcGAbbK3muynVxLf6c7QTiKXTcio6VwCZmrfTb66EdTim,asset,Dark Ecology,Voxelfish,video/mp4
Qmedn9329LFufBWfWdFqwpdTduxLe76TSt53prHuVQPgEd,metadata,River of the Seventh Eye,BruceTheGoose,
QmPeTmUJSAbQNxV8SaPHLLSWxWVPpuvyAY8FofrB7phmWX,asset,River of the Seventh Eye,BruceTheGoose,image/gif
QmSELaTg7EkrCpJgwDTQ5Y1VM1ijMamF6W96qA9qTfNaBo,metadata,Candyland,izzziki,
QmWvJKtuRMFqa7RkwzyLrciUcDvzWA6uYZtJ5gxfSUB5ks,asset,Candyland,izzziki,image/jpeg
QmYhPiG2FsFDtoLUyvZjiKhNnBcNi1uUc6MweHVyC4Jfdx,metadata,The Guardians,fernandofragoso,
QmU5gi3Byqv3vU4MbBBxn2oB1vxrsXwX47ET8ekVeh19sZ,asset,The Guardians,fernandofragoso,image/png
QmfK6zgNP2S8koun4ydAD4DXtKFg25LMNMFAbckhpA4My1,metadata,⌐ chronoblind ¬  physical canvas,theperfesser,
QmTQpRNXFmQ2rUReJtfMrL5ep6B2HFZPieW4UnmEWpDXH7,asset,⌐ chronoblind ¬  physical canvas,theperfesser,image/png
QmVYEmFhbhmpDuGck8xErrScUNvz7maihKJrVzqNp3yxuF,metadata,Meditation Rabbit #20,Alexis Olin,
Qma78emJcreiJDmmaUXGHNgN9edX6wvquBvnMDoEAJrZSQ,asset,Meditation Rabbit #20,Alexis Olin,image/jpeg
QmanXwFapKR2t8XMqb9ybn5a8hpciNc9LCv8fnR6N9aELw,metadata,Strawberry Smoothie,Ghost Cowboy,
QmQoPupqGR6AFpgpwKm62JHUjuCEzeDSjwM6aFRriMkAEt,asset,Strawberry Smoothie,Ghost Cowboy,image/jpeg
QmYkoCWJ8nPVRr7LWBZXyNeF5QLXHre2NpMP3bQChAjuhN,metadata,ARNEB,Chris Arvan,
QmUxc8AaeUy1Sn9RbgGDMb2CPG5ZE6saeJM7JNzsASwUaZ,asset,ARNEB,Chris Arvan,image/jpeg
QmVCsSKbAwz1TPLnvaExbvXgzzCVJxV2yC7SZo6dovBmaU,metadata,Meditation Rabbit #21,Alexis Olin,
QmdtwJhq3vsmvPu1QwYqVtyxmZACkd3r11LFu1xFu37wdw,asset,Meditation Rabbit #21,Alexis Olin,image/jpeg
QmRbDE2AtDDrChpmx2ZPCVFU2D9jiQ1po1y4upJNj8dkcV,metadata,Pᔕychedelic Pizza,cosmonutty,
QmQsMjyVyrztV5C92gGXAe6Rj6K2d6hTJ341fikXuMVzoF,asset,Pᔕychedelic Pizza,cosmonutty,video/mp4
QmREQTZLTEZ3noRrY5jW4QzKfoYpNuZLJGiUzEm5yYaJcY,asset,Pᔕychedelic Pizza,cosmonutty,video/mp4
QmTbr1Frh49eFqz31Acsg2EWymMc6NUyNcD6YFyQ1zGdd1,metadata,GONE WITH THE WIND,jasminemansbridge,
QmYPMMLvQzKXGcbkZ3cqWtArJ49fKFiPNPhQgpjpweRpyR,asset,GONE WITH THE WIND,jasminemansbridge,video/mp4
QmPZz2rFeRwV9BP7muwMQGT3uVqT1n4DLEgicVy5TxXLwB,asset,GONE WITH THE WIND,jasminemansbridge,video/mp4
QmTgtxJQ45jxxc6jmkxvmwnTGdKynkZNHpcDtcHFyz3sHJ,metadata,LOST IN MIAMI,miss al simpson,
QmbGRCju96pxJnLjEdgYq45bns7diJrcYpCHATeD67CTYB,asset,LOST IN MIAMI,miss al simpson,image/png
QmVjHiLjfbroUoYsjac1eDmnzuRURPR55gfjWui9hMm9Na,metadata,Keeper of the Grail.,Evolve-R,
QmUpbAnwsWQRxuNXsb1FguLY5u81ou3sLQbkZ7jboKXZjy,asset,Keeper of the Grail.,Evolve-R,image/jpeg
Qmd5hQ8boYZzSZS9NhcAxXRGqdWNrb3kyqMYbJq3q345Et,metadata,“Let’s take a MINDSTROLL”,Ernesto Asch,
QmRhnTy4egVcKQEHM6WdSZnFqPgKLUHzxjpTVkMohb79ov,asset,“Let’s take a MINDSTROLL”,Ernesto Asch,image/jpeg
QmQFV87vkRsFjHota14Q2PNSSB8NYLpp8ydYmVRpCdQUWw,metadata,Dryad,Stu Ballinger,
QmRd6KobeDMmVWcoRDsZ4LKna5ZrraWJZsuRNKLZ7FzwwA,asset,Dryad,Stu Ballinger,image/jpeg
QmZeY6tcRNUikhWzhu5zofEjS2LbnXWA5Fdqdn3Kmn7Vxd,metadata,In the Garden,Deathimself,
QmXMsdFShfeY8ZvdApCM11pXn6wawr1j2ViSSV7PHmpcjA,asset,In the Garden,Deathimself,video/mp4
QmRNTBcDKZAbbcLV8LeFvika38ScoKenWVffSmUJ4QSxR5,asset,In the Garden,Deathimself,video/mp4
QmWwRhxza533ie79jDW22RFZ2K4LW31rVEPor9yGoTvTnJ,metadata,Booty Bay,OAK ARROW,
Qmb8nR1CduNM3xFPkvqVJbcH8Y6iKnc8Wc24NydVefWzZn,asset,Booty Bay,OAK ARROW,image/jpeg
QmYS5TtA4j88BZwaN2yrFkFhWfiNqQQS4NvCHazj6jN5vD,metadata,Xx_UNP_001xX,Tvzsu,
QmVjV2ZKN11djrgdfUim6N5wiSEqva9qK9hprttNXUZSBm,asset,Xx_UNP_001xX,Tvzsu,image/jpeg
QmRp3obmVcrf489AL26Prk1X9RQ2Z6qeEa5Lu7ryHWxJyV,metadata,Anak Nanas (Pineapple),foodmasku,
QmWWS5B87tfRRJdkhb1SxnoPnsDLe2HDj5Wt5x3SsU3dFa,asset,Anak Nanas (Pineapple),foodmasku,image/jpeg
QmcgTNLk5NrBBj8TdcEjYe7jKf82hTZFLLxYERhx1xYy9U,metadata,The Seer,Darkenedm00d,
QmXw1iF23pUqYCvV9wepW92FMhuqEh8dJzavXF7UqjW3xN,asset,The Seer,Darkenedm00d,image/png
QmdrmSnAvbvymfrtaCvHiM8ETapgtcFXMawhzsJBsgPBjG,metadata,Baby Corn and Canned Jackfruit,foodmasku,
Qma52cunnptx4DVkQfXnAQfCEXqUB8yaLUpCwhrdJTjQTN,asset,Baby Corn and Canned Jackfruit,foodmasku,image/jpeg
QmaxdGhUH5vDzeTJRQ9zKJpfkaKXyGLtRkG56sSVyReYdC,metadata,Avocados,foodmasku,
QmRkkR6GKkwYSRkQQwMdAP3QvmCAppwVnDRsYSSjEiimGH,asset,Avocados,foodmasku,image/jpeg
QmS3nneovr6PZYQ7aSriPMh3w7PnuvdxH82aoFZA9uDWn7,metadata,Open The Door,EclecticMethod,
QmapyYczM9DUxvPxSM1pJa8v3cga66zoiW3SfkqHiunJ6c,asset,Open The Door,EclecticMethod,video/mp4
QmZPgnZSk7D7SWxe3xmwBw4bQMtCAYdJ8QQf26MszfuBZg,asset,Open The Door,EclecticMethod,video/mp4
QmdMBSjqSdhFg7zgkMMcqe88avpn4DDzwBsfMSg4eLTVE1,metadata,Sexualisation (NFT + Physical),Lucho,
QmaA4w9U5Nxx5JTCTNGZsASiKpwMiwu43cUiMxh8GgKJ5A,asset,Sexualisation (NFT + Physical),Lucho,image/jpeg
QmSfUqw6UqtyAfUHrZ7AMUPB4ThECj5SHCPtrWtsv5Y2Fz,metadata,Sur la route vers Tadoussac,tjohnatan,
QmUdY11rg9bya9LUUXo4S69GBUFqpbw78Q9i4AaM2vf7Ya,asset,Sur la route vers Tadoussac,tjohnatan,image/jpeg
QmXhhb2rtPN5aSy9UWZqt8MmJ47EXwWpLRMSUHKJpeSSrg,metadata,Accepted?,DKleine,
QmUjLP2kYY9HkD21PfrWyRM8pR62PhnoktwCaUDfh88WGg,asset,Accepted?,DKleine,image/png
QmP3EYk9sUdyK9eJuucsygwUzXLfuMpawUvaaS9qhqf7vv,metadata,On second thought...,DKleine,
Qmdv2egtDmf1ZVomHcbXjE5fJYDvMdLcUDvSZQWERAL5dD,asset,On second thought...,DKleine,image/png
QmYJt6ajEiwTxx4hbWr5c8NQ5W2tsMb99buzDx9HdLZCev,metadata,The Child Inside Me,NostalgicScarlett,
Qmb35cWMGVaHmYtHPfCtpFRo5BpG28VSLo8NK7TwkKhAiY,asset,The Child Inside Me,NostalgicScarlett,video/mp4
QmWwbar62V4DXBR7sYWWJXhQhBVCdatqfGu4Q9Z1TSHCpk,asset,The Child Inside Me,NostalgicScarlett,video/mp4
QmTBhLNwcYK132wyXpk5QbnyfEwSbnVw8fQa4wFoqSdAYe,metadata,4th Dimension,iammelissadanielle,
Qmdso1RjDiPnFS1NzSejbQUeujA1PeC36KQW6S3TfwgbZn,asset,4th Dimension,iammelissadanielle,video/mp4
QmYTMayM5DBhXBBdWmeohKZreiKb8f5ABfPgeGDw5J9B3d,asset,4th Dimension,iammelissadanielle,video/mp4
QmXW2hzm7ZX81YhKz6z419kJexSxUijwRXfAk8Uvfy2876,metadata,Caput #001,Paolo Leone,
QmbwEDXc1GsJSC7Dm783aHk8LrxFRAk6Wkxshby41wMjZT,asset,Caput #001,Paolo Leone,image/jpeg
QmUZtCoFuMLuigsekkS3fqvJwqHxFLc5rQGRjqkw2JD8uM,metadata,Chaos,oddcr0w,
QmXvhUYifDShCcF7grbKWJDCY8hjY7qJeQ2qiDfhWKr8Aq,asset,Chaos,oddcr0w,image/jpeg
QmW1QtCAgTnu9KGDCw4CFVpNk3mv8c629QG4ESmgFr8aNn,metadata,Summer,PUCK,
QmWMS2f4rytoNHKdA9321Xfw3NzwHumyy5tCGmWtnPTJ6W,asset,Summer,PUCK,image/jpeg
QmdYx3BiVcRLUSU4dHYdHQYJCvYHHJo2nKfU7K345xJEzV,metadata,Tesitura Vocal,Emsar,
QmRtDA3pLvrtmeGEZba3arwaaK2BjQHsCnxqSvvMkdtWPi,asset,Tesitura Vocal,Emsar,image/png
QmXyzcBzAWawssTCQ7jJ559kG34vHy9HziCWjUL5722H28,metadata,Pᔕychedelic Wagyu BBQ,cosmonutty,
QmeXtoCS3kuQ5ZZCcjsYX6zznAYcM88PWpQ896cyQ6oXV3,asset,Pᔕychedelic Wagyu BBQ,cosmonutty,video/mp4
QmfKQMuRK7YRhrrWcXwPJCAvww4zFfZgexykWY3FcYj22J,asset,Pᔕychedelic Wagyu BBQ,cosmonutty,video/mp4
QmezTzKdjFwbuuYzc4YnatvwAKTbjJTFr7CYzuu65TZqwQ,metadata,White Grid,chriskeegan,
QmesiEPYfUNMFnrhpRq87BBASifkKLWsecx1fdHxsix13d,asset,White Grid,chriskeegan,video/mp4
QmQCLLcQioPCaJtGGNSc1grkuCMKbFnggwPivNB2LZwiaK,asset,White Grid,chriskeegan,video/mp4
QmWKuKskzW7EggBXWECbirk9DrVNqAD71jUFZ9aGQLzwwh,metadata,Jolly Rancher,foodmasku,
QmU6Ykit8BVzdXMwTY6syr39kHBWhBmwx11XsMc8FYiefU,asset,Jolly Rancher,foodmasku,image/jpeg
QmShmwUjZgnn9ZxGuJAMwYMLSnzFJPjRhhzZgQLH7WAo4S,metadata,Son of Granny Smith (Apple),foodmasku,
QmVgTqMr1BfshKiKUcGM5HgTkB7PKBHJSm8jAv8srLR2dr,asset,Son of Granny Smith (Apple),foodmasku,image/jpeg
QmY1CmKNAdhMV5qvMdwVgzWDZgLbzJwriC5oTA8FxUfPRM,metadata,Everything Bagels,foodmasku,
QmYFTJLNHuyePXagSanbhM52oLxyCqn9JaufJb6W4aUksq,asset,Everything Bagels,foodmasku,image/jpeg
QmV3z4J78fB8uxb69EH8EN1jETZr3aU8hTWMhwAhQ4gzBz,metadata,turning 03 - déjà vu,PostScrew,
QmagSgtjBniAowdy5HdezwkEfkJfiZYMD6Xw1xqbnG3jG8,asset,turning 03 - déjà vu,PostScrew,image/png
Qma5NcAUcRinX3prcTSmzqUzjVVo14QzivcG5Dzat1abXw,metadata,Ophelia,karenjerzykphoto,
QmWWeqHb4FVC2Ni4znFNtjpEDSo8GZAiqNngMCamTkLXq6,asset,Ophelia,karenjerzykphoto,image/jpeg
QmbgVdgHpQ783AP4PFR61K1FrqdNYQQMysnYThWHf1QQV6,metadata,Battle of The Bubs,Ykha Amelz,
QmWhYVY8HbmadSpobPtGZfb7NiRyRj9YDy4dTKr2FJACDw,asset,Battle of The Bubs,Ykha Amelz,image/jpeg
QmQL4xAEdBe3ERVnCjUGsQEpe2udE2FmjjmRs3XDYBw8as,metadata,Blue Willow Butterflies,roustan,
QmacuD6cTNWoxJFFtv1kzqUKYzo3gkLc7kByy24o3C4Mmz,asset,Blue Willow Butterflies,roustan,video/mp4
QmddQYJqhDs32kTTUPZHLkGnSTJ2uSzg91TQZRs3hdgQ48,asset,Blue Willow Butterflies,roustan,video/mp4
QmYyTDjmjNTg2PaTaayTZ7eLsEM6hUCxomBxMZDKESZS8D,metadata,Xx_UNP_002_xX,Tvzsu,
QmbbUxYkEX69ZcQHN5gE5GfQP1kU93eCEsT3iQFz8aDMvN,asset,Xx_UNP_002_xX,Tvzsu,image/jpeg
QmcMcu9tvFVmwFfLEru2MAyrN4AFNTEEXRMUEpzrwL7MAQ,metadata,The Fool,ShantyShawn,
QmSXtvRYTu4MjHFrFztDEoKiK8i5BMigiKKJWwg71LSWpY,asset,The Fool,ShantyShawn,image/jpeg
QmcHfcv8hBE3sPR49bmhhfeThoWTv8h1mihvRbRUxP8Tu7,metadata,ｌｘｓｔ ｓｔｘｎｄｉｎｇ ｓｔｙｌｅ,prokopevone,
QmVEyTJ6nZSnaKygxYnR763ftzfa4jKHoSjcQhyHJfkBE5,asset,ｌｘｓｔ ｓｔｘｎｄｉｎｇ ｓｔｙｌｅ,prokopevone,image/png
QmcoAT4en9X3Ba4TEErXkssdBm7yKXXR1xP9qHiy1PMyYR,metadata,Back to the Future,AleyArtist,
QmeP3wd3wZ5mCkMjSPjnddRCm5DSZmaYtsa9EoN5iCCVyy,asset,Back to the Future,AleyArtist,image/jpeg
QmVKFGM3VEy6PfuaGLKEi65UxLPdbUJmKJEFue5MXRD4Ur,metadata,Deeply Confused Scream,Mad Monk,
QmWHrPPQALBfByM9s24zkfYDq1w7YBH7bYaqVded1US6mp,asset,Deeply Confused Scream,Mad Monk,image/gif
QmSoKYcHGM6dHXsD1QLvpQnGyMgdenuhPKT2EfbPXAo67W,metadata,Out In The World,Ghost Cowboy,
QmUqzYQ5EEc4W3B7m6MyZNG1xgj14UR4JKVnssMrUhdh7K,asset,Out In The World,Ghost Cowboy,image/jpeg
QmTvzYabvyD5t9YvBPCsGp5giG9c9uC27qhZXqXHVPRAU6,metadata,The ThinKing: it all started with colors,Ernesto Asch,
QmTgPzfWkAbbEmhRrpE1t6cgPufnVn6N12YJPx15io1fj2,asset,The ThinKing: it all started with colors,Ernesto Asch,image/jpeg
QmTSuvVLMUnMjoCWg1LmgELbGtoqiKKKXdbEcE7dmyxqY4,metadata,Dance: Reaching Out,Hulki Okan Tabak,
QmfCYaebBQaqdN2xqx137PLySYuBj8mMjKmqW8rGwqF5go,asset,Dance: Reaching Out,Hulki Okan Tabak,image/gif
QmaZx4SDSeHMDraNqBbtcYLv33LdmpFSzb9qhvZnWfvr9i,metadata,Another phone call from Earth,gigraphex,
QmWEbgqTCetLd6geoJj48vkgdUpXVz46ZC9P9MWFS5CrQ7,asset,Another phone call from Earth,gigraphex,image/png
QmV7e9WJ2kQW2hSv9xJN9SxZsuuk7zCzYxhrb1m3yH3nB9,metadata,Pete´s Funny POOPS,Moxarra Gonzalez,
QmSSWewkGoKy2V8kMjREEsRzCM8ftoim18K7zGGTMfr6L7,asset,Pete´s Funny POOPS,Moxarra Gonzalez,image/gif
QmV9eab5YbXpYnb27Bpxfq65U5q6MVQx7fdYaUVcUAWndP,metadata,ToBoldlyGo,ikuromex,
QmPf9q2uggZme1t913jB3R79FGH6sjQAj41YEmrD77Eu5q,asset,ToBoldlyGo,ikuromex,video/mp4
QmcBgPdxUrFah9S6fVKMJfzNqz32R1pPSdynyDPEAuRP9s,asset,ToBoldlyGo,ikuromex,video/mp4
QmQaS3mnctai5ZXir1D4kFDmqpLxQwfGLGqAaCXdZuxnuy,metadata,@ 𝙢𝙮 𝙬𝙤𝙧𝙨𝙩,thebandanaboi,
QmSRgLrG4wjSfbYPF4AH7cqo2oD7ttJHicQJMPRAV4ijvE,asset,@ 𝙢𝙮 𝙬𝙤𝙧𝙨𝙩,thebandanaboi,image/png
QmZWA9VTr5B1LuhgfYzU42wy35xsiBR2sqerfNrUw4TYBe,metadata,Through the darkness,Crypt0Warr10r,
QmUbnH8Y2VhctwQaMnf29McPiAevqb8ZX1CkH1xJPVFxQH,asset,Through the darkness,Crypt0Warr10r,image/jpeg
QmaBmiU4r8JK4WtxD8FimJwB8EqYfi5muD7GjNSahWpvWh,metadata,Black Grid,chriskeegan,
QmZtPajQhs93ucuxB1ZGr7vgHC7BSQ3BfxA9QpWv6Z72Ly,asset,Black Grid,chriskeegan,video/mp4
QmPgLEM3Envt2P7CQ1escPMZcxvznvjJVjtZqLo8wGqyNL,asset,Black Grid,chriskeegan,video/mp4
QmP3p38VB56pfpMpwGFFEYqfz6tCiBAiRhuqH6TjSZngai,metadata,turning 04 - dissolved girl,PostScrew,
QmWMaDPaZB55JccVaDAn2QotqMybG1ADckt8MMSFD5qKZD,asset,turning 04 - dissolved girl,PostScrew,image/png
QmVQC4tZEuXgxBXfwucWetkLezBnVkxe1tgdq2zWiiHAuF,metadata,Screen Tone lovers /16,PUCK,
QmSrQzMe9XLYZPSWyLTKu6N9RLwN1BDsAMTfBJec8Ff4zi,asset,Screen Tone lovers /16,PUCK,image/jpeg
QmRaj1fGtHDG92k8wposmiJXRAw5xzmkb9pfh82bha6DM4,metadata,Pᔕychedelic Sticky Date Pudding,cosmonutty,
QmY4Hnf2gDZZWq4KY5cKBbqqT6fE6axW4hYnDbRz8diWfJ,asset,Pᔕychedelic Sticky Date Pudding,cosmonutty,video/mp4
QmZFApT8QBo4ha9N6Fkz98Hd1KmjPVvarYSCNY5oSSdxVx,asset,Pᔕychedelic Sticky Date Pudding,cosmonutty,video/mp4
QmQucdjwYzrYBQnhAHZZLoHuDqW2zJD34sUBh1EhgjfDLV,metadata,Saturated,pxlq,
QmVsBb9WJWoxmKvcGjdquiMsGsrc2SnTBJ5eat8QZVRex6,asset,Saturated,pxlq,image/png
QmNroVUUJDwVj7TRrTB3kWiq8CG16uhHWJN3CG2pUHoiGr,metadata,Scream in a Dark Abyss,Mad Monk,
Qmdo5RwcN8VZhtEDmiKawYGXJPeVxsxqag9Q5PRRxJZCp4,asset,Scream in a Dark Abyss,Mad Monk,image/gif
QmPoTJpiHKuRKjWfp7S46KkqFD6XTGaidp9njpEq29pCLU,metadata,𝟢𝟣 𝑀𝑒𝓇𝒸𝓊𝓇𝓎,jamex,
QmVUTbuXuSyMztAYzRzfAribk4vkX1MwvpNm8NKMMPGKr4,asset,𝟢𝟣 𝑀𝑒𝓇𝒸𝓊𝓇𝓎,jamex,video/mp4
QmUndSar3uc8XUmqAcRRSaPMmyALwUahyizkdEFqPxkCBw,asset,𝟢𝟣 𝑀𝑒𝓇𝒸𝓊𝓇𝓎,jamex,video/mp4
QmX4m97THZsgnPwfTr3puFBrpH6Cp2CoWxSUp17969n74c,metadata,mineral ohm 1.3,odo,
QmaAtmd69zjwqHQjpqfoScSVJE2MKxVQmEJtChNN29pcgm,asset,mineral ohm 1.3,odo,image/png
QmRT9QNSDK1BkDTRpuWnVKFjtshCCGVefesuNR6LGvM47X,metadata,Ambivalent,DKleine,
Qmc1qviFyB62CjepdgW2uZiVK4tV12VpyiMw2Cx5ybRr9C,asset,Ambivalent,DKleine,image/png
Qmds59NHobkUTQ67Ncgp5z6Jo6mW69XZBdV3y9XtzMHYWr,metadata,Meditation Rabbit #22,Alexis Olin,
QmYRpzgVQxCakDUqFc5HVrRm5kHpNB8uU7yKkocWH8KsME,asset,Meditation Rabbit #22,Alexis Olin,image/jpeg
QmYvj5zRRbhCuLh5C42MwTqHeDnqKcy8CiBSVkQGe9xxcQ,metadata,The Wheel of Life and The Wheel of Death. Diptych part one.,animomot,
QmPS4HAZS4Wa3tSFJFc4dhHxV78UPAhpAFsVBAnh4JF9Au,asset,The Wheel of Life and The Wheel of Death. Diptych part one.,animomot,image/jpeg
QmfSgkfcyX6FfrLWinfYjV2AGAvegLmnx68XnrrgLvvmCo,metadata,Marilyn (Black Widow), 2021,Zam
QmVnUyhDpH9EUZew8Zvv8mibHnSCT1zgQ8V1GkWwFwqYvW,asset,Marilyn (Black Widow), 2021,Zam
QmVYMWxFdjtsyD3BNz6vAxLw772QtH5F5TqhgUa6XL3VEx,metadata,Addiction. NFT256 Collaboration 242/256.,Atmonez,
QmV7tTTafa61KUQyzwG6T2y1MH7dCCxiDNC6VbgGPX7mF4,asset,Addiction. NFT256 Collaboration 242/256.,Atmonez,video/mp4
QmR8auRsnJwoLTz9JMYJzfKJA41BK4oJXH5wHNexEpwQpN,asset,Addiction. NFT256 Collaboration 242/256.,Atmonez,video/mp4
QmURwcNQeNWXgb7fcmNy7FFq5qU32b9K1UfvqpSMHVzP6U,metadata,Boy King (Dream Bigger),knightsof88,
QmecZF3nj5hcTdRXnsvdzPjfzVC518uPpqhcfbqGU3hxfa,asset,Boy King (Dream Bigger),knightsof88,video/mp4
QmY7Di5P8YPy2zKWkojqqR7pURfGEkzjW18dWnPdXaLNcz,asset,Boy King (Dream Bigger),knightsof88,video/mp4
Qme11zd9whnskdAnFJtHH9Br4ShwKcnpbCHXm2zwLiJE2J,metadata,Divine struggle,splitVZN,
QmU4VFdHD2nv84ZLRWf1q7s49YoPeDezHFspDZg1ocbACU,asset,Divine struggle,splitVZN,image/png
