CID,Type,Token Name,Artist,Asset Type
QmPMB6P5D8Bk7qtqWAQ5LJ9s9mHqeTMws561n2TUAxBGHX,metadata,Weaving the Universe,Silvio Vieira,
QmRTgWTYCbhFt79qpNigHd1Z87fvseaKrSqGfa2pP4BzxN,asset,Weaving the Universe,Silvio Vieira,
QmTDXTVZoiF6TBpmfPDD8Fs75xU8FmWVqsiEm8f9pZQirf,metadata,Ininnocence,Gary Cartlidge,
Qmdu97LFmwbbmRo7fgzE97hjH2PASodAADobdnHuWkubC9,asset,Ininnocence,Gary Cartlidge,
QmQbaeuYY8AiTA477rC7zdoNF7zNDc5whB5REgVuzuYaZc,metadata,System Crown,uxt_exe,
QmcHHdm1kdJiCuj7j8qiSwdKkpdeoWtwW4tfEUqRKZtEzX,asset,System Crown,uxt_exe,
QmcyDoBffx7Xg2nGeVw5jkysrx8drPaxKWGJkJyAqDACa3,metadata,Space Granny & Cat,hngeb,
QmcvdY1qSN99pBtxkgZLZXaKrDgXPCb9X8wrGj5HxZSGBC,asset,Space Granny & Cat,hngeb,
QmPNJc2cNbUgbedmVLonB3Px9ZjPA3QpBAjAhLZH2SdTUm,metadata,Magic acid glasses. Horse and green.,Alex Shell,
QmTbfvEeZYHNbmFK748eKELCVUuXxm5pJLecWFCzCccrFz,asset,Magic acid glasses. Horse and green.,Alex Shell,
QmSCXiS4itBXZytCL4UHjS2Q44yHkwc3H9BN7aJbRCyb8F,metadata,The Lunatic on the Moon,Monfa,
QmSuqiG5mK7HcWTkPksn4v3HYEAwBQL6YemgHSugNhCS69,asset,The Lunatic on the Moon,Monfa,
QmRNgvSiMofbsyeubJ2cHAW81zxDufmM2qFHJErw2YeZYy,metadata,Living Neon City,Glitch in the mARTix,
Qmc6E1wtoxF3XciiVkB5QgeBT3Q1xUuoSAcgVwoaMPoBdx,asset,Living Neon City,Glitch in the mARTix,
QmcevwhQPtHzM6RYhcu9EtC5DxBseNso1z1vmHJ8CYYEPH,metadata,Betibú,Norma Xelda Jara,
QmSU68kiqZuCGuMzPZAUHc4uQLcUMD7kdG2UVdBKhYyn1d,asset,Betibú,Norma Xelda Jara,
QmVRNYpPYMXBpgJ8zgdC4Q95BQs937Dj9ZfiLJZD9gPMhn,metadata,Big Crunch,Yura Miron,
QmNb28UJZYcnC6wWgqDvNtWTxSYa1GhxvuEYZAD1bWQK2X,asset,Big Crunch,Yura Miron,
QmWskPQRQdTg2f2cytFqKPMSzvx4yUbW5CibQqXXhGzPtD,metadata,Glitch Art 06 - Glitch TV,Voke,
QmfRUQ4rxMZCckMufsjWkgTd15dynYWK3FrABPxjWBtKTQ,asset,Glitch Art 06 - Glitch TV,Voke,
QmZaR396cGazteiYoKTqVwtzE6uF4eVE7PfNrwRkqTqrwd,metadata,Satoshi Nakamoto,Mr Davis,
QmVuA4KZRoDdR6tQS2hnPXLjCsJX6s1zcDmBVRy72h3cvv,asset,Satoshi Nakamoto,Mr Davis,
QmToeKP27q2XZfSxjBiQvgSyuT94ae4Y9diWoAWDhjgg5p,metadata,Harare main street by night,Requit,
QmNnh3pHLAUDDsZSBXK1DqeXqUfeC3w3XCGQr8E6x4FgPV,asset,Harare main street by night,Requit,
QmdoSzYBjrtvj78dj6qq7wvnx2wgTfryJssj3tRrWV3B2v,metadata,#ProgPoW,pet3rpan,
QmXFd3sToNHG9BQjwhyLTCWsAW8TfT7GHvyxBDsFPqd9gB,asset,#ProgPoW,pet3rpan,
QmYNVgBra6iy1oj9tLJit9dbaxwha2PcqtJLRekTf341hP,metadata,identity,donnoh,
QmVgVwa164fDtefSod28wWfPz9YiLciiMwLz4w9ccQgFvF,asset,identity,donnoh,
QmR5z2nuYVcmjYaENf1qRGRRhTrezT8JiANYorDMeah3Cx,metadata,The Bitcoin Discussion,Anonymous Nobody,
QmNaAKK3Y19k5cYzQ43AadfDMmx1jyypSRhHtxLNhE7r78,asset,The Bitcoin Discussion,Anonymous Nobody,
QmXrHyq5UxbZcSHQM7B62z6EqnZWXjb41MdyUyUmN15p6w,metadata,Dual - 2017,Frenetik Void,
QmYNLvUMaVFPmmSnhFPBznn7Jrag7SUABmxuBTmaVeEWUj,asset,Dual - 2017,Frenetik Void,
QmPp1hMH45eieyJZjsyogkEcfM3WM4SLo4F2mkAKyu2Ciw,metadata,Spring Rites III,Oficinas TK,
QmNm2ts2J8QSpq2XXZPndgg9W8ffgse7Egjhuamnbqppu9,asset,Spring Rites III,Oficinas TK,
QmSHAmEt6PKgoes5dVsneKVDGZMRiVz6n46VFFJ4FpfsqB,metadata,Another World,JamesSW,
QmaFdYtTn4p5FZ2AzeHdNKYbA4rGyFD4SjtYQZEhz1iYS7,asset,Another World,JamesSW,
QmV9QM5P5C3rPVMh8fL6FFnfzqqP5RvHDSZEiRdVZJPda3,metadata,AISTARTERPACK,obxium,
QmQwwtW5fB5t8y7XtLsMDoSr5ZqtjyyszCZed8W3K2gEEi,asset,AISTARTERPACK,obxium,
QmWZ9KewD85MdqoMEdBwcQwDXCeRw67zoaxiE6EM3QAxhF,metadata,The Hanging Rivers of Babylon,Unrealcity,
QmVHputxQeBhhiffidTK5U82NwemrMXYp1V57zdSQNgvTW,asset,The Hanging Rivers of Babylon,Unrealcity,
QmXmv7RkHrNV1JZ4WCBeF2of119sq8WXsjQKFCxGxZQfC2,metadata,BOOMBOX_CSL_850_CH5,abysms,
QmNxh16ShEPmzDHGEGr79spTA6JDbnBA7gBdpguwL5QM3U,asset,BOOMBOX_CSL_850_CH5,abysms,
QmaxuSizT5F9r1cTqQZH41Cs2XMNCpB6piDoNZSLe9eL6n,metadata,Decomposition & Composition of a Global Money System,Lucho Poletti,
QmbcMszjfEDpCtqKvcz5znzic1HJFqmhgWHR6iTWobXBgT,asset,Decomposition & Composition of a Global Money System,Lucho Poletti,
QmTF9BcyAD5QBvhiBkdZBPjFizWp3Kk3APXahu5DzR5sAG,metadata,Neon Artificial Human,Glitch in the mARTix,
QmQcSi7er2s1BMG4eoyCb7MUZZwqXiHomp1tEGZqJaDMRf,asset,Neon Artificial Human,Glitch in the mARTix,
QmYgpoQyUx4fEH4cfj4mYYLofUg2xvWnQrMq2Ft3R5YJq2,metadata,Crazy Circle,Bit Errror,
QmZu9Bfhnz9vsia9WgarYzrt95Y1hUCoHiCrYYRyfjXD86,asset,Crazy Circle,Bit Errror,
Qma9GT9rcSAimiRNapu6sCTo6aGZ1QfnoFykReVqu3wLSJ,metadata,Red,Albert,
QmSHbX25m2o5sy2edPPsSS4UnoegHrhGf2Tu9K5eB2oTqf,asset,Red,Albert,
QmYA3fazKWXsiRXYDDyHxBKBi8udERjaRzjtPRNC2DKj3Z,metadata,Loan Shark,KnownOrigin,
QmWBL2fcbHhpnJoCbXvrBiH1HAVw7wvxj4MYcywsEbC5fN,asset,Loan Shark,KnownOrigin,
QmaehvKbMCCcP4AofjiQTNGvWoyRZ9e7G2aV74VsGacbb9,metadata,Tres Crucifijos ∞,Bard Ionson,
QmaRTfchmtPxh2xSxRiYYGMpNfwYS5f9J8aKvRo9Yg8aGj,asset,Tres Crucifijos ∞,Bard Ionson,
QmdMCKrx2D28679ahcAahwgtpYkKe8es8jaby2rmJfLx6M,metadata,“Synthetic Squid’s Cyber-Art Galleria”,Anonymous Nobody,
QmVwJPea33jtPuB81b74Vb4iDhPSFT8BcjNK4a2KuukPMg,asset,“Synthetic Squid’s Cyber-Art Galleria”,Anonymous Nobody,
Qma1EADJg1PMEpZDjpNQUhN8VJgh45JKgL4c7BpUW1vMGw,metadata,Cyborg SKULL,Skeenee,
QmPXe9os8TR4q1RMGabid7q1AbymPSTZD1rv7KCymNXy5t,asset,Cyborg SKULL,Skeenee,
QmX11Ybas2u7isCVQouyR53efMCaFUDniwL8QBGDrhStSJ,metadata,Best actors series. Tommy Lee Jones.,Alex Shell,
QmeC6bx1NE1Dmmdg9sHeoefpyp1S92oxptm5NopCuMSdXZ,asset,Best actors series. Tommy Lee Jones.,Alex Shell,
QmdhJQf7cEKikat4qxcPKnez2qKhf3etABSDxpkzP9n4pA,metadata,N e u r a l S i g n a l  -  シナプス,neurocolor,
QmVhDHoJyYocg72psYuVAE5D9TmVRQrHA2BSNEesCUd9LG,asset,N e u r a l S i g n a l  -  シナプス,neurocolor,
QmSBjaVbaG5XakeGovZAzj1RF3L8MFixGW5gsjtbGwBMxK,metadata,Drink with a snow man,Miwa,
QmY6nfLHg3BmCNpQUKW1YGeWF3moe2tEexT8m171K9Nbki,asset,Drink with a snow man,Miwa,
QmXegDzKfhFZsTStAJ8DFeDgjJRURsumx7AqjrHxy25ex9,metadata,Neon Mixtape,Glitch in the mARTix,
QmeF4r6xYyLwiRj57z355ToF9vkefEp9C3oZ3A4NR1iCWZ,asset,Neon Mixtape,Glitch in the mARTix,
QmU1rvBSeH9VyrwtHpxxRed7ZZDBYqd244GSpa146TN8DD,metadata,Squid Enjoying 3-piece Live Whale Art In Minimalist Squid Condo,Anonymous Nobody,
QmVopVcBbNjFXzqniQZdWdmda8Vh2dgjBtnfNVHZEgnHK7,asset,Squid Enjoying 3-piece Live Whale Art In Minimalist Squid Condo,Anonymous Nobody,
QmXpa6GaXvze7FTpf3c45wGsfVnRtaCgXFKi4KKAiYfzd6,metadata,Make it green again,Hackatao,
QmPLMmTfAbFCESdjzrg7NgUburfjxe2cg9HedzRDshr72q,asset,Make it green again,Hackatao,
Qmcyf2MkhRmiEgR92KvRdbGyrUpYeWJ14E1b4fzMmEEJF5,metadata,Pain - 2017,Frenetik Void,
QmTNrx5nTXarp6n7RusUtpB6btfEJCovT82jnJ5R1hcHNa,asset,Pain - 2017,Frenetik Void,
QmfPQR2HZ7njUCqt2h8WHJWe3e1Lwnz8hcq4UJyqBu5Jun,metadata,Best actors series. Robert Downey Jr.,Alex Shell,
Qmaj6G4WHoQZB5LAT3cmaNRdhxVD29QMtxPYvERGSjcG9w,asset,Best actors series. Robert Downey Jr.,Alex Shell,
QmQcQNPH5YPR1zU3y3JKa9hGZsZcja2xTWcnpobeNUTGDJ,metadata,Depress,Gary Cartlidge,
QmXp7FC8rMGTtjVJQBLeXUGJV86PSaRBWAUFNufwSA3hq5,asset,Depress,Gary Cartlidge,
Qmava6h74VBKU1CMggCXTR5gt3x1z8KYoW5FWkUYWZpJUR,metadata,COA - Original Works - She's a Christian Girl,2019,
QmY9uZbvPBxydarVMkHYhz3x6kNF1vwfE8qVHvb1aupwJ5,asset,COA - Original Works - She's a Christian Girl,2019,
QmRk7XDGbyvAmjBqB1eMBe1yJamLQCWksyCJDPV37DDyzK,metadata,The waiting,Serste,
QmXbe2HG6r9B3p2YDDV1wpDL1Xrt1pQxTCrrjANPYJYFn7,asset,The waiting,Serste,
Qmc4NJ4nKwfrzLCoiwHLHgoUDCfzoC1MK5F4UQJqLgJDYs,metadata,Neon ETH Gas Station,Glitch in the mARTix,
QmXrZqCX8fU5taJ6FR1RiujDfPc7hJ7XN3Y17cixuWbWNh,asset,Neon ETH Gas Station,Glitch in the mARTix,
QmZJPk1DWT5fqs87HP6YGa47AfurL46EVQ9Q6NraPS1trC,metadata,Strawberry and cream,Requit,
QmNmqXLR8JQwgUkW8AriHVZV1NLRN34xGnCC2aAB9EGPkc,asset,Strawberry and cream,Requit,
QmXB9BkPMaWtuk1uBzzwRp1njC8oqd7njyTXgjiEuLzqyu,metadata,Business of Charity,Kozachok,
QmZy3aK1Msk7prbYTrGAZJiEGCBQUUKzH8nggysGFvr8JS,asset,Business of Charity,Kozachok,
QmPqz5oLvkHitRxhjKoqLLTkJ9YoYxUWsAXnwGcYUki261,metadata,Squid In Dark Minimalist Townhome Discussing The Implications & Impact Of Artwork Such As...,Anonymous Nobody,
QmZqLGYD77sdK7D9EZH32qJYHWWsDH5D6jAh8S5BhN5SGU,asset,Squid In Dark Minimalist Townhome Discussing The Implications & Impact Of Artwork Such As...,Anonymous Nobody,
QmepPoY44LQqMYZoe6rXDdkGnDTq2EwLkuw29RLEEBx8SB,metadata,HDQ_1352_Approved,WGMeets,
QmNjZrkw6smCCLGhqMMnh4NbJ93dUvpdVVE6Jza8H2gcQF,asset,HDQ_1352_Approved,WGMeets,
QmUAF6o9SD6wSEyWrQvgj74isXFPHCstgRE5sEDHgSmUag,metadata,Gamma Ray Burst,Yura Miron,
QmTvR7rTUPteouEyXrqBBGQE9zGzNypnmhZhzX1nMWA6my,asset,Gamma Ray Burst,Yura Miron,
QmXuQrPKc4hc9GRQEszBzBMYJqXAxwx5XZbqH82nMRQ8uv,metadata,Vision Strategy Coordinators,ilan katin,
QmdgBebtDMwo7QGnoNcWJS97Hz4QLQMK5ArmceUVY7Tadj,asset,Vision Strategy Coordinators,ilan katin,
QmURnJezbK31V9fKHHaCf8umgR7dvu6wLRBLcZEvMycyHF,metadata,Moonchaser,Silvio Vieira,
Qmd1BwKceBukW5AhgTxkupZd8oBY9j2gwcba4Ee4P2KrQa,asset,Moonchaser,Silvio Vieira,
QmXjqmC336uskRLJJGVmksrkMGUnPzXoqSf8CgafvxsZxY,metadata,_ CH6 _ ECHO | 02,abysms,
QmQFMXoQfpXpNCw6jHqLRhZUTrpkXhEJG2hsgstLNXvAUL,asset,_ CH6 _ ECHO | 02,abysms,
QmPx6B94TupHminLgPiBSgZR6K5phHEyB1Jq83mY8Zk9qA,metadata,Best actors series. Samuel L. Jackson.,Alex Shell,
QmSU4FCNzgkAb1mvn799987EKXnrdBoDrvLbN9HYR11rm3,asset,Best actors series. Samuel L. Jackson.,Alex Shell,
QmPdtBnTXWhMdQYojcQrTrXp9HLFiwKqFrQ7Ms4NBF8Lve,metadata,Thinking,Paola Castillo,
QmTH3Z25FAjRpQvNWuy1zbkeppEUcU2MEo9ujyPAJcpjoP,asset,Thinking,Paola Castillo,
QmdmjDCHojD49CU12sbvd5McWN5gyJreScTpYxAVDGiRJT,metadata,The Egg Embryo,hngeb,
QmUf8JLjWYLY3yuu5ksMHP42d1FL4gmoLzw4yVetBJcmz7,asset,The Egg Embryo,hngeb,
QmSMqPSswYM6cSttVqLT7wWszmZrPQWNZbWwWoCtzFUovG,metadata,COA - Original Works - Baseline Boomin' 2020,Franky Aguilar,
QmVTzNcjiXDc3aMGMWyoZpAkLStkN9XMGGeBtzpWaskRqC,asset,COA - Original Works - Baseline Boomin' 2020,Franky Aguilar,
QmcTAUcjiaZVmenPNM7EBNkfgKdAuc69aTLXMKzkEbdKgQ,metadata,Magnum Paranoia,RobnessCyberpop,
QmRqX8h4bjwohbHvUkHzgnkBLvAoszdb6bbLGcJLkxaBEv,asset,Magnum Paranoia,RobnessCyberpop,
QmcJHzrZjRmL5Kcjp3tXaofuDpEDvsqnky35H51GPYRyWu,metadata,ERI,aBlu,
QmNc6kbC4nDPFvSjerZeJJDaEqh2LUGbyVkYaQfU275nhR,asset,ERI,aBlu,
QmSFhY1es6xC4PPjCmpKPqHTL3jUdo79xJBVXZeLrYdEcg,metadata,Amateratsu - 天照,DinizBR ArtW,
QmZkrzy4zCrcwah6kWUWLaKui7wGeroLsZaVkJ64GASkpB,asset,Amateratsu - 天照,DinizBR ArtW,
QmQAUqoD3Bv5p5NfCqSnESASt5AV7RM7AbtLSgNwVn71de,metadata,Glitchy Woman,Glitch in the mARTix,
QmTzgVSeZupSQggNPEvdxmvySxxCY5Xf4AQhY8AnzkVjiH,asset,Glitchy Woman,Glitch in the mARTix,
QmYomwvgGy2dNYmgnCSaSGKbbcrztHtDKcp9NxG7DiB26d,metadata,Memories from Venice: Caterina,Verdaccio Donatello,
QmZj9nbrMH2YRjdXnb6UEaLUkVNXPQQLe5vjf58gpn7nmb,asset,Memories from Venice: Caterina,Verdaccio Donatello,
QmU1UNpPTFxwMBiMYoJVctLZoho4N7UEbME3vZoWrtEWsf,metadata,Negative - 2017,Frenetik Void,
QmV68nvUbSmb5SY8o6iqNJyAdk7S8iW5YiL7TTP5enWMZ6,asset,Negative - 2017,Frenetik Void,
QmcWNksyL3h7Uis6wMWtPNZKDnfFMkCWK5YQcGukWCfGwB,metadata,Synthetic Squid’s Cyber-Art Galleria’s Opening Day,Anonymous Nobody,
QmVCxsqA989Edm4f71JPDRHwdCjpLmUwmFaXSYt5DGsLLM,asset,Synthetic Squid’s Cyber-Art Galleria’s Opening Day,Anonymous Nobody,
QmZrSLcWmeqz59em9xDcm9oHNW3U94BHgqj2rgdV8fVZoX,metadata,solar wind,donnoh,
QmUxrWomxv3koixy4WLdMgn1r3R4AnxWD4wjjn2gTnW4vD,asset,solar wind,donnoh,
Qmeqiimss2zGLAuU1ZRasXmnQGJENTNTaSwk4yGFwXx2VA,metadata,Self Decay,Vansdesign,
QmYfpmnj2cSM8hdJeAZ5tVCiN1Rr3BSVKRAhyg67ZL4qg6,asset,Self Decay,Vansdesign,
QmSrtxXhZeytn4WX6JwDBu8gLzd2HzcZnTRw5psHsynfb1,metadata,Chaos pond,Serste,
QmR1LrxMPA5tuwyxzafwH9wekn8kWZD6S8Vwf9GQkMN4pq,asset,Chaos pond,Serste,
QmT8hzEh5cuh8hJAzqwt7s6s74VAuPuunCKavbxMP9eMQT,metadata,Best actors series. Harrison Ford.,Alex Shell,
QmQA1sLWb2Hm7pFPXi3PsndWG3tKFtvF5SeuzgktY3McZd,asset,Best actors series. Harrison Ford.,Alex Shell,
QmTp19oiLw3ct9iRF4Z9Rzsck9dCPg8ESiXZvXv3QbJyYp,metadata,Pink Peacemachine,Reinhard Schmid,
QmVnZT7DNSLMk5q9Rf5HEPCi1rMPkkjMtYqz4JHeBxtUKy,asset,Pink Peacemachine,Reinhard Schmid,
QmRqZnwib5GMzHx76bJcLp1rDtUE9HEhRLgDakRTsjD4FX,metadata,Swinging,Bit Errror,
QmRy4JUvvJ8eQEoh8YvvsoVWUBfjc66EoA3FYnxAf81Lyp,asset,Swinging,Bit Errror,
Qme2ZoTL3bM2fxVZbCMPQVRjs1H5z1Rqv9tksPTnL1euVu,metadata,Fundamental Forces,Yura Miron,
Qmc3fKjtqigwb7MRfzniZ5tJVCi6F6gU7LEG2V2tkYfhF5,asset,Fundamental Forces,Yura Miron,
QmafTRLYMUXXwrT3uJjGxG3vcEsQA9w69V9cCpbDimoBp9,metadata,Endless Entropy,Glitch in the mARTix,
QmYpEhgBxz94wWfLMuFvH2ZrKf6NA1KJ87pnhzStK496yv,asset,Endless Entropy,Glitch in the mARTix,
QmZ2MP2KYVDYhPFbfBy4c28N8jgUCLyEtErDParGBfqhwy,metadata,Chocolate sauce,Requit,
QmZQExJCvYskNZPQQgXNmr2m3ssnjjonFv5R9T6VpY4YTo,asset,Chocolate sauce,Requit,
QmR96gK2hYJUMbiMzK4X74BiyHHLbwY8bsmQD4cwzx46sa,metadata,Memories from Tokyo: Aiko,Verdaccio Donatello,
QmPwzJY1FeCuYcbPJSnatkLjAuf69Z1NWGDksV5qt23dsJ,asset,Memories from Tokyo: Aiko,Verdaccio Donatello,
QmfH1Rgi9gkDiRipTBQE1BwqZavc65Kq2nw5AYk7B1nq2G,metadata,“Synthetic Squid Welcomes WizardX  & Press To The Cyber-Art Galleria To View “Not My Bus”,Anonymous Nobody,
QmZPiGVqLY6AJW62KpngxnFUBhWGa79Cy6dzEjVR7W1wP1,asset,“Synthetic Squid Welcomes WizardX  & Press To The Cyber-Art Galleria To View “Not My Bus”,Anonymous Nobody,
QmPJ4qUzX7a8g8UidAXQcJmy4jC19xBnaCk5RmcgKA2VEP,metadata,Golden Hour(Glitch Edit),Voke,
QmPXJiHo4YRGUxTpvNaBWEkCbgFPK7gh6Vk1uJEXAkWMmv,asset,Golden Hour(Glitch Edit),Voke,
QmbMayWeAzmSev1RkjDrhoEtU3NkyQMpFaUKu4QvvcLUnr,metadata,Twisted Room Series #1,TwistedVacancy,
QmXzwYMhmSANgc5yiX3p9GCwe8JteuPGthUPWocGBA78Ls,asset,Twisted Room Series #1,TwistedVacancy,
QmV74DV34Vpr2d3m1DDb3SsfF5wtSwQnEBnyp8MNrN7jLb,metadata,Nemo,Pejman,
QmWL8f4sL1URxmYHJBdBiw31EB8Li2wi11Eur2CdJ5eVWL,asset,Nemo,Pejman,
QmXhNjsqBxRtAVuSvp3JiCfzxo7nNjwNwHmb5xWFRf3ydd,metadata,_ ch5 _ enter the void,abysms,
QmR7LH9dTZyA8wjCSeoHPfBGHzGxU22uqnr4gAMQCDktjK,asset,_ ch5 _ enter the void,abysms,
QmTB4m9cwZ7ArpvQWNvW3edJufHtgLNRbtugvuAfdBbDuM,metadata,Best actors series. Brad Pitt.,Alex Shell,
QmT86d1YfK6RxGJkpuitFTZFscADtzkRTyMXNQ4FwhFACj,asset,Best actors series. Brad Pitt.,Alex Shell,
QmcoFGZZ6VQm8FJ7yDkwa3PBggpZhU7ui12bMBY3G5c2k6,metadata,Samurai,DinizBR ArtW,
QmWoAmXTxsDE19Spe2Jm9o4xpyyMzDveJsKxTrmWQM8jdC,asset,Samurai,DinizBR ArtW,
QmbAGCJ3i5BufEuQpSYmdpBTpG93NVRoDRi7PKJ1exqwJn,metadata,Yeah Boiii,Zedko Sobranie,
QmQtGQEjFT92XDGbrv3MzjTxcATttzt6LvH19MpbkzACDV,asset,Yeah Boiii,Zedko Sobranie,
QmScceveY46M2hGA5cvrVsQpmeJSKPuJQyvCYjbGMugvHo,metadata,Neon Spaceman,Glitch in the mARTix,
QmVftwNLHRfSL6amJDtB9A6YN1wF6zAW4rVPuRd9Ac1ijz,asset,Neon Spaceman,Glitch in the mARTix,
QmfPLsfWwnjKwD46nVSns14QGRoqQsutA4v7Jb9iQeQLfE,metadata,The Desktop Regulatory State,Yura Miron,
QmRuPRJSJoqD3uDdknJwBhe87p6RwKwfHvQDAAQLSiRPKR,asset,The Desktop Regulatory State,Yura Miron,
QmWETbajqnfgMZDkBLkP5xf2hmbciw74i6z9BLm5CP5wWT,metadata,Urban Fear,Skeenee,
QmSbypRgtrgZiQC6YapUEcjP85zVQD7hnUYPpT8djdFKxy,asset,Urban Fear,Skeenee,
QmXatfFntgF43pJH8jsRwU3ftG4Nes5hdCnmQPe1PxvKAF,metadata,Pseudonymous Maskimus,Lucho Poletti,
QmQ9sQq2YMGaCwyBkdeaiJxYp4xxUdDbwFVuRaeakhB8Y6,asset,Pseudonymous Maskimus,Lucho Poletti,
QmfDnYMHHCW5xfR4UrsSugWfouddrfQcT1EmJnQkACUSZg,metadata,Not My Bus,An0nym0us Nobody,
QmfQbhqmRdAVKQGCNAoYsnqeQBg5W3gBytNxGgns4PBiLn,asset,Not My Bus,An0nym0us Nobody,
QmShNPCKBTrPpbYrW3okAYHSsnSkGpEr7hSg1eUnCmWRTp,metadata,Delphic Oracle,Peter Bock,
QmXpDLwLvS51cjmUPCMG2jEysZRTHiEbKqcoTMuYbm18ZJ,asset,Delphic Oracle,Peter Bock,
QmSjyLPjZe7umwcBHFca2twdp3FD5KfaydAJVFGYUeesME,metadata,Night Sky,Voke,
QmdgyFvZC1f7GKKnPviEXL9MDYnbkZ9d3Gvu9AToYqr5oL,asset,Night Sky,Voke,
Qme5Ei4DipbitxfuKZTkuJhLvK2SFmTPAPXvLvFZ4vDbjn,metadata,MIDNIGHT MIRACLE,aBlu,
QmRUtNPkXTyfrW8seQG4R8zMyzoVERkqKhfYBwLaKJHE4Q,asset,MIDNIGHT MIRACLE,aBlu,
QmUmMdMqVPxczgZ1wyGAAQ45dmqXDGH3TyAoQcivEuzgNi,metadata,Paint by Numbers: AI Generated Nude Portrait,abysms,
QmYAXLYXDF14bZzbADHNLx9KzUqsNhXYmyUe4SXju8DBL2,asset,Paint by Numbers: AI Generated Nude Portrait,abysms,
QmRV9ngnfiE5Gf115G4javPWeAWULWJRcBRH5MzA9rZUbD,metadata,Fox Wash.,GISELX,
QmQYuktukYdWJNukvdbM7uSAUe6najTJK1GLg9SBoeoz98,asset,Fox Wash.,GISELX,
QmYUyrVzfqJHX1XJrkYVM9ELJweUCLpXkJPbfdTCrYDcje,metadata,A Deeper Thought,mr-monk,
QmaQW2nNewMs7GQoVsxcF6qcQfyNRy1HkyQuKmaUB9J1g2,asset,A Deeper Thought,mr-monk,
QmTk2AtwG3ZSHwYrWyCVTQ5ekox3yPSTBpexJxNoUHXm3a,metadata,An0nym0usX,WizardX,
QmYgxL1kxEhTVhH46sXXDSWeZA7c4ZvHpFJsX3fVkqP3GA,asset,An0nym0usX,WizardX,
QmXERX9WxAKizD7RTzo81YzXabq5HkgH7WA437vF3u5gue,metadata,Under Water,hngeb,
QmUEB2GdwfRM3PiPVBpcnNt6Tq4H7yXd9tHBDqBj9ERkTr,asset,Under Water,hngeb,
QmbDYn3ZFYcsbqWenbQScwYthsG5kaej1MK1S6EYGLx4j9,metadata,Best actors series. Morgan Freeman.,Alex Shell,
QmVyPCJhDsfEYJYny95DMD9NmDLYfA5FuMSeapDC9GQUB8,asset,Best actors series. Morgan Freeman.,Alex Shell,
QmQA23JoXrew4oy4BUUDRDmKgnJYCJMXDKguobJ1dZvdXU,metadata,make it beautiful 00003,ilan katin,
QmS8FmJrBUT24bp1VkXsM1dsW55h2915Jauvp4WaJvhZKt,asset,make it beautiful 00003,ilan katin,
QmNi1fLBWWvmmncWfHHzMi12fPtZpyPTVsBkVtFn9GZXct,metadata,Neon Glowing Cube,Glitch in the mARTix,
QmS2Vap8a49VDpU3kYgJhN2vjAeb2c5s6NZ6LfdWGQWeQQ,asset,Neon Glowing Cube,Glitch in the mARTix,
QmSmQhQiGfKUfqWYnb3n5MH1Ra9EYvwhnrazgnFUEmnUHr,metadata,Black-eyed angel,Serste,
QmNq6B99a4yet6vYhWM8zJX1YqM8Nqt9fCPFHqn6NwqAHR,asset,Black-eyed angel,Serste,
QmcPXHAVC4iQ42hbqPp1WjdroH9Q5jozwFC1G4Ui1S9yYT,metadata,The ETH Game,Moxarra Gonzalez,
QmYDTPhfsitaJ7vbchud8zoHcxmrEgMPZ3bZ7SWjmLXyrv,asset,The ETH Game,Moxarra Gonzalez,
QmY2dwWe2TZbTBZyirGDpMtSQBusqHBu8Etce7AwRm9abm,metadata,100 blueprint,Aktiv Protesk,
Qma78XfRhKpWr4jZf2ipK8Sz3RShjBBytoH9cQZaNxmvJx,asset,100 blueprint,Aktiv Protesk,
QmRUK7Fv9qTttFnj9w91nkXFm4BSpwBZW6VFBnFEVdjhHw,metadata,GANOODLE / 103-53,Stina Jones,
QmY6JJE2QuNdwWknJVk9FLu8Q6rA2RpfLyzsUczsrPeYs3,asset,GANOODLE / 103-53,Stina Jones,
QmSp8mWWzX7BXUKt2jiZTJPT16SW5kiRmfUAQgp8J8H1D3,metadata,Astro Shaman,Lee Manson,
QmZjoFTjsSGhLC5R32n5T5vEDdHF8KMHXwvrPi41TanFoz,asset,Astro Shaman,Lee Manson,
QmezH3BWiY477dyyYVmwXjb49ZAzaEwWJjbGbPUEKUfhzE,metadata,The Hodler,Trevor Jones,
QmR5VPBV5mnqrDfrXWg5yXHAmnEs3doqLTzo7NuQHL567d,asset,The Hodler,Trevor Jones,
QmbL3s6MMdrkSBHsS4DRJQFAUZ8PwiTaqs1NEfNHd5sPFm,metadata,Mirror,Mirror,
QmQdDMVRUJK2x7oxrF7wTz6CqThncmEqdqME1sshemT8Au,asset,Mirror,Mirror,
QmPGzP4QxiH8gwgqsvKG4VMXNwyHebrkNuXupscWCMzSfc,metadata,Lysergic Lethargic,Unrealcity,
QmbwG3RCy36UJ4Ec1fTPBpuo556Hdm8MMQw3rpDp48Jp1o,asset,Lysergic Lethargic,Unrealcity,
QmNR4e92ZBpSViaA7HVpZoLzM61NbhxuoiFosWYyh48ngv,metadata,U.P.S.T.A.R.T.S.,RobnessCyberpop,
QmdQsu76UhqPbA4FWa55xyWyTkJLBM9rRLyQJ7U7mZ5pgP,asset,U.P.S.T.A.R.T.S.,RobnessCyberpop,
Qme2GzFdDAe987ffUqiK4wxVBhbVssCSYni5P4sTSyhbfn,metadata,La Pillola Arancione del Dr. Satoshi,Lucho Poletti,
Qmbd71muyFdQWHgoLfC1NvZNYqZEL9HwXLWHrgnAFRiTL7,asset,La Pillola Arancione del Dr. Satoshi,Lucho Poletti,
QmfFQJV2H5ht1o1FwUyKAP4FG6JMbH49iN1gx8NymHnePo,metadata,Behind the smoke,Blvkloop,
Qmex8smcn3n9skFFE1yphPHEFf1ZXyh61cLdJptSWZBc5S,asset,Behind the smoke,Blvkloop,
QmcTSxgJphD3UY4fe1bm59m6vLJgoFkQxNhyg2v3wrPbwX,metadata,There are moving thoughts in that forest.,Giant Swan,
QmPCas9YjxwRcpD3Jnvtxb83NwMUsNFFpRsrX8hoiWdxoX,asset,There are moving thoughts in that forest.,Giant Swan,
QmSHEsJhpr2LLNpHNU9hrtEjF49zh7bVcDTTMmMMmYXuob,metadata,Future Undefined,pastelcrypto,
QmSCL33aoyzpWwNY9vJQjqEZFEuZido8HMyC6GXAbsAE4g,asset,Future Undefined,pastelcrypto,
QmR7rxMtv5HZ4Dbg1WjHrZVKDhFZWGC2hc3JYeh8Layn4B,metadata,Best actors series. Matthew McConaughey.,Alex Shell,
Qma6Q2PhGjVPXFztzunrv9aw1AAJDGHNe7SkNuc5ktmUvW,asset,Best actors series. Matthew McConaughey.,Alex Shell,
Qmef25C1cqvaN6YGbPGyeBfGLgukM4tDws6xbTgMEXZfB7,metadata,Only the Brave!,Alighieri,
QmbBcDNULsTxxK9Ccg2hSdNLvCUKVXeKvMhxzbCPZVynkp,asset,Only the Brave!,Alighieri,
QmYHwn1ZVkLUTUuzLoqUwjPm9sHxkYP7Y97Xh7M2wUrXyJ,metadata,Generated #7,Mattia Cuttini,
QmVbqfQKkt6giREWKetVgw9ENgzdAVQAbhBz24HpE2jYMy,asset,Generated #7,Mattia Cuttini,
QmT11TY67LQfi2RC1aA8WcLWiuXvfwcxCoNdpQoHHrBJPu,metadata,Neon Touch,Glitch in the mARTix,
QmPPuPqjb6bga2bhuW6TxbjVe8d35rb2NaDkb2Qqxw59bz,asset,Neon Touch,Glitch in the mARTix,
QmTGaXtJsvJF3zD7crWzQmpz835ywzhr6wmR5hKoeajEeg,metadata,Tiny Dancer,Stan Ragets,
QmRWbVJxtNnmGcfBP88hE5e7kY9dBcTSGEv9GkadRH1JTb,asset,Tiny Dancer,Stan Ragets,
QmWcSQRLp2ssj83VmM8NenWhY9Py5E9YUXC13ZAsVVMRAQ,metadata,GANOODLE / 091-53,Stina Jones,
QmPkekC2gk4u6MECE9JJxSB7Xkfz3mn5KuqGGPpgPZ8SQR,asset,GANOODLE / 091-53,Stina Jones,
QmZKvnJ212FCN5pPV2vDGGRn3SUwqsgkUq1HEYSBJA2zG1,metadata,Treasure,Under The Sea,
QmREt58S3DWefasnJMo7GeAerPWtAGDnLY3CTTBdaeo2bG,asset,Treasure,Under The Sea,
QmTo17LCzytfBcXnkGHq7dsEWvjs3CAfBhhpkV3pQG8Th7,metadata,Messiah Of The Phototropic Soul,Unrealcity,
Qmckv1yvyrjoUffmgwUBvoTvVPcFLBL5fEVJnXk6z8exqU,asset,Messiah Of The Phototropic Soul,Unrealcity,
QmS4pvrtqnxY6CcSjVN3iUPHTGwpfuzTsHzQczefGGvxkL,metadata,Painters gonna paint: 'Visitazione' by Pontormo,Serste,
QmS6mHhZyFE82KVQF7mjSKk5fjMKJ98Kf6SFanJotiKqDG,asset,Painters gonna paint: 'Visitazione' by Pontormo,Serste,
QmSKqPbrseQ2gXvfH6NQNdwUU4QtA1DEygTP34H1ZCWZQN,metadata,[Low Radiation],WizardX,
QmXnsNWKbdU1eNj17MbrvvzJH6tJj8H55AbzbDPWrMsjCN,asset,[Low Radiation],WizardX,
QmPepU3eNV8gdN9v8mKsvFxjnYMyNU72vTKWy6GEQYNuP5,metadata,Gardening Time,Miwa,
QmYQJEHV5H2c4Y6AAPk8TAo5WBHL9mjbwk6H4igcpkCN7z,asset,Gardening Time,Miwa,
QmXMzBF2PT7zMQ5XiD6hXyfnf5aXeaovWc1ngSKSwPyAZy,metadata,HI PEOPLE,berk,
QmNs6J4RVKMvAudjztGeNuoU7oJZpbywXKDuJiGV7zpTcd,asset,HI PEOPLE,berk,
QmP8aFUJ2hNh2qmUkUikTuVbEPs1aVXGqukkkwxv3tGrxK,metadata,Water Eye,kloop,
QmcWXiZQNzhLTaPWthgSHYTqs1iVjZpqoEAyVRsMuHXkaE,asset,Water Eye,kloop,
QmRWWoTKKB3C8wCFRqFPqgNZk2XCqkSqKxW1nN489ZbH3a,metadata,COVID-19,Jivinci,
QmVM2UVofa2nVpuMwtqUztFqpymLQcCTy1jBcbMGMFywad,asset,COVID-19,Jivinci,
QmVAKQYKsZuJer2hZ1Ym5QPZ6amt9tB9S1CaSqbsuvWxsW,metadata,Leave me a Place,Bit Errror,
QmNxfoSSDjbtjWWn3bDKeqjSM6Fmpx6qS8RHsGZjKizJtK,asset,Leave me a Place,Bit Errror,
QmehGure1eVwUM8qGypzLuoTCyXCfq4AcuiVtzM65Zj3mp,metadata,Best actors series. Hugh Jackman.,Alex Shell,
QmRPTyJCB1BSSvyayob9TbzqREDPUJdjbgFEFRQUw1tSpP,asset,Best actors series. Hugh Jackman.,Alex Shell,
QmbL8CzepJByqRvZgb42Dk7RLS31dkgXsmXZaWkYyECFPu,metadata,Neon Woman,Glitch in the mARTix,
QmYAZJBY7rmEDzLJgn9qw2H3XjLt5bgiLN27F1ksWCQSdm,asset,Neon Woman,Glitch in the mARTix,
QmZyXbPYUP7oRg9rosCDZqTYnSxRfqYhaUY4DvgCFKBK8y,metadata,The Genesis Block-#0,DinizBR ArtW,
QmezLSGxykNCX5TXTkpmS9WVxwwzGoNwS4DqhGw6GvFZ7k,asset,The Genesis Block-#0,DinizBR ArtW,
QmXFsetZwnwF8e4qU6uJiM7neidNfP8b9hFuzQ3U6DLgM8,metadata,Sir Phillip Godfrey IV & Miss Annabelle May Woolridge Attempt To Escape The Flashbulbs To No Avail,An0nym0us Nobody,
QmPuHNBvv8U7bNFc68aFGezoubLajKAqvZZToiMhWCDv7e,asset,Sir Phillip Godfrey IV & Miss Annabelle May Woolridge Attempt To Escape The Flashbulbs To No Avail,An0nym0us Nobody,
QmajNLWUqmaW9eAPjqTLQx3XBHc7MVWgU4E46sPFHPFZU8,metadata,God Damn You,You Fucked A Perfectly Good Monkey,
QmUvMUiNRAkC2KTWpTx1Vp4reW4CLpMChRUdo4EfZhAoig,asset,God Damn You,You Fucked A Perfectly Good Monkey,
QmdLrJS5UHTqpZLUwRt6BF3qfzs4usi8KaKYjDruUHqHaT,metadata,Ἄρης,Frenetik Void,
QmR9PkJgZwVwCPetEGnZKUeSKaQ6zZPfVfPnhSUUzsDqzL,asset,Ἄρης,Frenetik Void,
QmSfc7okSGbeWaLWn9qY81zHkmxcBSTjbncVN2285Mon2v,metadata,GANOODLE / 094-01,Stina Jones,
QmXjEju5zHVFWzTjKLHFu9jRvpPKwFqattZ6kXumWXPNqs,asset,GANOODLE / 094-01,Stina Jones,
QmYpRJ6TLzRYmkGSJmEau8Ku6aP9x91r3yq2VxNPVTNuze,metadata,Horologium,Beckermatic,
Qmb6iYrgjZAyLAC5vC2DE2GnXdfVt6QjY4JnsbmQW8jq6j,asset,Horologium,Beckermatic,
QmYikCgUPogeNKv1ujd3dqjF5nXQELYTJ5N9f5KmfgyKXr,metadata,Abbi and Illana,hngeb,
QmX2Xszef96uH9AM2TpL5zkvo5GpLELFLz7iSWWfgtH5wR,asset,Abbi and Illana,hngeb,
QmRKayJX9T7c4xb1XBxvPGx2qKPerfZ2EFk8zRbEdm4ifh,metadata,The Red Samurai,pastelcrypto,
QmfSKn9siV78g7Yye5edpWnSTLnYkRNaQRKfwpN9T6Lfik,asset,The Red Samurai,pastelcrypto,
QmdQnAyMLE9o1RZi9YVbSQpFZKeQmVWWKMVSMEVcMtpVPX,metadata,[̲̅$̲̅(̲̅  x-ring )̲̅$̲̅],WizardX,
QmS7GA2RFaPE2D88mtjQvow2pPtJuv4B99Du3WvE98h9mn,asset,[̲̅$̲̅(̲̅  x-ring )̲̅$̲̅],WizardX,
Qme64t64aZbKnSKxoXSyTuHCFJr7uLBxLejwK5qweRuaPX,metadata,St.Monkey,Methesys,
QmPCFzMySZLCASDkd1otfkwkYVBgZGWyiDUQ9vMrCiTUKH,asset,St.Monkey,Methesys,
QmXkS6YynRYQ33sDpc96nSXvpiZHiwRHjeRwt3yMKHe2vd,metadata,Cherry blossom with bird,Miwa,
QmWcLyUEz7krM5E3PoGSSZDmZpV5JDhqpaGBeepv9U6PyQ,asset,Cherry blossom with bird,Miwa,
QmRk1waS8tpmPUDphmUx4nkkQ8Dc3hDkW2Xu7skhU6RNh5,metadata,Best actors series. Matt Damon.,Alex Shell,
QmRLwivUCNBCYQLak1C7RUMUUhRR2cGeogMAvoSX8GHkkd,asset,Best actors series. Matt Damon.,Alex Shell,
QmdyZx8hzViZg2RDdrjTrDtfRBBhg6XfzrfesKphMngZZd,metadata,Batteries Not Included,Kozachok,
QmNs4CXC6pyCwd9K9dXYBKkDRoEf3LLAxbFCMgFE5og7iK,asset,Batteries Not Included,Kozachok,
Qmaqvf8HdHrWpt4QzR3iRyRmH7JHJhrXRdggbWba6LHTjY,metadata,Camouflaged Love,Verdaccio Donatello,
QmbpSgJkZbQHjuniT4abd5iqvLEgQUTAh2xidxxd8NxfLL,asset,Camouflaged Love,Verdaccio Donatello,
QmU7hFqmKRAxCW7eL3esCyLPeYTzCXW2zpP5uktLaUtaFj,metadata,Fkn Visor Ready,Gary Cartlidge,
QmZg5PM9mr9Q7HCub4Tqp65C8TRvVM77q6CqUGDfNNB6YT,asset,Fkn Visor Ready,Gary Cartlidge,
QmeFBCJRAa49T942Nxz64GBkWw5sk63t8BCn5HtRFKUvgB,metadata,Cry Baby,kloop,
QmYdnYgLAeyRvddVhiWGCNiu8YDAzcPjb63Tck28DgiStC,asset,Cry Baby,kloop,
QmVBKkq6inSDDC9haikG6tFWXj38UvU9GQNZsr9apgRocu,metadata,m👀shy m👀shy,berk,
QmNUgN4wcV9Aseaq4fA1hJrUhLhg9XUovYKiNp5ZTaPxUn,asset,m👀shy m👀shy,berk,
QmPbAWWKpS5oKU3oY2HpyyTjrBkEbmxUwZpwEnykCJm5Hn,metadata,Dryad & Satyr,Spaced Painter,
QmY9hYHo6qZkVSjX1QLjYGXfc6AWy3suoZttnpa6MW3NNK,asset,Dryad & Satyr,Spaced Painter,
QmXic3NnDyV9XNncKfCjQ1jFmWN4Wpoxhyp5irhquj2QSL,metadata,Cyborg Jahleel,Rare Designer,
QmTgZckXUGfbjrNFmgFvvEXky7CTqvrLDrLNpUivpKgRpf,asset,Cyborg Jahleel,Rare Designer,
Qmej6RZcroasmdrQVMtP6WeHuuSsbCX8SZ1wQETq8NdKkm,metadata,Oh,Peaceful Chaos!,
QmXgc9gDxXNbkrXXUZ7eQhZxwgiMuBao7R9D5UiN4SnwL9,asset,Oh,Peaceful Chaos!,
QmR8CekcGuFiKzRUzSbcE8nrxxKAC9uut65gQk591UWwdK,metadata,Neon Infinite,Glitch in the mARTix,
QmcWs92Znr5QCH664Bx8Fm7CfihcLjjTVFkK38qg1gTtAs,asset,Neon Infinite,Glitch in the mARTix,
QmakZwLCZUE8FgXuTeKXCZnRyYjGUowuxBRbxm5P9pu16h,metadata,GANOODLE / 103-62,Stina Jones,
QmRjLaQpYQiE7YjmbEJSc4Ayws2j8TB7Mc9pAkUJ8ZyqVc,asset,GANOODLE / 103-62,Stina Jones,
QmRn6TpczbKpgHcsjbLkSNt3gcSjB47kcr5iposcegf5Kv,metadata,Bitcoin Ball,DinizBR ArtW,
QmYom4MWCN2aJkxnVukTxdT4hP9mWwmDxAZ7pyk9ec2RP4,asset,Bitcoin Ball,DinizBR ArtW,
QmVqPbYkzFQejmNo9dWPMNpUAiScD1o4ndBfgH4RxfxW1z,metadata,Pomarańczowa Pigułka Dr. Satoshi,Lucho Poletti,
QmWMEWDWGTEdkSRAd4tX1jhKcvgjDa6DYWd2q5TjiLvPk8,asset,Pomarańczowa Pigułka Dr. Satoshi,Lucho Poletti,
QmSqiNfFij6LskuRktFLWucBLwejQmffeGyYz8nx4vNu17,metadata,Unlearn - 2017,Frenetik Void,
QmTrbdRLpHtmoBn8k9pzBQyEsSE426UAk62e7w7n6orrgK,asset,Unlearn - 2017,Frenetik Void,
QmZzEtCLxUkhFqa71aDSYRGbCsnHKDGGTv3rkKRofzELuc,metadata,dream machine,abysms,
QmbERhJLFUgTweUMMpWoTnp12dSq8yCYLhXkza9wqHZYU4,asset,dream machine,abysms,
Qmekxn6Yy5soqsNHJjA5JsCRrkeWqhLce4zZHb7v1woBuv,metadata,Best actors series. Denzel Washington.,Alex Shell,
QmQ8XhXhCRANzzFJj4k41gWUtA85f9qyperwU1fM1yWUov,asset,Best actors series. Denzel Washington.,Alex Shell,
QmdWsf9oeqbkekEgGax9kgZJbTjbvoJ9g6YEpqZX7S1jJ3,metadata,Ce nést pas un ERC721 standard,Moxarra Gonzalez,
QmWaWh51cx24VdugrN1whLuwgjBDArUKXbNKRDtSKwQXnW,asset,Ce nést pas un ERC721 standard,Moxarra Gonzalez,
QmUqiDtMeuNu74oZYDif3xeThaBFMugJzBn17RgNeBQwbF,metadata,Bunny Show,kloop,
QmcTUfDF2dkESy3UGyXpAAcQAs8QpJt5aohckZ3NJfPuyr,asset,Bunny Show,kloop,
Qme155fXRxreHmDnREbQNNxxpr5ERPQcMQZYRby8bBB6qV,metadata,DOWNTOWN BLUE,miss al simpson,
QmW9TMLzWdAHNXnU6i9dYEELfALi4K8SH5Y3ejdxFvNM1C,asset,DOWNTOWN BLUE,miss al simpson,
QmPmpAXFfdo1nav5uE1RkX1iTn2gHj7bzCwYx9uDEWwpHU,metadata,Beaucoup De Choses Vintage Aléatoires,An0nym0us Nobody,
QmaPQk7hfvNqrLFhEmHmHjCxdnM6tGDVN7Ak3avB1uCqV9,asset,Beaucoup De Choses Vintage Aléatoires,An0nym0us Nobody,
QmWTTm16cnUKCiYmA9k8CjwVpo1rXYe9vuSMFwqawchHkV,metadata,Made In The USA,Marcel Andre Carry,
QmNMuMgwMR5ecJNwFVaAmJ6r6xb6CobeJBiUVAMcAuUuoi,asset,Made In The USA,Marcel Andre Carry,
QmcKVi49pG9UyFywwNkwxdVfou2fPSV72shh2inQPTtXci,metadata,9,Unrealcity,
QmWM9LWH6WJXr3QBb7w6B2MzerzSHzNiSRLMAZzjzdLwmD,asset,9,Unrealcity,
QmXgFrCbyMfmSbvJYAt7xCZcsfobrSJ1Yu5DuuDKKgL7aK,metadata,РАНЖЕВАЯ ПИЛЮЛЯ ДОКТОРА САТОШИ,Lucho Poletti,
QmaKQ2xxVqGzEGXFnM4v9NGKUvyjAMD6eGd13BTACU5YWV,asset,РАНЖЕВАЯ ПИЛЮЛЯ ДОКТОРА САТОШИ,Lucho Poletti,
QmXcNdQMgf84UnNDPiBfFyQwnvSV8HfPvZJGN5twqUrqtm,metadata,Epiphenomena,neurocolor,
QmcpS1Ryo6CQAjb2iv1qqzobGXFf9Gpuu1WukAdCERawoD,asset,Epiphenomena,neurocolor,
QmV3ZWSqzCouwzkMeh1uwxkQNEVtjJRG7bSTNSUpzbJwvM,metadata,Best actors series. Mel Gibson.,Alex Shell,
QmaNzTaieXMJVkjBTMdRioNZPP7MPiHD4VCtmbbCp27YeX,asset,Best actors series. Mel Gibson.,Alex Shell,
QmXc1HdhypBBbuuHQdPvzqkcHktvaE4HX6Xu7Ep5eWoXC8,metadata,Neon Prayers,Glitch in the mARTix,
QmdiA63tLxWhcM6HaFS6cxjsdk8eWUaSoD58jywjbMDsXe,asset,Neon Prayers,Glitch in the mARTix,
QmSgwTtWmW3w6FRLKpCxgCwnxMxrbo9kckowQneCzXqF3R,metadata,shadow dance,donnoh,
QmVvkgPxtDYtFs1Wtv4GaFVfV43bkZ28MvXKN9Y1nZeLGP,asset,shadow dance,donnoh,
Qma1JpZUbWRdu2sDuV184WSYvVScsz35q4xh9UBvXrXPFZ,metadata,A Bit Nervous,Bit Errror,
Qmc5gYTMpNdZbo6wJfe4pKvXvg3wepKnXtthuJHxz44xCN,asset,A Bit Nervous,Bit Errror,
QmQVXrDFUVrv9ziHv15Rfwhf5AQP9ebog37TBpVhEp3qVR,metadata,The Darkest Hour,Monfa,
QmV3981LETEjDRFV5vCfCJdTbJas3DfMYsb87AQEvVXASC,asset,The Darkest Hour,Monfa,
QmNfR7hP7KMxYVCUjzwj33rHradxfRqJWqiVjNL6hsiEpU,metadata,Playing the Nation Blame Game,RobnessCyberpop,
QmS6UWdcbydhEncVRwo1W8BJ9XniKZPrRmbM1QepErwbtd,asset,Playing the Nation Blame Game,RobnessCyberpop,
QmbsT6tgQ3brcZafFbY7nrfeJr7iuyf6XicDtVQSbvaoNe,metadata,Faye Nature,JamesSW,
Qmae514L49oseAmg141AxqoS99R981zw4JUhh9vfaBeoci,asset,Faye Nature,JamesSW,
QmTa283gvPCLYWecUqVHM4cnh9xYto7jVnoSUwzHbd3ofQ,metadata,Unicorn Shine,kloop,
QmW7chG2LwFdkdZYnUdCNejYz3exu26Emm3seBD1j4EE6n,asset,Unicorn Shine,kloop,
Qmb1eTqe8xRJLfcTYW86jAJF3eyGK1fPYWeXNmvDSS9zog,metadata,Just A Spoonful Of Sugar...,An0nym0us Nobody,
QmT99aGxzchWBeRhwALEzHzndUFZEpT9isKpqeXTfthrCC,asset,Just A Spoonful Of Sugar...,An0nym0us Nobody,
QmeqnNEwXFfKQc9PrRF8SUiE1PQQSc1y7ts3kqWmVJpumd,metadata,Things We Lost In The Fire,Unrealcity,
QmVfeXS318cjGDFFPEisQeozFMxXSpFpoMwV3ghE5Jsn99,asset,Things We Lost In The Fire,Unrealcity,
QmZUwtb5HNJBtZnRgeytojWYuhjqDWKN6jPExGhqFj43s1,metadata,GANOODLE / 069-38,Stina Jones,
QmV9Xy1pyuPP2kEF574KXJwNPvHccWDg9rEuFhndrCjcxj,asset,GANOODLE / 069-38,Stina Jones,
QmPRcu78zmtbV1QWXqJboXJawgqEHesCgngctykykyBwRj,metadata,Best actors series. Benedict Cumberbatch.,Alex Shell,
QmYahYEqHLcLX98CKEhkS3u64xB2orgtcYto7crBf1AjNs,asset,Best actors series. Benedict Cumberbatch.,Alex Shell,
QmUR3gX9xU9XtVuS3XYSQBX1FbMbBtbH69ZaSNurqtDGYJ,metadata,T r i u m p h C h a i n -  溶ける,neurocolor,
QmPoBZeVdyVRnd4eVm7A6qT6moG6nt4Kh2kzQ6tQd1fqxh,asset,T r i u m p h C h a i n -  溶ける,neurocolor,
QmRJTYaoj4nkJ5mrkTRMmTkWhffzTLfWLCZv6VHaEFt4Db,metadata,DR. SATOSHI'NIN TURUNCU HAPI,Lucho Poletti,
QmR7VuxEUva1j4F5ckyv7n874GswQ1KBhAxbX6mGBU6YQc,asset,DR. SATOSHI'NIN TURUNCU HAPI,Lucho Poletti,
Qmf97LRDJLQhfLw81myohVRZfBJaCVqxH6oj6xwwBomKum,metadata,Headache,hngeb,
QmPBraQ3QVQ44orucf9dyFPqpUz4bB6CFwyw4ustivJvz1,asset,Headache,hngeb,
QmWWiqvPjHB2m2JxDDFbhb2pv5fNF2XT6DTWbFk3WYxuYL,metadata,Allswell,Yura Miron,
QmdCTxTJJr6drqykDfSmAXRHqw7Jb1Bi95mG93CFFdaNAj,asset,Allswell,Yura Miron,
QmSigQzq8hZemhpRgRYYswaHcmty9ZKPC9vQXqTNExcxiz,metadata,Daemon,DinizBR ArtW,
QmYgZdeEnWZT5k9qnNBQYoimFTmVnadjXPH5d8Be4xTMnz,asset,Daemon,DinizBR ArtW,
QmQE61JBgdAuLHdEsS7VEWWuorRKAtgmc55FazzHDiCM55,metadata,GANOODLE / 116-42,Stina Jones,
QmShWSCKYhKVw3NQcDSZvz7koZJSTGTJQje2qkwRrcVueD,asset,GANOODLE / 116-42,Stina Jones,
QmZNPecdWavYHJ8oCYWtXUDF438Hfhu7d2sRtPEdt3uzkb,metadata,Part Of A Balanced Breakfast,An0nym0us Nobody,
QmVUnnT6ZHAZcBadKpQQLSjeL3tJJ6FQkRtfnCdCWWbYH5,asset,Part Of A Balanced Breakfast,An0nym0us Nobody,
QmWaoge575m3A3kMSJ8hGNJ6GHLm3niseaSs9TxCX6D8QR,metadata,Best actress series. Meryl Streep.,Alex Shell,
QmTXJVkMFJbuqF2jV1X68UCjRHPfjfzYapWMLEsJQ5kGzh,asset,Best actress series. Meryl Streep.,Alex Shell,
QmVL9qh4SwJhGspx69Fcc7FXeYGsspehmV11QhUa5guvP3,metadata,Clod 739:  the night belongs to cats,Fabiano,
QmTwkUCHLFhnHbG6He1vK7dsxDbXy2xBg7xDTcuHcXp4eo,asset,Clod 739:  the night belongs to cats,Fabiano,
QmdRcjrPUPZjcYcrwVprRADJW3Er3L55NJS2bgqmM9JwgK,metadata,Balls To Picasso,Unrealcity,
QmUXDwF13SpuLNB3vYX73UHmU2vKtW4GTfTmBRAvw6pvRt,asset,Balls To Picasso,Unrealcity,
QmPBA7hePsUeznVmC1WnwVstoBrg6bZaitpdTWGEYBtk7E,metadata,The Siren,Voke,
QmR34vm2TDTiCyx1KW1S4wqoaMLAjhwFjQLH8sWHNvFrma,asset,The Siren,Voke,
QmZDeTDGA7fdtwfcR77WHXpmSdXeEbcEiSo8fCnroj5uLD,metadata,Flying rabbit,Miwa,
QmQxRpcomUSz5Vaepz9uicwWDh495idaiqwckqw1wGoPzo,asset,Flying rabbit,Miwa,
QmWYTyHReC3MKZ8BoVUbC3CvDdQbbczvhaciEMctzASNQ1,metadata,remnant of 2 cryptokitties,berk,
QmbWCBarVSWqNgDwxDHQHJ9BTZiJ6UcfthDUqNM5assjhh,asset,remnant of 2 cryptokitties,berk,
QmPEtimB9JdAUT7N7sx4KCu1iwb5uwKGKYLGfemgutGnVs,metadata,Isolation,pastelcrypto,
QmbqTeJqTUvjGw8RGKWuo9Vcofxx4NNj4FPUab1xHUcgc9,asset,Isolation,pastelcrypto,
QmXeM5Fkxs52F8VNoNsFEwyU8bXFYiHzT7PvmU5sUwt5eE,metadata,Generated #5 Second Iteration,Mattia Cuttini,
QmTQ7heByG5ycj43cBrr1n5iZV3KVk8DnM8QnPFtEYBXSt,asset,Generated #5 Second Iteration,Mattia Cuttini,
QmPydMctdeTHqrB8ESGfDby1gGLSjTP96o36AX93UDTGwU,metadata,trump 2020,Pranksy,
QmSeUricGXQdMzHitHLHxLfN7TRn3LXLutPoAMQZ9D7Xpk,asset,trump 2020,Pranksy,
QmZbAwdY2Zg9Fo2Jt3tNde3nQkqdxmbEUmY4w1G7Lgjgfw,metadata,Amphitrite's Beach,miss al simpson,
QmVBYeA4Yw96cTzx1Y6Dubjtm6Gd6GSn6H9hPM9wY111bs,asset,Amphitrite's Beach,miss al simpson,
QmbWv3QRSFwSWkFdKzzDB9pim5KwBqbECVCavLCaZ92Yx1,metadata,Skull Loop,Glitch in the mARTix,
QmaLqwVPbgfZ46cF7bb5QENeJVtQsGiq7dDSm3E4E4nqdW,asset,Skull Loop,Glitch in the mARTix,
QmP5aJBwmj1eUk7p9Ej4z2EpVcCCFyLasfA3zTV5XdDzRr,metadata,This Is Your Brain On Sugar,An0nym0us Nobody,
Qmag1sV63XnjbhWeKH8P2riBr8nfEZVYLq3z6zehdJJaqe,asset,This Is Your Brain On Sugar,An0nym0us Nobody,
Qmaf8XXpeEd6zf1QAP7t9DjohUXnbXz4NsFUGSuDB5J7h2,metadata,Café,Natalia Zitusha,
QmPzCdbpZhqVwVVw9GsJBnyta8rXvucL9jNEszV295AuWG,asset,Café,Natalia Zitusha,
QmTxo6MDkg3VuPTFh3ChCfT457tHYBsL1jmFtLa9YWMD41,metadata,IMPENDING,frameseeker,
QmWAQNrE9i2KM561LXRhdXi5251qq8zb263HZThmdRGS1e,asset,IMPENDING,frameseeker,
QmXsDHPn85cCBwkv978YNMCJtR9SryBga4qQ4PHhCKZZka,metadata,Playful Sinner,JamesSW,
QmYsYkr3p5DE36Sw4PdJeXA1DpBGPUqq19wr8Wup7uLDvo,asset,Playful Sinner,JamesSW,
Qmdfb8FvW6HU58TCZZkVM71yvEBxzu7m78ZeRoB9iU3hwZ,metadata,Landscape series: N°1 Matter,NFT Artist,
QmV3w4un4yUFNXR4X6zuMLn5j5nCNit6kGX1LMp9GUWgF9,asset,Landscape series: N°1 Matter,NFT Artist,
QmZ1aQwEp6vCPKMyYDf6Nb1cnv3eGGhDoAQ6wqYnqAuHm3,metadata,.nigirOnwonK,fabiello,
QmThr5yAXYSrkjHFwwsCfEpve4JDHzsZ9sZCWaLekw8hZY,asset,.nigirOnwonK,fabiello,
QmPHKaeSY74bbRwKUscFUKYCQTiab1Az93Ej4ivyTP2fwN,metadata,River of bits.,Alex Shell,
QmUqE3158TcT4oJ1y2xszXRj216obqVA4jqDPWf5DbCkXA,asset,River of bits.,Alex Shell,
QmXfvcLdZaTs3T4v1e2JG1r3ZtbDoBqkCo5zm35iW4qRBx,metadata,G!R!_,Methesys,
QmPgcNUBndA1Vbw9Mt6wwjh8mQ87rYugPoGm1hdx3nRfDu,asset,G!R!_,Methesys,
QmPQ18vbmZusL5hvaGXcoKcif2RhoyTmDzWSWk9aQAscKH,metadata,Time Flies 🐞,hngeb,
QmV1pmc8UiKW7P8mRY4qLwWRJcE9hFYfweeZNTmGTUNq83,asset,Time Flies 🐞,hngeb,
QmfZgUPJjp28JRbHHvp2u8KipNoMWthFDgEisE8EnuRU1b,metadata,Calonectris diomedea (Berta Maggiore),Serste,
QmbP2NTxhD4tGm4XUisKgvUfhSeiT93Uu4HgX451nnu4L1,asset,Calonectris diomedea (Berta Maggiore),Serste,
QmTvG2DhcWGtWaN6aQPg1v1gAoLZyrV2rsYYf2gYEbHzYP,metadata,Toss A Coin,Vansdesign,
QmQPZNhmpUnw8VRkMTzJiDuNhXevSqwwWoVHv832AnGz9n,asset,Toss A Coin,Vansdesign,
QmSMyFbbGirkAEGQhcqP9UBDLFqgKKW6x1mpdLGQAaVQZk,metadata,IC 8000*,CultBitz,
Qmf2HYYyjxBq1vTzpkQsbZ4sZ13fuErD1fH76tawPS3odQ,asset,IC 8000*,CultBitz,
QmQRFP2nDehLk5S1DNePsZrkXF2BtSkbXqwqPjbLEYPm4v,metadata,Find Your Space,Gary Cartlidge,
QmXVCZfWJR6osvSyqkPPtWSoj6aZ2tFAi629vStQNZJhxM,asset,Find Your Space,Gary Cartlidge,
QmPBbACgWgfdRXgiAYDRkdLAPc7LAbeDQh6HNAULPXMWzG,metadata,Even The Most Beautiful Heart Can Sting,Kozachok,
QmZP3nHD3TvNVsEHFQdcDkPszoZkC9zumws7apRPVVieKT,asset,Even The Most Beautiful Heart Can Sting,Kozachok,
QmbMLCkNnEdHVbbBSfWcTvPjmNtSB5Qvk8ZxNbD1sszkzN,metadata,...And You Stand Still.,Unrealcity,
QmX7gEygFgLKmEGbJaheaXKdJNWteraLEc3t4ULrFjq825,asset,...And You Stand Still.,Unrealcity,
QmVcLpDEMhHQa289pMGph33ZiKZkucVsR5KjMKq1VEgkUy,metadata,Self Isolation Lovers,Norman Harman,
QmPRd9Sp3HWjpZ1otknhujiZHnQ2zFJSm9uUxKKdP2tciC,asset,Self Isolation Lovers,Norman Harman,
QmfZaUGovnB7rhUoHCvhCCqMvUMzM2dWyvFzk6FW9B54tx,metadata,wash your hands,Pranksy,
QmU5rF7afkwouH52FbcXnLjy7zDZY9ShquHUezRyF2BzH7,asset,wash your hands,Pranksy,
QmXZyVFZWbwdMqUwznSQqaeCs3Div3Sm1cqPaKMCKC3EvJ,metadata,Personal Alien,kloop,
Qmepv4XcSHfYEDyVU8dvo6yyNQKVmFfFpTuzfzoVXas2YR,asset,Personal Alien,kloop,
QmPwSZrGMh4TGumYU3S3yLGQmSP18BRUFZBZ7ipm7Z2dpi,metadata,Landscape Series: N°2 Cold Waters,NFT Artist,
QmdvLNNeMtx7oWAFwWqyjbaQkUqYnxqwwGX6NC3oVyS2Bu,asset,Landscape Series: N°2 Cold Waters,NFT Artist,
QmNs6NBgys4Gsf14BVGdn7jRQKzi1WiDPLCMyMkGMmYfc6,metadata,It’s Sugar,An0nym0us Nobody,
QmcYhNV6YLpf2sicU9cMSuy7BLXRUqxNfzXGvLu4YSFjUo,asset,It’s Sugar,An0nym0us Nobody,
QmaiZYsgj4iPfZWCx9cSsp2PvsXBTmUJjhT8wwi6JSaPG6,metadata,Jay Delay Versus K@$M #2 “Fiat Pyramid Scheme”,JayDelay,
QmWrrVS8QLKgjUahJXtZDZWGutgnZVSzTDyaLXwZzEKcNd,asset,Jay Delay Versus K@$M #2 “Fiat Pyramid Scheme”,JayDelay,
QmXfhRmtmu8RAYbbabB64YDfDrY8PBcyTL8vT4pvuQ1Zx9,metadata,Contemporary Issues,Moxarra Gonzalez,
QmSRqpb17QkQ67QAv9Pb5LCJkAfFqWo5yNCFTScJo8AZXm,asset,Contemporary Issues,Moxarra Gonzalez,
Qmc6G2v11qC5UCH4jZVeQStnHVhfgbkdUJx9BQ91P8ds3Q,metadata,THE DETENTION OF TITANIA,miss al simpson,
QmdrUvBe1Za8c5kYb2hb8ZLBeiVTzjzmQcYEeib8xJvscX,asset,THE DETENTION OF TITANIA,miss al simpson,
QmUzguVzXFqn7ZhyufVM7wyD5ewuwF4EfXrDd71TwXrZv4,metadata,(under the flesh),yrdgz,
QmQ3QVe5zMf8tNqNUYp6xsinxsA2sy4caXwXDzG8MGyBHP,asset,(under the flesh),yrdgz,
QmegPNJEiwgXFPBsHcPboGQW6c55EbbooJAmaGzNyANyn8,metadata,Still Life in Times of Telepresence,Beckermatic,
QmVB1wJLZ6hfdKpmGdbVgNTs4aFbEoQ9XD7ER7NeXYcRaS,asset,Still Life in Times of Telepresence,Beckermatic,
QmSNRautGjNvkahFToH2mPGJruz6CS9PgMFkv1JzswW7Dp,metadata,Surfs up!,Natalia Zitusha,
QmR7UD4oVH3XMZL7pw6ZqUfWQZP3VqYL1nGQzroNrVfPLD,asset,Surfs up!,Natalia Zitusha,
QmeycfNpLsUQBoubntqSVRqvuR8zCN92cHY5YUxHETQ4xu,metadata,Shopping Liberation,Gary Cartlidge,
QmVJeLg2ZXQzN4Jm627Pkd3z8549NC8g7icqcfFLF68n9B,asset,Shopping Liberation,Gary Cartlidge,
QmNyWSRgmS51BHQ7ocfWVgFBuzkrPcSBGEPmUfFD9Yrtwq,metadata,χᾰμαί,UrBen,
QmYSJ4DscDSxsuLZJYYFAtkpcAjscag2hpKRCXx9wwoehw,asset,χᾰμαί,UrBen,
QmbUuNwHiPDWS6EZ4geoQcW4u6UdWUnmNx11AHgBGRa2ge,metadata,The Awakening I.,PRIMAL CYPHER,
QmXgTmgvTBiZUhxp828KfUnREc5pMuGM7tMtrzzcCMfV56,asset,The Awakening I.,PRIMAL CYPHER,
QmcQ9RBW4mBy1a1MuhsbJ57jA2CBAPJ23KN98EQR1Ej58U,metadata,Monday,hngeb,
QmRQfLxPW9URrYkfyTtBpgF2y4u7cbiTZ3Mr6FqDnqxSMq,asset,Monday,hngeb,
QmdBEWiLfcaXyMVJyzybu13yvov6qQrwU7T5RLbpktYQwS,metadata,Coronavirus,green version.,
QmagebfWNpbTnj4qhqD68x5jTg7jhZ7ZVdKnCXYi9Doi47,asset,Coronavirus,green version.,
Qma97pkU1cahcz55RyqL8BnhECt3MecVXF83MYouXGpcJg,metadata,Fading Freedom,Pejman,
QmbvcB8SR5gdsxHQnnokZKc8aXiptC58RoJPWDyaWRdGFe,asset,Fading Freedom,Pejman,
QmWyEkJHC2cZuLV6ENtdMsFqJpChcdqb86yemjXW3hrQbw,metadata,RA,Spaced Painter,
QmaJNJod8VryQmk1SmsNpyS1N5fELh15etnLS2djvsymkT,asset,RA,Spaced Painter,
QmeFRYSJEr52rCnsSs7MzAdRDLfwu7f8UkZwzd3Dt6KPzg,metadata,_ch6_ most wanted men: el doctore,abysms,
QmUN4ztLQWFy7hs55H7JezRzrenvnQNP86D6zQDFZY2Dm9,asset,_ch6_ most wanted men: el doctore,abysms,
QmNWrHd9pSFPF39vgbFjKRGf79Xk3hES2PheoFW428YeS2,metadata,Cyborg Funeral,CryptoSpectr,
QmXHFPKan8MRn3LxgztH19wR7gY7Q3MfxfNjDzt622YTBE,asset,Cyborg Funeral,CryptoSpectr,
QmcABjCDrNeX8bLduXaTsMhn8Prkfwm61PF4kJ9yPkj4pe,metadata,Diamond Drool.,GISELX,
QmdyYtoxLu9Z9uRGkokG18nRwmWTW4Ww84H2622xQwpfE2,asset,Diamond Drool.,GISELX,
QmTje1xdSkBPs6X6RVXk6QST454QrCTiGHz99vaixsH5tv,metadata,Diabeetus,An0nym0us Nobody,
QmTynyN8ojwa4cE6izm8TtpFGQHAxHLMKUdYiSvdEVQ9RX,asset,Diabeetus,An0nym0us Nobody,
QmZnubBwaM3d4jGsnSzF2j6Ts2FPYggqqEvthwm5PNEHFS,metadata,Fairy of the pond,Miwa,
QmQwZt3gpH4RbfY6Dtv2p3tNUhzcr1QY9szVHnnS7qkaXr,asset,Fairy of the pond,Miwa,
QmPi4CUoa5FqVQZQBWPeUi5Kbe3CvdZAqE3SQQvY3rrX4s,metadata,Winter Death - BLUE VERSION,Art for machine,
Qmd68vCHVpj96czngfpHNw75Ddfesipa4cB2PtpXuxXhBQ,asset,Winter Death - BLUE VERSION,Art for machine,
QmTG43v2A42zRpzSGS6mkpafKxwxJKDDD8dm3nsh2RfZVT,metadata,zombie nation,Pranksy,
QmVUHvrwPduDkY4R8acGwigVphF2bUW6m3vKBaN17osvax,asset,zombie nation,Pranksy,
QmWnS1JF83dtZFzPp2Yi8xtEksPevyaiq2cW1ZtVAm7M4u,metadata,Towards the Light,Bit Errror,
QmXhMD2sd3BfqPFdUmiV2RQq2LDRTYRYk15cTBSbFZJjWJ,asset,Towards the Light,Bit Errror,
QmemJd2LYX3nc2vmnWVzg3is1AcdTCCHTxu2KXV5kpbTv5,metadata,Bodhi,Yura Miron,
QmU5HAdxhJqRxvNnQU2cns5JxZeMVskuVgKuNnSz4Ef2oT,asset,Bodhi,Yura Miron,
QmdUwMdJKtZeZBVELrzWcFtStvuhfuMJKYQCLGgZK3Ho8t,metadata,Blackened - Abstract Fractal Artwork by Stan Ragets,Stan Ragets,
QmVKLTEWA4oQkH6AxxjrTAHrnKMz2aGf7V3behz3t8pJEZ,asset,Blackened - Abstract Fractal Artwork by Stan Ragets,Stan Ragets,
QmUyDrH8QX2SCRe5nLTitm32PQvwZrck31ZJfvbypCZ1fh,metadata,Test .co,aktiv protesk,
QmdoHgiBEcSZ5oY9r6qf25vKtHFS6jSQiyCvnFHvw2zggB,asset,Test .co,aktiv protesk,
QmNoTor1RzxwyRFqPh3p66NU5iDR7F99L49tTVi7rtXV3W,metadata,Coronavirus,multicolor version.,
QmSZZZr8UDCJVLzx5sUr7dzwuir9qdTv9iX4pkpzZMmKP8,asset,Coronavirus,multicolor version.,
QmNPShTo4MtCXfhCiN5ktXJ6b3Kir4nkadm2mK5TJtYRjv,metadata,(la muerta),yrdgz,
QmTtesAgpBijwFxq75e1uFycbAB17DBZwcoXCncCu9CCzu,asset,(la muerta),yrdgz,
QmYUzPQLjP8nUYQNpoZhPAAA7Viyr4Fdefv1Ta7B4Yjs9v,metadata,Social Rat,kloop,
QmRNuJDBMwzUPTvs1JCRvYmnwfAA2FvpHxgFYzAXHnAiCB,asset,Social Rat,kloop,
QmRBKTMbQ95FN5dJozBQTn2DX1MNnqrouD61uuBKbXQYas,metadata,Til Death Do Us Part: The Shivers; Plague Doctors,An0nym0us Nobody,
QmSUuPi2HzK3kJk5wNE4QhSwMwCdny2kj7FWc6Fx6ZEaJR,asset,Til Death Do Us Part: The Shivers; Plague Doctors,An0nym0us Nobody,
QmNM6SY3x6vVRsC3jySdYgLtaves9wsqJmBvoV1qinc3oN,metadata,Reflections,pastelcrypto,
QmUWLWzs4a3skz7QicEmFs2WxXHeke8GJEVfztjDmaCQXo,asset,Reflections,pastelcrypto,
QmXwfEDn7srUJhHge1zVfTxVJnrY2XeqdD3LydQgbT28aX,metadata,Landscape Series: N°4 Before Storm,NFT Artist,
QmZCdAuizgQDLmnTYUN821ALdRPd4DsPDggsCbaK5Kv1n2,asset,Landscape Series: N°4 Before Storm,NFT Artist,
QmRezCLbDJca8dp4XnUEAH48j4hzasBejJz4jpPHQTwXz9,metadata,THE POWER OF GAIA,miss al simpson,
QmZjcZaGkYg9R3idnZqrAHCNrNGGkGt4US4VJiPzfq218B,asset,THE POWER OF GAIA,miss al simpson,
QmPoqqhm6UrXp1N3Z8DgtMfNkGwrQy9d37QLqhsiYXVovD,metadata,Hummingbird Feeding Profile Gold Edition.,CryptoSpectr,
QmSyf5u32br5vvMmG4CE9g8TTjFDMtH5KrtJ9ZW5gtvoem,asset,Hummingbird Feeding Profile Gold Edition.,CryptoSpectr,
QmV4ZqFU3Ekyf3NGD9UD4yvXgApiXvBC6ZUABjitZCYfGS,metadata,Alkali metals,Yura Miron,
QmWSK7RyDvAU1x1CwbaYfKyCR3BaKVjEPJjZHjtFvFojp3,asset,Alkali metals,Yura Miron,
QmXhLtzu4BjdKcrv7PV39bq45JCGccxpffxap3xngQzQR6,metadata,naked in front of the computer,abysms,
Qma9b61JkT2WZMxQRVrRWVRQsfqzKmp6NTGvdFLtrYLvCR,asset,naked in front of the computer,abysms,
QmRoCmLUvGZB9Cp8kka5wkkHc8bmUTdBAu4Ju2hrBAB8PU,metadata,25th Infantry Division,Tropic Lightning,
QmfLEW7bbDtddhx26vvtzC6JNzkRcsSR2viQ9pjoP9KWht,asset,25th Infantry Division,Tropic Lightning,
Qmch5hYvotDxpMdUAodt863W22mfqSuDmsnXfpbvvLaob8,metadata,Laundry Day,Natalia Zitusha,
QmUqUHAyNo6URziiPkucqSd8NRHpskhjcr7RXdu31XjwqK,asset,Laundry Day,Natalia Zitusha,
Qma1RxNWUAwspQeMokYSaWAxooNVjqD3rfUH4rVD1hTk7Q,metadata,Coronavirus,it leave traces in our lives.,
QmU4ZAejJ93scNXP5Cjh3rR5V4R1VWmfMgeq5VJC1BZDk3,asset,Coronavirus,it leave traces in our lives.,
QmZquKaH5SJmC3yeHA48dtFG1qXmYxZZ8SGYhUcg1mogx8,metadata,Winter Death - GREEN VERSION,Art for machine,
QmQRJ22qyZYDCTNG4y61BDhYqkgyeBWkatu5n4VvkDgakW,asset,Winter Death - GREEN VERSION,Art for machine,
QmeSTF9s3fs8oTZH7wmteFKaAiGZ9cpq7JxFEYvoWkSfip,metadata,7H3 R3D-CY4N M37H0D,An0nym0us Nobody,
QmdLHoWUrc3zqKFYqifhVhTsARqfDrQuTEgJ7FNYrvfRJm,asset,7H3 R3D-CY4N M37H0D,An0nym0us Nobody,
QmRjcyBhFtdRERZDcJfnXNvz5nej1qLY5wiehb3Acyts9C,metadata,NFT Landscape Series: N°5 The Wall,NFT Artist,
QmNiipn5oT9s7YNdVCfEr5tv2kgWXeBUSgYVQEeSd1tQBb,asset,NFT Landscape Series: N°5 The Wall,NFT Artist,
QmaySxdeoufJXiA1GBCcXnZHd6Uxrm2LGe2jQqsDPKntNU,metadata,Stay Alive,kloop,
QmQAEP7iUB3njSTcv8xWv92FjwnCNEu4tpsrxNLHgPpnsi,asset,Stay Alive,kloop,
QmW2wFiwia2tvsUZkixBQ4Dc41GUBGNkTX71BxSvyBzye1,metadata,Arrived,buzzlightning,
QmXx1Ys8KUuUqWJBHsnsWPP3ukz66ecmhQnx2Vzz3mYpyj,asset,Arrived,buzzlightning,
QmYGv6TiGZ6oS7njYZNVzfwefx4zH5WCWTsUS6aCgDYHGv,metadata,Las Parabolas,Elon Musk [Ethereum Version] - EM1ETH01,
QmPQxVvRJNcXBTXoDCTnmc5nbQTRBpc2yFQWKqwcZd1YPV,asset,Las Parabolas,Elon Musk [Ethereum Version] - EM1ETH01,
QmXjPcU2f3pwgU9GpMCEW6Urpp13gwPwYtFWBt8ef2PoPS,metadata,I'm CoronaVirus and I'm fine !  How are you ?,Alex Shell,
QmbtuDu5Ysgzta2wyUF1W2Xr9YVbadEGezmePBXvu2mga2,asset,I'm CoronaVirus and I'm fine !  How are you ?,Alex Shell,
QmcevvUaKwZMdEVTnbq8c4PZJKfeCfzecxL5WpCDUATd3w,metadata,Fancy mask,Lucho Poletti,
QmYN6NQczcAbQQL1PF4xd8LEQJ8BrUAMER2NW3kz26GUPm,asset,Fancy mask,Lucho Poletti,
QmT7emCgsB3ZqukmUE1138dwJXBe1VMaUZ8YE85bJjpsqr,metadata,Skull,hngeb,
QmYXNNdXAyKaKSZ7zQA9Nbg7YTmR6zqSngVfSpNJ6vVoPh,asset,Skull,hngeb,
QmXr48KJifpdzoHwU3dwM8C4SvoYmSZMazR91EvxaYcoMZ,metadata,Twister,Bit Errror,
QmQFMwtYZC1XAcS78aKVZkHq3eyY4SHF4KvtExapbJYDaf,asset,Twister,Bit Errror,
QmPqnaLH1fFGXFyXC1d9tBSCPaK2HuFSmXSH9Ke7AAodAT,metadata,Quarantined: Antisocial Distancing,An0nym0us Nobody,
Qmb6d3wCqXrPhNsktfer81bBEjRY1PYSA9Eai48p929B8X,asset,Quarantined: Antisocial Distancing,An0nym0us Nobody,
QmYDWwRyiE6wknqJqz1pLCfRnHvSVyWQrUm3xPuJ1FFodn,metadata,HO-DL,Moxarra Gonzalez,
QmcFPgw175iFS4NXt7zj9aAAqEG5Sb7XoKDgKBYhByfPP6,asset,HO-DL,Moxarra Gonzalez,
QmRJANM6uRCgxXKcrAjsWU7rpHEJkWS6k4Zb1isGWc3Cc4,metadata,distracted,fabiello,
QmXffeNFrFX3xUMmJidKyWqKDWigvqn8b4E4LsyGLKHouG,asset,distracted,fabiello,
QmZ4DBPn9KbdLneSJ3WWgE8Qxf1HcpZkY7xMpevJtbaKFt,metadata,Tree of Lust,Kozachok,
QmPELojSsDRT1BDegvwhFNstAc3JvCPjFaMgTuLDqouXxD,asset,Tree of Lust,Kozachok,
Qmay12D8xPMpEcDPbGoaSHpu3jVbpgUJ7dsonQFcLKEDac,metadata,b a r e,Nvllsekt,
QmWxqGM9JrHrFkz6KHMWRbDf5WXs6feSxzUw1GdyTJQwyx,asset,b a r e,Nvllsekt,
QmdGvAjg2c9sLBAbZhU68mFwrXL6HspHYJyNoQgWW99MjX,metadata,Hellfire,Natalia Zitusha,
QmUwfBKkPZU4yqq6JcriZQ6d3CJZL9sdfeGuF1oo69e4D7,asset,Hellfire,Natalia Zitusha,
QmZwwJheNJ2KtsQKvBNtL4ihzCgCXDLhq7okAw1suEAkFQ,metadata,Dead Inside,Gary Cartlidge,
QmPzNNavGWSgmNdk5dmXPA8pN1mTXgTRE9yU9rv4u6UEKm,asset,Dead Inside,Gary Cartlidge,
QmWd1tW1YBmaePgPBYJ5qtFZ8VyH5iJKnHdLSrpGzFHzQW,metadata,Eye scanner,Alighieri,
QmZAt4q7KzbxdYD2M7jzSUbt5kSjHccJuYboEsj5H2wAqi,asset,Eye scanner,Alighieri,
QmQuamdWKXYc9naYSLWD2rcPitZ1RqmWkBwBm2fCGToLeW,metadata,GODS OF ROCK,pastelcrypto,
QmTA87ALfs9NMjcN4sezLiSrtWmQiYgLdceEGSNArwhc5H,asset,GODS OF ROCK,pastelcrypto,
QmcqEvVc6dDJZAKD3cMPuN2mbTB1dyHTrgxTBMqdTmxEVg,metadata,I'm CoronaVirus and I feel good ! How do you feel ?,Alex Shell,
QmQHT33e9DgmfEeu8brCzTXYVsE93oHrekj3eZv34SddDh,asset,I'm CoronaVirus and I feel good ! How do you feel ?,Alex Shell,
QmcTVio6s9kVFCTxi7cxZa89xf5pcDGFLnjKiMWQjecHvP,metadata,Pickin' up the Tinseltown Dips,RobnessCyberpop,
QmeYvoP2KDAvGTTTcQjC6hcKWFV9EaUemu1dq63WgWiq7P,asset,Pickin' up the Tinseltown Dips,RobnessCyberpop,
QmTm1mU1ZzbKTaSksVaJSe5dTkKwuSg1Z685FJ2HtERCwf,metadata,Isolation Panic,Vansdesign,
Qmf77U6RhefeDiyNngzMpymUvx99o3ATGYZdX49fmZL7Bb,asset,Isolation Panic,Vansdesign,
QmRupqapqJDKNjjxLvxToBXc9ZRrqe9RwT1GDeKrbnZ3M3,metadata,VIEW FROM THE WINDOW,miss al simpson,
Qmdc57fpnh2gXyrTRsGUi5sHBxe2bxW6KEZ6U9ErwECYgh,asset,VIEW FROM THE WINDOW,miss al simpson,
QmPV4nyojumU9XWJaTNv7HZz3ec1eKCBmZ4RckSeexPwn2,metadata,Fence Kissing,Norman Harman,
QmZezoqvs6DzwGwzeCgsUbYM4xkURsUJoRKUtDwGPJB1BL,asset,Fence Kissing,Norman Harman,
QmRZC1Ja9TXKnHLnBKebQBAj19NriaDrWkKMYZ3cGQPya3,metadata,THE QUEEN OF HEARTS (exclusive single edition),PRIMAL CYPHER,
QmQNHtjtoJ33rLGoEJa8A7gYYs8uyLbvPo23qmWrLB2166,asset,THE QUEEN OF HEARTS (exclusive single edition),PRIMAL CYPHER,
QmXsAxseDu1ycYTJdpRSZuSpsmMhDtHcoSJqEKhXKSyjKa,metadata,The Great Snail Parade,An0nym0us Nobody,
QmRvzNah2ta6dRY8XnaA2ZBgYQFbLvcFtCDNSzftEk5GLS,asset,The Great Snail Parade,An0nym0us Nobody,
QmVTMs9qMhVedWWdYZJyuf2rqE7cY1VgASuBtDdt5EZgMu,metadata,Bloom through the Darkness,JamesSW,
QmVsA241U2iNc7JZb88ouXU8zgSZqbDU2LeBBXS4LrszEj,asset,Bloom through the Darkness,JamesSW,
QmY1dii4xrTZEtMrEcEqUybjJh6rSxxpjwkLPHnVAGMEAg,metadata,Blood Scream,kloop,
QmZwrUVcxJNBED5wz8a5ZgRTfdcYfvypFre7MAdwNGyAaw,asset,Blood Scream,kloop,
QmQEZ6zbizw9XCfvsHhqxtbUNNeKqPquHfnk9tAaDAu4hN,metadata,Coronavirus walking in Rome,looking for a victim.,
QmRqSnmQs5KXt3FiWFYh4xokjorrtDPjfwDXn8FZweRLEc,asset,Coronavirus walking in Rome,looking for a victim.,
Qmc25hCj5gNpJ79NBGsy9YYrGGW2vfRwmNPstounzNmi6a,metadata,Sar AI 2.0,Unrealcity,
QmYP2TWkFz27TSX7eknNx548EavTxZVyFC5ZrDzY5dUKyg,asset,Sar AI 2.0,Unrealcity,
Qmd3sPcW7T2L59zAP4qYAtxrVxUmRH9sufad3Zt9gpdnr3,metadata,creativity,donnoh,
QmZFjAaCZBPqvayPMCv2Jt94dYMFzP3QtXPwK37Ty16UEM,asset,creativity,donnoh,
QmcHzFZicZaVoLAaE3GFnjPaqo2NJstFHcS13jG6LttaRq,metadata,Modern Woman Ad,Paola Castillo,
QmNcSH8zYg5FZNKzHY2BFuQapVTTavFH4tu7UzqtuxM4W4,asset,Modern Woman Ad,Paola Castillo,
QmVsK9w5wTSS2agm2U5QjJqQa1dTEp5XGvjQi6EzG6qwND,metadata,Number 19,obxium,
QmSwJov2c4AxjvwNMshmkqbFVPAQM6UM1MAbFG5yunhaSH,asset,Number 19,obxium,
QmXxRuB1qSccUhU2j2D7KUPhZXx8FjMpbB3qc7E4unW5r6,metadata,Echolocation,An0nym0us Nobody,
QmW6Vhhir5WpNj8SytbNsCrP3tRFXbkT2VMSLLLpea7Upf,asset,Echolocation,An0nym0us Nobody,
QmXhZapNobcMjuoQpstd7s46TV8vpUxYArRBfgqVgG2DDW,metadata,Donut time with Seagull,Miwa,
QmcdRoiNXJZtpq5YXd4mpgqCHjHQhpNNJk5c39Kym5Y3wg,asset,Donut time with Seagull,Miwa,
QmXPown6cHctrp6zoWXrnn4BcHPBFhFrAz1SZmCvFTSnpX,metadata,coronoia,fabiello,
QmP3ELxUct6q4YheDCPagyU6xKtYYhhTLyuFghfMjrEV7R,asset,coronoia,fabiello,
QmSwWKjGzZ5t3oCAh1SkuNZkobJcgRUmEcPdb7JKZ2t3fa,metadata,We are all happy!,kloop,
QmPCm6DVayarYJ1xZ5ZPvNXfEweYKYEcnoURmKyPZX5V5p,asset,We are all happy!,kloop,
QmYPYgMp1bbxc2UAgsvqELiYTrLQxp5f7DNe1CzxuiabHU,metadata,Abstract art,drawing beautiful things.,
QmRS3bKrg7HN1Zm8eSt3VEEjDuym9QaepaH8kTYN26wDbA,asset,Abstract art,drawing beautiful things.,
QmU6g9bZPgSdP9sTdafxwfKipX9TgzRDjiCRssuG9pUHNY,metadata,Art,dottartist,
QmRaYH3CZWjCdLZr6Vyzd6JTHWse84AswxNxiVvm7pkjAd,asset,Art,dottartist,
QmT55WkyC2TaHiHrfBi8eo7abcPZdtFa6SpXfQ7Rjr4pd5,metadata,Unwind,Natalia Zitusha,
QmR6gLNzcv9AXzQdtBFJ8ivK7htcDB9Uk79txupua8KxuP,asset,Unwind,Natalia Zitusha,
QmcAmc194Di5iEVEALvN8w1MyLyL6dRgP9F7ApwS7DU8SH,metadata,Art and Revolution,DinizBR ArtW,
QmT6BHAbMXHGmC82juNXYqWavhbjbXJXciKm8VyZ3KNFjx,asset,Art and Revolution,DinizBR ArtW,
QmcueA2Leh54HBcpriNwC1PbmfUk53TahF76MwMrXkuVFh,metadata,Arcade Memories,Monfa,
QmU269kKqQdqo4ETvRstKijjMsD6duyGfQ36xYEhR1P5mK,asset,Arcade Memories,Monfa,
QmUEgtgETtDtkoW6KsVU7YChDJxrpyoGx6jhpTmEdfLMci,metadata,_ CH6 _ ECHO | 03,abysms,
QmbfXhB6PGdR9mpiDxpwSqmjXyV6t9RZ4btKvENQR9Az8C,asset,_ CH6 _ ECHO | 03,abysms,
QmPP5mPZbFtcx4RK4RSBxTNxH7huBMdXiThZttNLRkAatA,metadata,Path to Perception - 2018,Frenetik Void,
QmcFvJWvENoiRJXQbHFkK2jhFciRfgi8bmHxKqkkubSnNV,asset,Path to Perception - 2018,Frenetik Void,
QmP3CUor1dEdLKDgPJtESXeV8iWNf8nkvcLXX7Sw1sPbpi,metadata,The Hills Nobody Climbs,An0nym0us Nobody,
Qmcqd5ACPCqMXAbqbz3jQSXciBMDLgpnWSdqxVLZAfWkoz,asset,The Hills Nobody Climbs,An0nym0us Nobody,
QmQGXFwQxqgGKeF7UKtEZiK9cdRLhWF1zR2HYUThAVtbk9,metadata,Eveline & The Last Boat Leaving,Unrealcity,
QmZ1tXCSxx71Jy3c3eJuHJ4EBcQPWhvVeYAzP53FJzazfX,asset,Eveline & The Last Boat Leaving,Unrealcity,
Qmd8azur5omoAKGa5WSxP3Udj1kHb17Qodvm5k3ovTontG,metadata,The Floor Is Lava,mr-monk,
QmaQfAGKAC2x5LgXNxRXSe1kQe2HZFwpr41uDq9GSYdr1M,asset,The Floor Is Lava,mr-monk,
QmUZb8Ff7FKp5hmSvspBdG4ccWndX11CUu7w5rnFNYbTt6,metadata,People vs. COVID-19,Bard Ionson,
Qmcd4axwy1gmKan1k73XAtgqWS9HnPiNPswp9ZufHRzwEn,asset,People vs. COVID-19,Bard Ionson,
QmRebfqp2cZUhoFrqxfpx4AFRruNiWccJLn3bSPpTBd4nZ,metadata,Landscape Series: N°8 Hidden Guardians,NFT Artist,
QmZsGknCQKDx7Gz7zt1deoyTvmkUf6WvCpqqufyNHYUmiv,asset,Landscape Series: N°8 Hidden Guardians,NFT Artist,
QmU6nDKifhD7xHyCi2vUU4XioKapGL6FyScMNmvXzqqxeV,metadata,Abstract art,drawing beautiful things,
QmVGZ8BSaPLeqeRd6gJv4jaVCvDFyAYbCugR3Eb2kmzANG,asset,Abstract art,drawing beautiful things,
QmYyZJMckCBTGP6V4t5zY3uHPfsjho2dyD7Vzt39W8sibw,metadata,THE JACK OF DIAMONDS (exclusive single edition),PRIMAL CYPHER,
QmZGWTGKNtWjnMdbCCQ7ZRFBpoWAnE2AmaW1jnRnvC2Xry,asset,THE JACK OF DIAMONDS (exclusive single edition),PRIMAL CYPHER,
QmR8L13euZEkF9Fm4mQc5j9KorHPvi9JdwStLYr3DcuT1v,metadata,the side effects of polyurethane,abysms,
QmexLRTJQjghJQdGRVwrcQQJkoRtbpMtG3Gqk7JgWq8kGS,asset,the side effects of polyurethane,abysms,
QmYRZbc2f1dRxzq1VQjKqmWzV964SGVeYg8g4LGxxJWV2k,metadata,Money Printer Go BRRRRRR!,An0nym0us Nobody,
QmQeWJrCKgYysug1GV6vPTi4y6b3wPEcz7h3kGNuGrL8ck,asset,Money Printer Go BRRRRRR!,An0nym0us Nobody,
QmWkmH7mUSWNvJmCVRX2rLEjsxibgd7r9KowBDfCbmw5bt,metadata,Maze,Vansdesign,
QmPjRuL6u5meEKJ1D11yurvmssXJ5KjbjjmE8GSuLSn2MV,asset,Maze,Vansdesign,
QmbpdyoeaKanqnYbbbxUbHH55cK3RZdNAx1B2P3KEw9zk7,metadata,Lil Dicky - profile,David Espinosa-Russell,
QmPwvcXUv1QNNmhF5WwBx8UANSCBtyAeqpBG3Ts1A1xVsk,asset,Lil Dicky - profile,David Espinosa-Russell,
QmVFjkkKwe79LYKeHq15eqEMa2zNgKSbEjrv2yYQtCwhRr,metadata,BLCKMTTR,neurocolor,
QmaapTjTWzGZx8dVMqPp6fDSMUrh1aD9dhrTKzXaGXqfgF,asset,BLCKMTTR,neurocolor,
QmUMcXaDkWnCJ59aKfRXepCMny9SLQYTHNbTfKzEGNNF88,metadata,The CryptoArt Show,JayDelay,
QmbbLrmW7yhERpcSfCw1Bctu16thi2y7E1u8WyswbPm8rf,asset,The CryptoArt Show,JayDelay,
QmV7Q4NbaPDDcNRTb1do75wXhfF7zitBwqYv3YDhGY8uCJ,metadata,Circle Lisa,e-pencil drawing by straight lines.,
QmdndpL9817WPe1ap1Hbjp9wwP62e3sssN9R4ziheNyb6J,asset,Circle Lisa,e-pencil drawing by straight lines.,
QmQhRviWuqVfdRV8Dp6NU8ys3SDEtwhtFcZja6Cjeo8jVz,metadata,Vucub Caquix,Yura Miron,
QmQUpqEiAtRtZ94cBgPc1dyHRexkCpcwkw916JfGz7dCZS,asset,Vucub Caquix,Yura Miron,
Qmb3EfisEmDaphT4mvLyHstBFpj8WJioWwCqbWnaB4E8pL,metadata,DDF-19,obxium,
QmQgUERCHoAG398uXxRe1CfmA3U6gWnNCKZNX4BckcT4B1,asset,DDF-19,obxium,
QmceMcLfAKjaxTwmRZ8vfvuqP9SuxFZu1tgPiu4ijPUv1r,metadata,Generated Artworks 2020,Mattia Cuttini,
QmPZw4FXphzaM7FFVsBWGqxg379pEsS9i2WUSgRLTjW6bX,asset,Generated Artworks 2020,Mattia Cuttini,
QmXwPAT4qDCditdL9VnojwPfzLwyEPrVFEqy1ermtPYQGU,metadata,COVID-19 Swap,Kozachok,
QmNNzwuiTcY9SfNg1rHbmRSxjT4vmzdxp6HcYZzA1HMAeU,asset,COVID-19 Swap,Kozachok,
QmWbW1Y2t6orf5iCeiunwegPp9oHPMj6xaHtX8d5yrKVSB,metadata,The Blues,Stan Ragets,
QmWQCBUBpEXcA1DFPvPJSrVZEW5oiYNdwpdrf9Fev2kGer,asset,The Blues,Stan Ragets,
QmcTrgoRGK4JNQuTVCSUenNzxWjrPC8EvXMDmHx5dZzPTK,metadata,THE KING OF SPADES (exclusive single edition),PRIMAL CYPHER,
QmcPUSh1c16JMaKJX6hcAcMyxWxySebKvxG9TRJg34vsDE,asset,THE KING OF SPADES (exclusive single edition),PRIMAL CYPHER,
QmYpksEsbvdnhHYWejXuYRMXX6tuqLgLVxs4YZcTwBmpM9,metadata,Paper Bag,kloop,
QmdW7Wn8PZ6NagUX5VCcqnymabeAFnJphgeCF9ErrLDs8c,asset,Paper Bag,kloop,
QmYa7ZrVUXQLncVcBGDCgywBrXMec1YPQBva5HPVf6CSWQ,metadata,WHEN LIFE IS KNOWLEGDE,GALA MIRISSA,
QmPhWsVcKP8Ju7kfX4eoLbDZmUteiKXHBFCrnzSBTfCkyk,asset,WHEN LIFE IS KNOWLEGDE,GALA MIRISSA,
QmX67GEUbdbUvU9YJyZedCj9HS2rt546XvnfztQWZJq4rB,metadata,Thoughts,Natalia Zitusha,
QmVPNFx5fzqreSuCWgUYL2EjVoNn93tehkhP7SEXbsWjMf,asset,Thoughts,Natalia Zitusha,
QmcJ2qaPbCHmQrSKvbvnofhFVYv3csjrLiygtEiDpWHUXR,metadata,Duke van Katzhoven,abysms,
QmZNSfN6SFrut2bvYZBE8YBbkfWnLMkRbEwddkygoo55oV,asset,Duke van Katzhoven,abysms,
QmVvniQarCs66AEmxCvjtzqScw2Dq21zbEf5eiGLWKMyoX,metadata,Flower Girl,An0nym0us Nobody,
QmX2jGc9nNYqndUrh5NSVrhmYighcJbLqss7tUHmf5V3u1,asset,Flower Girl,An0nym0us Nobody,
QmRnA2SjoCoKPNvifjtbmFgYF2FyWZNGCtvLUX6cezKjxB,metadata,Stackin People,hngeb,
QmZRV9boTZALGubLC8LpZ4AUtyGh1ouApNP69AkBVdCemi,asset,Stackin People,hngeb,
QmS6qSc9sVWSMnmEc5gdcDHtMH3Y6bwfue57aQXYDqZS87,metadata,The end of Covid19,Alighieri,
QmTFxFMyrHJPMz8UmL4K2LTfZNR1m8dqkdApJD7r92cPmX,asset,The end of Covid19,Alighieri,
QmQMLVE6GLGYgJTRqqmgmXtCwTLWF8LAWGFWZLFBHryKup,metadata,GAN_ABSTRACT#08,pastelcrypto,
QmZUsyBsX8nMvmpwVbWiNRkQiEr9Nimk6N8Sdep8oao88i,asset,GAN_ABSTRACT#08,pastelcrypto,
QmYtLCYpVFri72QstSCBcpP5tgS4jr4qf5FMxvqbAGTygB,metadata,Fight for freedom !  F*ck COVID-19.,Alex Shell,
QmeVw2yViRkvSBQoTEjLTCHrhZmDKmEk8BSpVsYKYBQM8R,asset,Fight for freedom !  F*ck COVID-19.,Alex Shell,
QmNv7mVnpuSbHcpo7DNgWHEMtwBi4xCKH6X8NhjrjLrPkM,metadata,Way from heaven,WintEagle,
QmeyWBqihS8fkx7FBAW4k475jfGXucV8z1AZiwjD8Zciit,asset,Way from heaven,WintEagle,
QmPNtsjXfxduYwrk2g5WpKwKLhs4SYg3WUsEy8nDNBM5kf,metadata,Computing,Vansdesign,
QmPqWkAzstR3bKprTZYKAhT3yr8h6MgdTWGjGcgHBeXgLc,asset,Computing,Vansdesign,
QmWZskQF9Y2K9AtC3Pqk72fcP1MqJXBZdbUj5fWL44t3h2,metadata,Lovers,Serste,
QmSet6vXqChM9CgcWYZQJqP4Ck3Um92Yesrq7Ebm5Hmfi3,asset,Lovers,Serste,
QmRScaTFjggAe8MTBAeQzPWGre6tkQnZrAuYT8b6wT9bB1,metadata,Silent Spring,CryptoSpectr,
QmQJMeZYBFjDzQNt2XdKceB4zjz5kshn4S2DyCt8an8uuo,asset,Silent Spring,CryptoSpectr,
QmSCiaGwWWZe9zafCfh8F5wbLbykB9QVqHbJTdrtNb6znB,metadata,THE KING OF DIAMONDS (exclusive single edition),PRIMAL CYPHER,
QmRgzp2oLJyyu1Q5hG5jKxUx4DB331x87wZNuZukHVVtJm,asset,THE KING OF DIAMONDS (exclusive single edition),PRIMAL CYPHER,
QmXp2Y5jpDvHcdvMKcZpRo2Z17NhmBtHRLURaHUwT7Yxgh,metadata,Blue Sphere,Bit Errror,
QmZe2XAQZPJ3exRnW7Q2ZXxbDRyJ5DoLQZB6vLs7wKy7G7,asset,Blue Sphere,Bit Errror,
QmVVMBLDhmY4dERRzroXEoRL3yQkzDqEhuDhD4J5mv9kg3,metadata,Ciberpunk,Uriel Hernandez,
QmV4TrfS7F6iXQsFs8EPdQzegCQDZLgVi9vJGgc1ZV7LX5,asset,Ciberpunk,Uriel Hernandez,
Qma8D4YdWyG9unKk2V5qcub74WQZWqXjRL6HDthQWygnZs,metadata,Joaquin,WGMeets,
QmPMCeGvxd2eac9mL24h4zTkhAfdkzb4ULJPQu38eRfV6s,asset,Joaquin,WGMeets,
QmcQsrW2BTnKDvHxDZQXvCyTMsv1cjZ7Ndhu8ueXRhvwc3,metadata,Alternating Currently,An0nym0us Nobody,
QmdDGuRv4vAd3P3NxpNZMygZpcB9ZbJMb9YcsKwCsT5BZc,asset,Alternating Currently,An0nym0us Nobody,
QmPctZKdKbLCFvJ9Yz39RdrQp4s6iVejVkRf5jcvgda7Gs,metadata,ElementalMatters,neurocolor,
QmNUQxkpYmGKcHXS4kE7cXojYni3DKttUM5UQmQn5y48MA,asset,ElementalMatters,neurocolor,
QmZviC6Um57irVzNbe9Rs9hpBLnuSTMJfXDMgdq5z7q7Yu,metadata,Conflicted,MightyMoose,
QmSWoLMZQz6s9yMw26nazyLtX3SYo9yfEwx9sbuiRWn7D5,asset,Conflicted,MightyMoose,
QmWM8R9kuK8jG3StpMUM1MbD2Dotqnu5dxMYQ14biNtZZG,metadata,In manibus tuis salutem mea,Moxarra Gonzalez,
QmdokKrznmaESKZ6GjKU6xxdoT3yJiJawJ1mM2GBQmoBHc,asset,In manibus tuis salutem mea,Moxarra Gonzalez,
QmdTA3QvfdqmFJc1zTX2uGxa4xuKdnqqtkWniXhVukXY43,metadata,_ CH6 _ the morning after,abysms,
QmYR6JJ8PTynUCXu7bAXuwZYjofXqegP6TYqEU7YAfoudT,asset,_ CH6 _ the morning after,abysms,
QmeH1mmS3cS4RkM9RdJwxAUEya3k9euZh3ZsL6Gz8kKw31,metadata,Jesus,save us from COVID !  [circle edition],
QmbWsjb3DF46yCAzbKwyJbswiWCVM5B6UeqkGxpVLKu4vC,asset,Jesus,save us from COVID !  [circle edition],
QmTXagS7DHDYVr6cCVDJhRZ2YPyEf6GfCyi22n8BUT7ePb,metadata,Desolate sun,WintEagle,
QmXBJQ7JerJyDtf2z5vsDckQ8NkB1nFepG25DHKoXCA21j,asset,Desolate sun,WintEagle,
QmdiJvZYup59N7WCaQjzwkfj2B5XvxnLs2MXPdT9HGDVCq,metadata,Buy high sell low,dottartist,
QmP1Th72mm8QqhSBV6RWthZgJis9czgSq2zZNcLy1pPq8a,asset,Buy high sell low,dottartist,
Qmf4NRsiTGjqqV32aeYLPGq7FWQKJUnXE1peANdPwcNs7Y,metadata,░1░:░0░8░ ░a░m░,reviiser,
QmUPGaJsAnMKmvCWARKPW128jznycfBrFUiC5dJYhL8UTJ,asset,░1░:░0░8░ ░a░m░,reviiser,
QmXDQGKpJ5E3QUf6snZNmTzdafWTbYmEN23qPhDV4j7W4p,metadata,Haunted Space,Skeenee,
QmZc7CCM9ae1MFE3Wc3xDTFQyRw6tJDXRrMfS3thSarS4M,asset,Haunted Space,Skeenee,
QmRipwHWL55yYt7VV3Shi9kyJVGni7ExHRdBKUBZSdxUJu,metadata,Dream of Mirrors,Raghavendra Saralaya,
QmarNMak8YsKHoq5KTJcRYDYT1frUioMZo6B22MBBFhDUw,asset,Dream of Mirrors,Raghavendra Saralaya,
QmRkZMGyV1cQ11m2eZq78CdwGqkkP54sH9uc8wfvZAEYUv,metadata,Simplification of the Problem,obxium,
Qmep8Pgn7g59QpiQCFexNu5VHigWDoUpqfNZs64QAdsvki,asset,Simplification of the Problem,obxium,
QmSPspedCpiQiZxkpYs6Y9NzrAFcXLQBQBU3EDFpTic9GA,metadata,Back Off,Mugen,
QmdrhnjRJbxPBTG6fKQQ8qHVd48Cwa2KENpDgUAR7Tn3zQ,asset,Back Off,Mugen,
QmW7YBC1koeVE5Zk85iaqZLiyBjjq6PYvoZcMV8oJzaHcT,metadata,A Dark,Lit Room,
QmbzwFSqmVRdp36rwfASqxetPQqShzvk6e5miHGXa7LncB,asset,A Dark,Lit Room,
QmPPUkFz4PrunKDVyBWDHLB8VSfV7541Tc6WXLZHa9JUaF,metadata,pop art | art pop,v2 edition,
QmXggSYyXrwBaWJNB8YPdUFcHaEoYCpTfP7BrJknrnpEaK,asset,pop art | art pop,v2 edition,
QmPjKTQAz8MMG3u8ExxpqYis4dm2rwWYxjQsbg5q1AnW9y,metadata,Cinnamon,UrBen,
QmXkatMM9ri3fdH1XaUnRh9GxWzdb6ZHnfmVHu8tbA8T58,asset,Cinnamon,UrBen,
QmVXL5cHL5uTi5Rkm3bxJvUj14pLi1eYk3sXrXSQQEzV9H,metadata,Light vs Dark,WintEagle,
QmbzZGdof8JudfTjFshA76Bx9VWAZmAWxy4LpnESZsCZrd,asset,Light vs Dark,WintEagle,
QmQ2zuC5MYnrCiMCcuQXJfXZZ66jJ3hWnbtVknf2JeaBB3,metadata,TIles,Vansdesign,
QmTsYtuP9rooMitRG3iKXWVqG9ALkDvpNSAjh5ndznzbbX,asset,TIles,Vansdesign,
QmUMbyqx2SpR6Ajse5NTJbbZYDwD6Ad4kyQ99bSwz1eiZk,metadata,Hang On A Minute Lads,I've Got A Terrible Idea...,
QmRVv9MGQaJA4bVkmzhrEsvZzj7U7M3mkKwzSzNTHFjHpt,asset,Hang On A Minute Lads,I've Got A Terrible Idea...,
QmV5yYeX6BcCYeuucCeFj63oZiRMUAmrePwBuHTnp1eC2u,metadata,Landscape Series Collector Edition,NFT Artist,
Qmd4WWssuRm8itfqBqwUySqQGkg6UJeDZnFWb8dvALgnZv,asset,Landscape Series Collector Edition,NFT Artist,
Qme5SfJX3KPjV4mWre8ds7FwfSJXFcBNF7YS9LQCCQhGkM,metadata,꧁ঔৣ°{PȺndɆmiC  ßoY}❥ঔৣ꧂,One For All,
QmeXXTDa1kFPJsLkmUs7TPU7EfPFdpc9sWqoBWzdy32ePR,asset,꧁ঔৣ°{PȺndɆmiC  ßoY}❥ঔৣ꧂,One For All,
QmVdQArURZLyfc9JPLiu8PsBEjBLu1LcL329VZhwVa8gMn,metadata,Resuscitation,squirterer,
QmWnFhaqoAUQa2Sj2kPodD2JtAG5KgmhpVFRJTX23QXouo,asset,Resuscitation,squirterer,
QmXss2HDUehuHZcvyQRrDVhinoY9PGaPz1aAx16A4C6wiG,metadata,I WANT YOU TO USE BITCOIN,Lucho Poletti,
QmXmJ93KKr2YBTHSFrRVJ1wToL4mapVWRLdR9TXrNfB6PS,asset,I WANT YOU TO USE BITCOIN,Lucho Poletti,
QmdWCnURhR8vGvZxm3N16Y6qWboP9VF9yJi6dCZB3JzmzX,metadata,Noir,Natalia Zitusha,
QmTtKWnEjjVEP733DhLvSUnDeKTmnvX93cuGSkh1S85RSf,asset,Noir,Natalia Zitusha,
QmYzBPfJgCdEjp8h3kWqhhNMmuw5sfLRLkLP5oHHCqamqs,metadata,QUEEN OF DIAMONDS (exclusive single edition),PRIMAL CYPHER,
QmRLBHzPEtjhD4yhmMNALLJLZNkT71QPsPHXEGXhwG5Jeb,asset,QUEEN OF DIAMONDS (exclusive single edition),PRIMAL CYPHER,
QmYFaAJdSt3dPJvgoLeNusRfqA448HFcdHQi2mkszaspzt,metadata,Jay Delay / K@$M Split “ TRAILER TRASH”,JayDelay,
QmarRZHEutkqS5sAvFehVRAESDLE34nFbTEPJYK8HeunGM,asset,Jay Delay / K@$M Split “ TRAILER TRASH”,JayDelay,
QmdXCeM5hfNmyirJSuRRfh7Xhx4meZBoW8wcMmykwoY5xR,metadata,circular trip,yrdgz,
QmVj2UnPVyChWEEcaaWuDNwBfM2bnXbHxpSBUV4jMdCCv1,asset,circular trip,yrdgz,
QmPrasoTiTAALwAuCGiL9cGqF2XfABpa2URMs6iSbM7yjr,metadata,Eyeholes,An0nym0us Nobody,
QmfHnQq7bqSkfVN2VWe9rZmhwa81iht4qbpMY86zn2M8jT,asset,Eyeholes,An0nym0us Nobody,
QmPGQuw3kXkE3KoxVmtfudd2NNBzADU3PKb1c4qjEDjQjd,metadata,Food of the Gods,reviiser,
QmUZejtU9mqSZDUrDKbmpndQDBr78fJfbny2eDBpK27yoN,asset,Food of the Gods,reviiser,
QmfNM6aWLaH7LrQ9DbbXRoxXYWNMGBupELfg74ojS1whfz,metadata,Fishing rabbit,Miwa,
QmbqRH55bBNj5xrUZA3u1n4DhkkXwtTgFFj5N4FP2Am4Pk,asset,Fishing rabbit,Miwa,
Qmd4c69tmy8PcbvcztM4S6Cqhg9eiGvbdkXedGnjXzCSjd,metadata,The truth doesn't exist,dottartist,
QmTxLAn3dRKomT82MsDjoWusrKF1EVhfRvj1GSG5H6259u,asset,The truth doesn't exist,dottartist,
QmWJLf4MV4BuUm5gZWVMHU5Xk1n142wmiW5CuMuCu7vxsP,metadata,Winds of Change,JamesSW,
QmXHKwpbvvtrjSj5tYZf2ZrjAbEGKWWrBnrVj8nrEy2KbF,asset,Winds of Change,JamesSW,
QmcMxsBApgjGAJYHp9dG6CvZX4T1ACAWZ8KVqbNi25axVw,metadata,Opening doors to magic world.,Alex Shell,
Qmco1VJZTcX12EDit7kSVMdc81UBzaCTuu3SpUXWXP3gXS,asset,Opening doors to magic world.,Alex Shell,
QmcNPrZkV5VNMGw6jwZiyxEDiQbJ6qzmCJpWgiM8dUPxQt,metadata,DATAdumPING,Gary Cartlidge,
QmexvPNNMNaSrZwFbkgrfRXqUTMWM9j8NLFurkLag2rVeP,asset,DATAdumPING,Gary Cartlidge,
QmQzg894gMp2pZs5G7oHRsbK5xkNAXwGxqmbxy5MJodHF9,metadata,The Cartomancer,Beckermatic,
QmdcEaRcDU8t9NPuhqScUGQr91WHdnScm9LdarZzTXyqrg,asset,The Cartomancer,Beckermatic,
QmWEd1hWiYU753Txt86HAg23EenPa4CkMELRWtwuMqWLy3,metadata,FIVE DOLLAR PEPE,obxium,
QmexmSd2TgwUtM2DZWH1Yu8YWAeEpXhoyCXmfLKZqbdxcx,asset,FIVE DOLLAR PEPE,obxium,
QmPLA7aoZshdAp7ymE9UXUhG8pJPEvfcvMrygG2ZnXjD4r,metadata,Study of a nude,Van Gango,
QmNzji51MWCrEaSGM6ZLCPEcwVf5fdZcj6mCGNtbaSufGG,asset,Study of a nude,Van Gango,
Qmb1tsnC6vAHYKcusgxW3KVw48bJ7VsuBFYvZrcYruUTfX,metadata,A Place In The Heart,Pejman,
QmTZtNNv2vPGF6XnsPVLasoSBzmECdJE2JHS1RKkDRkLjb,asset,A Place In The Heart,Pejman,
QmWKXq6pexouzTVs51dr9TbER2dH46DGFWhkGQHRouwDZ1,metadata,Apegó - 2017,Frenetik Void,
Qma1smW569mfPe8VE2v1k5UDvvzsyZhooZKftf539U2UUz,asset,Apegó - 2017,Frenetik Void,
QmUBx2ncWvn6kwT3FbgJo1bRV5XWvEkgaSTwf1p8vVjQYm,metadata,outlines,fabiello,
QmeULfiaHJuHRGXaTKAFrqTJXm8dKpoMhqFE5RE4iUfVTf,asset,outlines,fabiello,
QmeNBhUPhrUzaQ2KM9ni7qkxJoE2NtVBwAivxzgd5dmTxF,metadata,Selfie with cherry blossom,Miwa,
QmVdoKXCSGQNxSM1G3LxyHAbfKHCtASSLT5kYG3ZepPHUa,asset,Selfie with cherry blossom,Miwa,
QmUpwFFTQTWLANeXrJDz1THHxcczEw96T8NKmbrW67sw9W,metadata,The Door At The Bottom Of The Stairs,An0nym0us Nobody,
QmbULBE5wnWATCLFp8FonsYfijT6K5nr18zjK9Z5fhczwn,asset,The Door At The Bottom Of The Stairs,An0nym0us Nobody,
QmcZyD9WXJFKgHuD1f9ymhaeVbo83RJrHRnXGczC88fZgK,metadata,STATE AT HOME - Variant 1,Norman Harman,
QmZ3hJhFKyYwgdoCsL9DV9XAd3LRAiyoYwBdn2d9NcoGUk,asset,STATE AT HOME - Variant 1,Norman Harman,
QmcWLpYRCCLbGo4on64Ns2gDxGU2i6gynK51sxjNU1giJR,metadata,Something Moves in my Painting!!!,Bit Errror,
QmTfXsvEE5JGhUfvfsmmmjP991hz7H5x3ZxHosFLqEDY4C,asset,Something Moves in my Painting!!!,Bit Errror,
QmZzmqjj4kGN8ubtzWFtGpoLLicNQKw5PCqaGxoDndAbJt,metadata,Keep distance,WintEagle,
QmZznZn7druS7NZeHT1TqKV3YjbL4bUhWbCALqchZKGBA7,asset,Keep distance,WintEagle,
QmPz6VGsYBcUSFCWSHrfRUh6C7Y5bprRTGsoAvV6LoUjYy,metadata,THE KING OF HEARTS (exclusive single edition),PRIMAL CYPHER,
QmappgH9Ay9im2ZpyqcX39DtLWdkavV86Bvyu9qXGAFgP5,asset,THE KING OF HEARTS (exclusive single edition),PRIMAL CYPHER,
QmNn1pUaKXVoSLu6Wd6q8yLN9hL8PyyiCTasKeiAxrXJgm,metadata,Abstract art,drawing beautiful things,
QmUCnhDKjnHtVz9nKs7YrwZHHAt1pMm214abcQzwxY7Wqs,asset,Abstract art,drawing beautiful things,
QmWoKWumP7yARHfbxTjS5bZRzEPiZ8efqpgYB57b9o112s,metadata,Relativity,Yura Miron,
QmY6fZQfDuKBpDCsQk6SD8tiVmiHg3YbNwqzEC9dD5s2dh,asset,Relativity,Yura Miron,
QmYMKaSCybzemixpuMk3xgciyKAFLaC83C8mc2bRcpYZBF,metadata,Ornament,Natalia Zitusha,
QmTS4rjfrXquvaoZh58oKspZEc97CQjAhm7BHZ1FHv5Gge,asset,Ornament,Natalia Zitusha,
QmSsmdkydAKQFWn6n7fh8izZVjSSkSohEryu7G7oqpdmFn,metadata,Egg Shell,kloop,
QmasG4fkFCgqwScKkNda9t3GtiXQ1S9nHupCxrcKy4HLu7,asset,Egg Shell,kloop,
QmTnvxc93NpjB4aVGHTLV3MWT2xmcRjWhXZFq8Zq6oQKR2,metadata,Alien Pipes,UranusOyster,
QmSh3F1gxZ7ZpoJgCUmtSd73gK72zqxrZDfFtrjxsb9MLh,asset,Alien Pipes,UranusOyster,
QmcxpwiTkGur1TYqW1sVDvyzEyeTvW2uhLnD22B2LW2dWy,metadata,Sapiosexytime,obxium,
QmTEr9DjMfqZkwH9c1dTDUhnn4YPWZzUY5dDCSZhpAgVDm,asset,Sapiosexytime,obxium,
QmSkkWed1UgWuNJLtyGHQKWzezjnPjHF6UNYz47NpDfcry,metadata,R1TU4L_3RR0R,neurocolor,
QmU16EkfuLiLHdb11w8GBEVxtvvZ9M77amRWX61kGH9iuR,asset,R1TU4L_3RR0R,neurocolor,
Qmahw7Hk1Pcoq2PM4BcxpHmYckSUhEqeUvUwwH2L8Rkivq,metadata,Dark Hope - BLUE EDITION,Art for machine,
QmVoYJs6JDXPFiquNFhnQo2o5SBPggpjtvGsLzXaPcvRPs,asset,Dark Hope - BLUE EDITION,Art for machine,
QmQK3CWoc526jxYdNWkGxgFZzvfJYPmjLTgSNkTZxCgQze,metadata,The Reach,An0nym0us Nobody,
QmVEQ14an7v9QffTvqBthfdcpTMe6x4knQ6nBWpxb85x1a,asset,The Reach,An0nym0us Nobody,
QmU4zohGLXKf9omU3tqrRWfVsqjrKHPjza9QwGqkBsrTaU,metadata,Digital Reincarnation,Glitch in the mARTix,
QmZYPtyFpisw6yo3FpGr5tF3BSUyqrsuPAdyZBk4r2DKeu,asset,Digital Reincarnation,Glitch in the mARTix,
QmbsPQRwdKBs6WSZ8NV5WHg43jk5wVm3mrw8iU8EBX5Grh,metadata,Abstract art,drawing spots by spots.,
QmeDpFffVsASZDSMEh6rSZkGbwZ8BzZzfdbwcUvcdZHPMb,asset,Abstract art,drawing spots by spots.,
QmfBXF76sup12afbGVahrzuVbysUmFrGrXQJezFjv1i4P6,metadata,Tiamat,Serste,
QmYK1TnYVmdT9sTt9zL1Aato83ivjGsDQMLSvppomuCsHX,asset,Tiamat,Serste,
QmeCZbkgvkBPTztdoHbwyWhFchwJTEPV7YTwRSyiH5xzJt,metadata,Urban Series: N°1 City Lines,NFT Artist,
QmSr7Q8QsmLogk2KYtjixjaWhdqi4XFiM7wkF56zzdTXTn,asset,Urban Series: N°1 City Lines,NFT Artist,
QmYPQYmWdsDBN1NSkTjVwpe86GeskPR7Fbf8gwb21m1TdC,metadata,THE KING OF SPADES (exclusive single variant edition),PRIMAL CYPHER,
QmRZcBAFmFgEyzJWkXkgRBemzaidpzHE1GPtSGVoRPSbWT,asset,THE KING OF SPADES (exclusive single variant edition),PRIMAL CYPHER,
QmSpXkDoeB3GCJtp7pEvaYFk4w6xhFjBZCYYirLaKhj9gE,metadata,We Don't Need Your Fiat on The Moon!,CryptoKaiju,
QmbHD7KLoqH34RHEpn12zLpq6LK7hkkbrMa9kZmekcSwpJ,asset,We Don't Need Your Fiat on The Moon!,CryptoKaiju,
QmQfQLgj3M6YNiDBsvSrGCXJvtjmjvh65gj9sCoBFqi1SU,metadata,Kingfisher (Blocks),Voke,
QmNqwzWnprVjV7e5a6qF4GnugyVoBAKYXw9WpyLRjDRRfV,asset,Kingfisher (Blocks),Voke,
Qmd44XkwS1si3EiQpHhhubzDqU9VYyfNocaoUhGokxbkgS,metadata,Welcome to the house,Miwa,
Qmd5pkV4RfyJsmT7CVys4HqgUByqcW5mmV3DJxg7w2ZscX,asset,Welcome to the house,Miwa,
QmY4oUpB2N2MhieugigQ1CRB7vr52dW3vF6YnJcww8xQ6v,metadata,꧁༒⫷MØn0𝐋𝐢𝐭𝐡ᤂCl𐍉cҜ⫸༒꧂,One For All,
QmPwstQgMcjUv7J6dk4aR32msPUTAEZhMDTZCHxnW5ZXDZ,asset,꧁༒⫷MØn0𝐋𝐢𝐭𝐡ᤂCl𐍉cҜ⫸༒꧂,One For All,
QmT7Y5mVJw45ea4T6DDeVwa6yPmyXYd19weAEy38YbH211,metadata,The Fake Waterliles,Gary Cartlidge,
QmUAUEfJueFvGYdLmJyaXS9CdEj4HocoCR9KP8UyGKFngm,asset,The Fake Waterliles,Gary Cartlidge,
QmdMSMKjrLU5prRgmLLXECSbQCbY57G988XTehkgpg1mcn,metadata,Don Glance,UranusOyster,
QmcUTQvZNYnGto6yog6V1ZhcN2Yai9pm9bssuiGhU3UmAY,asset,Don Glance,UranusOyster,
QmauHUF3SxgcaN55eUeh8MnD7ZAusw6Po7Pm7mPE66jBaB,metadata,Cross-roads not always lead to success,sometimes they just dead end roads.,
QmWu5s5chko71bLGA35MmGBnStScpLRnNKaiLn5uu1j8JF,asset,Cross-roads not always lead to success,sometimes they just dead end roads.,
QmeUo1tWkQCkQGGGMpnv5GXWmmrfRjRQymDofo6JKgZGsA,metadata,Still Loading,CultBitz,
Qmdt74LebKupdQ3zHxBBc9ndoAFB5kUAjY9oFmd8urHpSy,asset,Still Loading,CultBitz,
QmeERnRF5UMeTrRoHp2BRCebTgxJT1Q6h2a3LWDK553C53,metadata,Magnetic moment,Yura Miron,
QmWsxG4qG51JGMZK8VHL5UFc5xZ8Enn3fBysSmuGL6GyDa,asset,Magnetic moment,Yura Miron,
QmehxRBYGzkcGadJW3CB1MMrLV5F2DhU9dBhpiDisRzoS4,metadata,For the love of everything intangible,jonaskasperjensen,
QmQKy2yosnGgN189S2A3qXEpZvbsTLfVY22jVkSSta9cRF,asset,For the love of everything intangible,jonaskasperjensen,
QmY4jGca2kx8qDaCzKfgUsE8PzJCh67U93S6uypshgHUEX,metadata,Black Angel,An0nym0us Nobody,
QmeJNJst8fKiCzYsc3p52X4QK1dwDKfNhPznJSuwLBKmhN,asset,Black Angel,An0nym0us Nobody,
QmQgkPyHSvdZhJAAcVxycFT7VFjG66UJzAgTuaZKj4JX1b,metadata,Hamlet's Cloud,Unrealcity,
QmfLpdp3AQdsbhfUQ761zQHABUJvMAXV1jqx4GzVZFqkom,asset,Hamlet's Cloud,Unrealcity,
QmWnfUac6xt7g4n1AKUeib2q6crn3z7Y9Jnfjtsm9vQhbz,metadata,Cyber Idol 2020,Spaced Painter,
Qma9df8JsvjuJrHwBV7Ktrg8SdBeZV5Nq8RHo8pnL8PKWL,asset,Cyber Idol 2020,Spaced Painter,
QmYtRwqFwbrfxkx6YTqXdTYn5T6zdqQd7csYTT4JkbA1hr,metadata,In memories of Stellar,aktiv protesk,
QmNQQLhGFzPpDz8K3Wr8gSXQ8V2se1NRLSH7FJAesXXiPH,asset,In memories of Stellar,aktiv protesk,
QmRC8aGjUhuDuj1w9xWbgKysUMKzN11fsiCnkEDGYd3Bz9,metadata,Atlantic Train,Monfa,
QmWcv3vHiVqkhEwdBpxL2n4eeRizZsEjMdQPxkDBx6pWNe,asset,Atlantic Train,Monfa,
QmV7TwCocmGtajoVBa7ePTLBruY2uLB8F6Zii69H8vEMND,metadata,𝒯𝒽𝑒 𝒟𝑒𝒸𝓁𝒾𝓃𝑒 𝑜𝒻 𝒶𝓁𝓁 𝒞𝒾𝓋𝒾𝓁𝒾𝓏𝒶𝓉𝒾𝑜𝓃,𝒫𝒶𝓇𝓉 𝟚𝟘-𝟚𝟘,
QmRCDtdH5JJjUshUgvMHF1pW5DnmyrGdKzT3CdYfujmara,asset,𝒯𝒽𝑒 𝒟𝑒𝒸𝓁𝒾𝓃𝑒 𝑜𝒻 𝒶𝓁𝓁 𝒞𝒾𝓋𝒾𝓁𝒾𝓏𝒶𝓉𝒾𝑜𝓃,𝒫𝒶𝓇𝓉 𝟚𝟘-𝟚𝟘,
Qmf1gW6WfjbUXmnrkmC9Eq1MXHBUbuNBTej5FeTMzJCFD4,metadata,Creatures in One,LoveArtHate,
QmXXAbR65fukGXfz6WmY3hAedUuSCHnQMtqFmPB2JRaacT,asset,Creatures in One,LoveArtHate,
QmayJupsxotot1P9fw9uanHXcqcMUnwkGK9sVBP9uFagL3,metadata,Brrrrrrrr Monkeys,Uriel Hernandez,
QmbvQXfoofsR2GT13DoZUGy9XjckWcvfYqeh3xoqqkjVxP,asset,Brrrrrrrr Monkeys,Uriel Hernandez,
QmTwBLikUj1NcMFfApWBnXfjCEu5y1Pg5aNb5it7MR2eBg,metadata,abstract GANude_1,yrdgz,
QmS8S6V32AKdunoiRrHRyhfSw7xpZNtRrVsW9PCydSPrHh,asset,abstract GANude_1,yrdgz,
QmZYNo2yDQLtEwvnfGTTtnHqe5dBDz9TUtryTeKteC6j89,metadata,OoakosiMo’s Avatar Selfies and Virtual Reality Landscape Photography Split with Jay Delay,JayDelay,
QmPQ8TgTH7EAhbPNTfWfJATW9QbJS18KUWGc12mHFyrGfJ,asset,OoakosiMo’s Avatar Selfies and Virtual Reality Landscape Photography Split with Jay Delay,JayDelay,
Qmf1xcDwaFXPSdGQSigv4Rk49oeDTxXooWQkJ8hDzuMMvY,metadata,Fidem,Gary Cartlidge,
QmQfW3juHB4EUKuk7CUDB5yCWFnsoz2gCHtYHB53CWwWK1,asset,Fidem,Gary Cartlidge,
QmaQEybyem5qkQTJwQewieBKVSTXXm8V3SV1ohKyXxHVuK,metadata,Is NAirobi dead?,dottartist,
QmUpNuUA6nkUWAcLWBsQL6M15Yitsfha5jx5Fmuc3vKb2k,asset,Is NAirobi dead?,dottartist,
QmU1dRWWLXjsLrXHidEdJVFAmnsujjmPUL8websUrcGCwL,metadata,Bitcoin,Alighieri,
QmeDsGyTUp7gQyxVW9YqgBFtehM7PWRYxiQvwzn5td1sf6,asset,Bitcoin,Alighieri,
Qmf8RKQP2kvCSCeY3e6zeWTRdJz8XD3UB2kwKnxjcCDv3b,metadata,Objects transformation,from circles to circles.,
QmYVxyTNX4dxvp3SJn5W2PP2WWBoUviFgaa4yBnz3TgZxX,asset,Objects transformation,from circles to circles.,
QmbNSr4tQXMVwo2xyvR39Gto6xy8QHus63EYcoqAnZHruz,metadata,Planet Covid,Kozachok,
QmdQgtBcGCzFTYp37VARhcprh7G8ZyiTcQjYrdMonH2Riu,asset,Planet Covid,Kozachok,
Qmay4bM3EbFUHKV36UT4Gc8YNxjgqGLTy5iPK2GTLQPC9L,metadata,Kaiju,Miwa,
Qma11iDkNFVCztg86vAtXQcusZxJURDfFq6QC6xUsw6CCa,asset,Kaiju,Miwa,
QmT5mHnE2sf8JaKSd7j81UPv1ToM9saMBTspU7QqD3cA3c,metadata,Luna punzó,Beckermatic,
QmTQGmGLKJr3s5kMLDK8hU9ZdcJS8ZvRFVGARbaV7ZCSPA,asset,Luna punzó,Beckermatic,
QmXqL7ebJ1GEGia2UMQALvA1tj5o3oY6WRDe3pwGpei55D,metadata,Self Recognition - 2017,Frenetik Void,
QmWRkPE2LPpoJ77ZJSaccnxgcxZbzEhPaKPiUcnr8J2jVH,asset,Self Recognition - 2017,Frenetik Void,
QmQMeSxu333XKZDuns36ZtxM9ZH6TCZkMiPQ1QWyrbESyA,metadata,Distance Observed Through Graffiti,An0nym0us Nobody,
QmXdeR3Pzh36pqv2e5xXBaGu3Lzm3t3nHcUUiBzeZaVppe,asset,Distance Observed Through Graffiti,An0nym0us Nobody,
QmQiJj52nQ1EsTuPeAbkZbDiGgpP9WSPHfRE4byuSoWKYK,metadata,abstract GANude_2,yrdgz,
QmTideRzpX9hQThMfQrBDpp7Bm11yc3Lu9F7TPeuL4amsP,asset,abstract GANude_2,yrdgz,
Qmf5vAN5gdyeweAwqg4YPQqsLwRcjWk6Y9w1VLpVhhS6mC,metadata,Flight of the Bumble Bee,Stan Ragets,
QmPfqsXss5b6XXR1ZcZgixHvLHYjbST366iqB27Q6F5ysb,asset,Flight of the Bumble Bee,Stan Ragets,
QmWXLaLXsc7xRaf8thwbpuFZPcyMhiWuQtLC4oVki59116,metadata,Plasma,Alighieri,
QmZkw8x73jFAwxJotpFb38fGd57Qp5MjVyePPiuCUWFNLv,asset,Plasma,Alighieri,
Qmdn91DduzCQaVLyGJLjXy2njQFJEbhvASXS6SsL4aHBAN,metadata,Generated #3,Mattia Cuttini,
QmS55jwmmagPF9JcSu6EbjFu35QzzDZmdoziPondU2kEoV,asset,Generated #3,Mattia Cuttini,
QmbSJa6aP2uoqgibYZBE4iU8ryRD71VcPbHnM2dSE3Q8Kh,metadata,I order virus to go home.,Alex Shell,
QmVro77ZzQTUo8hHaUjHREH72nPNAtmgii9MFswMSW4Kzv,asset,I order virus to go home.,Alex Shell,
QmQtP6Qeo6KrCJBJqXLtTCsSMmxdSEhciV7uQo3fb44ZD6,metadata,What an idea!,kloop,
QmVReTpWzccEc84uegiGRZ1JQWkKcRStF4zxxbWhGnLaxb,asset,What an idea!,kloop,
Qmezb4hEfcnmGG9h8FfAow9aPWZv7avo1VdGtSgAACWv1g,metadata,In memories of Pebble,aktiv protesk,
QmZWDJ9E6TYnXAshxLeCXLMBu3sMAECG2izEXotq8CQwNY,asset,In memories of Pebble,aktiv protesk,
QmaNWnZxdo2h98ZPP3KTqyJrRCuctKxuzr8kWBA4Cs6atq,metadata,EdgeLord Attacks,CryptoSpectr,
QmbsoBQWxe4g5qpCWc1kJEyRoM67piD8jQutUWtocSS4VS,asset,EdgeLord Attacks,CryptoSpectr,
QmPCKopabQksziRi4n6BtcXG6GQFVTpHXmkQrFJ9ct4zDK,metadata,Shōkan,LuluCollages,
QmPa38xPnsjK8VqBV3E3xxxQUKceJYF7wbnPmJN6DiLSJ5,asset,Shōkan,LuluCollages,
QmXbEpCWju8mNM2NgcvsrQHfpKMapD7cuxhUTnis24hN73,metadata,【m】【o】【s】【s】 【2】ft. hidden: [░I░M░A░G░E░ + ░A░U░D░I░O░]  -ＣΛＴ-,reviiser,
QmX3GdQThJwAv8n8StqYnNYiq7TFzCigTwtygttDFveiEy,asset,【m】【o】【s】【s】 【2】ft. hidden: [░I░M░A░G░E░ + ░A░U░D░I░O░]  -ＣΛＴ-,reviiser,
QmQmAZ5CZGoYu5J4TQbJ728c45ExWopZicY9LrCxNNTEZ3,metadata,[Prioritized] in the USA,WizardX,
QmeFFVj97RS1GdfTxgfbJETeX7Haufwj8yHqcK6NroPHwW,asset,[Prioritized] in the USA,WizardX,
QmQDSzZoBcDk69GqqzEfx2pqBxvp7EcsDXhqGKNDigu1f2,metadata,One man dies one man makes money whit the coffin,dottartist,
QmTrj7hoJDw1oxCHdwYhoiPTihAKksicoop8vPdiru9CAN,asset,One man dies one man makes money whit the coffin,dottartist,
QmdXX5eYTuRAmCxWRAErysNbMVwNECYrFyX8jSs1nLKb7s,metadata,Shall Not The Judge Of All The Earth Do Right?,Unrealcity,
QmUt5GNYRkSwiadWVzKzJcZ62KmJbyqgVeGwFwDibRPpoZ,asset,Shall Not The Judge Of All The Earth Do Right?,Unrealcity,
QmVMcWBfKcCa2KtFFzDmBhkX6xQMC6hGQqagkS4M9FxZ86,metadata,Vector,Vansdesign,
QmS6PCXZfqJEW79gmy84m3RnuQmTacrjEpho1DE2612Saj,asset,Vector,Vansdesign,
QmZPW6p76u3ADkjEPd9vJ3zRQPqyAjKDBUZP69pZaXvSEL,metadata,Geometric Abstraction No.1,Neko#1,
QmcGy6geUxcFecKotCJ9rPaGbacJeQALTqXUMRZYh5f7wB,asset,Geometric Abstraction No.1,Neko#1,
Qme717M27VHf9KyPwfh7xYMmjXagL29kr1tM9jAUXDVqWM,metadata,Untitled Colors,obxium,
QmZ9MxrXMT2SaU5g6TguRpzkY4SrGcs3AWCHB3kRA9KTiT,asset,Untitled Colors,obxium,
QmTeR3oUsjs7ABGvZYxqFL6xa4d5PP72iq9e6tb5DBp8Ds,metadata,Andy  - Wandy,Alex Shell,
QmPtm2czL2KTp8FwiMPoECHDAPevD6zzXyZmMpGJWkr1FE,asset,Andy  - Wandy,Alex Shell,
QmcRPtFimdCmCg1FoNktoPas7UN8FFYJDwKN8tasW1rgda,metadata,Adelante I,gcrll,
QmTiB2dwRHmXsS1Srw139MbuiXp6BDC7VFHvoRSmG2AZQS,asset,Adelante I,gcrll,
QmWZwogRNaEAFBw6cTx3ZM79jajg1QuEZEDDk1Uk9s8ZXh,metadata,Ophelia Madness,Mugen,
QmW4aRS6d3oM8qj6xchimRH5qktQRJxXkA2Gj9wAHxPJtp,asset,Ophelia Madness,Mugen,
QmWJXWYa7QGqP2JKA8WmiqduK1u8NJ649TVS3jJ3W5kAaY,metadata,The Dance,An0nym0us Nobody,
QmfLnJ319g2yEz4WQV546T8HmtibVUNELq1a3Ekyyj9Yyh,asset,The Dance,An0nym0us Nobody,
QmdmRLx73cDXWtunSYLH7rP1cNPWpjD2WkzjScCi8pJzMe,metadata,Mir Or,Unrealcity,
QmZKnfVqhfoYdYgsCCprxQpLsUQxx417pEGqw652skq8yp,asset,Mir Or,Unrealcity,
QmZoWpeZ8W6hwRoMP5AH2UMKTFW2BzBrfsBsauGoNKyW4i,metadata,Neon Aura,Glitch in the mARTix,
QmdToP27x9VGf5h29Fko498ZucBVP9EqWjTZxZHX61P36K,asset,Neon Aura,Glitch in the mARTix,
QmSRCNVctxm65y2KL2WNw3SzHXBCuaJhNZ65bpZ6ap5DPp,metadata,Sketchy Skull,CultBitz,
QmSuvUMYYyWFSodj2T4hbNiN6jNchY85N4DizuETKAZWDW,asset,Sketchy Skull,CultBitz,
QmRbFZJW4FD9EZfEb8qXtCZEH43wvELgWBZw4MU9wP16S2,metadata,Rendor Litore,Gary Cartlidge,
QmZRWDEtzRnkVxg6zYxknUVHWwY9yA4MCiiLBA3F38iEVx,asset,Rendor Litore,Gary Cartlidge,
QmQeKWRSLwVNN8SRqmToVEia8wpRaosscpYhxqhmwaxbrK,metadata,The Cough,obxium,
QmWVmKx9ndycixBQUiE9Den6ToLMMZUjmuj6Vnnya22JBK,asset,The Cough,obxium,
QmTfAbfLPshHguLcVi1JRdh7XBzVDr87oR6HJJTkxq94uQ,metadata,Clod 517: the towers,Fabiano,
QmX5TGxc8Ezf3xeCpzQKJyXDpMGRgH6J4MhHmdTGQCzZdf,asset,Clod 517: the towers,Fabiano,
QmV5YxvA71hoJtEskgkDj3Lfi8wY6J8DgLkQU3JWPFCiYf,metadata,Sometimes later becomes never. Do it now !,Alex Shell,
QmVyZgr3tLQ38Lfc8AfJvKuJGRy67Srv3AGLqfH6vsHfkm,asset,Sometimes later becomes never. Do it now !,Alex Shell,
QmaUbeNX9sV79iJYq5uubb8Sde5NQeYPXWyHQ3yg61v4mX,metadata,Field Trip at the Gate,Miwa,
QmRvEgm6ffDybi57xjpbd1Z5g8XiraCtJ8UnKsjQ6iMxaA,asset,Field Trip at the Gate,Miwa,
QmZacT3eRVd35WP3wHyHhwpHkeWwq7c1vuE2aY7GW4xyvp,metadata,Please Be Patient While We Fuck You,UranusOyster,
QmS9GUHV9VXCChSdvfk8B4KvCPNvakEGXQCZQLwUpogwyP,asset,Please Be Patient While We Fuck You,UranusOyster,
QmYYZtxPsPagqsYJduhubtfFFjyphJ9VgjedC8a6fULf5C,metadata,The Kostenki Circus’ Ivory Needle Stunt,An0nym0us Nobody,
QmWwejR9a6A8YcCYBAKv2iUqDGC1KGJEPYdt9huqQBLD1M,asset,The Kostenki Circus’ Ivory Needle Stunt,An0nym0us Nobody,
QmWnwZxtf2n4jCjsduCXXVuLcZMLW83ffYDH8ow3LfdJWw,metadata,Justice doesn't exist,dottartist,
Qmc3FYDdGSNuz4AsTcWFXnUcQBQNN8HXxjGrgzX9M7PL4Q,asset,Justice doesn't exist,dottartist,
QmeLvg8DZuFL4BzfrYZBa2ry8m1bvVYUkhDujj4R7qHKrW,metadata,Argus Panoptes,Yura Miron,
QmPhnCdoQ2UNBkdvvXxJ2J3CVQZEsZBRx6Vbuo3h3jLMuz,asset,Argus Panoptes,Yura Miron,
QmQPpb6MW7KqeD1LghrrQVEjKVuCfwFJZBjqMHoDPUZ8FF,metadata,Through The Edgelord,CryptoSpectr,
QmWPL4EgofZsnxzeXQWgMNZSWZGdNFv7t3v9kutLV9b52a,asset,Through The Edgelord,CryptoSpectr,
QmTA6wGCb6nbH35pb2nz6A48Dcp8UqHTmjM1mwGH9wC5Uw,metadata,Crow Paints With Stolen Fire,Unrealcity,
QmVGzAukYmGjmv1nkt3XjagRJN7ht7efVejYVE4TXBQfbf,asset,Crow Paints With Stolen Fire,Unrealcity,
QmafoCM6pa2kWt1g49dEycbgfpPFYarBc8h11mRkrRgnar,metadata,Brahma,Kozachok,
QmNS4WCUKYA2KYDC5swRopM7ZoB2CKA8UKFybgF15ewn1b,asset,Brahma,Kozachok,
QmeLmMGWooXucrZxPBXZskFeZLqi5iaXzK61kBFo39hmff,metadata,everything you want,abysms,
QmSp5PFVyFE1GD4vWFAc5Janf7LKcqssq89tq3brwBJun9,asset,everything you want,abysms,
QmSpb35E5DHZGFnY1R7wQU95WnWVyy1teLTSMMjPP9ffgm,metadata,Misunderstood Keyboard Glyphs pt. 01(Post-Historic Artifact),RobnessCyberpop,
QmV5mMxstVE6nVCsPEwo5HMCRQAraaVEVJey1G5gNzeutK,asset,Misunderstood Keyboard Glyphs pt. 01(Post-Historic Artifact),RobnessCyberpop,
QmeXMd3AUnXJpWZvsJzCxs7vuCiwPNHuo1EGS7CBkSpXWc,metadata,Impossible Crossword,MightyMoose,
QmZkAWboZRtMPXq9LoLXvaPfimzwCXsqaQS9TjzZs6Cdim,asset,Impossible Crossword,MightyMoose,
QmT5xHNQLANAk1wk8GfuSViXKbZtusqqzGhDLCcY5FsK3V,metadata,Prospector,Monfa,
QmbnzMjLs2nQyvExFZR8QkG5GR5iDHf17JscqZkKtD24Ro,asset,Prospector,Monfa,
QmUEkAEVec813ytdyKAq7XFsnP1YwWoPkSyrgqX3cxE75K,metadata,Virus en Numeros,Lucho Poletti,
QmTbmSSDXF8fSnvPebMf1c7CEYLQcMC4bbBwZENeahwCXi,asset,Virus en Numeros,Lucho Poletti,
QmZhPWwfDVAEGiu1Sg65S2WRzQjvguLYKCsgGkWFj1tbeT,metadata,destiny,donnoh,
QmcktezE3nb8uBZwmp4kJJJ5hXDrcK2JLLmDUSsW4S2hKY,asset,destiny,donnoh,
QmdeWBSJJ9NUi5uYHYqUEcUpHD9Bwo2ssekjGyrjUixHg9,metadata,Bridges,Natalia Zitusha,
QmcgeZWMc2zpssT3hWMvdqMeBdJi7S8G574aZpWoEHYZuT,asset,Bridges,Natalia Zitusha,
QmbNqvBFuXr8AkASWCYgWHZRnKeuULgGiDgFg3298tYVW5,metadata,The Ancient Timekeeper,An0nym0us Nobody,
QmQusTgttxB7DAv6L4J8FPUvP9JJ9dFJGKZSH5Vtq1Fakc,asset,The Ancient Timekeeper,An0nym0us Nobody,
QmToWBhSt2GD8xnty5QNwoF1gfVkcJRgg6w9932eLmk2dP,metadata,Zen,Glitch in the mARTix,
QmcDUznBvEGGv76Sahoa5PLj3dGjakzohFYVqvHtNiRWiA,asset,Zen,Glitch in the mARTix,
QmT2EFSs86Pvkkt6sGiBy1bHuciFmZ8TzyTA4f3CjPxzPd,metadata,Fenix Ring,Uriel Hernandez,
QmcjQmGEn7cXrntJ6tSqYMh4tLDJbVMMYfQ6K5Sbt3sR2m,asset,Fenix Ring,Uriel Hernandez,
QmZGgY3LFNs196axHTT5ywRH4GcmExWyPAeKuAaqRq8Lpy,metadata,The Female Gaze,Unrealcity,
QmcD7cNa3oAvV8TGtK6ssujphLmiK79gnNCnnAF6quj8gX,asset,The Female Gaze,Unrealcity,
QmU9e4JthjRRGMe1JuMmEDr1WDBmxEY3NjnC2LPZpdJhkx,metadata,WALK (A)LONG THE HODL ROAD,ilan katin,
QmSHu5dLiVsNsei8Wbz2vnJKXPyuWddDi8n1cgAHmVjt1X,asset,WALK (A)LONG THE HODL ROAD,ilan katin,
QmQZAs5YwsyLZwLd7wDeAdCcm5HsQtii1nnA3cSLNFxgHw,metadata,Virus !?  What virus ? We kim them all !,Alex Shell,
QmQ91SAcWX2EghBQ2mEa2jt9L1HuHWHFzGtaWxAAkUaCCZ,asset,Virus !?  What virus ? We kim them all !,Alex Shell,
QmY7ju2R7WGVj7SAYp3pyMMg3UYQfRtGRqwngRZMSoSAPR,metadata,Misunderstood Keyboard Glyphs pt. 02  (Calls to Power),RobnessCyberpop,
QmT4Sd7LkxFtimmQEqzaaMKboKBeHaTcLyvrMAgbNBbP3z,asset,Misunderstood Keyboard Glyphs pt. 02  (Calls to Power),RobnessCyberpop,
Qmee9RTBT3nUi2d4fby23a3TF64LQ6g2NWwYNCheKC9MiX,metadata,datanecromancy,uxt_exe,
QmQkaxoEGdwRUSfLAc9nnSF9afAooeXCcTK1t7EDdNc47s,asset,datanecromancy,uxt_exe,
QmYSGM75EJJhcmrEuUDiiiNkdLkdAvxL3BR9Ptr71KTQVR,metadata,Force of Greatness,WintEagle,
QmcF6TELqzEMNG79j7goqDAP6peKogEQxyP3nn4hAq7B54,asset,Force of Greatness,WintEagle,
QmYJPMXipZLEycivzwstCkJFGcfhFUrRnXFLuUpcC1zjQ8,metadata,Frequency Crest,frameseeker,
QmRTt5A5FJbyJSpPUGWnVUXK7benesfHob7otj4ZGHvvMo,asset,Frequency Crest,frameseeker,
QmX964XujDc3NuUQVVfcWxm8GHnhkw7AyZiEnwudFu8mQo,metadata,1836 pixel lines (neuro-itch),neurocolor,
Qme9XyL2KeWwFrPW1yve1HkU7nzgNnF3mQSv8n1bUBmodb,asset,1836 pixel lines (neuro-itch),neurocolor,
Qmcdwafb9ToP3u6W3zqk1KAM9n8RX2uZpT9c4TLceaAcNE,metadata,AF Story Break,WGMeets,
QmVq3gXNmSufbEUADqsDgYakE4xZbCrEimGa9T3zZ8XXnM,asset,AF Story Break,WGMeets,
QmeLmbXnUKD1s12WKF5N9PyqAPoZfqsFJRhKvRVPLUZ3JB,metadata,Alone,JamesSW,
Qmar29bNznS57AogRogqQoQyhLAt26N3vzApeKeM3ogtjP,asset,Alone,JamesSW,
QmYJntDbNHDSNLkoukqJdBeBcxDNt1i76mMRBL5pLGCBre,metadata,vertigo,Pranksy,
QmWKgdZ7FuSfqnyNHzaU7z1AM4WREHwKTnVTC54si4WucZ,asset,vertigo,Pranksy,
QmUwCJpYMuZQayn9ov2o4aFydkMkZvzJCMgbhyhAgLnqCY,metadata,Comfortable Miracles,abysms,
QmchqnNwvNrA25xw2xKhPqsTego5hRf9D2EY7bWAgx2nYZ,asset,Comfortable Miracles,abysms,
QmS8EZx1JxSxafXWJ872sZJEc8Q5xdPmxhhWi6iGLpCqQq,metadata,Someone walking in someones mind,jonaskasperjensen,
QmP6wE3yqLMzyXLurVk1YREPZ3nzyNzPdFxMp3s2UYeKMT,asset,Someone walking in someones mind,jonaskasperjensen,
QmdkzbzbMYr4BjCfrjffkFpZYgJREodn4Aw9tV6eUAVgcC,metadata,Digital maze.,Alex Shell,
QmdogJpSK4J3i2EPZe1EWBCR2oKM7DRs6HtaaLVehri4D1,asset,Digital maze.,Alex Shell,
Qmdp36MGgu7BSXkXJRC5JqpcqkBv3ajn7qpMo5YXorsSQV,metadata,void and depth,fabiello,
QmfAMvTsQCsstDeAH5GZvvBzmzxKasiJwDGdoYts1LPcnX,asset,void and depth,fabiello,
QmcASf97327qYB8gfc1nEwaa2KhywWQzcWBBZYkfYHhFB6,metadata,Ms. Opportunity,An0nym0us Nobody,
QmVL34zPb5o7i5huoJEnCtFZqvmrs3hfKSg1MZsPuaxdnj,asset,Ms. Opportunity,An0nym0us Nobody,
QmZdrYSrk5drMDdTPnZNLLEZD3FMtPsn9yq7ouqdg6rA6m,metadata,SAMO Love,obxium,
QmVTHkJ8ReniHAT7R2esdxAHV1bmqqGttTFjggr8sYtUDc,asset,SAMO Love,obxium,
QmR7A13jc92dKgRgZdVvy5hZy2Swk4g8hMuApfiyjmCYiX,metadata,Separation,Pejman,
QmUAZ6ArZSYLuYaU9wyybRQErFzyKyr6rNz4F7Css6zbN2,asset,Separation,Pejman,
Qmb4bxJjyXEXfKzvhZ2oYxzSghkcCsMt9MHgA6kxiyYvAX,metadata,Kakuhenkan,LuluCollages,
QmYsBdoTaCMkD9PtcjxDDwTFy5etau9pLUdaPGdDfTWg3A,asset,Kakuhenkan,LuluCollages,
QmYKwoDGjLVEuYsTEuV6sDsA4jw3pZjk3Hf5Cy7WnWK1mn,metadata,Πλειάδες,Frenetik Void,
QmVoGCd4spdPauWVPU5oEzqAsZ9hE6w9XzeG7rG7vU65tr,asset,Πλειάδες,Frenetik Void,
QmNe3CK9e4svepRn3Pyf8keXqPnhSvY8nnbNYz2iPDRSYG,metadata,Still Life (Apple and Lemon),Oficinas TK,
QmeofuDh1bB2VLAzkxAL1RBbopjzKCYgBYYEMRnBwrQjKo,asset,Still Life (Apple and Lemon),Oficinas TK,
QmUh8La6vxFTZqkwwe65Wcvx1CPHm7JWpf9Wm56DTVoCtQ,metadata,Wave Pool 05 (2002 ON05),Brad Damico,
QmQP1oirX9Vgq4Cm6frDo5tLB1UcSjVFXD4aTBCagdx842,asset,Wave Pool 05 (2002 ON05),Brad Damico,
QmShYmsk6bM6hd9dGtTUrRGUYc8xjZHGCs2sMz4TEoxA1N,metadata,Neon Garden,Glitch in the mARTix,
QmTxrUR5uWCeANHm34ornmpSMLF9YkyE6BNN2CjEQnHc66,asset,Neon Garden,Glitch in the mARTix,
QmX9KYDKdMQJvErrGc9iyjEGREBVW6d5ipQB7xMxEnJq5C,metadata,Untitled - April study,Mattia Cuttini,
QmZ7sR7hXBXsRJB3mTMNxq5DDazy9tmCNvtVn3Rp5NZGvd,asset,Untitled - April study,Mattia Cuttini,
QmZHUegTFrdEgTSehBVdQEnqv6fJ2RmjX1VruJokarHYd4,metadata,Quarantines Besties,Natalia Zitusha,
QmX5AuwCRY8LE85wKLhkaMFoGSqL4tVE2rzfk5zouLpmom,asset,Quarantines Besties,Natalia Zitusha,
QmNjWJHHWEzD44qU8bmS28ksBTKwz4rvsjELKu4Yb97Hdv,metadata,Hearses + Bucket Hats,CultBitz,
QmTar1GMMHRSNTDHc8AjPQw7222AQr8WmkTarmdmbZDRV4,asset,Hearses + Bucket Hats,CultBitz,
Qmc6ZwvskYyUvY6vcZcan8HpYmKyiSDG5e8kRmJbUEbVAu,metadata,F*ck the virus ! F*ck COVID ! We kim them all !,Alex Shell,
QmaaPNtZfrfJU8r8GKUQreXK899AKvhCRxSdMNWCTHquq9,asset,F*ck the virus ! F*ck COVID ! We kim them all !,Alex Shell,
QmQrKvb8VBv49yG79TipFJjLadBf6zGzroqXMdMgM4XNM9,metadata,LOCKDOWN SOFA,miss al simpson,
QmayEp43yB5gYdfq3WBL9Fazgt59WkR3wLncvsDtAPE8TP,asset,LOCKDOWN SOFA,miss al simpson,
QmR7CWVYcpRaghvvYypwKAUBcN1nhms5UB9tbsQQb7kJgr,metadata,Color Mask,zaserflux,
QmcM2nFHjBLsFHHoC9KTeJbtFYEDGXFkjuP4rX5wcZhqJt,asset,Color Mask,zaserflux,
QmQzpACGWY2w3G2KFx7grisD7PVucJ6w6iqQnufHQ8mkNo,metadata,Fog Of Despair,An0nym0us Nobody,
QmcZMDFLtu9KTBhya5ttCRh3RgtJzgBmgdnXUUmNEjRAzg,asset,Fog Of Despair,An0nym0us Nobody,
QmVTntAmbTBhRo1SEG8u66UNyrUXibCmtaKaaUJ6FQCJJd,metadata,Cloud of Despair,obxium,
QmSaWBF7nafNDBw9akaDYqCNoXeTMSe3ZVhYkGkxvNoN83,asset,Cloud of Despair,obxium,
QmbRyoBNxTMXDRiFA4VgAPXSZva1K2NkcaCCK3GggxzWiS,metadata,ANDROID PLAZA - FAUX ORATOR,Norman Harman,
QmYxBFTqhfaEYfZtBhy91TZy1To9xxQKeAywEk5XvHamtR,asset,ANDROID PLAZA - FAUX ORATOR,Norman Harman,
QmNTyMj3VtNXdDg3PFLUUZ2kTUbUsm8Mgb3Dj9ZA6z6cUV,metadata,Jiěrè,LuluCollages,
QmY2XXd6g6c2mdBrYMFNZd1i6E9VuYjapjY1RUmR17Bcgk,asset,Jiěrè,LuluCollages,
QmaH7zTxWMKkCJdhPDdnU1Xi6yHP8WZub6zyxje3udBV96,metadata,Informal anthropomorphous study,Van Gango,
Qmf4wtXwXJoxGzCJ8obYXw7vTAKXBrHzPstMriSGVdF7y9,asset,Informal anthropomorphous study,Van Gango,
Qmb8fgH9qwESoxh4TTVfLeHJ8d8pmFmdi8DQWungPshUpX,metadata,The Forge,UranusOyster,
QmVWx4j2H5wfUABu4Frv4o43ixYAs6zxXdMY5esVUvZu98,asset,The Forge,UranusOyster,
QmPEkU1T7UMNqbPeCPZ5YiRN1J4BkHbbkcdPiZt1692mxn,metadata,Angels Fight,Gary Cartlidge,
QmRmCcjm73twKoAffsk2336NuixPtzYVtozL5MnopbPcnX,asset,Angels Fight,Gary Cartlidge,
QmXueiZSQKpBbusJjpamXzHNwVCvg4iyuxkTRMTJb3y35r,metadata,I have a gift for you,kloop,
QmPdxK94syeeoC5QujSkorestQ3kYNU4D4AYz2PF9dpPiU,asset,I have a gift for you,kloop,
QmQkPgRShTgfrqv7oWczNSa6Y1JzmtYw84Qh2XFXDiSweL,metadata,I'm The Queen !,Alex Shell,
QmXZRMT92aaY6A6znmFZxViUHbSpLCx3q3QUFU2nQFGLx9,asset,I'm The Queen !,Alex Shell,
QmSwVGu73kRuzxHfYefbVj7KSta8QBpX1RvupgvxVZi4nN,metadata,Joe Rogan,Kozachok,
QmQbCLKb3GGn8XkuYg9sF6V2uygDi6AW6wWerULn4QE5HX,asset,Joe Rogan,Kozachok,
QmY5QKTbqKK5HZ8FrBALZGSM4dd1S1JqunE4XKpXZc9c9N,metadata,Celebrating 50,An0nym0us Nobody,
QmP1BJyJavErcnWu5DeEY9Srin1xoETCTMqKTiT78NHTgt,asset,Celebrating 50,An0nym0us Nobody,
QmXA8EdAYCYXJJDS4efKe5m1MmpUgxz4X5vd9L2x3ZQupM,metadata,hx_7c181,hexeosis,
QmV6xck9ALn9tBZE4aSdZz5pK9cVGiweurE5b1G1KfaEop,asset,hx_7c181,hexeosis,
QmUJizSWYp68GFVC9x6dgXFLFAVjuLuvcMdKyFypEeRtkA,metadata,The running warm,Fabiano,
QmYt5eR7EMJSmmjK6xpxTkk8F85aEyrrUnRLQUFPem9RU1,asset,The running warm,Fabiano,
QmNiaiFuLWRQjkwMfeURDe4XW78FpJdsD4tutpp76JbkLo,metadata,Social ecology,Yura Miron,
QmXyVUQoe82Vudkq8v5NTe8nXvqdA9AnZFEMJCWVj5Fpv2,asset,Social ecology,Yura Miron,
QmPd8QLgHjHgpdCJiRmxw4fEp7VKGEKEKZZVjQGBRR3iZ8,metadata,Toucan,JamesSW,
QmXuc5R1EECbL3ZYKAeMhRMEuLUsPeTnXp6zZeLbMvHq8T,asset,Toucan,JamesSW,
QmbUB3oa41dR2Y3WTGc2yB6SycDgBXmEY3zodjCrQGi9PC,metadata,“Ok”,Natalia Zitusha,
QmRtpzHawSJ3yDvkAsmegAo4nQy3A7pGVoT2zwDETCbAQx,asset,“Ok”,Natalia Zitusha,
QmbDDdSY47mRwMJqgFU5g8QLgC3G6mgvqtEhpDRw3xstix,metadata,the lightning rider,buzzlightning,
QmZ5QkYrfrgsUaX9KvjzzJx2Y2VRgGSfPDFe7wSJ5RVrhH,asset,the lightning rider,buzzlightning,
QmYA8xYcPPvDGeZFbhvUieBWEgcH7YduUC4A4yjyJSwYd9,metadata,Let's cheer at 7 o'clock,Miwa,
QmX8BTk1ZW1LJVPp6u9G4sjZtjTnUjTYWEMQeNXxcs6jiu,asset,Let's cheer at 7 o'clock,Miwa,
QmVgk4YyMxiVGmEkdcVsFxKVzeigjEZAeAiVTCj9fRSmX8,metadata,Distinguished Drinking Gentleman,obxium,
QmeMLAFSAkewH7Mjc6Tqd3rhm3mzZvAFnCtBeAafAoyNxY,asset,Distinguished Drinking Gentleman,obxium,
QmXEa4ps57pXkzN3uuk1YXEJupzxCBgT9eyDdfRpKTE1Rm,metadata,How I spent my easter vacation,Moxarra Gonzalez,
QmfFYTs7UNNhcQCBSHNq67bSB21BgZFD3aCo8mVx7qJbcD,asset,How I spent my easter vacation,Moxarra Gonzalez,
QmXTs1WnDReEJPLarDPQqcreboWyZtjDbB8Nk4KgXdJ2dV,metadata,Hypothetical star.,Alex Shell,
Qma4u5vbdX9RYEAmFVFV8Veqf92kRYT3wRSKdZK4t94KMk,asset,Hypothetical star.,Alex Shell,
QmTAJdAJJfcFNG26mZx12QGJBy63f1oiRKRwCdfLP5JMGz,metadata,DETAILS#1,Van Gango,
QmcoV8uBBTxrxYt4aFJb1zgnFbPCRPxG5stNUHvYeVyL2N,asset,DETAILS#1,Van Gango,
QmZEKK1xMA9bRkGRjfADiTEu6P6gfmG73vrSNVztCSMUe3,metadata,chaos within me,yrdgz,
QmSzw4j5HHa7PX3wEGKoNeW35i2SFdCpaX3vzr4GvpkPyH,asset,chaos within me,yrdgz,
QmafnQhi34NnBR824J4rRHesF7etASZL1JN89ztK6nVnrY,metadata,WzWz70,Frenetik Void,
QmNpfmtrm1YJo5YTBAyFcyTx4GhkXy5xWzmr4wNHQZ3DEU,asset,WzWz70,Frenetik Void,
QmeyU4CXCikf2AbhPW7cnz7EhaL14G6sa26fLFUwiF1HXF,metadata,Mirror of a new life. #6,lulu xXX,
Qmev7cZ7Th7ngr8DgcV1To8qwtYAoE141agbbU4dAwiLqc,asset,Mirror of a new life. #6,lulu xXX,
QmbybLxxY3DvrzJVcAYRbZqMFb299cWvvxzmrXWdWf8264,metadata,Turns,Unrealcity,
Qmea5kBKk7um5gS2oKvtEdoUv4N8QPRXJL3yQJhn5P3jZ4,asset,Turns,Unrealcity,
QmbF5H8VoHCH7E5PzFeXZ22WwvQJGdcAw17uhX7BgMHyu4,metadata,Rediscovery || 1/6,HeyHazmus,
QmUDiHmvEeXoYwBQYsAT7mXsn99t4sZhpkfE4wKpADnFXN,asset,Rediscovery || 1/6,HeyHazmus,
QmTsH6zAvnJRjLRS3TLU79HvVMX8iCRJ6RxbJUfbTr9NPn,metadata,Creation,taharazavi,
QmNikCJzPHMVrydGQbQ6BcdtUmGp3dSkE5qBTMjQ9Y5e3X,asset,Creation,taharazavi,
Qme3w3LBovckeyfGzmmuHahoTySL7NrjuaDVaDQQUKXKFE,metadata,Field Trip 2,Miwa,
QmPTFG65cjaMxGfEuAQ8Key6Hn8qswzQPZsr1LeAxAkXKY,asset,Field Trip 2,Miwa,
QmX8mmTW2UfTDXMkqf5TiEhNwRNFyjQ9aksMc2STdvwsqZ,metadata,The Hanged,Mugen,
QmZCX2D3Pbnf9FsHYWv4AzPmN1Mb5YT79i1Ce3Vki9mbyo,asset,The Hanged,Mugen,
QmZUjddq8WRHxQQdaikpUJBjVPwMgy4ZfrJgrCYZVtMVb4,metadata,DETAILS#2,Van Gango,
Qme1RFrnbS6v1CsKfHijLQCoQh3EPbtkBdq4NGMMpqXc3S,asset,DETAILS#2,Van Gango,
QmTu4XdajH2mJ5vjMeNj7kHxdCD69LHYqC2Y6vJvLqUBLm,metadata,Red Gold and Green,UrBen,
QmPQwCiD6DAss4qk7h89QXUzhbLrqkbRX2hzqaxeCT1PE6,asset,Red Gold and Green,UrBen,
QmZsjH3wAvYs6US2zzknrwUdWuEYgkJZfsdiostqUqC7HA,metadata,Y&Y,Vansdesign,
QmNmFye1VESmPKtWSXHGSq45jfJKwhs66byPuSWC4KMD9Q,asset,Y&Y,Vansdesign,
QmcFLSakTEA1zJUdeSD4NYo3xW1z6qxPpkzcXPQgJtFN6W,metadata,Interdimensional Barabeke 6,Barabeke,
Qmd5WCbno6V7DtnZDv1rfYzmipZQBADTnZoHtcFaZUydgr,asset,Interdimensional Barabeke 6,Barabeke,
QmV51L7YYEbY3TyCwQPoZGwGJVKsGBGwUVTE5AjvC8czA3,metadata,DDF-GVS,obxium,
QmZ6R1ij4ENksuTVxMFWuBo2QwA8FavfkMLs3WXddbqgfv,asset,DDF-GVS,obxium,
QmP2ciWhXoKYVABoKS5fu75fhnR3qYWnMfJMcs37QEmEaA,metadata,Mirror of a new life. #9,lulu xXX,
QmcthzrZudheTBr4SuzRVQdTaEGkb64CWkV8jEuKNKSvTN,asset,Mirror of a new life. #9,lulu xXX,
QmUiXQGghEhKV79CzkyRMTCAkY2Qbj6cbp4uYz9SjBEPeM,metadata,Perception of the convergent dimensions,mlibty,
QmefhvRWffU91XwRcr1tQbdYWzH5VyrhxThojC4zmEk3ni,asset,Perception of the convergent dimensions,mlibty,
QmXib5W9D4zxHkkAmv8LA8kSuqxJSoEWPPwr3YirWh6uZc,metadata,(K)not,Unrealcity,
QmRBYvrogC7gFbAPcgxhAtG12aMvoLF3SZ2iLDV99GY4Wa,asset,(K)not,Unrealcity,
QmQosS2fPa5FvfteoLuVFJQ4CWB16PvW1kYSQAtYNNKzCp,metadata,Invisible Addiction,Kozachok,
QmaqogMEbNkeUpJL62zXc529iGerHu9afr4sNQVQmaeydQ,asset,Invisible Addiction,Kozachok,
QmXLKKAEWM1xZ8Zn1PuNqTr7ZgaTh7QkLkKQZaQcmDHk9c,metadata,Citizen,Uriel Hernandez,
QmY8FtTiuKFU4EDezwUDw1aFZTRC71aqrBXPiYTTD5jLYe,asset,Citizen,Uriel Hernandez,
QmdbXWUyy3iJmNTD5J4oyADwzVeNNK7XoDPViaSEmuNd8v,metadata,Preruption,WGMeets,
QmPLubMZtWRzS7fS9ASEkaK6qr1yTkrsN2Y2egjSBPAQXG,asset,Preruption,WGMeets,
QmdvFc6C8hcgn4RcqPEvd8TwTR9eqDgWwH1FY9sRuNjKT2,metadata,Have you sleep enough tonight?,Alex Shell,
QmNn54EinhMvApJq1fZFqS16MndT7SvZkURgNupjokrYvM,asset,Have you sleep enough tonight?,Alex Shell,
QmdhE1RgFh347ZHfdZuhN8SbUbQFH3VW1GzW4GZrg6pbwN,metadata,shA.Ipes of Cryptocity,KBO,
QmPS2z1kecLGJDuNxF3KCih5Ne2BvJjEJZmrbC61itiYFb,asset,shA.Ipes of Cryptocity,KBO,
Qmf2iFjSHGJ2DfdYJiGVR2wKM53jrjmj3yiVQ79r8vnE9W,metadata,Creation II,taharazavi,
Qmcwh9oBiH5eCKiXJAmJ8QTBMHGBASSE6e8gDPnG91Lk1f,asset,Creation II,taharazavi,
QmYYSTWosX7iEwuJjNzWToKxKA5Pp8X85a2Tuf8Sp3u6y6,metadata,Hell It Hurts,Gary Cartlidge,
QmXXphqhZerDcBpB2WGGGVudsivSxNXHnJg6ko8ck8ULy5,asset,Hell It Hurts,Gary Cartlidge,
QmRQycpD33ErjHeXsLp5bPSbXQ67G9iRpXtkhCtTuQTha5,metadata,GR1nD oR D1E,CultBitz,
QmQ6uswgJXj81dGUtu2Es41B5FpLNTGTEgQ51fPgoRiBya,asset,GR1nD oR D1E,CultBitz,
QmZw8pcoQwHNy5XYWdfGBo8oeRKcYB1kZcAnQejR5yu8fw,metadata,Hidden Emotions,Natalia Zitusha,
QmTK3iN87eUxdmiZmf4bpuBA45cp5di5vfYdiAUvKQy6ba,asset,Hidden Emotions,Natalia Zitusha,
QmTGYUbMhx6RD5AvmavYuguHYxfh5Amkfd2ScPy9twNqbV,metadata,Fiat est Violentiam - Coronavirus,Carlos Marcial,
Qmf23Li3xTdBq5v6SZLwUwuTz4bHp4akBFPNckPkNnCUoa,asset,Fiat est Violentiam - Coronavirus,Carlos Marcial,
QmQnSmere2r2YKGVaHFFmSjRX5RUENhqerjsvYtHreQgot,metadata,Be Yourself,abysms,
QmdzXtGYiiawsTShQZbjn1ukVcPFrucJBtkguWHmRbLJdE,asset,Be Yourself,abysms,
QmWoy4d965XhfoBBcuAM2HMBJmEEEt5hnuTWKqwmPGYV8R,metadata,time,fabiello,
QmaJw2AjPfEr2tYuMcSPcJHovN1Jiy39SRsh85Bm7Dfnmb,asset,time,fabiello,
QmXWSL54zx2qrt3VHv1GzbAs5Yy3PyajhsZC1saogDxNpF,metadata,Kitty,kloop,
QmWQDLd17MKiUqKmRQKZAA4nPcbPzpF9BumqxC8uZssuwC,asset,Kitty,kloop,
QmPM5eZoiUhDiq8U83KzEek16MBuxtBcZHCTgwJkayFYY3,metadata,Still Life (Orange and Lemons),Oficinas TK,
QmXtehDC56UtCLTgCReeM7LDJtgj3cqDUFazg2nwUxpHeW,asset,Still Life (Orange and Lemons),Oficinas TK,
QmaYr1bALmn43H8Q2VsddAStgXrpianQjHpHmmSCeP9XrE,metadata,Space Jam,Jahleel Dowdy,
QmXKkaWwknBSLSTRmBQabbHyfLez3x6b2crAqiihaY3oUq,asset,Space Jam,Jahleel Dowdy,
QmNi8bub2CkQt3ykiU6LBy3wB5LjLMp4yjwZLXki4Et2Uc,metadata,I am here,WintEagle,
QmeTULo5njfSnpsvnJ5i43W1GJThJxgvKThJUtoqUuadTg,asset,I am here,WintEagle,
QmPCMCqLLZWjkLCy4Z98cfjJ1fRSiH3wcCKULcddrG9aL8,metadata,Hacker Mask,hacker0x,
Qmc62dVQUpVg2Um5TX2eL3FBG3JKbXt6fkyCCM9iRGdZif,asset,Hacker Mask,hacker0x,
Qma8RxUpvTR7Sunp3BJg2nCL2AJZkS1ikQeYc7XHdKwvXf,metadata,Grift in Progress,obxium,
QmdVHDeEPVvw9h5UcbjZg8rwn177wZEVKPPARdbhkujpNZ,asset,Grift in Progress,obxium,
Qmaxu1Qiv7kKmfaPRFzaWjSnoYYNWn6Ubz7uf1gQXQ5GeX,metadata,Love is difficult. [multicolor edition],Alex Shell,
QmaatLYM4SMmouGsP5BPeTG6LF3W6jAqzK3Bw1qq3KQHdr,asset,Love is difficult. [multicolor edition],Alex Shell,
QmZUqtGERZarUDYm5LeU1stUuUqsBjcxGMRi2NyQBa9kGr,metadata,Space Opera,Monfa,
Qmc1i6nJ93vUxHWhEWp5bfxuStqa1FQzYKg7qhPDoJsXgZ,asset,Space Opera,Monfa,
QmTm4fLHvWcwnvqoUtKqMDDW5kr5Y3TPaq8EKthn49ebyT,metadata,꧁༒☬⫷MØn0𝐋𝐢𝐭𝐡ᤂMulτΐverรeᤂǤa†e⫸☬༒꧂,One For All,
Qmdq6eEgrMQJvN3vUHmgSRMsWdVQke52ETYGPiXeTPC49N,asset,꧁༒☬⫷MØn0𝐋𝐢𝐭𝐡ᤂMulτΐverรeᤂǤa†e⫸☬༒꧂,One For All,
QmbonaBTiPdQMXAXvmdWwMLEpsv4M1p9zpmWL9UHFVhg6c,metadata,Primordial || 2/6,HeyHazmus,
QmR9aUzsBdh88ZKm4CQFkkvVj23cE6hhED8aaEsbj7zogP,asset,Primordial || 2/6,HeyHazmus,
QmfXr8RjdUs9pnm7YGEEhSHt8QB2vU3PCY6spPyqqE5nRK,metadata,'Sol' in motion...,Tom Erik Smith,
QmVLH9DKgS93LXaZPJkUibwbzhb65KCwh62BNBHmcfRhUE,asset,'Sol' in motion...,Tom Erik Smith,
QmSNBKBwMfL1rnErNi3eHNGLv4DMG3khq1DGshrMQ9gVmy,metadata,A clueless render,jonaskasperjensen,
QmVT9W6CCvCfiS2ZHPQsxDNkL9mPJGp3AvAyAu1Rt67xgW,asset,A clueless render,jonaskasperjensen,
QmeJdWfrPFKKh5anQNChDHjHXcaXdUGhKjTSPp7BCNYXZZ,metadata,The Unveiling,_MNK,
QmQMkideieBYFDTnPR7zyKaenDy3YfKYiTUEFtXnWzxM58,asset,The Unveiling,_MNK,
QmZFJPVJWiwCeFDEt9Lj5oGhrtpopAG6h7atr2ugTyG59Z,metadata,V̴e̵r̸a̴ ̷T̴e̵m̴p̵r̶a̷ ̶(Ⱥ.į. Ϛìʂէҽɾ),RobnessCyberpop,
Qmd3wVHZ9DuG2ENrm1e9AfuM6Eye6mM96HFMvr441yznCX,asset,V̴e̵r̸a̴ ̷T̴e̵m̴p̵r̶a̷ ̶(Ⱥ.į. Ϛìʂէҽɾ),RobnessCyberpop,
QmRV3H4AZygC4CJcLR6NdxwPrxGErGw51tnXx4fe8bdKeq,metadata,Cover Girl,Paola Castillo,
QmQ62AbhanvJTr3JZVAsk3rf6dLHJMu682NHXGZ283D5kz,asset,Cover Girl,Paola Castillo,
QmdCm45z7fVmvohjN1KwCW5wTid7eY8vPJFmfJYczLffEh,metadata,Coming in Hot,JamesSW,
QmcEcxmdYNfba7BWFpYYLS3VycVyEj9BnTao7JnB3U5tYy,asset,Coming in Hot,JamesSW,
QmUX9YPNrrJwMzY6kG3d751NZdTswJFeH37kNBVJjDmH8Y,metadata,Praying Hands,zaserflux,
QmXqrNw1PmVfwiCXHd3Jd5Ge2cZPoQcnz88cRnYrBnjizi,asset,Praying Hands,zaserflux,
QmY3NJucAiRcpjcsxgnpF1ksdPkw1Q7DYHbb6Np8vDdMXt,metadata,Hacker Mask </Dark Mode>,hacker0x,
QmRdRfEaL9YfKoartgrUBR4qmXVE3ndhYwXiStqJSAYhwq,asset,Hacker Mask </Dark Mode>,hacker0x,
QmbLJZhBpzihpAADE51pKW83xBs6GDTUNnB3eCFLiJLPkQ,metadata,Dark Affairs,Mugen,
QmWEM4P4UXHbq3rkGKv3BEURct8v8FmzCnRggkqi1w46gp,asset,Dark Affairs,Mugen,
QmZfkUcTF9FGoR8GPzNt6UrVxYhKYk7hg6riCMrtsKXMDh,metadata,Kitty and Willie. [interracial love detected],Alex Shell,
QmX8BC8Ki9L2vrcTouWzwpQ8gT438Pa8BHn6M2HF24UJjQ,asset,Kitty and Willie. [interracial love detected],Alex Shell,
QmeVTpAv3a4sYyEMFDus9RaPWULFFR8LLyjc5AYhHTBaWE,metadata,Shit happens!,Fabiano,
QmZ9SBvjP1MsYjWFVHyFFyeQPBQfoZE2RyEkR3DGQKLAkX,asset,Shit happens!,Fabiano,
QmR5go8Sf6Kw1nxJCd9mtQLNc8tqQgaS5TFtZPo54J7FZC,metadata,Ethereum ETH-KO-02,Tom Badley,
QmTbgx6EPcenpLB9gfL3qepYQy61GnuM4aaTuxWSxxedvr,asset,Ethereum ETH-KO-02,Tom Badley,
QmQF4cNuaoEEKY9MhziCgzk3S2auJuZYPZCcnARMXjmRB4,metadata,Ecstasy,taharazavi,
QmTtNhs7jgGaMi2NiERtwNXVjRHHURXJHZCu1XUkort3JT,asset,Ecstasy,taharazavi,
QmeVwWFkXBBTCwMRVYmzvkBrHE1Zt8RRQAGvXBvsBQ9WCc,metadata,Meatheart,obxium,
QmTJcdUBq28mErGQtrVxfXSG42dgeesB3PjacULmLHgLSw,asset,Meatheart,obxium,
QmTBzUzxrEoqdgDZmVCjcxGxLG388ihEZ7Dhheko94bGFx,metadata,Minimalist Wash.,GISELX,
QmdTkaU8HvJUKJvpZf9bxaZDweExk7VtJPqH74MtuSfunm,asset,Minimalist Wash.,GISELX,
QmVAdqYxMFuw5N9YLdinDoM7GBiaVBxq3UZT4xBhHUETqf,metadata,Hacker Mask </Alert Mode>,hacker0x,
QmVbodApiJ8vpZtpAQqubmzvnpPc1yrdkrWnq2Subkt4zu,asset,Hacker Mask </Alert Mode>,hacker0x,
QmQGUB9YdA6M1WB9xr3oiv1GK4ATQA6TVQZK1yADGjnC3k,metadata,Assolo#1 closure in blue,Van Gango,
QmcmaYQYJBV67UNYWs8a5iePPQ1mj6MqRHg54QPwzn7F7m,asset,Assolo#1 closure in blue,Van Gango,
QmX1hjyv8SiZnP5jNRGq4aV26Eq1LfDhyuhCJivKULwcAg,metadata,Self,Hans,
QmYAEogV4knD316cPK1RHDFd1CCUJL9Dj12u5q8kBc2bEz,asset,Self,Hans,
QmThnt57rNjJYUBa8eew1ZDe5R5NJ3X4N9bDtEWcqC1gDG,metadata,The hard addiction.,Alex Shell,
QmSrkZUigo4WubmFEuYMV6GL37F1dBX4aqFA5NLdoULafH,asset,The hard addiction.,Alex Shell,
QmSkeDK9M7sFkebXWnCAkuSdbWcYnASGaKbWE56siBCZaN,metadata,Take Out,Natalia Zitusha,
QmQ9zMCiRg2HD1dyvPjuVgWhfdXnmqJKcteS5ydUxi3Kyv,asset,Take Out,Natalia Zitusha,
QmQHxDwRrnqZHWZQuV6vEwX59DKnor3V9TRLsFhNotvLbA,metadata,Panspermia,Yura Miron,
QmTaXDedN6VVLryDB98BV15828vfafYet9tdGKBUDSVLGV,asset,Panspermia,Yura Miron,
Qmdx8hpUEW3raz6SNShygAaCXtaaRRRK2zG9zRVnLKT3B3,metadata,Covid 19 attacked us,taharazavi,
QmZw9gM9uBEcnKu2ijn6PutdEcn7rFadFByp6ANi7sfhvD,asset,Covid 19 attacked us,taharazavi,
QmQcfdLp3V4iLCHBRdZGgthTvKhpNzs6FSX9M7X6GioH47,metadata,Ethereum ETH-KO-03,Tom Badley,
QmWWaTRdtxg7n6ZAJkNffP6REoLUqPXZfy4CE39tMd1osd,asset,Ethereum ETH-KO-03,Tom Badley,
QmRd56uzgFUbiwDS6roP12P8C1oqnYfLVfZfW4uzh7QN1J,metadata,Ataúd - 2020,Frenetik Void,
QmbymBgXgTbiwuRxwfuJiJXoqYsxkzW4uGpTqkgBUzkP3P,asset,Ataúd - 2020,Frenetik Void,
QmY6DzeQ5ZvnyqmM4kwaobacBPs7uxnd1FLiA5VhwmxPVy,metadata,Hacker Mask </Buidl Mode>,hacker0x,
QmQejLX7rXfWcDgcc6DkCfKPTpV8wGSXPDaiqts1dmi7zK,asset,Hacker Mask </Buidl Mode>,hacker0x,
QmcRnedMBkpMWfN5gVf7MjZkrQfAvjb49wUpqZWaU9PLUH,metadata,I Am Not Human,An0nym0us Nobody,
QmQbeEkwLaM8UtWbgwTw3qqar8xBriZ4efahk5H6esze9w,asset,I Am Not Human,An0nym0us Nobody,
QmXMMcsJnoNeh4FkHaUDVmkhafnHEJJQ11q4T5jmFY75xF,metadata,Neon Lizard,Glitch in the mARTix,
QmfYu1x5yMisyAiyVMC88gQ8Ct6ebbUY4kaa6CbPEtMwAJ,asset,Neon Lizard,Glitch in the mARTix,
QmUzP7DmP348ss2oNUxAqRk9HKHCoTK3ULquxnu79r81Wa,metadata,I'm not afraid of genetically modified crops.,Alex Shell,
QmSmPkC6Qm6o5GWi63GqenWQACwHXfS67dbq8ALyDjGHSK,asset,I'm not afraid of genetically modified crops.,Alex Shell,
QmYGgJnRMcUzE4omyMBxEnXSMsKomVusiivD9A81Hj6Anv,metadata,Pixelsort Jitter,Shortcut,
QmT72YRNgWV9P1aTt6Vw1z8hcNMdzz3qxH2QbnVHXLWqC5,asset,Pixelsort Jitter,Shortcut,
Qmb8ECZ9t65pvxNd1zPE6d9pfgHD3ssZUZ2nRK6KJ4AC5R,metadata,Grand escape,WintEagle,
QmS5x5jEQygxAtZf8iyxCuGMaXKt6BFhAGtjXPrqooYQQE,asset,Grand escape,WintEagle,
QmUR68ajWUb3r95PVdAeC8bAYKKPr9Yvmj5bXjt4rJsJgC,metadata,The Unreasonable Man.,Unrealcity,
QmaEGoo6xFMUJcwGtPy6PvwmfcsL37gFLUbZWA6xH1avUA,asset,The Unreasonable Man.,Unrealcity,
QmPVe8zXEQDKceLioqDQAtHHFhiAvXR8Faae1YC2wuSFEg,metadata,System Log Creatures #5,lulu xXX,
QmZiK45dTtcXhKAinp9x8gVCYkMsHntSbre83TkzDpc2pD,asset,System Log Creatures #5,lulu xXX,
QmZhYTXtSyJLug5vfGZDJTAiD91X86UVVWN2tNPzcGJhVG,metadata,Proto-consciousness || 3/6,HeyHazmus,
Qmcux4xbNDMGuX8N5p5sn9o57NSsKUuA5aHJrskTHUHEct,asset,Proto-consciousness || 3/6,HeyHazmus,
QmUfhoQgyrjNNhkw3hr8JUSdsMTqVNmZzEbYN82nCQKL5Y,metadata,Ethereum ETH-KO-04,Tom Badley,
QmUSwMDzyvaLE7NuxyVTKBUytjFsd2981vmpAwK13ci4Ag,asset,Ethereum ETH-KO-04,Tom Badley,
Qmb7aH2WLf87eLtTfqKPh5FwL9oWtmHLE2aZrCGjmPtj1C,metadata,Hacker Mask </Scroll Mode>,hacker0x,
QmUZZoKMUBboie4pCXq7iS8SV9X1TaEi9R7RjuRwW3e87r,asset,Hacker Mask </Scroll Mode>,hacker0x,
QmX6gjThvGAf7PsusA145TdyWX6uv8ME3imHsTQoKp4fpb,metadata,B l a c k S a f a r i — 暗黒の遠征旅行,neurocolor,
QmYxh6jsKa8RQj85AuAMbiQpvxZF2JDizgXWwdmsgp2Uvr,asset,B l a c k S a f a r i — 暗黒の遠征旅行,neurocolor,
QmcnXM8jzVapKbXxm334QfnMHSESrMBTgcCESuCGusscAo,metadata,Passing Through,MightyMoose,
QmT8MNqcFHamjuAHf7Cf38smhrcoGiFXdo3aUoq6WzSo8c,asset,Passing Through,MightyMoose,
QmSNk4ydSLz2FC4ARRsPveSxXvhLytpihaC3xty8vyJNf7,metadata,Clear Eye,UrBen,
QmQSTkNKhYQV3bsutrTCJrzddu71HaXcbtVxbsYPuzhA9P,asset,Clear Eye,UrBen,
QmR1pjHm3VVKuzEnCs3759NGdpJG5cwyYMNvPBfZPEX2yw,metadata,Help me!,Alighieri,
QmNWMBX4o2A8zV5abmwP5EfZ2voALFYw8mzR2iv6xojEaw,asset,Help me!,Alighieri,
QmXS2eRTm69226Xmpqb85Bto3Zej5QgeeJGmTP69RJ2vtR,metadata,LOST IN TOKYO,miss al simpson,
QmTm6wpTUaKYQVnFqeMZTCpUtEEemsh1cnoHh1iWHkn7PM,asset,LOST IN TOKYO,miss al simpson,
QmbFgrbJgmf1FWx2vKf91tMyqKYWUfF2QwHbX6qWSfJnS9,metadata,Pressure those thoughts.,Giant Swan,
QmPBqmtWim1koh4pQqhBmdCY2fMgPsHyBEQaQKbP1eMtBS,asset,Pressure those thoughts.,Giant Swan,
QmQvzmKStwzaMP6LqbbFmpJNKS9v8yMqjoZaV2ZuW7nxdR,metadata,DDF-CCC,obxium,
QmPAMdu2AjYMhBiTrM1dcPHXLg24MjtKXuDVa8TcX83tNj,asset,DDF-CCC,obxium,
QmQ8Y4hoYG2hxTNU4gwcmqNfyM8jipBtTvZvfdHzPM1uXL,metadata,Spring,Diba,
QmaJiRzHuM5xkjbCshhBzuYMfNMFCVo8R1ToAxwii83TWx,asset,Spring,Diba,
QmYeg6yYCMDwR39v95cxzn8JB3V3HeknLo7nggv5S82pxe,metadata,Thought Process,Natalia Zitusha,
QmVBmbven3gRpkyUJXaRC4LJwyNK7nc4RD3ysaMnh5wq7z,asset,Thought Process,Natalia Zitusha,
QmVGPV6EeuAv6LUdyEtKet7wcKR6GZeo2MVCSBag4twnKS,metadata,Spring,Paolo Leone,
QmbB5WVcK3FQdPE8pivC22RovwdujFLBXcozVBbK9LRZ8t,asset,Spring,Paolo Leone,
QmYqXFCrEdGWMQX1sDU3PK7PS5mmPZVwHh5rphqzSb9G5Q,metadata,Bycycle Day,Kozachok,
QmSzyMzBhdxtDNmAQTJEUSDLTxm618YVpU91ik8NbwuaZp,asset,Bycycle Day,Kozachok,
QmTAjDfv8NifP54SA9sSi2gxtsbzYoQRd2Ee6rQDFdBGum,metadata,Eye Balls,kloop,
QmPLsid1Lr8J1vHygsDRYyqhq1Eu8AENz5FuWSYeykL8aY,asset,Eye Balls,kloop,
QmcK3okyt7o8mXcqaUdzwqzxkJweZGHBD3CMik8Fv2hBWE,metadata,Technopolis,taharazavi,
QmZDGqorTMDQo9eEdFwePkWymvght6z2n6jVjKWSp1MDdK,asset,Technopolis,taharazavi,
QmV6c6TN2QE2dr12QByxTJeWPyba5CbmkwxGzuEcACvoiu,metadata,Stripped,Unrealcity,
QmaDcdbKCGfo6JL9ibiY1VHY4ox8NzP56uckbodYsnERRo,asset,Stripped,Unrealcity,
QmVP69ueQvPoNZtDtVmZA3meaKJGFyErnuf3sce1xNfhvf,metadata,They Watch,CultBitz,
QmRcSf1eE58mooGYywpQc2bxfhxqiqzehk6tJMzCpDjKGZ,asset,They Watch,CultBitz,
QmVnYqJaRZcLe6FABpZG1BtN3yWfEw9Dc3xdrY6QCsUvGw,metadata,Love on the street,Miwa,
QmRKcd7KE3D92bMZmeeA8BR2EiDP4bvyxBn1uhyeJMg6dH,asset,Love on the street,Miwa,
QmPa8F5iRcJ95pRNLRWqWZH6udphMydEWbcUFkTHdEui37,metadata,You probably tired of me,but I'm not tired of you. COVID-19.,
QmQtDP2JinJdAvGaJrEsBuJXXUtZi7nVuG5L1T1wM3XVT7,asset,You probably tired of me,but I'm not tired of you. COVID-19.,
QmfKxtPEH3wBpP5YedCLgA3Gy9axaP4ccYSWhYfmEdkP4v,metadata,Zoom In.jpg,Frenetik Void,
QmeaY7YZfXBUo7PZrgBhjaRH7DCDKupi7pSwdyjHg7ymba,asset,Zoom In.jpg,Frenetik Void,
QmSkukCxdPa28R4vXHZytoYoNKDXSKPSu93p2jRSsWjh64,metadata,Ethereum ETH-KO-05,Tom Badley,
QmNt6EYqfYrwXhYfq8RxSSUnHwHjnz26kxuKiYqTG61qhc,asset,Ethereum ETH-KO-05,Tom Badley,
Qmd3y9x9Dm1DYobNb4yXk9QaBhDS1iB2PV7Bh7CEYVLZXr,metadata,The Bull,Trevor Jones,
QmWG7AR4UtWM8WrKAV2dh76eXS3djhjpuJfrLGSCM42rW2,asset,The Bull,Trevor Jones,
QmRksV4AiJp59PxP7z2CAYjYbiNtE4QZDKzGGdcJmCSoZA,metadata,Dracul,CryptoSpectr,
QmVsBvYmTao5j6fJgrk2mG4fiujnw5yygqoidsUN7Crk2M,asset,Dracul,CryptoSpectr,
Qmf6QgyiUqAVT7eyGMwHdBgDpeq7CGt3vZdxdx1M7MVQh1,metadata,The Bear,Trevor Jones,
QmdxWAr4WnUyDJPkFPM2KQMauSDP53zxySDbvcz1PVFVL8,asset,The Bear,Trevor Jones,
QmXd3UimNCh1tSUzs7nz4rMpjHwNgE84Hd1hPhn95B1cFd,metadata,Legalize It,Natalia Zitusha,
QmSDFPSsUVW5tmGjyhTQEcjsGdwxHgedmpRZwpwn7Wphn4,asset,Legalize It,Natalia Zitusha,
QmXngA6SmoCWY3WL2BtUc2e1Bi6TSBYRjLWK3fRBohc2NL,metadata,System Log Creatures #3,lulu xXX,
QmPMDf8rr3EmsJtKK1N3GuWwFMgTpUqToSLEGQgtKozT1s,asset,System Log Creatures #3,lulu xXX,
QmWvi5C3NWMi8rxsmCRGbXJE6DTXRNnQ26dPNaqxDrHjKY,metadata,Chattin´ Time,Moxarra Gonzalez,
QmZ5bf9WpTHbMCWtUzqbDUhLR4RBUneR7vg8qeVUEsjD91,asset,Chattin´ Time,Moxarra Gonzalez,
QmbHTExQAJhxn8ptXp7muv6dYCxNUFLR4N5bG79NDmR7AQ,metadata,The Holy Smoke,Mugen,
QmWGbzWgs5TNew4iNEiQZACkEuMqYEhhKcNuJ1E9jnvTWD,asset,The Holy Smoke,Mugen,
QmVY5KLitEcx4TCMMsyYdACMy25NS2rUJLQMTC54Dkf582,metadata,Good boy,smart boy.,
QmXpT5wtvMCUNVDzoNZNwtL65Mp8ibudozU7vLnQoFerLk,asset,Good boy,smart boy.,
QmUiyBjqRey6QkCtSoqeDRed7KDvEmMkdPQS5hjjt4LcMX,metadata,Hacker Mask </Copy Mode>,hacker0x,
QmTJ7rtNQrJ2KptqiBjoDBP6qRk5CT6RUdbtXBGqwXu4mA,asset,Hacker Mask </Copy Mode>,hacker0x,
QmWUTVCMsgWoaCw4aaibXvZ1fKN6JK7XS2D4uU3CgqVz49,metadata,Zero,Frenetik Void,
QmRjTAAuWw92xDtoo5uzUttZBzpZRkrogMGg3uEYUWP7iV,asset,Zero,Frenetik Void,
QmNoeYyjL7zg1j826H8h7j2xzKpJvqiXAaPvSA45gTu9rN,metadata,The Incompetent Algorithm,UranusOyster,
QmX9o8xoSTEEeUg1mLieZVM4LAywp2BsgFLtnSFviyQxQb,asset,The Incompetent Algorithm,UranusOyster,
QmP1SZr2Sm37Tt95L5KdZ8kdDT77o7zohNUEHqPMKNwnu8,metadata,Skinwalker Ranch,obxium,
QmP2x8iyN4P1dARjcnjzXhfk1wes5nbHXegujP6J8jiEAe,asset,Skinwalker Ranch,obxium,
QmWQbJexSuQvg2tJaRQYXjLnnUAkGbjsY6A6cJyZqWHosq,metadata,Hunters Moon III - The Pentland Experiment,Norman Harman,
QmWZ52cuVDV2t6QsV2ZiyxzJ38KeTRf1PfqTzuHwNgBQ3r,asset,Hunters Moon III - The Pentland Experiment,Norman Harman,
QmZGLQ1AAFTcrMCtZ16MZqmoZMPjzSpspuSUYaZvei8aVY,metadata,Look at me,taharazavi,
QmYcWPgqnyPHxC6NJZ3wfhPUAuqJC9YqShXvCZ53oHny75,asset,Look at me,taharazavi,
QmdNavLF5X7xXFYkdFnrLhWTYpbo97dAXDDjZzJG7WhXTu,metadata,Optical molasses,Yura Miron,
QmP42aD79CG5DMNiHt3fDaz4VNmxU7aF5fL821fHPF5tyT,asset,Optical molasses,Yura Miron,
QmaQXqC9je9j2XhNy7ATcoLXDPJ62JFrahjXxMaeGTD7i3,metadata,No Time,zaserflux,
QmTw7yBMwdMEhtc3jmjaF3iLVagxitimmkvpF4qiMcuh3j,asset,No Time,zaserflux,
QmVbqYD5Y1cWzVYNreYLocnSQGJtXsgami8VztJS3RaYEU,metadata,Ayahuasca Trip,Pejman,
QmaKcsjjhcUGTVVqaiwGsoLShi24Lknu2WH5AvnH8jMAL4,asset,Ayahuasca Trip,Pejman,
QmaadGuMtWFCvfGEjLqiXS5zXazsGYqGpMMMtVpwjem56r,metadata,Clod 375: the rabbit house. Collab with Miwa,Fabiano,
QmSqM6inX6FMpa2C6RBXZUCbXstrqY53RL5ZqFM8ViEx7V,asset,Clod 375: the rabbit house. Collab with Miwa,Fabiano,
QmanUGSy8ZxUzCCdVHWP8uy46RmtpX64NGamWZohi8uGMG,metadata,System Log Creatures #4,lulu xXX,
QmbPYGbeNAn1taLQSauWdbXZNBPpAipGFynP9ZsF8w2e7S,asset,System Log Creatures #4,lulu xXX,
QmSsg2SJMNVgpesKdKF29asmVFTCEDe2nZAwSm2TESXRNP,metadata,C0nform,CultBitz,
QmSUod94dLiP5ZUPgQCZpd97FQkBk7iyVdiZn55vXvU3Ac,asset,C0nform,CultBitz,
QmZmMYv7xVrXPZtuHnAX5pSP4jumZjm1crYBxsK74Kn2nu,metadata,“Bitcoin and Ethereum Mixtape”A K@$M joint remixed by Jay Delay,JayDelay,
QmSjSnQiF1UPnagnVvjFbHYuLBZQvppTF77q2tdgrwkPFi,asset,“Bitcoin and Ethereum Mixtape”A K@$M joint remixed by Jay Delay,JayDelay,
QmU4GeAWGZo7jmUjNT4HtX7Rc1uM8g6ksJ3rT61KFm5WYF,metadata,Confined Jesus 2020,Gary Cartlidge,
QmTqC2VAnQURKguhUegbc6B6F1DWmQmscRrbtZPaR9WAsj,asset,Confined Jesus 2020,Gary Cartlidge,
QmdLG6VWKeH2YnXgG4Lc7mLa4HrThJfXAswoNhKdU9bZaU,metadata,Hacker Mask </Loop Mode>,hacker0x,
QmVTcCAhbPzExJwvY1TApyaK4ojLE3zVFcdWCaCAvh7njS,asset,Hacker Mask </Loop Mode>,hacker0x,
QmYN9oQ3g2iqyH4FJpTUk1xPCEkzBkH2ufzh3nmvdGFsft,metadata,Petroleum 1/1,VXN,
Qmeuwo8z8JW7QAmuQ6FraSLXg3Y9uqoao9pgHPU6V47WCo,asset,Petroleum 1/1,VXN,
QmYDmmFzbb8RtYLNL9te289rrChFq4USdb7AzwASimThZQ,metadata,Night dreams. Drawing by triangles.,Alex Shell,
Qmbc1w4wHuG8RoQCrJvrRkTb3G68fRzEMrVNwpGRQ5ZFQX,asset,Night dreams. Drawing by triangles.,Alex Shell,
QmS5ddm5gW4hVAR3Um8X5D5qGW7QSo76CZ7SFTguXcATq7,metadata,Eths,KBO,
Qma5GmLTENN5z59qPyqMvSpmuDxFDYPMmctAhFJscwtxQS,asset,Eths,KBO,
QmUzSApPXKuDsGb1KrAkHSEdXUmi7JrNCWgdnX3SDWMpsh,metadata,/ OASIS /,GALA MIRISSA,
QmWx1XWRe65SWZAy6GRUrEn5v22YDRPujCj4X8SDEnzwyh,asset,/ OASIS /,GALA MIRISSA,
QmQS6YALEuKLkJirqVfPKQ7vN7oudxeEEUfyVp8S7gVPjh,metadata,Skintight,Yura Miron,
QmPXSBa3qHEjUPEB7iPrJac2Jb8Y5aGv1Pr8gNKCMoeTdJ,asset,Skintight,Yura Miron,
QmYmXQ4voSA3q8RDZzmWMnSwcmp6LJHet47aHpkxdmByAC,metadata,Another Dimension,Bit Errror,
QmUAzL2YyyL7fAqzviLg4eUA96o5CzqmzadRxK87BJreit,asset,Another Dimension,Bit Errror,
QmXfk1yWf2vFvTya6V73wimxtj2HpW5FyJ7BoYGJA37mk7,metadata,The Maestro,An0nym0us Nobody,
QmU9qgATjmUgPFVbrC39PSMKgSLmvjKgJpaQtXeemw1tbF,asset,The Maestro,An0nym0us Nobody,
QmUUSrYBgcgAgAmYVxw37dLAnDbnE2D5BtP8gLyTGpcCkw,metadata,Chasing the Light: Lightform in Blue Brown & White,GISELX,
QmSZGpvWn1jq8QipvPSBeyTLcRJEBwQ7pxba9x461VtPcc,asset,Chasing the Light: Lightform in Blue Brown & White,GISELX,
QmZpo7DT1hT2Sfbw2zeccAQtWdzViyevRrhAPvySgrfQEW,metadata,Golden skulls,taharazavi,
QmVjpsotPinsXBcTFVaBz5r7NaK7PFsKBzhv7sEZiWv6wC,asset,Golden skulls,taharazavi,
QmdPEGcrmGFReksubNnCbEaG74jTs6P7xSjuAefo8EJkA7,metadata,PRMLMTTR,neurocolor,
QmSZ8Uj1iFkWbXXNWz2GAk4aUJoKZsx97fPjbeJ68v5iMv,asset,PRMLMTTR,neurocolor,
QmZVPkPR5sCfAxuAXwpFrN1TEcqitHY1dE7eECzV4zBa1u,metadata,Alice,Verdaccio Donatello,
QmRpw7JykspDz4tg4y8sNYn8TV6k5biqs1anUdcdozTG3Q,asset,Alice,Verdaccio Donatello,
QmRTag511sYky6WssLrUAA29SgvdBzEmJoDKLeLb9RE1gR,metadata,Lifted,CultBitz,
QmPT3XnZJ8TCQFN74kGgiuzhgbmes7x4A6BpunbMMACe6d,asset,Lifted,CultBitz,
QmYNWDcF4g25iK7GiGbGDjjoRbaVG4Ug5BvyKaLDbhnUjS,metadata,Aurora,Vansdesign,
QmQVZsQuJiyVSoCTE1w8oJP9LEaH9uBgULdq5dpFHr7pt8,asset,Aurora,Vansdesign,
QmRgyZNn8obEhBeBRVeHrphnbVC3kLinXGaZEhMXUKcKur,metadata,Sixteen-segment TR$H,Mattia Cuttini,
QmeY85fvQHepHLK1Sr6Z71oiKk5Jd3gqVGATqWb9XDfszE,asset,Sixteen-segment TR$H,Mattia Cuttini,
QmS45MjfQueVmcqoRQzEFUQmeMnfuzEaU5gSJ8djuwNNq4,metadata,database_leaks,uxt_exe,
QmPrtuZbNHyAGtiGkJHAPyjn8t8bmHmKKQPgLcKboh26DS,asset,database_leaks,uxt_exe,
QmXyNUjy4Gx4oYTmZK7w1b2S76TBNdvwNJoF7qRN6VLZe2,metadata,Hacker Mask </Portrait Mode>,hacker0x,
QmcDCkZ3AzuApUhYHtyHFwmZuvpyfvt3kwgxNyedS3UvDk,asset,Hacker Mask </Portrait Mode>,hacker0x,
QmUZjvJZokdx7kJjAyq5CUb1LqfXwShaNi267VqL8kiu3g,metadata,1984,Alighieri,
QmTDLa8FPr4tV55sNYNWKr1Hsis42hvcs7VmHxXyTtjTkc,asset,1984,Alighieri,
QmcH45A9wZv7RMRV7rwbDoiV7FfCQzBzSvcoQuDCGf4WG4,metadata,Motherbirds,RobnessCyberpop,
QmZZNKUpTAzHqDCTAcmoSUSYr5JZ3aNEr4NTdLbLWypMnr,asset,Motherbirds,RobnessCyberpop,
Qmcw2cRbNwa2xGcuXjiiZZnyAtsKLEWq4LBWXMQbYjFJ53,metadata,pop art | art pope,Alex Shell,
QmWGUKHckMKu6dDRxErDpSFbL6FHbkQRFmwba34WxMtL8p,asset,pop art | art pope,Alex Shell,
Qmd3jo59bZSePLDMbfLhUrGqEh7HNUQmuymGZNjUSFfjnT,metadata,Light The Way,An0nym0us Nobody,
QmPPz1REWxAn1e1cwWFvXd21XmeKR63ViuazhetpYes9ta,asset,Light The Way,An0nym0us Nobody,
QmPkucubea3tqNNbckEm1ZbJZNSGStC46Xv9ci2a957eQf,metadata,DDF-2C,obxium,
QmUmvg6B3nPDBBuJaJtnTLDYXeaUxBMfF7kUY1LKPNDTzP,asset,DDF-2C,obxium,
QmQ99qARtUyMCW3qSgBvBKCCoYmEDgVZzifrC1bh9MNn3q,metadata,Chasing the Light: Beams,GISELX,
QmToU5FyKYBiHZTckCK8DLJuU1DJG8js2GQDxpxxNbPaDQ,asset,Chasing the Light: Beams,GISELX,
QmUWY5Q2xPfu88e3f4YjQDmNmsFNDWk89x3CSCLk9SjbLe,metadata,Tetris Figure,Glitch in the mARTix,
QmVqniywn54X6pc8CMxuVymDwgkJxZm6S9mJWdB324brh5,asset,Tetris Figure,Glitch in the mARTix,
QmdSV61kuN2eGjYcgQrgtb7c8PXBPPm6aFRGQawztoqoU1,metadata,♀R I T U A L ☊,Mugen,
QmdZBpHwCxZW89GpmtqoPSCQLKJ1C4pnVMLfmdWK2iBSKJ,asset,♀R I T U A L ☊,Mugen,
QmVg4MdHGQsnwHKc3M1vX82taWfJPm3S1hghK1aHG7zgBS,metadata,RORSHACK REDEMPTION,ilan katin,
QmdAGsLtyGrqKbxP2CuLH9gABB7Y2thhuAN3ENKB3qH2Y1,asset,RORSHACK REDEMPTION,ilan katin,
QmQmTwNe3Z7QwRQp1PhqZCti9mE7GbyUpCV558Jwhc7Ccm,metadata,my music | my style,Alex Shell,
QmdozXSAJ7CG8Ps6pbAkt4zH4TPXavH1dxuaaMk7kifqsB,asset,my music | my style,Alex Shell,
Qmaxd5uUN5U1dG2ddFStvBgwqASRexEuCDKs5kEfVbdLVj,metadata,The Rolling Hills Of Neverwhere,An0nym0us Nobody,
QmeqL6qhAmAfEbXjAr6iMTnQ58frCSqbVXVcqjw8Yb2E1h,asset,The Rolling Hills Of Neverwhere,An0nym0us Nobody,
QmUkvS2uPbfxZuqsqEvaGRxCiC5bibFnsXhTQer4bFm9sH,metadata,Obsolete,Moxarra Gonzalez,
QmU5N6AmCyQBPB6q7MRhuUB8YcyiiSe8AoyJy5P52YJVzS,asset,Obsolete,Moxarra Gonzalez,
Qma4dawzV5PsEKk6pVSu1KDXKvyhCaNUrRuE6As751MdAC,metadata,Nightshade #1- Belladonna,Voke,
QmS6xob8LVED6Yd3KF21BJy2cPaRzcxNdAbhBkNK2vZU6m,asset,Nightshade #1- Belladonna,Voke,
QmfMGW473NefxeBBSrVnvgWoG42LnK3wUzwM9RoLPHdQs3,metadata,FUCK THIS,UOys,
QmNrdY4vLSh7JAWdRuLFPPjdY3UdscrZR53BkJynhsMLfB,asset,FUCK THIS,UOys,
QmVjbvF5FdQM4r5x5UDNUUJRe1qLzEUMd5dBcMHrkejHbt,metadata,Pussy Bird,Kozachok,
QmbmjERTkv2SreuvXrt3xbbWQogXB987goUy1Hze5imVfE,asset,Pussy Bird,Kozachok,
QmYEADWo4JPRDAbWGm2xYCPSsBnnMvdHk7yqiwBDVh7UWw,metadata,To Not Look Away,Unrealcity,
QmNYjXasFqRsScVoagFyR4nEMKmBzdQqwiGsLdNbLjoXtH,asset,To Not Look Away,Unrealcity,
QmNnmNJkogB3hsYD7nKV2iaaugqEQtducnMBBgLQipji9k,metadata,Windows of the Voxel Hotel,Alotta Money,
Qme6YiudqEfz9en7cT3R5zJBRqE8uCx2ktE2nodR3QS3Bo,asset,Windows of the Voxel Hotel,Alotta Money,
QmWoZAF6giMy2YprydZu1kCEK5kdTn2ccHMaqSjQSoiA3F,metadata,Computer Composition With Lines (Take I),hex6c,
QmUefUiqZcPvsQ2xcPUUdBNAf16XPqM4GYXxj1n6xBts5r,asset,Computer Composition With Lines (Take I),hex6c,
QmPxAWGnvR57XFc3oEga6jWKzAxRmYppNzv9gn8ksCLH9L,metadata,DDF-NKA,obxium,
QmQQZLwHJETJNebj19TMRiV9SADVZAwdct5stHC2BpVPMQ,asset,DDF-NKA,obxium,
QmbxtmRayDj6AykDHN5YyDdYbYGP17EQ5LfsaZKBU41CcB,metadata,Megumi,neurocolor,
QmNqBzFtDNyQ8o69z9oamZNZhF4J23K5XR3bqTAJiyP4LS,asset,Megumi,neurocolor,
QmQSRgv6X7ALoa6NerN6kp7kxwzM7BCwGNdMsGQQML3s2r,metadata,Hide and Seek,Miwa,
Qme3qBZYVdAL17q6yRnwWDWAHy1mRFpYEjTLgUdZckH4e4,asset,Hide and Seek,Miwa,
QmbosfjkA61edyQxhBukN2VPHsJMpmYAcg3Ln5xfJghEea,metadata,Abstract art,drawing beautiful things,
Qmeri2ehWQfU1YyGvUd8k4y9GVNLDd5AaG2PePZ6xZVmDp,asset,Abstract art,drawing beautiful things,
QmWRdZjSSaigCs6XAy5ugkWQzy1AdKNqyYyHcnR9R5a98X,metadata,The Gravely Tree,An0nym0us Nobody,
QmNqGjhuLSzQ4eeeX1W1zxYBeitrHe7ZuSw282c8pxy4CF,asset,The Gravely Tree,An0nym0us Nobody,
QmcP8bgUzyz2ogG8TPm3KPC9ELg7YeqoSaHDu5Sz2SC3oy,metadata,Gold Eth,KBO,
QmfAxEYK7oy9jaEPowM1DFEkCBttYQepkcHqx4hgdd3FMf,asset,Gold Eth,KBO,
QmZPE7onKcdfMXoMy6HKmMv86X9kMHnW53ptAYeYhfSdAY,metadata,U.F.O,Alighieri,
QmdyZrp8cvA9V1eVfiDbRBkj9K9BXjXTT7uyoTX4PL5P5q,asset,U.F.O,Alighieri,
QmePTDM4qQhH84LfZzNyVaQDsQHWEY42tqmcpewb6mhQ7F,metadata,The Reasonable Man,Unrealcity,
Qmf2DXvJsquhTSi1m81zXCqzZAqbq3r8CyDTsG4ZJLWFY3,asset,The Reasonable Man,Unrealcity,
QmbmuzBBzzbFAKiPyXzMQLWUsnHREyvJg9CKeJrcMFwJgj,metadata,Source of Thought || 5/6,HeyHazmus,
QmYE97EYFxRTVTbcs9iU5tsoVZV8Mqu6NFimZmG79M5Qq3,asset,Source of Thought || 5/6,HeyHazmus,
QmQWC6vMXGnyWTYpoFSTLkKUNJqArneoHx5UqJrBp1YRcC,metadata,Original 'Banned in China' .PNG transparency file.,RobnessCyberpop,
QmaMCwe9GeoUkZ8vESjZivTAsuwszDeCCxa2ks3SS3dGr3,asset,Original 'Banned in China' .PNG transparency file.,RobnessCyberpop,
QmdnaZ3LwhibS18xqW1XNmrwpDPv7bJDu2xLKYSDJHv6qZ,metadata,Splash Mash,UOys,
QmR3QqYaPHAZNmy1m5JY9L3iADEoy3pWuNfe1N9FEZHiqu,asset,Splash Mash,UOys,
QmYxdKeA7JwzfUcWMeXHSJEJLTdhV7AAa8w8G4Nb6qzhwd,metadata,broken-QR,Coins,
QmPx2VG9UqKRX6Zf33ABB5DshgCXrL5HvhXAMWyRRCaCpF,asset,broken-QR,Coins,
QmX4KtjHwrNz4xwy675KMrdrSbowdRVa3oKNDRCtMnZvye,metadata,Headstrong Girl,An0nym0us Nobody,
QmS9iDXg8YLknMG7tiBUJzAgPcsNKThykaZyxHQ2Azhs1m,asset,Headstrong Girl,An0nym0us Nobody,
QmTA5sHc21yW77gHaDHWVcZSqtR1RjaXwtEXXU1yS2gYgn,metadata,Computer Composition With Lines (Take II),hex6c,
QmWD4c7rLw4ZPNQSumhvzbyhB2J7zziRwam277KQ9uSb8K,asset,Computer Composition With Lines (Take II),hex6c,
QmTXvHf9tYTqoNUEAuaRH2itFjFBPXtLEf5nCRw5p4fg67,metadata,Portrait of the artist. Yes,this is me,
QmPSaezWkhASPBFuzTngVhP6a5ZKRYbkg6aXQQgnbesX2m,asset,Portrait of the artist. Yes,this is me,
QmXSvhEWW2JhcpRFhcinyxXQDhNPbWCFhHJ43Xmfh9fuD6,metadata,Brazen in Africa,Requit,
QmeKzMancV3Dxqq4V41j62iNRX6YyrRLGaXbrjgNS38zbj,asset,Brazen in Africa,Requit,
QmavSoxE93foJZtS3Ugd4CDYH4gpHuSo1ygCPVSPNcgMK6,metadata,Watchtower - The Pentland Experiment,Norman Harman,
QmbfyhYPJgi3iXoQYiYa6VpD4tx8gWpBHHzueBJNyjwGU5,asset,Watchtower - The Pentland Experiment,Norman Harman,
QmQdfnbNzfNHd2r69h96M3FYCuL6nWTfrem1mdSVkbDwQH,metadata,And All Manner Of Thing Shall Be Well,Unrealcity,
QmR7rg87jbXTButoiaNzcdmwU7s53WwdGnGpuRdMyjd19b,asset,And All Manner Of Thing Shall Be Well,Unrealcity,
QmXyb97BW4rsP4dz84yYcbuSDMvMAsptQoFCZBr5DMAuwp,metadata,The Bear,Trevor Jones,
QmemMqNKM4UK1zypUjPnmvKXrcpFTPbtX7qhYWprYz4QaV,asset,The Bear,Trevor Jones,
QmP6u9maswL1448EWDsvpV9epce1EUedRT3WQqukPEX3rH,metadata,No Pain,Gary Cartlidge,
QmQEMyDk7pUFgeqLJcBTrCo3wGES2XjtdTHts9qFJ7oZ4n,asset,No Pain,Gary Cartlidge,
QmXSu7L36DiXn1y6poQQAXJQVHvXBT9HWTLosmrwF7ZsNU,metadata,Wave Function,Yura Miron,
QmWwTZGJoZ83V2VruG2cHwiNui6e9mDfEQpS4AzVm1PKkn,asset,Wave Function,Yura Miron,
QmTBwPLV6rPFAE5vbTsrE8JuaN7rC8nCms5bzq9PRVh9nE,metadata,Clod 375: Play date at rabbit’s house,Fabiano,
QmSJbcu1rwUo7VAvaHvfQoYLVYvJKDkqnLpWXNeDHJkYDa,asset,Clod 375: Play date at rabbit’s house,Fabiano,
QmTWDWUiXun6sbsfjU5XbxgFfnqYCdFcTG8tvL4Ug4E4Mt,metadata,Sectoid Sycosis,PacoLimited,
Qmarppwq5UytqD9fqYYAXGfogfh5auFtEHZyfX6R97HKpz,asset,Sectoid Sycosis,PacoLimited,
QmQPGwon4Yzid5DH3mkKjLEi6To9dKMsiNh79wrA53uSiU,metadata,I Bring Me,Voke,
QmeE7PkLkrD7XpLMJvbuqgnqfj9SyYkGXJFFS13fh8UVSL,asset,I Bring Me,Voke,
QmZc6Vj1B2tfi8JdzZxqMHTWTnEhrH1BiA58ea43R285Ex,metadata,DDF-TTC,obxium,
QmSmivdXd8Nq9qXYqtbqjLz3hR8FhAMLCDAHoKPdcjDdZ1,asset,DDF-TTC,obxium,
QmbewhuLT6fDZi9HDwHvks8jyYyi36SVBo5cD1ZHH27SPh,metadata,Facial Exam,LuluCollages,
QmQQX3GSELQ7h5CsCKYc7P4pnLf94iJ3VPMHwXCTovzwzz,asset,Facial Exam,LuluCollages,
QmczG9eSJQpc4STF5uFhnU5PWeyeBP4F1atyM33qZHWfmk,metadata,A.I. Deity Conjuring pt. 02 (Post-Historic Inscription),RobnessCyberpop,
QmRb79Xa5jG9EFeQibA895tmEiWwouh4wnWKaApZqqmWt8,asset,A.I. Deity Conjuring pt. 02 (Post-Historic Inscription),RobnessCyberpop,
Qmcs9Euj4q1ABNNzBNCKm2X2ZoViyEVMEiZPbGzWruLWUj,metadata,the deal with sleeping on the sofa,abysms,
Qmb59fK1ChykeB4EF2dswM7822a4aENK8a5dYC3d1xS81r,asset,the deal with sleeping on the sofa,abysms,
QmcycKHY3WCUc7a77zVwQL7JqCo1fzMR91MfFuEt6yo4Kp,metadata,The House of Asterion,Beckermatic,
QmVZS6AWQ7ckEvoaBuinxxN3SPTMujtL1A6RBAhJKYmEed,asset,The House of Asterion,Beckermatic,
QmW7didc5PnVLutF5CeSmuK7Z4tJd63qyrVsBKMBahr61z,metadata,Stay focused,skygolpe,
QmeZrD3nsTNT2v1ctfH9TKThEuUH748pcZ1ZFEPx7BmP1S,asset,Stay focused,skygolpe,
Qmc2XdTLMyh7pvnLaYiiWRKZvhvFZzuSszGZbBVLHKXxCo,metadata,Succubus,Mugen,
QmdCMYSFvd7ZUoT5TeZqs8emJ63vhkNMiZB1jD3FM4c7m1,asset,Succubus,Mugen,
QmTnC4AQCSjSDX9g5TQtY6ru5uBqKNSvkZ7PUK8DUHbKu8,metadata,Secret Sigil,UOys,
QmZ4wNKrLZBTozr2DY4QLrH5c8xBrVHGTrBkD4EWhXm65r,asset,Secret Sigil,UOys,
QmTZJvepP9BdcBpRvUTUP3TUmHR9yvb3TGgS7WWSCJVmXu,metadata,Abstract art,drawing beautiful things,
QmS2ixPNCvLFasf1VQMjZT2YhuiTrgh7jj8Pe5ZByNf5cB,asset,Abstract art,drawing beautiful things,
QmWjwZNaT76YhpwRfZYDqKgHEyjChxnBWXXKb9sRgs3fPn,metadata,Shattered Memories,Glitch in the mARTix,
QmevnVLFGEQhCzY4s5bFhMKc7QYs9LKdw4xXG1qG7qygzX,asset,Shattered Memories,Glitch in the mARTix,
QmX6fQkFAta8ccTPdL7CZi2Pc9bLMxNkJjsmSqvTbHtrVv,metadata,Computer Composition With Lines (Take III),hex6c,
QmQmzkx9QWHkeM3P1q7AYvWirDCCWFyfu6XWPjGvsSb1xS,asset,Computer Composition With Lines (Take III),hex6c,
QmRsyd39CUQYQUzK57foDS68zQ2mTT58E7P5PNz1BxKb6C,metadata,Immersion,UrBen,
QmPTp6T9fdosS2Qyy1d8doHquW21wELoGxVRrZ49btp64d,asset,Immersion,UrBen,
QmRUHJj6937vAQVm6PL4yMmjQDRuNpZpK6Es97FqmjWqVq,metadata,DDF-BTC,obxium,
QmbfZDuuq5S4p53Nro3SjfyyDcRMLuifNJdFi2pQvKS4vd,asset,DDF-BTC,obxium,
QmVeKmAecd1bKoHBMKaMUN4RZ9tQdUL2bbV6TDnDMqDQPm,metadata,Subconscious || 4/6,HeyHazmus,
QmTPySBhq6JmPcaeQvVWzCQoHsa7f9Lyjh8GNiz6ch4omA,asset,Subconscious || 4/6,HeyHazmus,
QmVpdfEvNCWfXSV61oaGpZYSKgwSu5jGbWtHxYZKMYuqvE,metadata,The Ape That Hacked Its Own Brain,Unrealcity,
QmbMpb8EsTZ34uQCTwY9z1LM1THGYBFJbTTUNF9LbASacT,asset,The Ape That Hacked Its Own Brain,Unrealcity,
QmRKsPRPcEUrpfS2vYHJd3CWZqoeKRhACzWXVJ2ebXwtPJ,metadata,Being a Bee,Miwa,
QmXq76jjWePHAe18px3ktVMzqsDRE9nze3bAn6zzHVp8z9,asset,Being a Bee,Miwa,
QmRMtkAmwLTh7gM6cwwsDeZxeX9Jz4FLcP11FgoAmTsYqe,metadata,Billboard 1.0,An0nym0us Nobody,
QmTSoFz1YygpJXoKMTCaGwBfu5fttrgBgnDdJwERZcXW4p,asset,Billboard 1.0,An0nym0us Nobody,
QmYBiJwZeXsiWXsZeoamKUVRthDs8QoMjDSuxByug48sVp,metadata,The Eye Of The Lemon,UOys,
QmWn8a6ZrYQRy1j9PZ6eeQSjuYwixidvEKCspN2G5hKqJp,asset,The Eye Of The Lemon,UOys,
QmQuKvpFbgEfVq12norzaEPmvH1ZUGhkodm2gnMm6QB8A2,metadata,The Beach,Kozachok,
QmWDYCGyfJqPozT9G7ciYEr21f3YA6XRMYe2h4v4v7yEDH,asset,The Beach,Kozachok,
QmXKDMSqbdSEpTjDEbtozvTYQdW4GxDqinyaVZmxRQs6Vg,metadata,What am I doing here? If my time-machine really broken ?,Alex Shell,
QmPUPFupY8E3RjUoNSMWWMimcmKnfXw4PXmzNUp771jESi,asset,What am I doing here? If my time-machine really broken ?,Alex Shell,
QmfM2P8g55ixG73m6yMebLTFoyq7UW5LgQEoKdWqezcMUh,metadata,‘Children of Steel (Ninos de acero)’,Serste,
QmP2Z8cv7UeDKYLpJWZsvKaecndtYJfSrw1hPBNLHfcsZz,asset,‘Children of Steel (Ninos de acero)’,Serste,
QmZS71RjpuTydtiqb6AyRf3KHQtygcpe6izCGsEbjMy9uf,metadata,The Bull,Trevor Jones,
QmYAVAJhsK5adfqao1SRhTcTxgA5zmMwgHJbFLiKpe1vPk,asset,The Bull,Trevor Jones,
QmXimGhb3UmwkHKEfJZy6CkSR8B2whr8GKYTRakDEMEPQF,metadata,Virtual Facial Mask,Bit Errror,
QmTED4R2spfU1krGSM82YpFMsFVmnya9nGHNHeYp4a8qZp,asset,Virtual Facial Mask,Bit Errror,
QmQMgovLU5V5z7YFs9MUL6ziSYrXVs52jVwco21XG2j2M7,metadata,Horizon,Yura Miron,
QmPmv6oA7VqSKm2XZ9NSRnuFUDFRE5nLFw4NnyXyTqr4AN,asset,Horizon,Yura Miron,
QmQxW6A86gTv2qsPwvWPnmMyosxegRmwFyFbMqvAQpbZfD,metadata,Holy,Osama Abbas,
QmdXLGJPakmkmcL1kEwduSFecxRxuQKZ8gmdaf72fV8Ctt,asset,Holy,Osama Abbas,
QmPfcRYPzTWgsMQrqK7bqYRmrzhWgpfqosoNfYY6ezXSLQ,metadata,Hacker Mask </Pixel Mode>,hacker0x,
QmQHmWp67CNV1wUGEKho3accqZDmng3k1DetsJcaB2dWXF,asset,Hacker Mask </Pixel Mode>,hacker0x,
QmQqeCPvXmDEFnx8LHQsrrfvnpAz2naNMMYsuxeeqrqMTZ,metadata,Vessel Of Consciousness,Pejman,
QmNNsw2rsRG8ZktvEQ2vyTCwW21qzxWb7UmAUW2YabxGSU,asset,Vessel Of Consciousness,Pejman,
QmbvABtm7NbGZCw8senZnb1VJb61kB7AhuUmRVoGFGwDGs,metadata,Be Yourself_Pop Art_#5 - Warhol in Drag,Voke,
QmP1LoneLfPArpLK1nxRccQYwaLx83Bxq1rbQBgbrgGXQi,asset,Be Yourself_Pop Art_#5 - Warhol in Drag,Voke,
QmWUrYECAn7vDB3cxtnsiArvg5QpgBiNWwKyw5TFoQzEHt,metadata,Max Osiris/Jay Delay Split “Infinitely Structured Taste”,JayDelay,
QmNWpinHVP3cTQMNAXLrr7nKmuWsdEgsJXdJb6v5SH1bYD,asset,Max Osiris/Jay Delay Split “Infinitely Structured Taste”,JayDelay,
QmZ6XChTf1yHXmfJ8eXQ9gkPquRaNTYDP5b4DyAdbnPVAG,metadata,Insert FIAT to INFLATE,WizardX,
QmWfoRBzVDkNBz4yxeom7vy7Tq14HXQ62hRzithFTu42ZX,asset,Insert FIAT to INFLATE,WizardX,
QmV7k3TsKyDcDRnoa9U2FN7s8SpUTuUNJnFxoN9YTdxArd,metadata,Your reality is yours,your eyes are mine,
Qmav9x2qywcqjzg3WaaB957M2UCtNJuQBUQq2k2Govj2Q6,asset,Your reality is yours,your eyes are mine,
QmXdswT5ocMPH2FqT6hvzGJphyYM1AsxEjZPQ6xcay8wms,metadata,Block These Ads,An0nym0us Nobody,
QmbEJDneZuKQYQ3rcFQQc5vJ1AExWKiZL82xF9Yf2SUtHE,asset,Block These Ads,An0nym0us Nobody,
QmWDHWb2ukkTyvpZkmXT1BfRSckLh7WAh6RZUCoR47C6Lc,metadata,Exploration of colour,aktiv protesk,
QmZoWF5mqHPs82eEV3hQfcaZnvVNe7nY4ZFVKMweVeYdnh,asset,Exploration of colour,aktiv protesk,
QmQ1Jy3ufu2bTh94m7ab3H9qs3mriTk7U428ug6Gx87TqH,metadata,Pixel Groove #1,lulu xXX,
QmRsTAwsExSbND7tNTaLCz28bM3VDzTghs5UURFv5Cs7ui,asset,Pixel Groove #1,lulu xXX,
QmafWLKAYA3jqcbC65yyWHk15R4FS7YMyVNGJ3Ki4ykzV5,metadata,꧁༒🔅⫷MØn0𝐋𝐢𝐭𝐡𝓼 ᤂ 𝓼𝓿𝓷𝓼𝓱𝓲𝓷𝓮⫸🔅༒꧂,One For All,
QmdrtvzKotfY7KYyH3frc2k39bwVE1cJEs7Q23uqGJNWVc,asset,꧁༒🔅⫷MØn0𝐋𝐢𝐭𝐡𝓼 ᤂ 𝓼𝓿𝓷𝓼𝓱𝓲𝓷𝓮⫸🔅༒꧂,One For All,
QmT2bHZ3DJBrXjV1rXYDHzCLckkis2rkpcKr6DCf8GEJdN,metadata,Las Parabolas,Terence Mckenna [Ethereum Version] - TM8ETHKO,
QmUA4wwbf9FRNrzZFHHqjozGydqSSiMVzJWPvgQa4kfasg,asset,Las Parabolas,Terence Mckenna [Ethereum Version] - TM8ETHKO,
QmYeYppDH1i4nk4bNS6bJDakQ7xqC9vsrHcJXEtYShR542,metadata,Abstract art,drawing beautiful things,
QmdEN49LYiWGTAvoHCSkqdYmEREv7i1q24RWPt3n3LEsSG,asset,Abstract art,drawing beautiful things,
QmaokFkCcnattG4uVt3RW2esPY16Tuexvbx5JURb5BSW3N,metadata,moon,donnoh,
QmdjoK6waksXqTYDixJGMmeEF6wvBhnqnEcPBPPEjojcMR,asset,moon,donnoh,
QmPwXA6FVAeoQcDYHiaq7Ju9YCYJnX7mHPSYQ6VkBMnwTY,metadata,Dead Queens,CryptoSpectr,
QmfEGK5bXcoTQj4CxaKTe1tWtRM7tqAeUTA5kkJWm7oDWC,asset,Dead Queens,CryptoSpectr,
QmZN3aJGYM9xn35xFigJWwmu7cN2wZe6qj87DG8nw5eRVp,metadata,West Of Nod,Unrealcity,
QmQxbNkyvRRUJKyqHf9mzfYjt9GkMsd7t2jEok5css2vJ8,asset,West Of Nod,Unrealcity,
QmPshPjVyorPvRgYBYPXmVPEqmRWbjrK3Mdogub9uprMMf,metadata,Immersion (Piss Trump),obxium,
QmTNjgzKgSoWCKQ3k8YggK6qSKref2XXjzS5V7s4iCbn6s,asset,Immersion (Piss Trump),obxium,
Qmd8vkweuVqV1xgJg7Xk4mBFLDqQDsEK2QR4qz8gQp2rFq,metadata,A.I. Deity Conjuring pt. 08 (Post-Historic Inscription),RobnessCyberpop,
Qmbgft4x9HuPRoqstMei4hw2Q85GXiy4FBN6Sp8zU3LesB,asset,A.I. Deity Conjuring pt. 08 (Post-Historic Inscription),RobnessCyberpop,
Qmd8GGYjdFSsW3qWLPKMh1qzipPpcf3BZ2dwVBj9KfR4uP,metadata,Banned Dreams,PacoLimited,
QmWU1LzcdRfTDxznE11k6hEqpyn2v6TgZAKmgBkJv5yzoF,asset,Banned Dreams,PacoLimited,
QmTCkZQ1fQdVkFwtviqtuiBSGSregcDrrkQSMdw9NeSTw5,metadata,Abstract art,drawing beautiful things,
QmdMyrbreh2Nfi5BNwFfTF369hHMo7bvZSrzHZCJC15EFj,asset,Abstract art,drawing beautiful things,
QmYxJ3CmMDM8WQYkvc8twpCBSx8ueR7TVNvm4UCQ8mYVzm,metadata,Steklo,WintEagle,
QmcFZS7nTAqDS5nAipsPx2fBJdeDYYWsAhZmG7fP3k4r9o,asset,Steklo,WintEagle,
QmbShnUUQgfJDmjYzNNUToaeWJhTXDca5eU99Es27Trjqb,metadata,Mayday!,An0nym0us Nobody,
QmfEBeyKkaybJV32D4rBo1qbaVqEtiZb5JCrVBT4JTzCws,asset,Mayday!,An0nym0us Nobody,
Qma2ZUnWs4ykvZkkishv3bykuGsDXikAV9MT4rvFCFz4wr,metadata,Eye of the storm,Vansdesign,
QmQ2V6MP2X3sdQsGvqwR9ghPFNu26jaaK889354DwMZMsb,asset,Eye of the storm,Vansdesign,
QmbdSQuiATgbGFKzjZjTtXTebuSB1R9svQAxfut8ZYwiUT,metadata,Hunters Moon  - The Pentland Experiment,Norman Harman,
QmapFnMLVDjbqwkaBMjSRncNHdomEKW5gRR8zwWd2EkWXQ,asset,Hunters Moon  - The Pentland Experiment,Norman Harman,
QmUs8CSmprBcsNGZvVKKzcNXKivtxbBa176LvqJgjdLZGq,metadata,gallaping googly eyes and his trusty steed,MightyMoose,
QmTjtFpAd1bqd9YXu8YXrzbcUg2jSDMfj2eeXU3wKqJt7Y,asset,gallaping googly eyes and his trusty steed,MightyMoose,
QmYegWDR25GMBPaiqmSWbivTsqQac3xmYkhndCzRcetDc9,metadata,Ethereum ETH-KO-06,Tom Badley,
QmQzgfPtCT28rrwtRHkCCpg6jN48JoVV6gPQDgRZxyNevS,asset,Ethereum ETH-KO-06,Tom Badley,
QmTuqFMFsmnUqNuaDVb1xotYPV1V1PNdwDipJCFWZ3wvmm,metadata,Ethernity,KBO,
QmPL9pq7aPRuLYxfQfHZ3LYdYPGC7QGXJ3ncr381zy246U,asset,Ethernity,KBO,
QmXHpQ2U9MGdkKg5RaxWkvMmGv2MwWJcScEJbDxGDsjmbA,metadata,Monkey art. [green edition],Alex Shell,
QmRa6oMD2DJSpGYDHrq1touWUywpDh2WG7JYy2tQhP2hnS,asset,Monkey art. [green edition],Alex Shell,
QmcgGw7V2p38obHqswfgYGztRQFV4S7FXGWxSVh2hq2vo3,metadata,of all what might become 1:10,jonaskasperjensen,
QmPCVvGTeTZWAZkNW67SP4NWun3te5zocnVNGB61dBhDdh,asset,of all what might become 1:10,jonaskasperjensen,
QmWgLqu6ny6z88KGPjsT6mTHrJH4MkaqbaG1ZW7KK199xK,metadata,Pixel Groove #2,lulu xXX,
QmShav6rtbaiCLnSG41fCXZtcB7uY2jk6CpvcmkAP11m1a,asset,Pixel Groove #2,lulu xXX,
Qmf6chxMABJqRqPeRW7TjdBUHvabRLYQ2mvB2EHP7nezcB,metadata,Ce N'est Pas La Seing De Monsieur Magritte,Unrealcity,
QmbWuR5Bw3QXmqB9tipXYCsGHYHu2j51wvqP5wgqCsAoyo,asset,Ce N'est Pas La Seing De Monsieur Magritte,Unrealcity,
Qmd5onWQJqS71iiAW14ShhtkFTmfAFXjbxa5bcNxkcutDF,metadata,Naides,menos que naides,
QmPt4xzHknm32PcZwjZ2mEbF2TR1qPJLbYVgT3wVG4GYFv,asset,Naides,menos que naides,
QmV1TudpyLJzggWABPobeswC8akJa8LhbC9w15euLfAnEV,metadata,Anza Borrego Billboard,An0nym0us Nobody,
Qmb9YbC5ziEb22H2HZzaFqerBYqa2Dn5XZfwuW1YTLHJxw,asset,Anza Borrego Billboard,An0nym0us Nobody,
QmcaBfsTgPMFctTD6z3wLDoadYsrWuqxsnicsFDVCU46j3,metadata,intoZR,KBO,
Qmc769t8jmPRVN6sqypQigGNVm9BRNj7aq8huxULeY2et1,asset,intoZR,KBO,
QmRWAVAVunDn9jG5eY6B9sivei7amtfQkjr2bA3mYpQb3u,metadata,Butterfly,Vansdesign,
QmTjgQ6Z4jWR13LvNEU6ohuQeEnqJUptRNW81B6b61vdZE,asset,Butterfly,Vansdesign,
QmWJjQKurgfGcJU8yRL1hgkV1eXRBtvbUdUNutP4X6boCF,metadata,Abstract art,drawing beautiful things,
QmY43mtXszcHduFSBL5yUdrTxAmZDf8p29RiUmtuV27q5Q,asset,Abstract art,drawing beautiful things,
QmVf2DM7pfJL2ykXoACafMsjHkUkqk33R4Scsn8RnySQRK,metadata,Radiant,Glitch in the mARTix,
QmaJ2R96xd3drvuvZqDBCf4RFnpk8sceNygkBeY41EM4b4,asset,Radiant,Glitch in the mARTix,
QmbRvPYNijggWWBTdS44FVeX9kBoXDVDefy9yAd7KY32Ct,metadata,Incantation,UOys,
QmSa2kk4fziX4PfCbKoJn7m9S5MRuL8f7QUfR49RLmFWKS,asset,Incantation,UOys,
QmdSydqqgZoYz1VFTUuZ5jntetVABYgS6EgbQgw3349sHm,metadata,Mabel,Voke,
QmNRKrjYTr6g3jGsbx28G54YoVSwfwcdFbKQsbMteF69hG,asset,Mabel,Voke,
QmUTUdWa4qptS1JP3FXKW6BtcbmY16QmsttuEQwR3om6Dr,metadata,DDF-BAS,obxium,
QmQnKCg15sa9qKZkqzdxKPrVmrounZhy7Z1u1tDAbHhRFQ,asset,DDF-BAS,obxium,
QmZiPRV2ge8RuLgBVQpWr1YbbYyaEogVjxKke2ooJuLXmw,metadata,Best musicians series. 50 Cent.,pastelcrypto,
QmW3Ym5SEFSG8JwNjriGy5q1jcdDQXDZWRUcGMXhFrsGPa,asset,Best musicians series. 50 Cent.,pastelcrypto,
Qmef94tWWWKHtzHsz6UbWNBhWzoqsAYpkyg2CvRPPUyznJ,metadata,rubbed eyes; no signal,yrdgz,
QmbNtN1eD8x1KojWMa2hMkh5eevHvMBs4fC9CzBQ8wJRcK,asset,rubbed eyes; no signal,yrdgz,
QmVwQpqtonKRZwWxzXanVfEtvVFhLqvgyPuHa3S6LvdKpb,metadata,System Log Creatures #2,lulu xXX,
QmUaoSXcduqGPauf34763w3zKgbktGAHjqBkr5xW5a6Lpa,asset,System Log Creatures #2,lulu xXX,
QmTS5GR4DXSp9spQ4ha8DHsykntNsELSgWNUGgC6msvFvk,metadata,Corona Smoking Eschatology,Unrealcity,
QmXYQtwkhsHBTaz3QTfzJc9Nqr8HkJFA81D83KTykkrX8y,asset,Corona Smoking Eschatology,Unrealcity,
QmYYrc2rh6Ao9VCNCnsE66XNCGj5gECPV9WBE5vmK4xHFf,metadata,Tlapatl,Yura Miron,
QmZqZnGKvpbhXWykbz9rYrHFS2oqE6rBAj5eqFj7bWRDKL,asset,Tlapatl,Yura Miron,
QmYfV5C8MK9jBk7DZduZK6b2LxJ2fJitPQdpbiAhA6XGmW,metadata,|-| |,HeyHazmus,
QmfHg9aSePbHBTLFi2ghN7MxjjZiifiBZq7n2KR9okbuwh,asset,|-| |,HeyHazmus,
Qmf4LBfKn1RmDJxkkxVwd879hquDrqMWKXoEofrPfvadgs,metadata,Old TV,kloop,
QmVfJ5qqncRPTMoMiLnJrRQsz9KDqVcJj289H7BRWRXwyZ,asset,Old TV,kloop,
QmUHGeNs4CJ6QNa3hqFkVddoFbYzqUyZu3nzAKHJ1AA1Ei,metadata,Monkey art. [drawing by circles edition],Alex Shell,
QmfXEgKeCX6awwARr8hQjEqB3jQiCcJMG8Egr6LDpg39uy,asset,Monkey art. [drawing by circles edition],Alex Shell,
QmPPcLU2rRchd9KvgWq85SbYGb53QJ2ZG7UC75SJhaLwPL,metadata,The Clock,hngeb,
QmZgMLkz1ZZ4H43K7iM8MxhsHew5WezfrZKgJYX9Wwhhhy,asset,The Clock,hngeb,
QmPcQw8GEraLYtyBmhKJLKknihY8VHKP8HEXB1vCHymBSH,metadata,FUCK IT,UOys,
QmXzTrJYTUbWBwpq1htYbZbQ3n34SUEJhFP1bw4YCbK1y6,asset,FUCK IT,UOys,
QmS8fZmizcqsvRAteVuBwFB8ryuoNxxkZycYMoP5pK8vvz,metadata,May the 4th Be with U,mr-monk,
QmW69vmNbDxP6C8mYgmuR8CKB1ftmnTnZhH8WKYVdYktmw,asset,May the 4th Be with U,mr-monk,
QmVDvBRdwMrnhfj3DWiTRkSJRUyaezS1opLHCj4aETFKyw,metadata,ARCADE TRENCH RUN,abysms,
QmUUMiWaqestvurJvxWjpQdHXoSAUkwDXaQF5KkygveVxP,asset,ARCADE TRENCH RUN,abysms,
QmeSz7UWRHrvEa1EbhduzjRXBguZnUsgJkxqDussktN6wi,metadata,DDF-DAK,obxium,
QmaBewWC1JpcGBNiarUPcW1JbvSXfACKpSuhqNgWkWx5QM,asset,DDF-DAK,obxium,
Qme8ZyM3wHkRi8rtNAL1eMuDQHzjbQt8W2vZSs1QdBa355,metadata,/ INNER PEACE /,GALA MIRISSA,
QmSKMieMsFuZP428socmBM2TSBuRTYgk6FvuXX1eJMB5Ar,asset,/ INNER PEACE /,GALA MIRISSA,
QmSWtSqBRRg9KWSvTKH66Ugu8YnNDWRPRadL3t7yUNwdtP,metadata,Hunters Moon - The Pentland Experiment,Norman Harman,
Qmc78gYp6XUM7tWpskaRCexbtkmj3K2qruq3wEdPKeYQ3m,asset,Hunters Moon - The Pentland Experiment,Norman Harman,
QmR6QkMjfmDWjCgmGXmwCRrcQqk7JzyZmC3xXL5915XiHc,metadata,Psyche And Her Mystic Sisters At Play In The Sci Fi Nightmare Feverdream Inferno,Unrealcity,
QmSdBrjwyQUW1TExdN1BtQo6dVi8HwiGy64UJFGjYNwq4W,asset,Psyche And Her Mystic Sisters At Play In The Sci Fi Nightmare Feverdream Inferno,Unrealcity,
QmUMw3YFtdnNj6i8tTuv4oe5FVXHNYC2Am8NRLws1nC1EX,metadata,The Voxel Hotel,Alotta Money,
QmQHqebR8M4W5wEYsD8Fsfwo1RnvHjyuVA5rdri44smy3T,asset,The Voxel Hotel,Alotta Money,
QmVLEaEYfaQyBsW1p8mC73uuA8cLaRn6b2TGADukDMiRTk,metadata,|-| ||,HeyHazmus,
QmVM4q8AFbUWJih1znqdWyEEoRZj4wgwWPuT1RjDEX7ayP,asset,|-| ||,HeyHazmus,
QmV61RspbGYXTLMWSfRRjjYZJWSp7V9jdH53CJefmYx1o1,metadata,The Old Man with a Lightsaber,Bit Errror,
QmU8JmVscRiSnHrUKVT7sLp8p4biWEAxNg6QkynFhJm5Ng,asset,The Old Man with a Lightsaber,Bit Errror,
QmRfSmpXMzp4u5JvQua6wnAVnYE1UzZ7BNrKpxXJFWk3WL,metadata,plasticity.18174330,Marco Rodriguez,
QmcZG8pyUuvwTaSkwp6xybKKtQwYqZG7DnBhVWgt11MMxP,asset,plasticity.18174330,Marco Rodriguez,
Qmci4H8d5unUyNgzyjkBf3vy3PickNVTdtzMUGnKEV78u1,metadata,Jorōgumo,Mugen,
Qma17ggk5xSH9RNThgX9h2LjiYPCPNuN35qB79Lk5RawQJ,asset,Jorōgumo,Mugen,
QmfPScRQoMeUR5XgWVnZbaogrheJBtMNoRL7kktV1yNLWH,metadata,I can only walk this pet at night.,Alex Shell,
QmR5G8t3n2XbTEyPWhgv5hLEYdm6ZFBBbkzBgKFUycCM55,asset,I can only walk this pet at night.,Alex Shell,
QmWDrRdBhFSq1q9hq2iwwdu3yAjLY9WN55Dp3pbHrr6UC4,metadata,AmeriCON,Gary Cartlidge,
QmRnnDyuMPXuJ1ivWkiiTQxM8ttdAcNzHZFBGBjRN6Nrxz,asset,AmeriCON,Gary Cartlidge,
QmSkEK5pDorcSHTFRgtCjJdbDSbmkoxjXzSgEwguxnpYMq,metadata,The Guiding Hand - #3 Pathogen Origin,Kerb,
QmVrjqpG5cXyrY6EqQtiyi34uHbKrQAj9df2X1jWpfBZb4,asset,The Guiding Hand - #3 Pathogen Origin,Kerb,
QmVGEdK1tiDMinCMBQMD9kZtpBKizdevtfSLEMKPaGDRCu,metadata,Skincare,LuluCollages,
QmVM7HJPKWkJzu2v6unPp9eJkYrSsWy7pdJx6kurEJ7Q97,asset,Skincare,LuluCollages,
QmNfwAuE2NefhQpkADftKzCQqt4RTCnhFJ2CNEN9iL64y4,metadata,Minimal Poem 4,Hans,
QmXnbb2FpBSJxX9QGwE9xGb3ykc8NXozD1n529Rb4o4pFB,asset,Minimal Poem 4,Hans,
QmetRkTfsUQ3mQA373pKWFTmMPPip6syfgn79JCbWFoNcb,metadata,Sir Kit Breaker,Unrealcity,
QmQsQcMVzdGbPT4z7wstogA9NpHUVGSM54VHh6VVJ16kuK,asset,Sir Kit Breaker,Unrealcity,
QmUGBnqUoc3uzgz7oGuwTZ8D5ccSDK7FgWjM9CzhVGbiwB,metadata,|-| || [a],HeyHazmus,
Qme8nReDYL7bCWRn8KbzENcrLspYsjanps3d7K3ThZCcBH,asset,|-| || [a],HeyHazmus,
QmWr14mhGGmCQisT9TFVMZrCu1Yw3gfiembWfSCLxFyT6o,metadata,Dino and girl,drawing by triangles.,
QmXMeiDY6V5m8xS1excGrgHJzJQgM1wMwkXpZcVChHp3tZ,asset,Dino and girl,drawing by triangles.,
Qma8k6hivQAYCf2xTYzwofFs1WDdgfFsQPmN8gjc22BvSb,metadata,Max Osiris/Jay Delay Split “ Steps to Infininty”,JayDelay,
QmTy2LSSoWiL3ufbUeq7ZSEG3qgrKw2LE1RyaNs67XbXGy,asset,Max Osiris/Jay Delay Split “ Steps to Infininty”,JayDelay,
QmbmTs1oizg19hAa7AADif9wQspeUY2Sw1yfg7guodLZZm,metadata,Hello from Flower,Miwa,
QmNbGsRMR8JHSR2PVWwgzNHBrMveUVmPLjfgoHdJit5ge9,asset,Hello from Flower,Miwa,
QmatJ1ht476NUjb2yyV9mMthKne4WRPEftmn822ebV3agZ,metadata,DDF-AGT,obxium,
QmcBNKdR67gGhSRcra9yVKBLCAyPCDMARHRdi9RFyEAyaC,asset,DDF-AGT,obxium,
QmYT2JKjY7EYWKEVsiKiWb3813fri4Bp1yoDuq7cZe522y,metadata,The Royal Blood Sacrifice,An0nym0us Nobody,
QmZYY5wKvqhyf5GBdY7jK7rPf47AEiW4buCKuqmq7zuCwm,asset,The Royal Blood Sacrifice,An0nym0us Nobody,
QmPaNo2wk1AmG2TddJzwUPkSLo24VTYqMTBnEG3ZH4MDs7,metadata,ｉήᶠι𝓃𝕀ｔⓔ  عملة لا نهائية Ćù𝕣Ⓡ€𝐍𝓣(𝐜),RobnessCyberpop,
QmZQFSQXQWiPUAmaRQnoUXwKvC3U3Ep6zoVwcTH9iMLX85,asset,ｉήᶠι𝓃𝕀ｔⓔ  عملة لا نهائية Ćù𝕣Ⓡ€𝐍𝓣(𝐜),RobnessCyberpop,
QmandwwjcQmYdDdr5zLNbcSEHj8NQQkmNdUD4GhiEppiCj,metadata,make it beautiful 00005,ilan katin,
QmUEba722JRDLMstBbzxQDJCkHxcU1G4fsuc73XGtWqtmY,asset,make it beautiful 00005,ilan katin,
QmZSnRJ9WT9YwoWJZC9eaVr9kkqJCisujjEWkRwgBPvZie,metadata,Sixteen-segment $HIT,Mattia Cuttini,
QmYRu5utZU5AgYiNKW2VpWqpxmUBXvAWyzMgnL6bCeoLyh,asset,Sixteen-segment $HIT,Mattia Cuttini,
QmX98AKXaJUm1JoWDq7PEgTEgP6wL3Peeik8xVvL4ZKpsh,metadata,The Serpent & The Forbidden Fruit,Kozachok,
QmYvYp8ZsFFnvv2AXGokp8so5jwVHicX3AaKn9jRYBEkFY,asset,The Serpent & The Forbidden Fruit,Kozachok,
QmULtbGeNVcWMy13oxNbN8WGrz6H7EpbMGxFrYgdUY1ohw,metadata,V i r t u a l i t y - 仮想,neurocolor,
QmYwHVHn6D6oV6Q8aqYkoJ2B2koZmneqFPDpyZMKMAzU9X,asset,V i r t u a l i t y - 仮想,neurocolor,
QmSdkMreDmgBhJZtktux5bANxapQYmzVF46hDXuxfWU5gh,metadata,Ξ A G Ξ R and R Ξ A D Y,Carlos Marcial,
QmdX4s4LemvzfDKo5gPJfgVZuWhorucu5riwGSucoH8SWA,asset,Ξ A G Ξ R and R Ξ A D Y,Carlos Marcial,
QmQJhdB6Z9fAouKLmHuRbJPLibBHey4BNjHf96dQ7ZEvby,metadata,Uncharted Space,Stan Ragets,
Qma8gmYWC5zzy5ihDniYKmrTQXp3CcDxeEGiBMDvQSVa1g,asset,Uncharted Space,Stan Ragets,
QmfRUNnFru2i3yWjKsYMQ6i7LYLKYDFszyqTMX1ieGMYd5,metadata,Lucy in the sky with diamonds,hngeb,
QmaUwPEWfbW7AEMNQvfsbYEqPnNGqKXHA7MKRZjZBvLa7z,asset,Lucy in the sky with diamonds,hngeb,
QmbwAbPU9XguGkSpGHjA5HrKQgpDmPB5iz3mChAG9TtmRy,metadata,Your Father 2013,entter,
QmPqphixXFQS4DqYfVd3QvcVFD2TSnCSGKEDwUNRGvZTLM,asset,Your Father 2013,entter,
QmNVTqDRXytJvbLmwxgQQ1DgaKY9kprevsfphQeHWiR3yz,metadata,Psyche's 4th Task,Unrealcity,
QmeneXHFuwwnQbBakmcm8c8vfZqGzacWBVWRbrhuv1memx,asset,Psyche's 4th Task,Unrealcity,
QmTtVoTJpGTMYMyY2fj2kDEScctEEKUAQf7zzzZKfR3ajL,metadata,Little Nightmare,Glitch in the mARTix,
QmeSPtNVko8JDfSJVoWbZzAG98nEJrMhWnnHBiGxQGqnys,asset,Little Nightmare,Glitch in the mARTix,
QmUMou4Ud1rAHUEu3fyfzxMzuhhnGWF1RzEVvyJWT3sTUk,metadata,“FIAT FIEND BLINDED BY BLOOD MONEY” K@$M,JayDelay,
QmU3stFiAog4rGmnZ4KoCs7cW52LET8J5S2VPGx8Nt8cDx,asset,“FIAT FIEND BLINDED BY BLOOD MONEY” K@$M,JayDelay,
QmbRWFQ9MPSrMAcRFmxh9ELree37mznMPLURB7VXvAda3V,metadata,Ensayos en el vacío #1,Andres Senn,
QmdZVkoAwm45ub9j8nPpJbfgmHKsZdcgBGKikCymLuSxg8,asset,Ensayos en el vacío #1,Andres Senn,
QmYQi8YZ8hNwBuj16wHyj6nT7tXx915A7SKjum9AMksiGv,metadata,The Halvening,An0nym0us Nobody,
Qmeonp16nkWATfp23j5nKPyRMsQW6sbWAapQBqbetV8WzF,asset,The Halvening,An0nym0us Nobody,
QmdbfNwjZ6GZoUaoKLZULdi55i8kdthLQCLJ8f9BciD6nX,metadata,|-| || [b],HeyHazmus,
Qmbsb8XRfbAmuC9s6caU49MSptL3TwEhLgKKYpccdY2Qyz,asset,|-| || [b],HeyHazmus,
QmfXHirF4HLkCvcM1oYF47v6rNk3sgaYwbDqxgzpFiEAMr,metadata,Spaghettification,KBO,
Qmd5B4cLQrS2puwfS177VtyoZ1B8vHAu4u2H2bCtZd8EbM,asset,Spaghettification,KBO,
Qmchh2urCYCrAoFyRvz3RHc16L1p1RoSCTjUcnjPDcPoWA,metadata,s a v i o u r,Nvllsekt,
QmTcT5YDHcF76n7aBnVNfNonTdaSSCBb857d1aEmwWYhNc,asset,s a v i o u r,Nvllsekt,
QmUbRUdEauzti6EZYzxMWNs7qtqJ4dX2sKixEJoyNwQWDY,metadata,Head Exam,LuluCollages,
QmQmrdRqNFBrurcZuvDp1Pgvhb8tHSZ1Yn6iPVcvjuTioK,asset,Head Exam,LuluCollages,
Qma1DifsNqqdxnt5ygqhgXpUtbjjyJbeSXhe6nJGXUVxyQ,metadata,Pepe Wash.,GISELX,
QmQ3BWXczJDu8ppWVgGd1Y1u3BJMKYFRzqLKvVp8acraQc,asset,Pepe Wash.,GISELX,
QmYR9EDbTZfkaCfmgS6vmVVBdMuf6oEUVycJaRwwTYq33V,metadata,Pathfinder,Pejman,
QmaYRgN6g9Sb75dxuPBZL7uDiAxY6XjAgi8oR3Emee582P,asset,Pathfinder,Pejman,
QmTsj5KeBWhv2f8bMKbwyFGv8XEseoVhhJRkfgLqWg52Tr,metadata,Tulgey Wood Found Footage,Unrealcity,
QmP6o92ENNUVoepz5Tx37zaLvoam5cr5mHhmDtSDQsBT7C,asset,Tulgey Wood Found Footage,Unrealcity,
QmZBPysNbsnbhLwUohcu3Z2XG87D3kRpZbLR157Ern5SSX,metadata,Just a conductor of light.,Giant Swan,
QmXCVNpxcvzXtKpBqJGARrny29UAseQoTVtk4CLZdGvYb2,asset,Just a conductor of light.,Giant Swan,
QmR9rfjTGi3uGvunqhbGVcPBosDmQiDP5mhgD7tfeT8igd,metadata,Dino and girl,drawing by ellipses.,
QmdqxH7S8VrNvkTT2sYv29yoQYBxcJxymKBuLGDSA6yt62,asset,Dino and girl,drawing by ellipses.,
QmVjAGHxj9D5xhLmKPp532AGWfJMKVpjF4kUFpfDEoBD7s,metadata,MoCA Logo,BnoiitC,
QmRhLuYFtTvk3NAXuC7UWHYCByAW4HRivvN2HPEN4qzSR5,asset,MoCA Logo,BnoiitC,
QmWbM39jM1mb4ySSFqPEqTZ75d7CxB1mK7fihjqMTonQCT,metadata,The Guiding Hand - #3 Pathogen Origin,Kerb,
QmVU4xMUMZShz1iR2eCfVJdo7p4eF1up3EaMXxsi9Smv6K,asset,The Guiding Hand - #3 Pathogen Origin,Kerb,
QmT9sRK23ygiRod3m2j45J5YgttPD3RNvtApP4RKWkkKia,metadata,Golden (Human) Ratio,Alighieri,
QmapMjo75XNnFsj9c4aWKQD4YjTjxqNawvzDve4GCswk45,asset,Golden (Human) Ratio,Alighieri,
QmSFMfPzfuSH66BdvQoTMTQPB7XXzNvjqBDmviePTWDMfd,metadata,Wucci,obxium,
QmYPEb4xhimzhzzqtCzA6Sor2F6ktk8E353wms5RpcVhNX,asset,Wucci,obxium,
QmXKv2wwJHe9BKNv9LUPvuL8hqhzwu6ejuwnv74PEiuB4X,metadata,Walking down the street,Paola Castillo,
QmUoZDYPms2kosqgLqcXJiojZXwQZJaezAdpYg2X6aNqfd,asset,Walking down the street,Paola Castillo,
QmPTrupFYhQJXhtywK9a2NcygsAVmx7E4EB4gPoFgbJN8o,metadata,I Can't Believe He's Not Buddha,Unrealcity,
QmbLnfh3Vbj3kqAKXwUvdnm3PJHJ3XKvUbZMhtigtk9ysv,asset,I Can't Believe He's Not Buddha,Unrealcity,
QmdQRxSCCFUj1JFEHm1LKQRo8F8bnZczMrP5swEwqSJbyQ,metadata,Red Riding Hood,Glitch in the mARTix,
QmQJCoWyVP31JNEKoapYZh8iGX3BD54KPrSVatfGFGT6Ka,asset,Red Riding Hood,Glitch in the mARTix,
Qmcurzixd1V4f9pxG2Hd47EujwmBGDsz3u1Qg8ZAwwMQcj,metadata,Networking Love,godfreymeyer,
QmPpc2taPKFLSXhu3MAm3KocSjUWexQKegFTGvEiuxmYqf,asset,Networking Love,godfreymeyer,
QmWxghNUNrpkN942xw2frJV83ohMkjhToMWp6bB5KxVt3g,metadata,Tbilisi Rider,Hans,
QmUug8ViV2gXqRbQM9QoXwZExGSeaWqhCUnNGv9pQtj4d6,asset,Tbilisi Rider,Hans,
QmUkM6TwGJ4d26jD4QqhVLdqHctqMnzw1SYK82irRH1r2f,metadata,New Life,JamesSW,
QmayfxAVuQaQDMbwBqorq4ZuHNnTtMC1EZSLukTKXjpdzX,asset,New Life,JamesSW,
Qmck9ozciPiVnpmQLHSJGrcXhtqQDgpqvcFUm9DTykjtAK,metadata,Who Buys My Thoughts?,Voke,
QmPjv6GPghcW7CZXtTVPg4hUFh66gFaMAXktTSZubBYzCZ,asset,Who Buys My Thoughts?,Voke,
QmXtC3tMShWRpbWWE1YT6Z3z1KC41Q6S7J6E8FWi51E3u3,metadata,Matter,UrBen,
QmWE6ZGjCQp8vs4ndcWzP44mJ5LA21nFcmTCppx1TSHmbF,asset,Matter,UrBen,
QmbE8hk6bLTSg9sd72GrWnsDWn7qcWKvTNAeD59oBR3CFT,metadata,Faith in Strangers - 2020,Frenetik Void,
QmdFgfcVL26VAefZZg79oAeNZhZXtwAscNREjw3ZFW2RXd,asset,Faith in Strangers - 2020,Frenetik Void,
Qmdo345s4DptRtpx7VNXgxEQmAKqY3SuFRKm6dUkzSqHMd,metadata,Abstract art has no meaning. Don't fool yourself.,Alex Shell,
QmYs1sgEwWdsZjR6wTjbbGvfQS6q4M7XabF8rnZam2RKFJ,asset,Abstract art has no meaning. Don't fool yourself.,Alex Shell,
QmR2bSA2JL4nefjBE8G7sfE1J68Xv9LSAMgbhJwYRPqaFh,metadata,Sky Situations. #01,Alina Loseva,
QmRRL6Ax4rEMn95xSqpeWwcMjV3XQXEc3kAqtzm8yFuSbD,asset,Sky Situations. #01,Alina Loseva,
QmS6bYrPpPFXgkPG9gsm4L2R6yr4vaFmqrTHgZZozc7nxj,metadata,Displaced,scottdarby,
QmRJQaJmQSaWhDiPUNWdnJJCumFBhR7bgq4xHFLJLFDvNS,asset,Displaced,scottdarby,
QmaNzfJWqGXzUFMhV2AFj2BHvyjkyX1Ck12F8qApzZakUa,metadata,Perf_ct,_MNK,
QmRRNm82uDEAdsHjKtBdjLBzvkBKAu8ieVPTdkeviBFj2q,asset,Perf_ct,_MNK,
Qmb27UyC2rYrVv7hfh8se41ct3ZtrkWZaeXArHAUuULwrL,metadata,Hydra,VXN,
QmXzQj7WSi3f8Bg8aQ5fwpw7rhy6QD6cKeTThB7rf8QyTK,asset,Hydra,VXN,
QmbxdjjJmzUpP48EeacPsxpQPQ1KLHKdQCCp96PzEhLn1D,metadata,Spare A Smoke?,An0nym0us Nobody,
QmXbVwpMxYmMxVkiQs4V4WbZ8FiVMoZdLq33PjpBQKBew3,asset,Spare A Smoke?,An0nym0us Nobody,
QmPcA1r86U42yhT6yXNbZ8DXcuRiFkjBoua7HtteVZToT4,metadata,DDF-TBH,obxium,
QmZdGKPPw17AaNHoRF1aztu4FKmGotcQnutTXnGNkLBHZp,asset,DDF-TBH,obxium,
QmbCgNkExFJtVYxwTr6wD6iR9e8MbDpmPPMk57eXMo1Uxh,metadata,Black Sparrow Flowing to the Moon,mr-monk,
QmVNe5LuMKJDJXyA12hBr87wf5poPb1ZetYrAeZ6XY5749,asset,Black Sparrow Flowing to the Moon,mr-monk,
QmVtyWkUCse1mXpUxBvccQ5sTcvmS5KNmFoYRfxWCShLig,metadata,Dino,girl,
QmToTPhLAxDYD7ZxRMVTEKGtsjWw9T7GuBfj3av9tQNewj,asset,Dino,girl,
QmUxfT9ioGt1Qgjsg8xpYgCjsCWgmBtTutEt9aMVrpF5xq,metadata,Preconceived Thoughts,yusaymon,
QmNd6HbCN5VScDGdDuFwVh2MRKZ87weppumyXudWmKtB4F,asset,Preconceived Thoughts,yusaymon,
Qmb1D9VRv7wwDKhWZTGjatuwR4Lgp6GivpgRKked5xrhWL,metadata,Dino,girl,
QmQmyCfZ4jZsKzaVrRCnNjpuZsdEYFMUHLSwSmBjMa4NoM,asset,Dino,girl,
QmQ3XsykBUFaTkoiFjFDjfYek5QztUw2FV7p7M8JFYuU2f,metadata,“ART BY POLLUTION”,JayDelay,
QmYjQz1oRC57TFj4NqHcXZJ9fGew7JqR9c8Dev9fkoFNBi,asset,“ART BY POLLUTION”,JayDelay,
QmcPR1LNyb1peZDBLSUeGC7PAYMxmKLq8nLwUvrXh2cFKz,metadata,The Cruel Mess,Gary Cartlidge,
Qme8y8ZidgRV5okpLXqyUpGtFfsCMSAqxtbi6ByE5V17yr,asset,The Cruel Mess,Gary Cartlidge,
Qma2ToiT1F5uHLkokhdtibiFVQd5taFbJ6qv8PmeCynHQ5,metadata,Microdrips,Moxarra Gonzalez,
QmcyUA6gf31aavCrT8auZpHMTXif7XYUh4oVzfRLMwRyKd,asset,Microdrips,Moxarra Gonzalez,
QmPki2Kja1YJpjN4hXJBS2FBqzeyirGXEcz5yg9SpHazKf,metadata,Reconnect,UrBen,
QmTUJLUvKtsM6hU66es97wHAWBxLqmc55WnAsHomwEXuSx,asset,Reconnect,UrBen,
QmP6THUfwuXAgNk28NGGUELeRixgCoaqW5NCbSk3jLywpZ,metadata,Anubis,Kozachok,
QmYo4S4x2muHsVST93ZcKPEJSXCQLcnKBqFdpGawYFoer1,asset,Anubis,Kozachok,
QmQJoUTuvUKEX5ED3sMYiSqcP9scWuCFzkT4DcTUms2NBo,metadata,L'appel Du Vide,_MNK,
QmdNjKPF4rzNbeaLy3RSNU6QC4YsLr1bcCh9PeLyfRw6qv,asset,L'appel Du Vide,_MNK,
Qmf5dVU8tZYDLiqGRgWEb1mSbUhJMz3SBX8tixbFfqxAPH,metadata,Seeing Me,Paola Castillo,
QmdCXtzCq13n827X6Z6WfUB7kkBD46M39HxXAeUdXDmmVH,asset,Seeing Me,Paola Castillo,
QmVRfPqc7WHF97nDuHnaKWDsPh4Xkhgi2SDTAB8K9bhqbm,metadata,manoeuvres in the dark,abysms,
QmaDDFHSE8YqtfpzHu1ZceQZKmPLy4dicLWAc9ij9TA4Sn,asset,manoeuvres in the dark,abysms,
QmYHxLL6FsjsvsFNkevdaKSznAyi3cLJqB3tf51zDawcmc,metadata,S/T #3,Andres Senn,
QmRDoNz7gakMb6fAk5eWUvPAwmogYqsRcoLvN61yyvrPnH,asset,S/T #3,Andres Senn,
Qmb2LEpv5oxhWUtcEhWdVeaBRYP22XAwBC1AwajhbAQB4p,metadata,T r a i l - 跡,neurocolor,
QmdkPziK1RQckSHk882sVfdftFwC481mVTX4yZX1my7Qdn,asset,T r a i l - 跡,neurocolor,
QmTX8ox2uWqgXzNSSTkbHRF6jZcjcTrchj21vp6KtMAcuZ,metadata,⫷ Taste for Love ⫸,One For All,
QmYBw1JgAtf2gK3MEGC4jgibkXWFsJDoHnF9NCt7Bu94zE,asset,⫷ Taste for Love ⫸,One For All,
QmeYnqBsSpJN9DVs4ENKL3zfNMDPExg4R9Ln2SLcSpkzd2,metadata,Dino,girl,
QmQGWHNQEKBKdxhc9Yngoqj4Zy8oSdkzCEX5z8GXqKzXfr,asset,Dino,girl,
QmSizgVYy465CqZ5BgGjuXpWSQ8ZjJyYLwJXG5nSMeGudU,metadata,Displaced (Dark),scottdarby,
QmYqpMrmLmsv2aceuhLvYKT5mH1sfyWLaxj2AAnpVqJmAh,asset,Displaced (Dark),scottdarby,
QmYmqbiJtfLTBjusUf88hHHis7Pe7uxNsTnN3R3fRer2G8,metadata,Ash Dragon,Kjetil Golid,
QmSzYvUj4nDhwr8ngbncerQG8qeHggCPswa9S2CiqGAKuD,asset,Ash Dragon,Kjetil Golid,
QmPbjpJHtnWwvTujxdffrfUNLpNqtVq6KgyhZesKCUZiYT,metadata,Molten Gold,mr-monk,
QmcoctHLhZ2bZGxdnu7bzc2Z38fKJ3dw8LJskJqc5KFfeT,asset,Molten Gold,mr-monk,
QmXtVwpeLuubutcWPucawdQpXoJYRwG7JzGqCec6pEmQ4A,metadata,Self alteration,Artonymousartifakt,
QmTm8UZSkV4pbEVFwpX3KQeYiaZUwwK5M8CDMVpRDPDpJV,asset,Self alteration,Artonymousartifakt,
QmZ3mDNfyJtDSkYB1r1HMUN1bBji92Y7uotmFt9LpnqNGo,metadata,WEIRD_DEITY_1911,Marco Rodriguez,
QmYAeTn2WCxre9h9JEnR1Hwg82CCJbpzUYwNTmHrwqMXez,asset,WEIRD_DEITY_1911,Marco Rodriguez,
QmXqzUPsTbV4ggRR528WebQWGH48bozq8ty1s9YCPmZfPH,metadata,Surveillance Estate,An0nym0us Nobody,
Qma9tWampgq6cW6w4RQD7FvyVWZGo9uqZYvPRZ2FKC1fR6,asset,Surveillance Estate,An0nym0us Nobody,
QmSTTpt8r7MU96PnVshr6RYMCirBWWFV1tp2j2xxyj94JA,metadata,The Guiding Hand - #3 Pathogen Origin - IT'S ALIVE!),Kerb,
QmWdPt33b3YfeniG9bjdhjLGvdey2zr1FE2sTeKMFN6oWJ,asset,The Guiding Hand - #3 Pathogen Origin - IT'S ALIVE!),Kerb,
QmV9s273qPoqMbsXW4unj96uVjgy4t4d9iRDyq11cAaB6h,metadata,Real windows,not the sh*t on your PC.,
QmUaZzubzoodnepaiZhAr7QzMYQVSJ1q5cnh3PYYy7vWG3,asset,Real windows,not the sh*t on your PC.,
QmaM2pZSoj6WxGo94U8kXLrJbjSD1GMwLmzuGSe5F2QmYP,metadata,_ ch6 _ echoes,abysms,
QmfBMp4qyphRqp6GiTQsD9jTN82vxbxuwLwbnVn6HDwg5q,asset,_ ch6 _ echoes,abysms,
QmXxQ53YBDKL26JnwmUAagpQP33EhZoDM5QWUoeLVRd2Re,metadata,Dragon Tribe,JamesSW,
Qmc1B349kWxrJGMvmXeRc7cwRevjRESz1XVPN8tpqCnjyE,asset,Dragon Tribe,JamesSW,
QmVDr8vTEWkfQYYqU4XL2FHQCEwmuwg2wPYoR72FMeJ9xf,metadata,Falling into infinity I,mlibty,
QmT7PNGwCXmvRzekJjvcwa4XKv5fGZRwEQWTcwYtpnHzH1,asset,Falling into infinity I,mlibty,
QmcxZu2zKZHXe3mN5xUGMaWX3is2guuMNrAyHU3KXnGJS2,metadata,Hybrid Lover,PacoLimited,
Qmbv3TUyJBhy8FSisbfCG3fNrgbddYu9DNM3quqAdcNj2t,asset,Hybrid Lover,PacoLimited,
QmaVpEoKDAar1tPYA1QzhRbmjU4973HbUezrZkaZomw9rF,metadata,TRUST,prokopevone,
QmaTuJwkdfCNAjY1Wfpm1sGk8UZNJnDGKaQwAbfbkd6rxW,asset,TRUST,prokopevone,
QmYVMmHLYBsFF6ZQgZLsEJCigJfetwxEvoSGRiXHJqpjjC,metadata,Walking Away,SoulineArt,
QmUH179rpMPCTpsQMxPZKWYetRpV34JFrXQMRwTRsFHTtP,asset,Walking Away,SoulineArt,
QmQNZHfGypeQsJDibNrLNk3kJqtuBEyd34Lp2UuJfy1vb6,metadata,The Rise of Autumn / Shot N°01,Natural Warp,
QmYk4TrdmaFjPrJSWpL4czcsf2Qi51nrxXLjmpaBu3zEo2,asset,The Rise of Autumn / Shot N°01,Natural Warp,
QmZEKX9f2vYyNdggDEXxwFdUdeVZpS22mSCTkMLb2x5Dcp,metadata,Transmutation 1: Statuette (aka Bat-Queen),Barabeke,
QmUn34FMVovFyxC1Bi4ehUsXwUDiSHSFmdmbB6DatcGiy9,asset,Transmutation 1: Statuette (aka Bat-Queen),Barabeke,
QmTwkbLMaGPyMWyfvbkdq8ttYoygSxBxaWUBGa1eb2Q1s6,metadata,System Failure (Trinity),Mugen,
QmPMo5BYQwkkocZ4bp9e23MGNcAjM6i55QbP67c4xSkp8A,asset,System Failure (Trinity),Mugen,
QmUMsWQvL4SUkiEmjjdbPTvQ4XX62qSFpfz86DmadAigbc,metadata,Dino,girl,
QmQbtARATUr1awDqDwiQT6jQzfcRN6S6JuGJ6GrVMMphh8,asset,Dino,girl,
QmVp1Q1onoz8hebm9ruqs9QNGm1QvYV3n2YhvidFZu1EKi,metadata,Color Pills,CIVIT,
QmX45yuyKwb6Az9ThyBQcEBeY2c2wu71TsbGXuFtJmPZNk,asset,Color Pills,CIVIT,
QmYaCatdDbDZnrmrbTvR4xw8zb4K7TmV4eBt2QNaqDmEN5,metadata,Find the right frequency,AlekseyYalovega,
QmPkVvsuKSjoNKjWE5hT8uNNwEEQfT2Yumoj4oxYjcU1Wp,asset,Find the right frequency,AlekseyYalovega,
QmSK7YsHzvGTQptkzqARigokBqtyEW1Rqp5ncbS8DCc9Fu,metadata,Hunters Moon - The Pentland Experiment,Norman Harman,
QmZcspurx5rLH5KoMKkj7rshy7wJnHfQjk3ozKKL2fL3nf,asset,Hunters Moon - The Pentland Experiment,Norman Harman,
QmPyLaYCfLpE6CmKeAWwWKGxXnm5hA2janRcgQHENLAhb2,metadata,I hate Humans!,WhiteDada,
QmQwgKXiozvPPB4CwpJCwrVs3GLgctAkrwtYd18rKbxAef,asset,I hate Humans!,WhiteDada,
QmcqNgyFpn3Xi3S3npsRUxjJ4G8JkhwxgAT84kLFRqWrHY,metadata,SC2002,obxium,
QmTkCsvkv1TaUabrgBHLNvxhjjnVzZCBjXaEhtCAsvSUHA,asset,SC2002,obxium,